Test,repo,sha,author,date_iso,subject,file_path,pandas_type_all,polars_type_all,macro_primary,macro_all,macro_evidence,pandas_evidence,polars_evidence,patch_lines_file,pandas_type_all.1,polars_type_all.1,macro_all.1
No,AashishTangnami/data_analysis_tool,8aef85ae1701fc1d7c79e494b240d1a918c7f796,Aashish Tangnami,2025-05-11T18:40:57-04:00,results matched for both pandas and polars diagnostic analysis,src/backend/core/analysis/diagnostic/polars_diagnostic.py,,Expressions - Columns/names,Other / Manual,Other / Manual,fallback:Other,,Expressions - Columns/names:\b(?:pl|polars)\.col\b,254,"General functions - Temporal | Missing values | pandas arrays, scalars, and data types",Expressions - Functions - Core | DataFrame - Manipulation/selection | DataFrame - Aggregation | Data types,Aggregation & joins | Core dataframe transforms | Time series & window | Types & schema
No,AashishTangnami/data_analysis_tool,52e9b6f30bbaf1bb9fcb17d12c9ba0e890affca3,Aashish Tangnami,2025-04-29T22:14:47-04:00,Fixed the consistent result for polars and pandas for same file,src/backend/core/analysis/diagnostic/polars_diagnostic.py,,Expressions - Columns/names;Expressions - Functions,Other / Manual,Other / Manual,fallback:Other,,Expressions - Columns/names:\b(?:pl|polars)\.col\b|Expressions - Functions:\b(?:pl|polars)\.(?:all|all_horizontal|any|any_horizontal|approx_n_unique|arange|arctan2|arctan2d|arg_sort_by|arg_where|business_day_count|coalesce|concat_arr|concat_list|concat_str|corr|count|cov|cum_count|cum_fold|cum_reduce|cum_sum|cum_sum_horizontal|date|date_range|date_ranges|datetime|datetime_range|datetime_ranges|duration|element|exclude|field|first|fold|format|from_epoch|groups|head|implode|int_range|int_ranges|last|len|linear_space|linear_spaces|lit|map_batches|map_groups|max|max_horizontal|mean|mean_horizontal|median|min|min_horizontal|n_unique|nth|ones|quantile|reduce|repeat|rolling_corr|rolling_cov|row_index|select|sql|sql_expr|std|struct|sum|sum_horizontal|tail|time|time_range|time_ranges|var|when|zeros)\b,373,"Missing values | pandas arrays, scalars, and data types | Index objects",Expressions - Functions - Core | DataFrame - Manipulation/selection | DataFrame - Aggregation,Aggregation & joins | Core dataframe transforms | Index & pandas-specific semantics | Types & schema
No,AashishTangnami/data_analysis_tool,4df39344c6ee6b591469ac8f2dd49440bf0825ec,Aashish Tangnami,2025-04-27T21:10:40-04:00,Fixed numeric edge cases in different analysis type for pandas and polars,src/backend/core/analysis/diagnostic/polars_diagnostic.py,General functions,Other polars API,Aggregation & joins,Aggregation & joins,pandas:General functions->Aggregation & joins,General functions:\b(?:pd|pandas)\.(?:to_numeric|to_datetime|to_timedelta)\b,Other polars API:\b(?:pl|polars)\.[A-Za-z_]\w*(?:\.[A-Za-z_]\w*)*,36,"pandas arrays, scalars, and data types",Expressions - Functions - Core | DataFrame - Manipulation/selection | DataFrame - Aggregation | Data types,Aggregation & joins | Core dataframe transforms | Types & schema
No,AashishTangnami/data_analysis_tool,66626f748fdc042be18a00fc9dcdee6a5f2e97b7,Aashish Tangnami,2025-04-23T03:31:43-04:00,Cleaned pandas ingestion process and optimized memory efficiency,src/backend/core/ingestion/polars_ingestion.py,Input/output,Expressions - Columns/names;Expressions - Functions;Functions;Input/output - CSV;Input/output - Excel;Input/output - IPC;Input/output - JSON;Input/output - Parquet,IO boundary,IO boundary,pandas:Input/output->IO boundary,Input/output:\b(?:pd|pandas)\.read_(?:pickle|table|csv|fwf|clipboard|excel|json|html|xml|hdf|feather|parquet|iceberg|orc|sas|spss|stata)\b,Expressions - Columns/names:\b(?:pl|polars)\.col\b|Expressions - Functions:\b(?:pl|polars)\.(?:all|all_horizontal|any|any_horizontal|approx_n_unique|arange|arctan2|arctan2d|arg_sort_by|arg_where|business_day_count|coalesce|concat_arr|concat_list|concat_str|corr|count|cov|cum_count|cum_fold|cum_reduce|cum_sum|cum_sum_horizontal|date|date_range|date_ranges|datetime|datetime_range|datetime_ranges|duration|element|exclude|field|first|fold|format|from_epoch|groups|head|implode|int_range|int_ranges|last|len|linear_space|linear_spaces|lit|map_batches|map_groups|max|max_horizontal|mean|mean_horizontal|median|min|min_horizontal|n_unique|nth|ones|quantile|reduce|repeat|rolling_corr|rolling_cov|row_index|select|sql|sql_expr|std|struct|sum|sum_horizontal|tail|time|time_range|time_ranges|var|when|zeros)\b|Functions:\b(?:pl|polars)\.(?:from_arrow|from_dataframe|from_dict|from_dicts|from_numpy|from_pandas|from_records|from_repr|json_normalize|align_frames|concat|union|defer|escape_regex|collect_all|collect_all_async|explain_all|set_random_seed|register_extension_type|unregister_extension_type|get_extension_type|StringCache|enable_string_cache|disable_string_cache|using_string_cache)\b|Input/output - CSV:\b(?:pl|polars)\.(?:read_csv|read_csv_batched|scan_csv)\b|Input/output - Excel:\b(?:pl|polars)\.(?:read_excel|read_ods)\b|Input/output - IPC:\b(?:pl|polars)\.(?:read_ipc|read_ipc_schema|read_ipc_stream|scan_ipc)\b,315,Input/output,Input/output - CSV | Input/output - Parquet | Input/output - Excel | Input/output - JSON | Input/output - IPC | LazyFrame - Manipulation/selection | Expressions - Functions - Core | DataFrame - Manipulation/selection | DataFrame - Aggregation | DataFrame - Computation | Data types,Aggregation & joins | Core dataframe transforms | IO boundary | Types & schema
No,AlexKirkup90/Simplified_Model,c2fd2b45139112d2fa0de0575fd94f628ac9f6b8,AlexKirkup90,2025-09-16T15:58:59+01:00,Add optional polars signal pipeline,backend.py,Other pandas API,Expressions - Columns/names;Expressions - Functions;Functions,Other / Manual,Other / Manual,fallback:Other,Other pandas API:\b(?:pd|pandas)\.[A-Za-z_]\w*(?:\.[A-Za-z_]\w*)*,Expressions - Columns/names:\b(?:pl|polars)\.col\b|Expressions - Functions:\b(?:pl|polars)\.(?:all|all_horizontal|any|any_horizontal|approx_n_unique|arange|arctan2|arctan2d|arg_sort_by|arg_where|business_day_count|coalesce|concat_arr|concat_list|concat_str|corr|count|cov|cum_count|cum_fold|cum_reduce|cum_sum|cum_sum_horizontal|date|date_range|date_ranges|datetime|datetime_range|datetime_ranges|duration|element|exclude|field|first|fold|format|from_epoch|groups|head|implode|int_range|int_ranges|last|len|linear_space|linear_spaces|lit|map_batches|map_groups|max|max_horizontal|mean|mean_horizontal|median|min|min_horizontal|n_unique|nth|ones|quantile|reduce|repeat|rolling_corr|rolling_cov|row_index|select|sql|sql_expr|std|struct|sum|sum_horizontal|tail|time|time_range|time_ranges|var|when|zeros)\b|Functions:\b(?:pl|polars)\.(?:from_arrow|from_dataframe|from_dict|from_dicts|from_numpy|from_pandas|from_records|from_repr|json_normalize|align_frames|concat|union|defer|escape_regex|collect_all|collect_all_async|explain_all|set_random_seed|register_extension_type|unregister_extension_type|get_extension_type|StringCache|enable_string_cache|disable_string_cache|using_string_cache)\b,461,,,
No,AlexKirkup90/Simplified_Model,ed87fc92a406dcf2206351c19cdc47b0a66bcc60,AlexKirkup90,2025-09-29T13:29:27+01:00,Replace polars helper block with pandas-first version,backend.py,Other pandas API,Other polars API,Other / Manual,Other / Manual,fallback:Other,Other pandas API:\b(?:pd|pandas)\.[A-Za-z_]\w*(?:\.[A-Za-z_]\w*)*,Other polars API:\b(?:pl|polars)\.[A-Za-z_]\w*(?:\.[A-Za-z_]\w*)*,643,,,
No,Amsterdam/financiele_overzichten,0fa45fd4cf9e630dd3988a363f71830042967a14,Thomas van der Linden,2025-10-06T15:44:45+02:00,eerste werkende versie met polars,tool.py,Input/output,Input/output - Excel,IO boundary,IO boundary,pandas:Input/output->IO boundary,Input/output:\b(?:pd|pandas)\.read_(?:pickle|table|csv|fwf|clipboard|excel|json|html|xml|hdf|feather|parquet|iceberg|orc|sas|spss|stata)\b,Input/output - Excel:\b(?:pl|polars)\.(?:read_excel|read_ods)\b,20,,,
No,Amsterdam/financiele_overzichten,85f9b7f5f9017068a66eacc1885eca0bec7d7259,Thomas van der Linden,2025-10-07T15:10:00+02:00,"environment werkend gemaakt voor polars, ongebruikte imports verwijderd en inlees- en wegschrijfvariabelen aangepast voor polars",tool.py,,Input/output - CSV,Other / Manual,Other / Manual,fallback:Other,,Input/output - CSV:\b(?:pl|polars)\.(?:read_csv|read_csv_batched|scan_csv)\b,17,,,
No,CityofToronto/bdit_tt_request_app,315b52a39009b28622a9f7e6d4d4fad6a5fc5189,Nate Wessel,2025-10-03T12:40:03-04:00,Replace Pandas with Polars (#226),backend/app/travel_times/get_travel_time.py,General functions,Expressions - Columns/names;Functions,Aggregation & joins,Aggregation & joins,pandas:General functions->Aggregation & joins,General functions:\b(?:pd|pandas)\.(?:merge|merge_ordered|merge_asof|concat)\b,Expressions - Columns/names:\b(?:pl|polars)\.col\b|Functions:\b(?:pl|polars)\.(?:from_arrow|from_dataframe|from_dict|from_dicts|from_numpy|from_pandas|from_records|from_repr|json_normalize|align_frames|concat|union|defer|escape_regex|collect_all|collect_all_async|explain_all|set_random_seed|register_extension_type|unregister_extension_type|get_extension_type|StringCache|enable_string_cache|disable_string_cache|using_string_cache)\b,73,,,
Yes,DeepGroundwater/ddr,d7f33d8f43aafda0ef6f4c0f63526e5dbedd84c7,taddyb,2025-06-19T09:41:51-04:00,feat: applying pyiceberg and polars changes to the adjacency code,engine/adjacency.py,Other pandas API,Expressions - Columns/names,Other / Manual,Other / Manual,fallback:Other,Other pandas API:\b(?:pd|pandas)\.[A-Za-z_]\w*(?:\.[A-Za-z_]\w*)*,Expressions - Columns/names:\b(?:pl|polars)\.col\b,109,,,
No,HAILatPitt/concrete-city-of-pgh,01c6164eea319630fffccfad6639eb80fbddfc09,rossreillypitt,2025-11-24T17:04:59-05:00,"added polars, pyarrow, convert df from polars to pandas",concrete-model-building.py,Input/output,Input/output - CSV,IO boundary,IO boundary,pandas:Input/output->IO boundary,Input/output:\b(?:pd|pandas)\.read_(?:pickle|table|csv|fwf|clipboard|excel|json|html|xml|hdf|feather|parquet|iceberg|orc|sas|spss|stata)\b,Input/output - CSV:\b(?:pl|polars)\.(?:read_csv|read_csv_batched|scan_csv)\b,29,,,
No,IBM/Hestia-GOOD,329f1e672847a3298cdf350df17ea631990494c0,RaulFD-creator,2025-03-10T10:52:46+00:00,_ Clustering accepts polars and converts to pandas,hestia/clustering.py,Other pandas API,Other polars API,Other / Manual,Other / Manual,fallback:Other,Other pandas API:\b(?:pd|pandas)\.[A-Za-z_]\w*(?:\.[A-Za-z_]\w*)*,Other polars API:\b(?:pl|polars)\.[A-Za-z_]\w*(?:\.[A-Za-z_]\w*)*,16,,,
No,IBM/Hestia-GOOD,329f1e672847a3298cdf350df17ea631990494c0,RaulFD-creator,2025-03-10T10:52:46+00:00,_ Clustering accepts polars and converts to pandas,hestia/reduction.py,Other pandas API,Other polars API,Other / Manual,Other / Manual,fallback:Other,Other pandas API:\b(?:pd|pandas)\.[A-Za-z_]\w*(?:\.[A-Za-z_]\w*)*,Other polars API:\b(?:pl|polars)\.[A-Za-z_]\w*(?:\.[A-Za-z_]\w*)*,12,,,
No,IBM/Hestia-GOOD,66d0385f5e189e68f9d623511eb9a1720b931c2e,RaulFD-creator,2024-12-17T14:14:33+00:00,__ï¸ Optim: Substitutting `pandas` for `polars`,hestia/similarity.py,Input/output;General functions,Expressions - Columns/names;Functions;Input/output - CSV,IO boundary,IO boundary;Aggregation & joins,pandas:Input/output->IO boundary|pandas:General functions->Aggregation & joins,Input/output:\b(?:pd|pandas)\.read_(?:pickle|table|csv|fwf|clipboard|excel|json|html|xml|hdf|feather|parquet|iceberg|orc|sas|spss|stata)\b|General functions:\b(?:pd|pandas)\.(?:merge|merge_ordered|merge_asof|concat)\b,Expressions - Columns/names:\b(?:pl|polars)\.col\b|Functions:\b(?:pl|polars)\.(?:from_arrow|from_dataframe|from_dict|from_dicts|from_numpy|from_pandas|from_records|from_repr|json_normalize|align_frames|concat|union|defer|escape_regex|collect_all|collect_all_async|explain_all|set_random_seed|register_extension_type|unregister_extension_type|get_extension_type|StringCache|enable_string_cache|disable_string_cache|using_string_cache)\b|Input/output - CSV:\b(?:pl|polars)\.(?:read_csv|read_csv_batched|scan_csv)\b,200,,,
No,IBM/Hestia-GOOD,d61792da3b9bdc8abe5e76e1ac0d56ab6509522c,RaulFD-creator,2024-12-17T14:18:58+00:00,__ï¸ Optim: Substitutting `pandas` for `polars` (#82),hestia/similarity.py,Input/output;General functions,Expressions - Columns/names;Functions;Input/output - CSV,IO boundary,IO boundary;Aggregation & joins,pandas:Input/output->IO boundary|pandas:General functions->Aggregation & joins,Input/output:\b(?:pd|pandas)\.read_(?:pickle|table|csv|fwf|clipboard|excel|json|html|xml|hdf|feather|parquet|iceberg|orc|sas|spss|stata)\b|General functions:\b(?:pd|pandas)\.(?:merge|merge_ordered|merge_asof|concat)\b,Expressions - Columns/names:\b(?:pl|polars)\.col\b|Functions:\b(?:pl|polars)\.(?:from_arrow|from_dataframe|from_dict|from_dicts|from_numpy|from_pandas|from_records|from_repr|json_normalize|align_frames|concat|union|defer|escape_regex|collect_all|collect_all_async|explain_all|set_random_seed|register_extension_type|unregister_extension_type|get_extension_type|StringCache|enable_string_cache|disable_string_cache|using_string_cache)\b|Input/output - CSV:\b(?:pl|polars)\.(?:read_csv|read_csv_batched|scan_csv)\b,200,,,
No,ML4GLand/SeqData,4bf00356daeb350c17d68a4a073c06a7ac3dc5f1,d-laub,2025-01-03T12:39:12-08:00,feat: expands the public API to accept polars or pandas dataframes as BED files.,seqdata/_io/read.py,Other pandas API,Other polars API,Other / Manual,Other / Manual,fallback:Other,Other pandas API:\b(?:pd|pandas)\.[A-Za-z_]\w*(?:\.[A-Za-z_]\w*)*,Other polars API:\b(?:pl|polars)\.[A-Za-z_]\w*(?:\.[A-Za-z_]\w*)*,37,,,
No,ML4GLand/SeqData,c8c77a15c3db107317ebdbba5baf1b41b23dfe12,d-laub,2024-12-25T19:21:57-08:00,fix: update table reader to use polars to handle batched schema inference. fix: pandera now supports polars.,seqdata/_io/bed_ops.py,Other pandas API,Expressions - Columns/names,Other / Manual,Other / Manual,fallback:Other,Other pandas API:\b(?:pd|pandas)\.[A-Za-z_]\w*(?:\.[A-Za-z_]\w*)*,Expressions - Columns/names:\b(?:pl|polars)\.col\b,120,,,
No,ML4GLand/SeqData,c8c77a15c3db107317ebdbba5baf1b41b23dfe12,d-laub,2024-12-25T19:21:57-08:00,fix: update table reader to use polars to handle batched schema inference. fix: pandera now supports polars.,seqdata/_io/readers/bam.py,Other pandas API,Other polars API,Other / Manual,Other / Manual,fallback:Other,Other pandas API:\b(?:pd|pandas)\.[A-Za-z_]\w*(?:\.[A-Za-z_]\w*)*,Other polars API:\b(?:pl|polars)\.[A-Za-z_]\w*(?:\.[A-Za-z_]\w*)*,47,,,
No,ML4GLand/SeqData,c8c77a15c3db107317ebdbba5baf1b41b23dfe12,d-laub,2024-12-25T19:21:57-08:00,fix: update table reader to use polars to handle batched schema inference. fix: pandera now supports polars.,seqdata/_io/readers/fasta.py,Other pandas API,Other polars API,Other / Manual,Other / Manual,fallback:Other,Other pandas API:\b(?:pd|pandas)\.[A-Za-z_]\w*(?:\.[A-Za-z_]\w*)*,Other polars API:\b(?:pl|polars)\.[A-Za-z_]\w*(?:\.[A-Za-z_]\w*)*,43,,,
No,ML4GLand/SeqData,c8c77a15c3db107317ebdbba5baf1b41b23dfe12,d-laub,2024-12-25T19:21:57-08:00,fix: update table reader to use polars to handle batched schema inference. fix: pandera now supports polars.,seqdata/_io/readers/table.py,Input/output,Input/output - CSV,IO boundary,IO boundary,pandas:Input/output->IO boundary,Input/output:\b(?:pd|pandas)\.read_(?:pickle|table|csv|fwf|clipboard|excel|json|html|xml|hdf|feather|parquet|iceberg|orc|sas|spss|stata)\b,Input/output - CSV:\b(?:pl|polars)\.(?:read_csv|read_csv_batched|scan_csv)\b,112,,,
No,ML4GLand/SeqData,c8c77a15c3db107317ebdbba5baf1b41b23dfe12,d-laub,2024-12-25T19:21:57-08:00,fix: update table reader to use polars to handle batched schema inference. fix: pandera now supports polars.,seqdata/_io/readers/vcf.py,Other pandas API,Other polars API,Other / Manual,Other / Manual,fallback:Other,Other pandas API:\b(?:pd|pandas)\.[A-Za-z_]\w*(?:\.[A-Za-z_]\w*)*,Other polars API:\b(?:pl|polars)\.[A-Za-z_]\w*(?:\.[A-Za-z_]\w*)*,50,,,
No,ML4GLand/SeqData,c8c77a15c3db107317ebdbba5baf1b41b23dfe12,d-laub,2024-12-25T19:21:57-08:00,fix: update table reader to use polars to handle batched schema inference. fix: pandera now supports polars.,seqdata/_io/readers/wig.py,Other pandas API,Other polars API,Other / Manual,Other / Manual,fallback:Other,Other pandas API:\b(?:pd|pandas)\.[A-Za-z_]\w*(?:\.[A-Za-z_]\w*)*,Other polars API:\b(?:pl|polars)\.[A-Za-z_]\w*(?:\.[A-Za-z_]\w*)*,53,,,
No,ML4GLand/SeqData,c8c77a15c3db107317ebdbba5baf1b41b23dfe12,d-laub,2024-12-25T19:21:57-08:00,fix: update table reader to use polars to handle batched schema inference. fix: pandera now supports polars.,seqdata/_io/utils.py,Other pandas API,Other polars API,Other / Manual,Other / Manual,fallback:Other,Other pandas API:\b(?:pd|pandas)\.[A-Za-z_]\w*(?:\.[A-Za-z_]\w*)*,Other polars API:\b(?:pl|polars)\.[A-Za-z_]\w*(?:\.[A-Za-z_]\w*)*,32,,,
No,ML4GLand/SeqData,c8c77a15c3db107317ebdbba5baf1b41b23dfe12,d-laub,2024-12-25T19:21:57-08:00,fix: update table reader to use polars to handle batched schema inference. fix: pandera now supports polars.,seqdata/types.py,Other pandas API,Other polars API,Other / Manual,Other / Manual,fallback:Other,Other pandas API:\b(?:pd|pandas)\.[A-Za-z_]\w*(?:\.[A-Za-z_]\w*)*,Other polars API:\b(?:pl|polars)\.[A-Za-z_]\w*(?:\.[A-Za-z_]\w*)*,13,,,
No,ML4GLand/SeqData,c8c77a15c3db107317ebdbba5baf1b41b23dfe12,d-laub,2024-12-25T19:21:57-08:00,fix: update table reader to use polars to handle batched schema inference. fix: pandera now supports polars.,seqdata/xarray/seqdata.py,Other pandas API,Expressions - Functions,Other / Manual,Other / Manual,fallback:Other,Other pandas API:\b(?:pd|pandas)\.[A-Za-z_]\w*(?:\.[A-Za-z_]\w*)*,Expressions - Functions:\b(?:pl|polars)\.(?:all|all_horizontal|any|any_horizontal|approx_n_unique|arange|arctan2|arctan2d|arg_sort_by|arg_where|business_day_count|coalesce|concat_arr|concat_list|concat_str|corr|count|cov|cum_count|cum_fold|cum_reduce|cum_sum|cum_sum_horizontal|date|date_range|date_ranges|datetime|datetime_range|datetime_ranges|duration|element|exclude|field|first|fold|format|from_epoch|groups|head|implode|int_range|int_ranges|last|len|linear_space|linear_spaces|lit|map_batches|map_groups|max|max_horizontal|mean|mean_horizontal|median|min|min_horizontal|n_unique|nth|ones|quantile|reduce|repeat|rolling_corr|rolling_cov|row_index|select|sql|sql_expr|std|struct|sum|sum_horizontal|tail|time|time_range|time_ranges|var|when|zeros)\b,58,,,
Yes,MaastrichtU-CDS/Flyover,b36214f9eff9cfca16dbeccdf9b454287a7d0325,copilot-swe-agent[bot],2025-12-10T08:53:42+00:00,Replace pandas with polars for CSV data processing,triplifier/data_descriptor/data_descriptor_main.py,Input/output;Missing values,Expressions - Columns/names;Input/output - CSV,IO boundary,IO boundary;Missing values,pandas:Input/output->IO boundary|pandas:Missing values->Missing values,Input/output:\b(?:pd|pandas)\.read_(?:pickle|table|csv|fwf|clipboard|excel|json|html|xml|hdf|feather|parquet|iceberg|orc|sas|spss|stata)\b|Missing values:\b(?:pd|pandas)\.(?:NA|NaT)\b,Expressions - Columns/names:\b(?:pl|polars)\.col\b|Input/output - CSV:\b(?:pl|polars)\.(?:read_csv|read_csv_batched|scan_csv)\b,143,,,
Yes,MaastrichtU-CDS/Flyover,b36214f9eff9cfca16dbeccdf9b454287a7d0325,copilot-swe-agent[bot],2025-12-10T08:53:42+00:00,Replace pandas with polars for CSV data processing,triplifier/data_descriptor/utils/data_preprocessing.py,General functions;Missing values,Other polars API,Aggregation & joins,Aggregation & joins;Missing values,pandas:General functions->Aggregation & joins|pandas:Missing values->Missing values,General functions:\b(?:pd|pandas)\.(?:isna|isnull|notna|notnull)\b|Missing values:\b(?:pd|pandas)\.(?:isna|isnull|notna|notnull)\b,Other polars API:\b(?:pl|polars)\.[A-Za-z_]\w*(?:\.[A-Za-z_]\w*)*,84,,,
Yes,MaastrichtU-CDS/Flyover,b36214f9eff9cfca16dbeccdf9b454287a7d0325,copilot-swe-agent[bot],2025-12-10T08:53:42+00:00,Replace pandas with polars for CSV data processing,triplifier/data_descriptor/utils/session_helpers.py,Input/output;Testing,Input/output - CSV,IO boundary,IO boundary,pandas:Input/output->IO boundary,Input/output:\b(?:pd|pandas)\.read_(?:pickle|table|csv|fwf|clipboard|excel|json|html|xml|hdf|feather|parquet|iceberg|orc|sas|spss|stata)\b|Testing:\b(?:pd|pandas)\.errors\.,Input/output - CSV:\b(?:pl|polars)\.(?:read_csv|read_csv_batched|scan_csv)\b,49,,,
No,NCSU-High-Powered-Rocketry-Club/AirbrakesV2,e6a7f88066024aac4191bbb427c769146ec1c87c,Harshil,2025-04-21T03:00:46-04:00,Use polars instead of pandas for perf improvements,airbrakes/mock/mock_imu.py,Input/output;General functions;Missing values,Expressions - Columns/names;Input/output - CSV,IO boundary,IO boundary;Aggregation & joins;Missing values,pandas:Input/output->IO boundary|pandas:General functions->Aggregation & joins|pandas:Missing values->Missing values,Input/output:\b(?:pd|pandas)\.read_(?:pickle|table|csv|fwf|clipboard|excel|json|html|xml|hdf|feather|parquet|iceberg|orc|sas|spss|stata)\b|General functions:\b(?:pd|pandas)\.(?:isna|isnull|notna|notnull)\b|Missing values:\b(?:pd|pandas)\.(?:isna|isnull|notna|notnull)\b,Expressions - Columns/names:\b(?:pl|polars)\.col\b|Input/output - CSV:\b(?:pl|polars)\.(?:read_csv|read_csv_batched|scan_csv)\b,158,,,
No,NCSU-High-Powered-Rocketry-Club/AirbrakesV2,e6a7f88066024aac4191bbb427c769146ec1c87c,Harshil,2025-04-21T03:00:46-04:00,Use polars instead of pandas for perf improvements,tests/test_components/test_data_processor.py,Input/output;General functions;Missing values,Input/output - CSV,IO boundary,IO boundary;Aggregation & joins;Missing values,pandas:Input/output->IO boundary|pandas:General functions->Aggregation & joins|pandas:Missing values->Missing values,Input/output:\b(?:pd|pandas)\.read_(?:pickle|table|csv|fwf|clipboard|excel|json|html|xml|hdf|feather|parquet|iceberg|orc|sas|spss|stata)\b|General functions:\b(?:pd|pandas)\.(?:isna|isnull|notna|notnull)\b|Missing values:\b(?:pd|pandas)\.(?:isna|isnull|notna|notnull)\b,Input/output - CSV:\b(?:pl|polars)\.(?:read_csv|read_csv_batched|scan_csv)\b,45,,,
No,NCSU-High-Powered-Rocketry-Club/AirbrakesV2,e6a7f88066024aac4191bbb427c769146ec1c87c,Harshil,2025-04-21T03:00:46-04:00,Use polars instead of pandas for perf improvements,tests/test_integration.py,Input/output;General functions;Missing values,Expressions - Columns/names;Input/output - CSV,IO boundary,IO boundary;Aggregation & joins;Missing values,pandas:Input/output->IO boundary|pandas:General functions->Aggregation & joins|pandas:Missing values->Missing values,Input/output:\b(?:pd|pandas)\.read_(?:pickle|table|csv|fwf|clipboard|excel|json|html|xml|hdf|feather|parquet|iceberg|orc|sas|spss|stata)\b|General functions:\b(?:pd|pandas)\.(?:isna|isnull|notna|notnull)\b|Missing values:\b(?:pd|pandas)\.(?:isna|isnull|notna|notnull)\b,Expressions - Columns/names:\b(?:pl|polars)\.col\b|Input/output - CSV:\b(?:pl|polars)\.(?:read_csv|read_csv_batched|scan_csv)\b,158,,,
Yes,NeLy-EPFL/vnc_networks,04dc43a8e7bf22bd46b8608cb98705ad319a7ad2,Dominic D,2025-10-13T13:22:42+02:00,Replace pandas with polars (#70),vnc_networks/cmatrix.py,General functions;Missing values,Expressions - Columns/names;Expressions - Functions,Aggregation & joins,Aggregation & joins;Missing values,pandas:General functions->Aggregation & joins|pandas:Missing values->Missing values,General functions:\b(?:pd|pandas)\.(?:isna|isnull|notna|notnull)\b|Missing values:\b(?:pd|pandas)\.(?:isna|isnull|notna|notnull)\b,Expressions - Columns/names:\b(?:pl|polars)\.col\b|Expressions - Functions:\b(?:pl|polars)\.(?:all|all_horizontal|any|any_horizontal|approx_n_unique|arange|arctan2|arctan2d|arg_sort_by|arg_where|business_day_count|coalesce|concat_arr|concat_list|concat_str|corr|count|cov|cum_count|cum_fold|cum_reduce|cum_sum|cum_sum_horizontal|date|date_range|date_ranges|datetime|datetime_range|datetime_ranges|duration|element|exclude|field|first|fold|format|from_epoch|groups|head|implode|int_range|int_ranges|last|len|linear_space|linear_spaces|lit|map_batches|map_groups|max|max_horizontal|mean|mean_horizontal|median|min|min_horizontal|n_unique|nth|ones|quantile|reduce|repeat|rolling_corr|rolling_cov|row_index|select|sql|sql_expr|std|struct|sum|sum_horizontal|tail|time|time_range|time_ranges|var|when|zeros)\b,242,,,
Yes,NeLy-EPFL/vnc_networks,04dc43a8e7bf22bd46b8608cb98705ad319a7ad2,Dominic D,2025-10-13T13:22:42+02:00,Replace pandas with polars (#70),vnc_networks/connections.py,General functions,Expressions - Aggregation;Expressions - Columns/names;Expressions - Functions;Functions,Aggregation & joins,Aggregation & joins,pandas:General functions->Aggregation & joins,General functions:\b(?:pd|pandas)\.(?:merge|merge_ordered|merge_asof|concat)\b,Expressions - Aggregation:\b(?:pl|polars)\.Expr\.(?:agg_groups|all|any|approx_n_unique|arg_max|arg_min|bitwise_and|bitwise_or|bitwise_xor|count|first|implode|last|len|max|max_by|mean|median|min|min_by|n_unique|nan_max|nan_min|null_count|product|quantile|std|sum|var)\b|Expressions - Columns/names:\b(?:pl|polars)\.col\b|Expressions - Functions:\b(?:pl|polars)\.(?:all|all_horizontal|any|any_horizontal|approx_n_unique|arange|arctan2|arctan2d|arg_sort_by|arg_where|business_day_count|coalesce|concat_arr|concat_list|concat_str|corr|count|cov|cum_count|cum_fold|cum_reduce|cum_sum|cum_sum_horizontal|date|date_range|date_ranges|datetime|datetime_range|datetime_ranges|duration|element|exclude|field|first|fold|format|from_epoch|groups|head|implode|int_range|int_ranges|last|len|linear_space|linear_spaces|lit|map_batches|map_groups|max|max_horizontal|mean|mean_horizontal|median|min|min_horizontal|n_unique|nth|ones|quantile|reduce|repeat|rolling_corr|rolling_cov|row_index|select|sql|sql_expr|std|struct|sum|sum_horizontal|tail|time|time_range|time_ranges|var|when|zeros)\b|Functions:\b(?:pl|polars)\.(?:from_arrow|from_dataframe|from_dict|from_dicts|from_numpy|from_pandas|from_records|from_repr|json_normalize|align_frames|concat|union|defer|escape_regex|collect_all|collect_all_async|explain_all|set_random_seed|register_extension_type|unregister_extension_type|get_extension_type|StringCache|enable_string_cache|disable_string_cache|using_string_cache)\b,692,,,
Yes,NeLy-EPFL/vnc_networks,04dc43a8e7bf22bd46b8608cb98705ad319a7ad2,Dominic D,2025-10-13T13:22:42+02:00,Replace pandas with polars (#70),vnc_networks/connectome_reader.py,Input/output;General functions,Expressions - Columns/names;Expressions - Functions;Selectors;Functions;Input/output - CSV;Input/output - IPC,IO boundary,IO boundary;Aggregation & joins,pandas:Input/output->IO boundary|pandas:General functions->Aggregation & joins,Input/output:\b(?:pd|pandas)\.read_(?:pickle|table|csv|fwf|clipboard|excel|json|html|xml|hdf|feather|parquet|iceberg|orc|sas|spss|stata)\b|General functions:\b(?:pd|pandas)\.(?:merge|merge_ordered|merge_asof|concat)\b,Expressions - Columns/names:\b(?:pl|polars)\.col\b|Expressions - Functions:\b(?:pl|polars)\.(?:all|all_horizontal|any|any_horizontal|approx_n_unique|arange|arctan2|arctan2d|arg_sort_by|arg_where|business_day_count|coalesce|concat_arr|concat_list|concat_str|corr|count|cov|cum_count|cum_fold|cum_reduce|cum_sum|cum_sum_horizontal|date|date_range|date_ranges|datetime|datetime_range|datetime_ranges|duration|element|exclude|field|first|fold|format|from_epoch|groups|head|implode|int_range|int_ranges|last|len|linear_space|linear_spaces|lit|map_batches|map_groups|max|max_horizontal|mean|mean_horizontal|median|min|min_horizontal|n_unique|nth|ones|quantile|reduce|repeat|rolling_corr|rolling_cov|row_index|select|sql|sql_expr|std|struct|sum|sum_horizontal|tail|time|time_range|time_ranges|var|when|zeros)\b|Selectors:\b(?:pl|polars)\.selectors?\b|Functions:\b(?:pl|polars)\.(?:from_arrow|from_dataframe|from_dict|from_dicts|from_numpy|from_pandas|from_records|from_repr|json_normalize|align_frames|concat|union|defer|escape_regex|collect_all|collect_all_async|explain_all|set_random_seed|register_extension_type|unregister_extension_type|get_extension_type|StringCache|enable_string_cache|disable_string_cache|using_string_cache)\b|Input/output - CSV:\b(?:pl|polars)\.(?:read_csv|read_csv_batched|scan_csv)\b|Input/output - IPC:\b(?:pl|polars)\.(?:read_ipc|read_ipc_schema|read_ipc_stream|scan_ipc)\b,998,,,
Yes,NeLy-EPFL/vnc_networks,04dc43a8e7bf22bd46b8608cb98705ad319a7ad2,Dominic D,2025-10-13T13:22:42+02:00,Replace pandas with polars (#70),vnc_networks/neuron.py,Other pandas API,Expressions - Columns/names;Expressions - Functions,Other / Manual,Other / Manual,fallback:Other,Other pandas API:\b(?:pd|pandas)\.[A-Za-z_]\w*(?:\.[A-Za-z_]\w*)*,Expressions - Columns/names:\b(?:pl|polars)\.col\b|Expressions - Functions:\b(?:pl|polars)\.(?:all|all_horizontal|any|any_horizontal|approx_n_unique|arange|arctan2|arctan2d|arg_sort_by|arg_where|business_day_count|coalesce|concat_arr|concat_list|concat_str|corr|count|cov|cum_count|cum_fold|cum_reduce|cum_sum|cum_sum_horizontal|date|date_range|date_ranges|datetime|datetime_range|datetime_ranges|duration|element|exclude|field|first|fold|format|from_epoch|groups|head|implode|int_range|int_ranges|last|len|linear_space|linear_spaces|lit|map_batches|map_groups|max|max_horizontal|mean|mean_horizontal|median|min|min_horizontal|n_unique|nth|ones|quantile|reduce|repeat|rolling_corr|rolling_cov|row_index|select|sql|sql_expr|std|struct|sum|sum_horizontal|tail|time|time_range|time_ranges|var|when|zeros)\b,234,,,
No,PyPSA/linopy,2d699598cf727d06f7b3a7dbf7cf4f1744ac1703,Fabian Hofmann,2025-09-08T14:14:50+02:00,Replace pandas-based LP file writing with polars implementation (#496),linopy/io.py,Other pandas API,Other polars API,Other / Manual,Other / Manual,fallback:Other,Other pandas API:\b(?:pd|pandas)\.[A-Za-z_]\w*(?:\.[A-Za-z_]\w*)*,Other polars API:\b(?:pl|polars)\.[A-Za-z_]\w*(?:\.[A-Za-z_]\w*)*,497,,,
No,TakumiMukaiyama/recsys2025,0307973106b89f3a65f874ad7270ff99d16d64ec,TakumiMukaiyama,2025-04-11T09:57:57+09:00,update: pandas to polars,src/engineering/aggregated_features_baseline/calculators.py,"pandas arrays, scalars, and data types;Index objects",Expressions - Functions,Types & schema,Types & schema;Index & pandas-specific semantics,"pandas:pandas arrays, scalars, and data types->Types & schema|pandas:Index objects->Index & pandas-specific semantics|patch:index type keyword","pandas arrays, scalars, and data types:\b(?:pd|pandas)\.(?:Timestamp|Timedelta|Period|Interval|Categorical)(?:\.\w+)*\b|Index objects:\b(?:pd|pandas)\.(?:Index|RangeIndex|MultiIndex|DatetimeIndex|TimedeltaIndex|PeriodIndex|IntervalIndex|CategoricalIndex)\b",Expressions - Functions:\b(?:pl|polars)\.(?:all|all_horizontal|any|any_horizontal|approx_n_unique|arange|arctan2|arctan2d|arg_sort_by|arg_where|business_day_count|coalesce|concat_arr|concat_list|concat_str|corr|count|cov|cum_count|cum_fold|cum_reduce|cum_sum|cum_sum_horizontal|date|date_range|date_ranges|datetime|datetime_range|datetime_ranges|duration|element|exclude|field|first|fold|format|from_epoch|groups|head|implode|int_range|int_ranges|last|len|linear_space|linear_spaces|lit|map_batches|map_groups|max|max_horizontal|mean|mean_horizontal|median|min|min_horizontal|n_unique|nth|ones|quantile|reduce|repeat|rolling_corr|rolling_cov|row_index|select|sql|sql_expr|std|struct|sum|sum_horizontal|tail|time|time_range|time_ranges|var|when|zeros)\b,95,,,
No,TakumiMukaiyama/recsys2025,07aade32087f1f11dac8ae7ad4ec6cf0e47ee2d0,TakumiMukaiyama,2025-04-11T10:08:49+09:00,pandas___polars_¸ã_ç§»è__²ã___ataFrame_____´ã__¾ã__________¡ã__________¼ã__¦ç___olars__å¿_________¿®æ­£ã_è¡___¾ã___,src/engineering/aggregated_features_baseline/features_aggregator.py,Index objects,Expressions - Columns/names,Index & pandas-specific semantics,Index & pandas-specific semantics,pandas:Index objects->Index & pandas-specific semantics|patch:index type keyword,Index objects:\b(?:pd|pandas)\.(?:Index|RangeIndex|MultiIndex|DatetimeIndex|TimedeltaIndex|PeriodIndex|IntervalIndex|CategoricalIndex)\b,Expressions - Columns/names:\b(?:pl|polars)\.col\b,106,,,
No,TakumiMukaiyama/recsys2025,2c9e318aa121d1976330f41afc6890234d1c5e0e,TakumiMukaiyama,2025-04-11T10:04:38+09:00,update: pandas to polars,src/data_utils/split_data.py,Input/output;General functions,Expressions - Columns/names;Input/output - Parquet,IO boundary,IO boundary;Aggregation & joins,pandas:Input/output->IO boundary|pandas:General functions->Aggregation & joins,Input/output:\b(?:pd|pandas)\.read_(?:pickle|table|csv|fwf|clipboard|excel|json|html|xml|hdf|feather|parquet|iceberg|orc|sas|spss|stata)\b|General functions:\b(?:pd|pandas)\.(?:to_numeric|to_datetime|to_timedelta)\b,Expressions - Columns/names:\b(?:pl|polars)\.col\b|Input/output - Parquet:\b(?:pl|polars)\.(?:read_parquet|read_parquet_metadata|read_parquet_schema|scan_parquet)\b,83,,,
No,TakumiMukaiyama/recsys2025,2c9e318aa121d1976330f41afc6890234d1c5e0e,TakumiMukaiyama,2025-04-11T10:04:38+09:00,update: pandas to polars,src/data_utils/utils.py,Input/output,Expressions - Columns/names;Input/output - Parquet,IO boundary,IO boundary,pandas:Input/output->IO boundary,Input/output:\b(?:pd|pandas)\.read_(?:pickle|table|csv|fwf|clipboard|excel|json|html|xml|hdf|feather|parquet|iceberg|orc|sas|spss|stata)\b,Expressions - Columns/names:\b(?:pl|polars)\.col\b|Input/output - Parquet:\b(?:pl|polars)\.(?:read_parquet|read_parquet_metadata|read_parquet_schema|scan_parquet)\b,58,,,
No,TakumiMukaiyama/recsys2025,2c9e318aa121d1976330f41afc6890234d1c5e0e,TakumiMukaiyama,2025-04-11T10:04:38+09:00,update: pandas to polars,src/engineering/aggregated_features_baseline/create_embeddings.py,General functions,Expressions - Columns/names;Functions,Aggregation & joins,Aggregation & joins,pandas:General functions->Aggregation & joins,General functions:\b(?:pd|pandas)\.(?:to_numeric|to_datetime|to_timedelta)\b,Expressions - Columns/names:\b(?:pl|polars)\.col\b|Functions:\b(?:pl|polars)\.(?:from_arrow|from_dataframe|from_dict|from_dicts|from_numpy|from_pandas|from_records|from_repr|json_normalize|align_frames|concat|union|defer|escape_regex|collect_all|collect_all_async|explain_all|set_random_seed|register_extension_type|unregister_extension_type|get_extension_type|StringCache|enable_string_cache|disable_string_cache|using_string_cache)\b,35,,,
No,The-Remedy-Project/data_dashboard,bc42d3d0c3c4715507cd705db28518cc2dd272ac,Colin Adams,2025-01-17T14:55:25-05:00,"removed pandas dependencies, complete migration to polars. added some documentation in README.md and updated some of the software packages",src/data_dashboard.py,Input/output;General functions;GroupBy,Expressions - Columns/names;Expressions - Functions;Functions;Input/output - CSV,IO boundary,IO boundary;Aggregation & joins,pandas:Input/output->IO boundary|pandas:General functions->Aggregation & joins|pandas:GroupBy->Aggregation & joins,Input/output:\b(?:pd|pandas)\.read_(?:pickle|table|csv|fwf|clipboard|excel|json|html|xml|hdf|feather|parquet|iceberg|orc|sas|spss|stata)\b|General functions:\b(?:pd|pandas)\.(?:merge|merge_ordered|merge_asof|concat)\b|GroupBy:\b(?:pd|pandas)\.Grouper\b,Expressions - Columns/names:\b(?:pl|polars)\.col\b|Expressions - Functions:\b(?:pl|polars)\.(?:all|all_horizontal|any|any_horizontal|approx_n_unique|arange|arctan2|arctan2d|arg_sort_by|arg_where|business_day_count|coalesce|concat_arr|concat_list|concat_str|corr|count|cov|cum_count|cum_fold|cum_reduce|cum_sum|cum_sum_horizontal|date|date_range|date_ranges|datetime|datetime_range|datetime_ranges|duration|element|exclude|field|first|fold|format|from_epoch|groups|head|implode|int_range|int_ranges|last|len|linear_space|linear_spaces|lit|map_batches|map_groups|max|max_horizontal|mean|mean_horizontal|median|min|min_horizontal|n_unique|nth|ones|quantile|reduce|repeat|rolling_corr|rolling_cov|row_index|select|sql|sql_expr|std|struct|sum|sum_horizontal|tail|time|time_range|time_ranges|var|when|zeros)\b|Functions:\b(?:pl|polars)\.(?:from_arrow|from_dataframe|from_dict|from_dicts|from_numpy|from_pandas|from_records|from_repr|json_normalize|align_frames|concat|union|defer|escape_regex|collect_all|collect_all_async|explain_all|set_random_seed|register_extension_type|unregister_extension_type|get_extension_type|StringCache|enable_string_cache|disable_string_cache|using_string_cache)\b|Input/output - CSV:\b(?:pl|polars)\.(?:read_csv|read_csv_batched|scan_csv)\b,176,,,
No,The-Remedy-Project/data_dashboard,35367f68f5c3967b501798a38946b07542e3ffc1,Colin Adams,2024-10-29T12:55:32-04:00,new version using (mostly) polars lazyframe to lower memory consumption,src/data_dashboard.py,Input/output;GroupBy,Expressions - Columns/names;Expressions - Functions;Input/output - Parquet,IO boundary,IO boundary;Aggregation & joins,pandas:Input/output->IO boundary|pandas:GroupBy->Aggregation & joins,Input/output:\b(?:pd|pandas)\.read_(?:pickle|table|csv|fwf|clipboard|excel|json|html|xml|hdf|feather|parquet|iceberg|orc|sas|spss|stata)\b|GroupBy:\b(?:pd|pandas)\.Grouper\b,Expressions - Columns/names:\b(?:pl|polars)\.col\b|Expressions - Functions:\b(?:pl|polars)\.(?:all|all_horizontal|any|any_horizontal|approx_n_unique|arange|arctan2|arctan2d|arg_sort_by|arg_where|business_day_count|coalesce|concat_arr|concat_list|concat_str|corr|count|cov|cum_count|cum_fold|cum_reduce|cum_sum|cum_sum_horizontal|date|date_range|date_ranges|datetime|datetime_range|datetime_ranges|duration|element|exclude|field|first|fold|format|from_epoch|groups|head|implode|int_range|int_ranges|last|len|linear_space|linear_spaces|lit|map_batches|map_groups|max|max_horizontal|mean|mean_horizontal|median|min|min_horizontal|n_unique|nth|ones|quantile|reduce|repeat|rolling_corr|rolling_cov|row_index|select|sql|sql_expr|std|struct|sum|sum_horizontal|tail|time|time_range|time_ranges|var|when|zeros)\b|Input/output - Parquet:\b(?:pl|polars)\.(?:read_parquet|read_parquet_metadata|read_parquet_schema|scan_parquet)\b,155,,,
No,WardDeb/data_viz_kul,8df6188073f347dfc618d3e71b42a702c8408195,wardDeb,2025-03-29T18:01:38+01:00,shift preprocessing to polars,marimo/preprocessing.py,General functions,Expressions - Columns/names,Aggregation & joins,Aggregation & joins,pandas:General functions->Aggregation & joins,General functions:\b(?:pd|pandas)\.(?:to_numeric|to_datetime|to_timedelta)\b,Expressions - Columns/names:\b(?:pl|polars)\.col\b,58,,,
Yes,YuriNakayama/cate,1e52b4e74b3b012dfc012cc6e81870d78acafb05,YuriNakayama,2025-01-01T18:03:30+09:00,:sparkles: Update concat function to use Polars for improved performance,cate/dataset.py,General functions,Functions,Aggregation & joins,Aggregation & joins,pandas:General functions->Aggregation & joins,General functions:\b(?:pd|pandas)\.(?:merge|merge_ordered|merge_asof|concat)\b,Functions:\b(?:pl|polars)\.(?:from_arrow|from_dataframe|from_dict|from_dicts|from_numpy|from_pandas|from_records|from_repr|json_normalize|align_frames|concat|union|defer|escape_regex|collect_all|collect_all_async|explain_all|set_random_seed|register_extension_type|unregister_extension_type|get_extension_type|StringCache|enable_string_cache|disable_string_cache|using_string_cache)\b,7,,,
Yes,YuriNakayama/cate,1ec015da449437e671577625f2ecaa9a1670f9f9,YuriNakayama,2024-12-31T18:20:41+09:00,:sparkels: Refactor to_rank function to use Polars for improved performance and flexibility,cate/dataset.py,Other pandas API,Other polars API,Other / Manual,Other / Manual,fallback:Other,Other pandas API:\b(?:pd|pandas)\.[A-Za-z_]\w*(?:\.[A-Za-z_]\w*)*,Other polars API:\b(?:pl|polars)\.[A-Za-z_]\w*(?:\.[A-Za-z_]\w*)*,24,,,
Yes,YuriNakayama/cate,29097c0c9df7d244ff5a7de3611b64bf806b09ab,YuriNakayama,2025-01-03T02:03:29+09:00,Feature/pytorch pipeline (#7),process/model/biased_data/scripts/train.py,General functions,Expressions - Columns/names;Functions,Aggregation & joins,Aggregation & joins,pandas:General functions->Aggregation & joins,General functions:\b(?:pd|pandas)\.(?:merge|merge_ordered|merge_asof|concat)\b,Expressions - Columns/names:\b(?:pl|polars)\.col\b|Functions:\b(?:pl|polars)\.(?:from_arrow|from_dataframe|from_dict|from_dicts|from_numpy|from_pandas|from_records|from_repr|json_normalize|align_frames|concat|union|defer|escape_regex|collect_all|collect_all_async|explain_all|set_random_seed|register_extension_type|unregister_extension_type|get_extension_type|StringCache|enable_string_cache|disable_string_cache|using_string_cache)\b,142,,,
Yes,YuriNakayama/cate,29097c0c9df7d244ff5a7de3611b64bf806b09ab,YuriNakayama,2025-01-03T02:03:29+09:00,Feature/pytorch pipeline (#7),process/model/small_data/scripts/train.py,General functions,Expressions - Columns/names;Functions,Aggregation & joins,Aggregation & joins,pandas:General functions->Aggregation & joins,General functions:\b(?:pd|pandas)\.(?:merge|merge_ordered|merge_asof|concat)\b,Expressions - Columns/names:\b(?:pl|polars)\.col\b|Functions:\b(?:pl|polars)\.(?:from_arrow|from_dataframe|from_dict|from_dicts|from_numpy|from_pandas|from_records|from_repr|json_normalize|align_frames|concat|union|defer|escape_regex|collect_all|collect_all_async|explain_all|set_random_seed|register_extension_type|unregister_extension_type|get_extension_type|StringCache|enable_string_cache|disable_string_cache|using_string_cache)\b,85,,,
Yes,YuriNakayama/cate,29097c0c9df7d244ff5a7de3611b64bf806b09ab,YuriNakayama,2025-01-03T02:03:29+09:00,Feature/pytorch pipeline (#7),process/preprocess/to_dataset.py,Input/output,Other polars API,IO boundary,IO boundary,pandas:Input/output->IO boundary,Input/output:\b(?:pd|pandas)\.read_(?:pickle|table|csv|fwf|clipboard|excel|json|html|xml|hdf|feather|parquet|iceberg|orc|sas|spss|stata)\b,Other polars API:\b(?:pl|polars)\.[A-Za-z_]\w*(?:\.[A-Za-z_]\w*)*,54,,,
Yes,YuriNakayama/cate,539757327018fb0ac9507581d28fa9a0584dacf8,YuriNakayama,2025-01-01T10:09:22+09:00,:green_heart: Refactor test cases for to_rank function to use Polars for consistency and improved performance,tests/dataset/test_to_rank.py,Testing,Other polars API,Other / Manual,Other / Manual,fallback:Other,Testing:\b(?:pd|pandas)\.testing\.assert_(?:frame|series|index|extension_array)_equal\b,Other polars API:\b(?:pl|polars)\.[A-Za-z_]\w*(?:\.[A-Za-z_]\w*)*,63,,,
Yes,YuriNakayama/cate,7e55b00bbfcb2310701839dade699c9ef6a87c93,YuriNakayama,2025-01-01T18:09:15+09:00,:sparkles: Improve sample function to use Polars DataFrame for enhanced performance and consistency,cate/dataset.py,Other pandas API,Other polars API,Other / Manual,Other / Manual,fallback:Other,Other pandas API:\b(?:pd|pandas)\.[A-Za-z_]\w*(?:\.[A-Za-z_]\w*)*,Other polars API:\b(?:pl|polars)\.[A-Za-z_]\w*(?:\.[A-Za-z_]\w*)*,12,,,
Yes,YuriNakayama/cate,a297a3ee0adfbeb48093876e2f7ecdba1c85a6e8,YuriNakayama,2025-01-01T17:59:05+09:00,:sparkles: Update filter function to use Polars Series for improved type consistency,cate/dataset.py,Other pandas API,Other polars API,Other / Manual,Other / Manual,fallback:Other,Other pandas API:\b(?:pd|pandas)\.[A-Za-z_]\w*(?:\.[A-Za-z_]\w*)*,Other polars API:\b(?:pl|polars)\.[A-Za-z_]\w*(?:\.[A-Za-z_]\w*)*,7,,,
Yes,YuriNakayama/cate,dcff23d0d7204eafd421ecacfe7e6218533dfb27,YuriNakayama,2025-01-01T11:50:48+09:00,:sparkles: Refactor filter function to use Polars for improved performance and readability,cate/dataset.py,General functions,Expressions - Functions,Aggregation & joins,Aggregation & joins,pandas:General functions->Aggregation & joins,General functions:\b(?:pd|pandas)\.(?:merge|merge_ordered|merge_asof|concat)\b,Expressions - Functions:\b(?:pl|polars)\.(?:all|all_horizontal|any|any_horizontal|approx_n_unique|arange|arctan2|arctan2d|arg_sort_by|arg_where|business_day_count|coalesce|concat_arr|concat_list|concat_str|corr|count|cov|cum_count|cum_fold|cum_reduce|cum_sum|cum_sum_horizontal|date|date_range|date_ranges|datetime|datetime_range|datetime_ranges|duration|element|exclude|field|first|fold|format|from_epoch|groups|head|implode|int_range|int_ranges|last|len|linear_space|linear_spaces|lit|map_batches|map_groups|max|max_horizontal|mean|mean_horizontal|median|min|min_horizontal|n_unique|nth|ones|quantile|reduce|repeat|rolling_corr|rolling_cov|row_index|select|sql|sql_expr|std|struct|sum|sum_horizontal|tail|time|time_range|time_ranges|var|when|zeros)\b,9,,,
Yes,YuriNakayama/cate,e3227f4fa812adb6545baf204631c74e705234c6,YuriNakayama,2025-01-01T18:15:09+09:00,:recycle: Refactor sample and split functions to utilize Polars DataFrame for improved performance and consistency,cate/dataset.py,Other pandas API,Other polars API,Other / Manual,Other / Manual,fallback:Other,Other pandas API:\b(?:pd|pandas)\.[A-Za-z_]\w*(?:\.[A-Za-z_]\w*)*,Other polars API:\b(?:pl|polars)\.[A-Za-z_]\w*(?:\.[A-Za-z_]\w*)*,21,,,
Yes,YuriNakayama/cate,ed3b46c08e0d274cae49860e6391b45d4d03a18b,YuriNakayama,2025-01-01T19:01:41+09:00,:recycle: Replace pandas with Polars for improved performance and cleaner data handling in training scripts,process/model/base_pattern/scripts/train.py,General functions,Functions,Aggregation & joins,Aggregation & joins,pandas:General functions->Aggregation & joins,General functions:\b(?:pd|pandas)\.(?:merge|merge_ordered|merge_asof|concat)\b,Functions:\b(?:pl|polars)\.(?:from_arrow|from_dataframe|from_dict|from_dicts|from_numpy|from_pandas|from_records|from_repr|json_normalize|align_frames|concat|union|defer|escape_regex|collect_all|collect_all_async|explain_all|set_random_seed|register_extension_type|unregister_extension_type|get_extension_type|StringCache|enable_string_cache|disable_string_cache|using_string_cache)\b,45,,,
Yes,YuriNakayama/cate,ed3b46c08e0d274cae49860e6391b45d4d03a18b,YuriNakayama,2025-01-01T19:01:41+09:00,:recycle: Replace pandas with Polars for improved performance and cleaner data handling in training scripts,process/model/classification/scripts/train.py,General functions,Functions,Aggregation & joins,Aggregation & joins,pandas:General functions->Aggregation & joins,General functions:\b(?:pd|pandas)\.(?:merge|merge_ordered|merge_asof|concat)\b,Functions:\b(?:pl|polars)\.(?:from_arrow|from_dataframe|from_dict|from_dicts|from_numpy|from_pandas|from_records|from_repr|json_normalize|align_frames|concat|union|defer|escape_regex|collect_all|collect_all_async|explain_all|set_random_seed|register_extension_type|unregister_extension_type|get_extension_type|StringCache|enable_string_cache|disable_string_cache|using_string_cache)\b,61,,,
Yes,YuriNakayama/cate,f11c29aece42e2a62be6379ee2eeb7175bb7ad66,YuriNakayama,2025-01-01T11:05:00+09:00,:sparkles: Refactor Dataset class to use Polars DataFrame and update save/load methods for parquet and shelve formats,cate/dataset.py,Input/output,Input/output - Parquet,IO boundary,IO boundary,pandas:Input/output->IO boundary,Input/output:\b(?:pd|pandas)\.read_(?:pickle|table|csv|fwf|clipboard|excel|json|html|xml|hdf|feather|parquet|iceberg|orc|sas|spss|stata)\b,Input/output - Parquet:\b(?:pl|polars)\.(?:read_parquet|read_parquet_metadata|read_parquet_schema|scan_parquet)\b,64,,,
No,aryarifki/bei-stock-screener,c89ed9d8698b67379e1d83ef11280045d7ddff78,copilot-swe-agent[bot],2025-07-13T04:20:40+00:00,Replace pandas with polars in stock screener application,app.py,,Expressions - Columns/names,Other / Manual,Other / Manual,fallback:Other,,Expressions - Columns/names:\b(?:pl|polars)\.col\b,83,,,
No,aviation-impact-accelerator/aia-analysis-contrail-avoidance,172209375bd5859b25806b9420c435c01e6efbdb,Ana Stojanovic,2025-12-11T16:23:35+00:00,Update from pandas to polars,analysis/generate_energy_forcing_statistics.py,Input/output;General functions,Expressions - Columns/names;Input/output - Parquet,IO boundary,IO boundary;Aggregation & joins,pandas:Input/output->IO boundary|pandas:General functions->Aggregation & joins,Input/output:\b(?:pd|pandas)\.read_(?:pickle|table|csv|fwf|clipboard|excel|json|html|xml|hdf|feather|parquet|iceberg|orc|sas|spss|stata)\b|General functions:\b(?:pd|pandas)\.(?:to_numeric|to_datetime|to_timedelta)\b,Expressions - Columns/names:\b(?:pl|polars)\.col\b|Input/output - Parquet:\b(?:pl|polars)\.(?:read_parquet|read_parquet_metadata|read_parquet_schema|scan_parquet)\b,74,,,
No,aviation-impact-accelerator/aia-analysis-contrail-avoidance,28a725896f47e3206f188a1619d155bd1b0a0984,Ana Stojanovic,2025-12-11T15:39:43+00:00,Update file from pandas to polars,flight_data/generate_flight_data_statistics.py,Input/output;General functions,Expressions - Columns/names;Input/output - Parquet,IO boundary,IO boundary;Aggregation & joins,pandas:Input/output->IO boundary|pandas:General functions->Aggregation & joins,Input/output:\b(?:pd|pandas)\.read_(?:pickle|table|csv|fwf|clipboard|excel|json|html|xml|hdf|feather|parquet|iceberg|orc|sas|spss|stata)\b|General functions:\b(?:pd|pandas)\.(?:to_numeric|to_datetime|to_timedelta)\b,Expressions - Columns/names:\b(?:pl|polars)\.col\b|Input/output - Parquet:\b(?:pl|polars)\.(?:read_parquet|read_parquet_metadata|read_parquet_schema|scan_parquet)\b,56,,,
No,aviation-impact-accelerator/aia-analysis-contrail-avoidance,339dd49f7b7d402c36ade8b3fb08aca9bdca7b37,Ana Stojanovic,2025-12-11T16:22:32+00:00,Update from pandas to polars,analysis/calculate_energy_forcing.py,Other pandas API,Expressions - Columns/names,Other / Manual,Other / Manual,fallback:Other,Other pandas API:\b(?:pd|pandas)\.[A-Za-z_]\w*(?:\.[A-Za-z_]\w*)*,Expressions - Columns/names:\b(?:pl|polars)\.col\b,51,,,
No,aviation-impact-accelerator/aia-analysis-contrail-avoidance,4c35076a36380a09a059a1ad617ad157dcb8d89c,Ana Stojanovic,2025-12-11T15:00:56+00:00,Update environment from pandas to polars,src/aia_model_contrail_avoidance/environment.py,General functions,Expressions - Columns/names;Expressions - Functions,Aggregation & joins,Aggregation & joins,pandas:General functions->Aggregation & joins,General functions:\b(?:pd|pandas)\.(?:date_range|bdate_range|period_range|timedelta_range|infer_freq|interval_range)\b,Expressions - Columns/names:\b(?:pl|polars)\.col\b|Expressions - Functions:\b(?:pl|polars)\.(?:all|all_horizontal|any|any_horizontal|approx_n_unique|arange|arctan2|arctan2d|arg_sort_by|arg_where|business_day_count|coalesce|concat_arr|concat_list|concat_str|corr|count|cov|cum_count|cum_fold|cum_reduce|cum_sum|cum_sum_horizontal|date|date_range|date_ranges|datetime|datetime_range|datetime_ranges|duration|element|exclude|field|first|fold|format|from_epoch|groups|head|implode|int_range|int_ranges|last|len|linear_space|linear_spaces|lit|map_batches|map_groups|max|max_horizontal|mean|mean_horizontal|median|min|min_horizontal|n_unique|nth|ones|quantile|reduce|repeat|rolling_corr|rolling_cov|row_index|select|sql|sql_expr|std|struct|sum|sum_horizontal|tail|time|time_range|time_ranges|var|when|zeros)\b,61,,,
No,aviation-impact-accelerator/aia-analysis-contrail-avoidance,6b666d8d8af59da8227bbdc97b127458f27a9035,Ana Stojanovic,2025-12-11T16:22:50+00:00,Update from pandas to polars,analysis/generate_flight_data_statistics_with_histogram.py,Input/output;General functions,Expressions - Columns/names;Input/output - Parquet,IO boundary,IO boundary;Aggregation & joins,pandas:Input/output->IO boundary|pandas:General functions->Aggregation & joins,Input/output:\b(?:pd|pandas)\.read_(?:pickle|table|csv|fwf|clipboard|excel|json|html|xml|hdf|feather|parquet|iceberg|orc|sas|spss|stata)\b|General functions:\b(?:pd|pandas)\.(?:to_numeric|to_datetime|to_timedelta)\b,Expressions - Columns/names:\b(?:pl|polars)\.col\b|Input/output - Parquet:\b(?:pl|polars)\.(?:read_parquet|read_parquet_metadata|read_parquet_schema|scan_parquet)\b,96,,,
No,aviation-impact-accelerator/aia-analysis-contrail-avoidance,a80a1bb69999383c0180f416a5051148abb5c6e9,Ana Stojanovic,2025-12-11T16:23:02+00:00,Update from pandas to polars,flight_data/flight_data_processing.py,Input/output;General functions;Missing values,Expressions - Columns/names;Input/output - Parquet,IO boundary,IO boundary;Aggregation & joins;Missing values,pandas:Input/output->IO boundary|pandas:General functions->Aggregation & joins|pandas:Missing values->Missing values,Input/output:\b(?:pd|pandas)\.read_(?:pickle|table|csv|fwf|clipboard|excel|json|html|xml|hdf|feather|parquet|iceberg|orc|sas|spss|stata)\b|General functions:\b(?:pd|pandas)\.(?:isna|isnull|notna|notnull)\b|Missing values:\b(?:pd|pandas)\.(?:isna|isnull|notna|notnull)\b,Expressions - Columns/names:\b(?:pl|polars)\.col\b|Input/output - Parquet:\b(?:pl|polars)\.(?:read_parquet|read_parquet_metadata|read_parquet_schema|scan_parquet)\b,92,,,
No,aviation-impact-accelerator/aia-analysis-contrail-avoidance,abdeca1f5f3d598adcc21cba3b514f736efbadb5,Ana Stojanovic,2025-12-11T15:00:36+00:00,Update flights from pandas to polars,src/aia_model_contrail_avoidance/flights.py,Input/output;General functions,Expressions - Functions;Input/output - Parquet,IO boundary,IO boundary;Aggregation & joins,pandas:Input/output->IO boundary|pandas:General functions->Aggregation & joins,Input/output:\b(?:pd|pandas)\.read_(?:pickle|table|csv|fwf|clipboard|excel|json|html|xml|hdf|feather|parquet|iceberg|orc|sas|spss|stata)\b|General functions:\b(?:pd|pandas)\.(?:date_range|bdate_range|period_range|timedelta_range|infer_freq|interval_range)\b,Expressions - Functions:\b(?:pl|polars)\.(?:all|all_horizontal|any|any_horizontal|approx_n_unique|arange|arctan2|arctan2d|arg_sort_by|arg_where|business_day_count|coalesce|concat_arr|concat_list|concat_str|corr|count|cov|cum_count|cum_fold|cum_reduce|cum_sum|cum_sum_horizontal|date|date_range|date_ranges|datetime|datetime_range|datetime_ranges|duration|element|exclude|field|first|fold|format|from_epoch|groups|head|implode|int_range|int_ranges|last|len|linear_space|linear_spaces|lit|map_batches|map_groups|max|max_horizontal|mean|mean_horizontal|median|min|min_horizontal|n_unique|nth|ones|quantile|reduce|repeat|rolling_corr|rolling_cov|row_index|select|sql|sql_expr|std|struct|sum|sum_horizontal|tail|time|time_range|time_ranges|var|when|zeros)\b|Input/output - Parquet:\b(?:pl|polars)\.(?:read_parquet|read_parquet_metadata|read_parquet_schema|scan_parquet)\b,29,,,
No,aviation-impact-accelerator/aia-analysis-contrail-avoidance,d53dfea145d348bf87be8996d95335bc3e3fad58,Ana Stojanovic,2025-12-11T16:23:16+00:00,Update from pandas to polars,analysis/plot_energy_forcing_histogram.py,Input/output,Expressions - Columns/names;Input/output - Parquet,IO boundary,IO boundary,pandas:Input/output->IO boundary,Input/output:\b(?:pd|pandas)\.read_(?:pickle|table|csv|fwf|clipboard|excel|json|html|xml|hdf|feather|parquet|iceberg|orc|sas|spss|stata)\b,Expressions - Columns/names:\b(?:pl|polars)\.col\b|Input/output - Parquet:\b(?:pl|polars)\.(?:read_parquet|read_parquet_metadata|read_parquet_schema|scan_parquet)\b,23,,,
No,aviation-impact-accelerator/aia-analysis-contrail-avoidance,d8acb291a916f50f7e314f7e52937dc42726757e,Ana Stojanovic,2025-12-11T15:01:09+00:00,Update airports from pandas to polars,src/aia_model_contrail_avoidance/airports.py,Input/output,Expressions - Columns/names;Input/output - Parquet,IO boundary,IO boundary,pandas:Input/output->IO boundary,Input/output:\b(?:pd|pandas)\.read_(?:pickle|table|csv|fwf|clipboard|excel|json|html|xml|hdf|feather|parquet|iceberg|orc|sas|spss|stata)\b,Expressions - Columns/names:\b(?:pl|polars)\.col\b|Input/output - Parquet:\b(?:pl|polars)\.(?:read_parquet|read_parquet_metadata|read_parquet_schema|scan_parquet)\b,26,,,
No,bcgov/sdpr-cdw-data-pipelines,0baf02fcc99e8a4590876019ab86f781d55178fc,James Scott,2025-02-19T10:43:34-08:00,Chips migration from pandas to polars (#7),chips/chips-src-to-stg/src/etl_engine.py,Options and settings;Testing,Config,Other / Manual,Other / Manual,polars:Config->Other / Manual,Options and settings:\b(?:pd|pandas)\.(?:describe_option|get_option|set_option|reset_option|option_context|set_eng_float_format)\b|Testing:\b(?:pd|pandas)\.errors\.,Config:\b(?:pl|polars)\.Config\.\w+\b,87,,,
No,bcgov/sdpr-cdw-data-pipelines,0baf02fcc99e8a4590876019ab86f781d55178fc,James Scott,2025-02-19T10:43:34-08:00,Chips migration from pandas to polars (#7),chips/chips-src-to-stg/src/peoplesoft_etl.py,DataFrame,Other polars API,Core dataframe transforms,Core dataframe transforms,pandas:DataFrame->Core dataframe transforms,DataFrame:\b(?:pd|pandas)\.DataFrame\.\w+,Other polars API:\b(?:pl|polars)\.[A-Za-z_]\w*(?:\.[A-Za-z_]\w*)*,41,,,
No,bcgov/sdpr-cdw-data-pipelines,0baf02fcc99e8a4590876019ab86f781d55178fc,James Scott,2025-02-19T10:43:34-08:00,Chips migration from pandas to polars (#7),chips/chips-src-to-stg/src/utils.py,Other pandas API,Expressions - Columns/names;Expressions - Functions;Functions,Other / Manual,Other / Manual,fallback:Other,Other pandas API:\b(?:pd|pandas)\.[A-Za-z_]\w*(?:\.[A-Za-z_]\w*)*,Expressions - Columns/names:\b(?:pl|polars)\.col\b|Expressions - Functions:\b(?:pl|polars)\.(?:all|all_horizontal|any|any_horizontal|approx_n_unique|arange|arctan2|arctan2d|arg_sort_by|arg_where|business_day_count|coalesce|concat_arr|concat_list|concat_str|corr|count|cov|cum_count|cum_fold|cum_reduce|cum_sum|cum_sum_horizontal|date|date_range|date_ranges|datetime|datetime_range|datetime_ranges|duration|element|exclude|field|first|fold|format|from_epoch|groups|head|implode|int_range|int_ranges|last|len|linear_space|linear_spaces|lit|map_batches|map_groups|max|max_horizontal|mean|mean_horizontal|median|min|min_horizontal|n_unique|nth|ones|quantile|reduce|repeat|rolling_corr|rolling_cov|row_index|select|sql|sql_expr|std|struct|sum|sum_horizontal|tail|time|time_range|time_ranges|var|when|zeros)\b|Functions:\b(?:pl|polars)\.(?:from_arrow|from_dataframe|from_dict|from_dicts|from_numpy|from_pandas|from_records|from_repr|json_normalize|align_frames|concat|union|defer|escape_regex|collect_all|collect_all_async|explain_all|set_random_seed|register_extension_type|unregister_extension_type|get_extension_type|StringCache|enable_string_cache|disable_string_cache|using_string_cache)\b,225,,,
No,bcgov/sdpr-cdw-data-pipelines,9117c73f40feb8e4e2a38ffbef14387094b8c2aa,James Scott,2025-02-19T10:43:34-08:00,Chips migration from pandas to polars (#7),chips/chips-src-to-stg/src/etl_engine.py,Options and settings;Testing,Config,Other / Manual,Other / Manual,polars:Config->Other / Manual,Options and settings:\b(?:pd|pandas)\.(?:describe_option|get_option|set_option|reset_option|option_context|set_eng_float_format)\b|Testing:\b(?:pd|pandas)\.errors\.,Config:\b(?:pl|polars)\.Config\.\w+\b,87,,,
No,bcgov/sdpr-cdw-data-pipelines,9117c73f40feb8e4e2a38ffbef14387094b8c2aa,James Scott,2025-02-19T10:43:34-08:00,Chips migration from pandas to polars (#7),chips/chips-src-to-stg/src/peoplesoft_etl.py,DataFrame,Other polars API,Core dataframe transforms,Core dataframe transforms,pandas:DataFrame->Core dataframe transforms,DataFrame:\b(?:pd|pandas)\.DataFrame\.\w+,Other polars API:\b(?:pl|polars)\.[A-Za-z_]\w*(?:\.[A-Za-z_]\w*)*,41,,,
No,bcgov/sdpr-cdw-data-pipelines,9117c73f40feb8e4e2a38ffbef14387094b8c2aa,James Scott,2025-02-19T10:43:34-08:00,Chips migration from pandas to polars (#7),chips/chips-src-to-stg/src/utils.py,Other pandas API,Expressions - Columns/names;Expressions - Functions;Functions,Other / Manual,Other / Manual,fallback:Other,Other pandas API:\b(?:pd|pandas)\.[A-Za-z_]\w*(?:\.[A-Za-z_]\w*)*,Expressions - Columns/names:\b(?:pl|polars)\.col\b|Expressions - Functions:\b(?:pl|polars)\.(?:all|all_horizontal|any|any_horizontal|approx_n_unique|arange|arctan2|arctan2d|arg_sort_by|arg_where|business_day_count|coalesce|concat_arr|concat_list|concat_str|corr|count|cov|cum_count|cum_fold|cum_reduce|cum_sum|cum_sum_horizontal|date|date_range|date_ranges|datetime|datetime_range|datetime_ranges|duration|element|exclude|field|first|fold|format|from_epoch|groups|head|implode|int_range|int_ranges|last|len|linear_space|linear_spaces|lit|map_batches|map_groups|max|max_horizontal|mean|mean_horizontal|median|min|min_horizontal|n_unique|nth|ones|quantile|reduce|repeat|rolling_corr|rolling_cov|row_index|select|sql|sql_expr|std|struct|sum|sum_horizontal|tail|time|time_range|time_ranges|var|when|zeros)\b|Functions:\b(?:pl|polars)\.(?:from_arrow|from_dataframe|from_dict|from_dicts|from_numpy|from_pandas|from_records|from_repr|json_normalize|align_frames|concat|union|defer|escape_regex|collect_all|collect_all_async|explain_all|set_random_seed|register_extension_type|unregister_extension_type|get_extension_type|StringCache|enable_string_cache|disable_string_cache|using_string_cache)\b,225,,,
Yes,biodatageeks/polars-bio,246017fa22746ef68237b4fb71b4c749b5635697,zkeram,2025-06-03T07:14:05+02:00,fix: More input combinations of polars and pandas and refactor (#125),polars_bio/range_op_helpers.py,Other pandas API,Other polars API,Other / Manual,Other / Manual,fallback:Other,Other pandas API:\b(?:pd|pandas)\.[A-Za-z_]\w*(?:\.[A-Za-z_]\w*)*,Other polars API:\b(?:pl|polars)\.[A-Za-z_]\w*(?:\.[A-Za-z_]\w*)*,66,,,
Yes,biodatageeks/polars-bio,246017fa22746ef68237b4fb71b4c749b5635697,zkeram,2025-06-03T07:14:05+02:00,fix: More input combinations of polars and pandas and refactor (#125),polars_bio/range_op_io.py,Other pandas API,Other polars API,Other / Manual,Other / Manual,fallback:Other,Other pandas API:\b(?:pd|pandas)\.[A-Za-z_]\w*(?:\.[A-Za-z_]\w*)*,Other polars API:\b(?:pl|polars)\.[A-Za-z_]\w*(?:\.[A-Za-z_]\w*)*,54,,,
Yes,biodatageeks/polars-bio,2ae3f74905a7adffe28a301590f36c22f254da22,zkeram,2025-02-11T19:31:47+00:00,feat: Add `merge` function (#79),polars_bio/interval_op_helpers.py,Other pandas API,Other polars API,Other / Manual,Other / Manual,fallback:Other,Other pandas API:\b(?:pd|pandas)\.[A-Za-z_]\w*(?:\.[A-Za-z_]\w*)*,Other polars API:\b(?:pl|polars)\.[A-Za-z_]\w*(?:\.[A-Za-z_]\w*)*,65,,,
Yes,biodatageeks/polars-bio,99aff9e079cb61dc655298c193b6f96254bf9b21,Wojciech Sitek,2025-09-12T09:54:55+02:00,fix: Polars >1.31.0 support (#233),polars_bio/range_op_helpers.py,Other pandas API,Other polars API,Other / Manual,Other / Manual,fallback:Other,Other pandas API:\b(?:pd|pandas)\.[A-Za-z_]\w*(?:\.[A-Za-z_]\w*)*,Other polars API:\b(?:pl|polars)\.[A-Za-z_]\w*(?:\.[A-Za-z_]\w*)*,205,,,
Yes,biodatageeks/polars-bio,99aff9e079cb61dc655298c193b6f96254bf9b21,Wojciech Sitek,2025-09-12T09:54:55+02:00,fix: Polars >1.31.0 support (#233),polars_bio/range_op_io.py,Other pandas API,Functions,Other / Manual,Other / Manual,fallback:Other,Other pandas API:\b(?:pd|pandas)\.[A-Za-z_]\w*(?:\.[A-Za-z_]\w*)*,Functions:\b(?:pl|polars)\.(?:from_arrow|from_dataframe|from_dict|from_dicts|from_numpy|from_pandas|from_records|from_repr|json_normalize|align_frames|concat|union|defer|escape_regex|collect_all|collect_all_async|explain_all|set_random_seed|register_extension_type|unregister_extension_type|get_extension_type|StringCache|enable_string_cache|disable_string_cache|using_string_cache)\b,69,,,
Yes,biodatageeks/polars-bio,e382f954c37e6e65280539e88cee50c1f99b12d5,Marek WiewiÃ³rka,2026-01-25T16:09:02+01:00,perf: Fix DataFrame input slowdown by releasing GIL (#71) (#271),polars_bio/range_op_helpers.py,Other pandas API,Other polars API,Other / Manual,Other / Manual,fallback:Other,Other pandas API:\b(?:pd|pandas)\.[A-Za-z_]\w*(?:\.[A-Za-z_]\w*)*,Other polars API:\b(?:pl|polars)\.[A-Za-z_]\w*(?:\.[A-Za-z_]\w*)*,150,,,
Yes,biodatageeks/polars-bio,f8c39fbdc04443f0228b3ddcc5678baa4749e52e,Marek WiewiÃ³rka,2025-08-13T06:45:56+02:00,fix: Making Pandas dependency optional (#195),polars_bio/interval_op_helpers.py,Other pandas API,Other polars API,Other / Manual,Other / Manual,fallback:Other,Other pandas API:\b(?:pd|pandas)\.[A-Za-z_]\w*(?:\.[A-Za-z_]\w*)*,Other polars API:\b(?:pl|polars)\.[A-Za-z_]\w*(?:\.[A-Za-z_]\w*)*,26,,,
Yes,biodatageeks/polars-bio,f8c39fbdc04443f0228b3ddcc5678baa4749e52e,Marek WiewiÃ³rka,2025-08-13T06:45:56+02:00,fix: Making Pandas dependency optional (#195),polars_bio/range_op.py,Other pandas API,Other polars API,Other / Manual,Other / Manual,fallback:Other,Other pandas API:\b(?:pd|pandas)\.[A-Za-z_]\w*(?:\.[A-Za-z_]\w*)*,Other polars API:\b(?:pl|polars)\.[A-Za-z_]\w*(?:\.[A-Za-z_]\w*)*,51,,,
Yes,biodatageeks/polars-bio,f8c39fbdc04443f0228b3ddcc5678baa4749e52e,Marek WiewiÃ³rka,2025-08-13T06:45:56+02:00,fix: Making Pandas dependency optional (#195),polars_bio/range_op_helpers.py,Other pandas API,Other polars API,Other / Manual,Other / Manual,fallback:Other,Other pandas API:\b(?:pd|pandas)\.[A-Za-z_]\w*(?:\.[A-Za-z_]\w*)*,Other polars API:\b(?:pl|polars)\.[A-Za-z_]\w*(?:\.[A-Za-z_]\w*)*,30,,,
Yes,biodatageeks/polars-bio,f8c39fbdc04443f0228b3ddcc5678baa4749e52e,Marek WiewiÃ³rka,2025-08-13T06:45:56+02:00,fix: Making Pandas dependency optional (#195),polars_bio/range_op_io.py,Other pandas API,Other polars API,Other / Manual,Other / Manual,fallback:Other,Other pandas API:\b(?:pd|pandas)\.[A-Za-z_]\w*(?:\.[A-Za-z_]\w*)*,Other polars API:\b(?:pl|polars)\.[A-Za-z_]\w*(?:\.[A-Za-z_]\w*)*,31,,,
Yes,biodatageeks/polars-bio,f8c39fbdc04443f0228b3ddcc5678baa4749e52e,Marek WiewiÃ³rka,2025-08-13T06:45:56+02:00,fix: Making Pandas dependency optional (#195),polars_bio/range_utils.py,Other pandas API,Other polars API,Other / Manual,Other / Manual,fallback:Other,Other pandas API:\b(?:pd|pandas)\.[A-Za-z_]\w*(?:\.[A-Za-z_]\w*)*,Other polars API:\b(?:pl|polars)\.[A-Za-z_]\w*(?:\.[A-Za-z_]\w*)*,29,,,
No,blackerby/gpo,c7583b00ed01a333fe519ed187b52027475e0778,William Blackerby,2025-01-04T08:59:07-05:00,replace pandas and requests with polars and httpx,main.py,DataFrame,Expressions - Columns/names;Expressions - Functions,Core dataframe transforms,Core dataframe transforms,pandas:DataFrame->Core dataframe transforms,DataFrame:\b(?:pd|pandas)\.DataFrame\.\w+,Expressions - Columns/names:\b(?:pl|polars)\.col\b|Expressions - Functions:\b(?:pl|polars)\.(?:all|all_horizontal|any|any_horizontal|approx_n_unique|arange|arctan2|arctan2d|arg_sort_by|arg_where|business_day_count|coalesce|concat_arr|concat_list|concat_str|corr|count|cov|cum_count|cum_fold|cum_reduce|cum_sum|cum_sum_horizontal|date|date_range|date_ranges|datetime|datetime_range|datetime_ranges|duration|element|exclude|field|first|fold|format|from_epoch|groups|head|implode|int_range|int_ranges|last|len|linear_space|linear_spaces|lit|map_batches|map_groups|max|max_horizontal|mean|mean_horizontal|median|min|min_horizontal|n_unique|nth|ones|quantile|reduce|repeat|rolling_corr|rolling_cov|row_index|select|sql|sql_expr|std|struct|sum|sum_horizontal|tail|time|time_range|time_ranges|var|when|zeros)\b,25,,,
Unclear,brandonschabell/alphaflow,2cd223f5ddfb8b31d4d7c2960dbe25f65ba31423,Brandon Schabell,2025-11-11T15:37:29-06:00,Replace pandas with polars (#33),alphaflow/data_feeds/csv_data_feed.py,Input/output,Expressions - Columns/names;Expressions - Functions;Input/output - CSV,IO boundary,IO boundary,pandas:Input/output->IO boundary,Input/output:\b(?:pd|pandas)\.read_(?:pickle|table|csv|fwf|clipboard|excel|json|html|xml|hdf|feather|parquet|iceberg|orc|sas|spss|stata)\b,Expressions - Columns/names:\b(?:pl|polars)\.col\b|Expressions - Functions:\b(?:pl|polars)\.(?:all|all_horizontal|any|any_horizontal|approx_n_unique|arange|arctan2|arctan2d|arg_sort_by|arg_where|business_day_count|coalesce|concat_arr|concat_list|concat_str|corr|count|cov|cum_count|cum_fold|cum_reduce|cum_sum|cum_sum_horizontal|date|date_range|date_ranges|datetime|datetime_range|datetime_ranges|duration|element|exclude|field|first|fold|format|from_epoch|groups|head|implode|int_range|int_ranges|last|len|linear_space|linear_spaces|lit|map_batches|map_groups|max|max_horizontal|mean|mean_horizontal|median|min|min_horizontal|n_unique|nth|ones|quantile|reduce|repeat|rolling_corr|rolling_cov|row_index|select|sql|sql_expr|std|struct|sum|sum_horizontal|tail|time|time_range|time_ranges|var|when|zeros)\b|Input/output - CSV:\b(?:pl|polars)\.(?:read_csv|read_csv_batched|scan_csv)\b,33,,,
No,bttex/processador_csv,a7bbd9a59d5dc5a573b61723c062a88240f391d9,Bruno Teixeira,2025-04-10T14:22:16-03:00,feat: substituido pandas por polars,processador.py,Input/output;General functions,Expressions - Columns/names;Expressions - Functions;Input/output - CSV;Input/output - Excel;Input/output - Parquet,IO boundary,IO boundary;Aggregation & joins,pandas:Input/output->IO boundary|pandas:General functions->Aggregation & joins,Input/output:\b(?:pd|pandas)\.read_(?:pickle|table|csv|fwf|clipboard|excel|json|html|xml|hdf|feather|parquet|iceberg|orc|sas|spss|stata)\b|General functions:\b(?:pd|pandas)\.(?:to_numeric|to_datetime|to_timedelta)\b,Expressions - Columns/names:\b(?:pl|polars)\.col\b|Expressions - Functions:\b(?:pl|polars)\.(?:all|all_horizontal|any|any_horizontal|approx_n_unique|arange|arctan2|arctan2d|arg_sort_by|arg_where|business_day_count|coalesce|concat_arr|concat_list|concat_str|corr|count|cov|cum_count|cum_fold|cum_reduce|cum_sum|cum_sum_horizontal|date|date_range|date_ranges|datetime|datetime_range|datetime_ranges|duration|element|exclude|field|first|fold|format|from_epoch|groups|head|implode|int_range|int_ranges|last|len|linear_space|linear_spaces|lit|map_batches|map_groups|max|max_horizontal|mean|mean_horizontal|median|min|min_horizontal|n_unique|nth|ones|quantile|reduce|repeat|rolling_corr|rolling_cov|row_index|select|sql|sql_expr|std|struct|sum|sum_horizontal|tail|time|time_range|time_ranges|var|when|zeros)\b|Input/output - CSV:\b(?:pl|polars)\.(?:read_csv|read_csv_batched|scan_csv)\b|Input/output - Excel:\b(?:pl|polars)\.(?:read_excel|read_ods)\b|Input/output - Parquet:\b(?:pl|polars)\.(?:read_parquet|read_parquet_metadata|read_parquet_schema|scan_parquet)\b,482,,,
No,carolinajacoby/sia-sus,fa58d77bfb58dcd89c137f76674f7e9620c27e3a,Carolina Jacoby,2025-10-07T12:10:01-03:00,refactor: Migra ETL de Pandas para Polars para melhor performance.,transform/process_data.py,Input/output;General functions,Functions;Input/output - Parquet,IO boundary,IO boundary;Aggregation & joins,pandas:Input/output->IO boundary|pandas:General functions->Aggregation & joins,Input/output:\b(?:pd|pandas)\.read_(?:pickle|table|csv|fwf|clipboard|excel|json|html|xml|hdf|feather|parquet|iceberg|orc|sas|spss|stata)\b|General functions:\b(?:pd|pandas)\.(?:merge|merge_ordered|merge_asof|concat)\b,Functions:\b(?:pl|polars)\.(?:from_arrow|from_dataframe|from_dict|from_dicts|from_numpy|from_pandas|from_records|from_repr|json_normalize|align_frames|concat|union|defer|escape_regex|collect_all|collect_all_async|explain_all|set_random_seed|register_extension_type|unregister_extension_type|get_extension_type|StringCache|enable_string_cache|disable_string_cache|using_string_cache)\b|Input/output - Parquet:\b(?:pl|polars)\.(?:read_parquet|read_parquet_metadata|read_parquet_schema|scan_parquet)\b,102,,,
No,ctasada/stonks-overwatch,017b4ef297b2936c5d1037bdb076e304f27ab2b6,Carlos Tasada,2025-09-04T07:22:44+02:00,Replace Pandas for Polars or local implementations (#177),scripts/degiro/account_overview.py,General functions,Expressions - Columns/names,Aggregation & joins,Aggregation & joins,pandas:General functions->Aggregation & joins,General functions:\b(?:pd|pandas)\.(?:merge|merge_ordered|merge_asof|concat)\b,Expressions - Columns/names:\b(?:pl|polars)\.col\b,44,,,
No,ctasada/stonks-overwatch,017b4ef297b2936c5d1037bdb076e304f27ab2b6,Carlos Tasada,2025-09-04T07:22:44+02:00,Replace Pandas for Polars or local implementations (#177),scripts/portfolio-performance/deGiroAnalysis.py,Input/output,Expressions - Columns/names;Input/output - CSV,IO boundary,IO boundary,pandas:Input/output->IO boundary,Input/output:\b(?:pd|pandas)\.read_(?:pickle|table|csv|fwf|clipboard|excel|json|html|xml|hdf|feather|parquet|iceberg|orc|sas|spss|stata)\b,Expressions - Columns/names:\b(?:pl|polars)\.col\b|Input/output - CSV:\b(?:pl|polars)\.(?:read_csv|read_csv_batched|scan_csv)\b,52,,,
No,ctasada/stonks-overwatch,017b4ef297b2936c5d1037bdb076e304f27ab2b6,Carlos Tasada,2025-09-04T07:22:44+02:00,Replace Pandas for Polars or local implementations (#177),scripts/portfolio-performance/deGiroConverterAccount.py,Input/output,Expressions - Columns/names;Expressions - Functions;Functions;Input/output - CSV,IO boundary,IO boundary,pandas:Input/output->IO boundary,Input/output:\b(?:pd|pandas)\.read_(?:pickle|table|csv|fwf|clipboard|excel|json|html|xml|hdf|feather|parquet|iceberg|orc|sas|spss|stata)\b,Expressions - Columns/names:\b(?:pl|polars)\.col\b|Expressions - Functions:\b(?:pl|polars)\.(?:all|all_horizontal|any|any_horizontal|approx_n_unique|arange|arctan2|arctan2d|arg_sort_by|arg_where|business_day_count|coalesce|concat_arr|concat_list|concat_str|corr|count|cov|cum_count|cum_fold|cum_reduce|cum_sum|cum_sum_horizontal|date|date_range|date_ranges|datetime|datetime_range|datetime_ranges|duration|element|exclude|field|first|fold|format|from_epoch|groups|head|implode|int_range|int_ranges|last|len|linear_space|linear_spaces|lit|map_batches|map_groups|max|max_horizontal|mean|mean_horizontal|median|min|min_horizontal|n_unique|nth|ones|quantile|reduce|repeat|rolling_corr|rolling_cov|row_index|select|sql|sql_expr|std|struct|sum|sum_horizontal|tail|time|time_range|time_ranges|var|when|zeros)\b|Functions:\b(?:pl|polars)\.(?:from_arrow|from_dataframe|from_dict|from_dicts|from_numpy|from_pandas|from_records|from_repr|json_normalize|align_frames|concat|union|defer|escape_regex|collect_all|collect_all_async|explain_all|set_random_seed|register_extension_type|unregister_extension_type|get_extension_type|StringCache|enable_string_cache|disable_string_cache|using_string_cache)\b|Input/output - CSV:\b(?:pl|polars)\.(?:read_csv|read_csv_batched|scan_csv)\b,128,,,
No,ctasada/stonks-overwatch,017b4ef297b2936c5d1037bdb076e304f27ab2b6,Carlos Tasada,2025-09-04T07:22:44+02:00,Replace Pandas for Polars or local implementations (#177),scripts/portfolio-performance/deGiroConverterTrans.py,Input/output,Expressions - Columns/names;Expressions - Functions;Functions;Input/output - CSV,IO boundary,IO boundary,pandas:Input/output->IO boundary,Input/output:\b(?:pd|pandas)\.read_(?:pickle|table|csv|fwf|clipboard|excel|json|html|xml|hdf|feather|parquet|iceberg|orc|sas|spss|stata)\b,Expressions - Columns/names:\b(?:pl|polars)\.col\b|Expressions - Functions:\b(?:pl|polars)\.(?:all|all_horizontal|any|any_horizontal|approx_n_unique|arange|arctan2|arctan2d|arg_sort_by|arg_where|business_day_count|coalesce|concat_arr|concat_list|concat_str|corr|count|cov|cum_count|cum_fold|cum_reduce|cum_sum|cum_sum_horizontal|date|date_range|date_ranges|datetime|datetime_range|datetime_ranges|duration|element|exclude|field|first|fold|format|from_epoch|groups|head|implode|int_range|int_ranges|last|len|linear_space|linear_spaces|lit|map_batches|map_groups|max|max_horizontal|mean|mean_horizontal|median|min|min_horizontal|n_unique|nth|ones|quantile|reduce|repeat|rolling_corr|rolling_cov|row_index|select|sql|sql_expr|std|struct|sum|sum_horizontal|tail|time|time_range|time_ranges|var|when|zeros)\b|Functions:\b(?:pl|polars)\.(?:from_arrow|from_dataframe|from_dict|from_dicts|from_numpy|from_pandas|from_records|from_repr|json_normalize|align_frames|concat|union|defer|escape_regex|collect_all|collect_all_async|explain_all|set_random_seed|register_extension_type|unregister_extension_type|get_extension_type|StringCache|enable_string_cache|disable_string_cache|using_string_cache)\b|Input/output - CSV:\b(?:pl|polars)\.(?:read_csv|read_csv_batched|scan_csv)\b,45,,,
No,ctasada/stonks-overwatch,017b4ef297b2936c5d1037bdb076e304f27ab2b6,Carlos Tasada,2025-09-04T07:22:44+02:00,Replace Pandas for Polars or local implementations (#177),src/stonks_overwatch/services/aggregators/deposits_aggregator.py,DataFrame,Expressions - Columns/names,Core dataframe transforms,Core dataframe transforms,pandas:DataFrame->Core dataframe transforms,DataFrame:\b(?:pd|pandas)\.DataFrame\.\w+,Expressions - Columns/names:\b(?:pl|polars)\.col\b,62,,,
No,ctasada/stonks-overwatch,017b4ef297b2936c5d1037bdb076e304f27ab2b6,Carlos Tasada,2025-09-04T07:22:44+02:00,Replace Pandas for Polars or local implementations (#177),src/stonks_overwatch/services/brokers/degiro/services/deposit_service.py,General functions;DataFrame,Expressions - Columns/names;Expressions - Functions,Aggregation & joins,Aggregation & joins;Core dataframe transforms,pandas:General functions->Aggregation & joins|pandas:DataFrame->Core dataframe transforms,General functions:\b(?:pd|pandas)\.(?:to_numeric|to_datetime|to_timedelta)\b|DataFrame:\b(?:pd|pandas)\.DataFrame\.\w+,Expressions - Columns/names:\b(?:pl|polars)\.col\b|Expressions - Functions:\b(?:pl|polars)\.(?:all|all_horizontal|any|any_horizontal|approx_n_unique|arange|arctan2|arctan2d|arg_sort_by|arg_where|business_day_count|coalesce|concat_arr|concat_list|concat_str|corr|count|cov|cum_count|cum_fold|cum_reduce|cum_sum|cum_sum_horizontal|date|date_range|date_ranges|datetime|datetime_range|datetime_ranges|duration|element|exclude|field|first|fold|format|from_epoch|groups|head|implode|int_range|int_ranges|last|len|linear_space|linear_spaces|lit|map_batches|map_groups|max|max_horizontal|mean|mean_horizontal|median|min|min_horizontal|n_unique|nth|ones|quantile|reduce|repeat|rolling_corr|rolling_cov|row_index|select|sql|sql_expr|std|struct|sum|sum_horizontal|tail|time|time_range|time_ranges|var|when|zeros)\b,100,,,
No,ctasada/stonks-overwatch,017b4ef297b2936c5d1037bdb076e304f27ab2b6,Carlos Tasada,2025-09-04T07:22:44+02:00,Replace Pandas for Polars or local implementations (#177),src/stonks_overwatch/services/brokers/degiro/services/update_service.py,Input/output;General functions;Missing values,Expressions - Columns/names,IO boundary,IO boundary;Aggregation & joins;Missing values,pandas:Input/output->IO boundary|pandas:General functions->Aggregation & joins|pandas:Missing values->Missing values,Input/output:\b(?:pd|pandas)\.json_normalize\b|General functions:\b(?:pd|pandas)\.(?:isna|isnull|notna|notnull)\b|Missing values:\b(?:pd|pandas)\.(?:isna|isnull|notna|notnull)\b,Expressions - Columns/names:\b(?:pl|polars)\.col\b,62,,,
No,ctasada/stonks-overwatch,017b4ef297b2936c5d1037bdb076e304f27ab2b6,Carlos Tasada,2025-09-04T07:22:44+02:00,Replace Pandas for Polars or local implementations (#177),src/stonks_overwatch/views/dashboard.py,General functions,Expressions - Functions,Aggregation & joins,Aggregation & joins,pandas:General functions->Aggregation & joins,General functions:\b(?:pd|pandas)\.(?:date_range|bdate_range|period_range|timedelta_range|infer_freq|interval_range)\b,Expressions - Functions:\b(?:pl|polars)\.(?:all|all_horizontal|any|any_horizontal|approx_n_unique|arange|arctan2|arctan2d|arg_sort_by|arg_where|business_day_count|coalesce|concat_arr|concat_list|concat_str|corr|count|cov|cum_count|cum_fold|cum_reduce|cum_sum|cum_sum_horizontal|date|date_range|date_ranges|datetime|datetime_range|datetime_ranges|duration|element|exclude|field|first|fold|format|from_epoch|groups|head|implode|int_range|int_ranges|last|len|linear_space|linear_spaces|lit|map_batches|map_groups|max|max_horizontal|mean|mean_horizontal|median|min|min_horizontal|n_unique|nth|ones|quantile|reduce|repeat|rolling_corr|rolling_cov|row_index|select|sql|sql_expr|std|struct|sum|sum_horizontal|tail|time|time_range|time_ranges|var|when|zeros)\b,51,,,
No,dagster-io/community-integrations,855a2e0eceb3e07c404b1c46ed2b901bcfe2febd,Deepyaman Datta,2025-05-02T15:12:10-06:00,[dagster-iceberg] Remove pandas for Polars example (#194),libraries/dagster-iceberg/src/dagster_iceberg/io_manager/polars.py,Input/output,Input/output - CSV,IO boundary,IO boundary,pandas:Input/output->IO boundary,Input/output:\b(?:pd|pandas)\.read_(?:pickle|table|csv|fwf|clipboard|excel|json|html|xml|hdf|feather|parquet|iceberg|orc|sas|spss|stata)\b,Input/output - CSV:\b(?:pl|polars)\.(?:read_csv|read_csv_batched|scan_csv)\b,28,,,
No,davidstyers/vegas,2efdcbafd1cb4dab0c96db1f6e9132a5cdeb3166,dstyers,2025-07-31T06:26:40+00:00,"Implement migration from pandas to polars for improved performance and memory efficiency. Update dependencies, documentation, and examples to reflect the new data processing library. Add a changelog and migration guide to assist users in transitioning to the new API. Enhance timezone handling and database-level filtering capabilities.",examples/weekly_spy_trader.py,Other pandas API,Expressions - Columns/names,Other / Manual,Other / Manual,fallback:Other,Other pandas API:\b(?:pd|pandas)\.[A-Za-z_]\w*(?:\.[A-Za-z_]\w*)*,Expressions - Columns/names:\b(?:pl|polars)\.col\b,27,,,
No,davidstyers/vegas,2efdcbafd1cb4dab0c96db1f6e9132a5cdeb3166,dstyers,2025-07-31T06:26:40+00:00,"Implement migration from pandas to polars for improved performance and memory efficiency. Update dependencies, documentation, and examples to reflect the new data processing library. Add a changelog and migration guide to assist users in transitioning to the new API. Enhance timezone handling and database-level filtering capabilities.",vegas/data/data_layer.py,"Input/output;General functions;pandas arrays, scalars, and data types;Index objects",Expressions - Columns/names;Expressions - Functions;Functions;Data types;Input/output - CSV,IO boundary,IO boundary;Aggregation & joins;Types & schema;Index & pandas-specific semantics,"pandas:Input/output->IO boundary|pandas:General functions->Aggregation & joins|pandas:pandas arrays, scalars, and data types->Types & schema|pandas:Index objects->Index & pandas-specific semantics|patch:index type keyword","Input/output:\b(?:pd|pandas)\.read_(?:pickle|table|csv|fwf|clipboard|excel|json|html|xml|hdf|feather|parquet|iceberg|orc|sas|spss|stata)\b|General functions:\b(?:pd|pandas)\.(?:merge|merge_ordered|merge_asof|concat)\b|pandas arrays, scalars, and data types:\b(?:pd|pandas)\.(?:Timestamp|Timedelta|Period|Interval|Categorical)(?:\.\w+)*\b|Index objects:\b(?:pd|pandas)\.(?:Index|RangeIndex|MultiIndex|DatetimeIndex|TimedeltaIndex|PeriodIndex|IntervalIndex|CategoricalIndex)\b",Expressions - Columns/names:\b(?:pl|polars)\.col\b|Expressions - Functions:\b(?:pl|polars)\.(?:all|all_horizontal|any|any_horizontal|approx_n_unique|arange|arctan2|arctan2d|arg_sort_by|arg_where|business_day_count|coalesce|concat_arr|concat_list|concat_str|corr|count|cov|cum_count|cum_fold|cum_reduce|cum_sum|cum_sum_horizontal|date|date_range|date_ranges|datetime|datetime_range|datetime_ranges|duration|element|exclude|field|first|fold|format|from_epoch|groups|head|implode|int_range|int_ranges|last|len|linear_space|linear_spaces|lit|map_batches|map_groups|max|max_horizontal|mean|mean_horizontal|median|min|min_horizontal|n_unique|nth|ones|quantile|reduce|repeat|rolling_corr|rolling_cov|row_index|select|sql|sql_expr|std|struct|sum|sum_horizontal|tail|time|time_range|time_ranges|var|when|zeros)\b|Functions:\b(?:pl|polars)\.(?:from_arrow|from_dataframe|from_dict|from_dicts|from_numpy|from_pandas|from_records|from_repr|json_normalize|align_frames|concat|union|defer|escape_regex|collect_all|collect_all_async|explain_all|set_random_seed|register_extension_type|unregister_extension_type|get_extension_type|StringCache|enable_string_cache|disable_string_cache|using_string_cache)\b|Data types:\b(?:pl|polars)\.datatypes\.\w+\b|Input/output - CSV:\b(?:pl|polars)\.(?:read_csv|read_csv_batched|scan_csv)\b,344,,,
No,davidstyers/vegas,2efdcbafd1cb4dab0c96db1f6e9132a5cdeb3166,dstyers,2025-07-31T06:26:40+00:00,"Implement migration from pandas to polars for improved performance and memory efficiency. Update dependencies, documentation, and examples to reflect the new data processing library. Add a changelog and migration guide to assist users in transitioning to the new API. Enhance timezone handling and database-level filtering capabilities.",vegas/database/database.py,"Input/output;General functions;pandas arrays, scalars, and data types;Missing values",Expressions - Columns/names;Expressions - Functions;Functions;Input/output - CSV;Input/output - Parquet,IO boundary,IO boundary;Aggregation & joins;Missing values;Types & schema,"pandas:Input/output->IO boundary|pandas:General functions->Aggregation & joins|pandas:pandas arrays, scalars, and data types->Types & schema|pandas:Missing values->Missing values","Input/output:\b(?:pd|pandas)\.read_(?:pickle|table|csv|fwf|clipboard|excel|json|html|xml|hdf|feather|parquet|iceberg|orc|sas|spss|stata)\b|General functions:\b(?:pd|pandas)\.(?:to_numeric|to_datetime|to_timedelta)\b|pandas arrays, scalars, and data types:\b(?:pd|pandas)\.api\.types\.|Missing values:\b(?:pd|pandas)\.(?:isna|isnull|notna|notnull)\b",Expressions - Columns/names:\b(?:pl|polars)\.col\b|Expressions - Functions:\b(?:pl|polars)\.(?:all|all_horizontal|any|any_horizontal|approx_n_unique|arange|arctan2|arctan2d|arg_sort_by|arg_where|business_day_count|coalesce|concat_arr|concat_list|concat_str|corr|count|cov|cum_count|cum_fold|cum_reduce|cum_sum|cum_sum_horizontal|date|date_range|date_ranges|datetime|datetime_range|datetime_ranges|duration|element|exclude|field|first|fold|format|from_epoch|groups|head|implode|int_range|int_ranges|last|len|linear_space|linear_spaces|lit|map_batches|map_groups|max|max_horizontal|mean|mean_horizontal|median|min|min_horizontal|n_unique|nth|ones|quantile|reduce|repeat|rolling_corr|rolling_cov|row_index|select|sql|sql_expr|std|struct|sum|sum_horizontal|tail|time|time_range|time_ranges|var|when|zeros)\b|Functions:\b(?:pl|polars)\.(?:from_arrow|from_dataframe|from_dict|from_dicts|from_numpy|from_pandas|from_records|from_repr|json_normalize|align_frames|concat|union|defer|escape_regex|collect_all|collect_all_async|explain_all|set_random_seed|register_extension_type|unregister_extension_type|get_extension_type|StringCache|enable_string_cache|disable_string_cache|using_string_cache)\b|Input/output - CSV:\b(?:pl|polars)\.(?:read_csv|read_csv_batched|scan_csv)\b|Input/output - Parquet:\b(?:pl|polars)\.(?:read_parquet|read_parquet_metadata|read_parquet_schema|scan_parquet)\b,156,,,
No,davidstyers/vegas,2efdcbafd1cb4dab0c96db1f6e9132a5cdeb3166,dstyers,2025-07-31T06:26:40+00:00,"Implement migration from pandas to polars for improved performance and memory efficiency. Update dependencies, documentation, and examples to reflect the new data processing library. Add a changelog and migration guide to assist users in transitioning to the new API. Enhance timezone handling and database-level filtering capabilities.",vegas/engine/engine.py,"General functions;pandas arrays, scalars, and data types",Expressions - Columns/names;Expressions - Functions,Aggregation & joins,Aggregation & joins;Types & schema,"pandas:General functions->Aggregation & joins|pandas:pandas arrays, scalars, and data types->Types & schema","General functions:\b(?:pd|pandas)\.(?:to_numeric|to_datetime|to_timedelta)\b|pandas arrays, scalars, and data types:\b(?:pd|pandas)\.(?:Timestamp|Timedelta|Period|Interval|Categorical)(?:\.\w+)*\b",Expressions - Columns/names:\b(?:pl|polars)\.col\b|Expressions - Functions:\b(?:pl|polars)\.(?:all|all_horizontal|any|any_horizontal|approx_n_unique|arange|arctan2|arctan2d|arg_sort_by|arg_where|business_day_count|coalesce|concat_arr|concat_list|concat_str|corr|count|cov|cum_count|cum_fold|cum_reduce|cum_sum|cum_sum_horizontal|date|date_range|date_ranges|datetime|datetime_range|datetime_ranges|duration|element|exclude|field|first|fold|format|from_epoch|groups|head|implode|int_range|int_ranges|last|len|linear_space|linear_spaces|lit|map_batches|map_groups|max|max_horizontal|mean|mean_horizontal|median|min|min_horizontal|n_unique|nth|ones|quantile|reduce|repeat|rolling_corr|rolling_cov|row_index|select|sql|sql_expr|std|struct|sum|sum_horizontal|tail|time|time_range|time_ranges|var|when|zeros)\b,115,,,
No,davidstyers/vegas,7139c41821cc2b16302c42eea40c2ec775b85da1,dstyers,2025-08-10T22:22:59+00:00,Update dependencies and enhance pipeline functionality,vegas/pipeline/engine.py,,Expressions - Columns/names,Other / Manual,Other / Manual,fallback:Other,,Expressions - Columns/names:\b(?:pl|polars)\.col\b,317,,,
No,davidstyers/vegas,7139c41821cc2b16302c42eea40c2ec775b85da1,dstyers,2025-08-10T22:22:59+00:00,Update dependencies and enhance pipeline functionality,vegas/pipeline/factors/basic.py,"pandas arrays, scalars, and data types",Expressions - Columns/names,Types & schema,Types & schema,"pandas:pandas arrays, scalars, and data types->Types & schema","pandas arrays, scalars, and data types:\b(?:pd|pandas)\.(?:Timestamp|Timedelta|Period|Interval|Categorical)(?:\.\w+)*\b",Expressions - Columns/names:\b(?:pl|polars)\.col\b,190,,,
No,davidstyers/vegas,7139c41821cc2b16302c42eea40c2ec775b85da1,dstyers,2025-08-10T22:22:59+00:00,Update dependencies and enhance pipeline functionality,vegas/pipeline/factors/custom.py,,Expressions - Columns/names,Other / Manual,Other / Manual,fallback:Other,,Expressions - Columns/names:\b(?:pl|polars)\.col\b,77,,,
No,davidstyers/vegas,7139c41821cc2b16302c42eea40c2ec775b85da1,dstyers,2025-08-10T22:22:59+00:00,Update dependencies and enhance pipeline functionality,vegas/pipeline/factors/statistical.py,"pandas arrays, scalars, and data types",Other polars API,Types & schema,Types & schema,"pandas:pandas arrays, scalars, and data types->Types & schema","pandas arrays, scalars, and data types:\b(?:pd|pandas)\.(?:Timestamp|Timedelta|Period|Interval|Categorical)(?:\.\w+)*\b",Other polars API:\b(?:pl|polars)\.[A-Za-z_]\w*(?:\.[A-Za-z_]\w*)*,142,,,
No,davidstyers/vegas,7139c41821cc2b16302c42eea40c2ec775b85da1,dstyers,2025-08-10T22:22:59+00:00,Update dependencies and enhance pipeline functionality,vegas/pipeline/filters/advanced.py,"pandas arrays, scalars, and data types",Expressions - Functions,Types & schema,Types & schema,"pandas:pandas arrays, scalars, and data types->Types & schema","pandas arrays, scalars, and data types:\b(?:pd|pandas)\.(?:Timestamp|Timedelta|Period|Interval|Categorical)(?:\.\w+)*\b",Expressions - Functions:\b(?:pl|polars)\.(?:all|all_horizontal|any|any_horizontal|approx_n_unique|arange|arctan2|arctan2d|arg_sort_by|arg_where|business_day_count|coalesce|concat_arr|concat_list|concat_str|corr|count|cov|cum_count|cum_fold|cum_reduce|cum_sum|cum_sum_horizontal|date|date_range|date_ranges|datetime|datetime_range|datetime_ranges|duration|element|exclude|field|first|fold|format|from_epoch|groups|head|implode|int_range|int_ranges|last|len|linear_space|linear_spaces|lit|map_batches|map_groups|max|max_horizontal|mean|mean_horizontal|median|min|min_horizontal|n_unique|nth|ones|quantile|reduce|repeat|rolling_corr|rolling_cov|row_index|select|sql|sql_expr|std|struct|sum|sum_horizontal|tail|time|time_range|time_ranges|var|when|zeros)\b,140,,,
No,davidstyers/vegas,7139c41821cc2b16302c42eea40c2ec775b85da1,dstyers,2025-08-10T22:22:59+00:00,Update dependencies and enhance pipeline functionality,vegas/pipeline/filters/basic.py,"pandas arrays, scalars, and data types",Expressions - Columns/names;Expressions - Functions,Types & schema,Types & schema,"pandas:pandas arrays, scalars, and data types->Types & schema","pandas arrays, scalars, and data types:\b(?:pd|pandas)\.(?:Timestamp|Timedelta|Period|Interval|Categorical)(?:\.\w+)*\b",Expressions - Columns/names:\b(?:pl|polars)\.col\b|Expressions - Functions:\b(?:pl|polars)\.(?:all|all_horizontal|any|any_horizontal|approx_n_unique|arange|arctan2|arctan2d|arg_sort_by|arg_where|business_day_count|coalesce|concat_arr|concat_list|concat_str|corr|count|cov|cum_count|cum_fold|cum_reduce|cum_sum|cum_sum_horizontal|date|date_range|date_ranges|datetime|datetime_range|datetime_ranges|duration|element|exclude|field|first|fold|format|from_epoch|groups|head|implode|int_range|int_ranges|last|len|linear_space|linear_spaces|lit|map_batches|map_groups|max|max_horizontal|mean|mean_horizontal|median|min|min_horizontal|n_unique|nth|ones|quantile|reduce|repeat|rolling_corr|rolling_cov|row_index|select|sql|sql_expr|std|struct|sum|sum_horizontal|tail|time|time_range|time_ranges|var|when|zeros)\b,115,,,
No,davidstyers/vegas,7139c41821cc2b16302c42eea40c2ec775b85da1,dstyers,2025-08-10T22:22:59+00:00,Update dependencies and enhance pipeline functionality,vegas/pipeline/terms.py,"pandas arrays, scalars, and data types",Expressions - Functions,Types & schema,Types & schema,"pandas:pandas arrays, scalars, and data types->Types & schema","pandas arrays, scalars, and data types:\b(?:pd|pandas)\.(?:Timestamp|Timedelta|Period|Interval|Categorical)(?:\.\w+)*\b",Expressions - Functions:\b(?:pl|polars)\.(?:all|all_horizontal|any|any_horizontal|approx_n_unique|arange|arctan2|arctan2d|arg_sort_by|arg_where|business_day_count|coalesce|concat_arr|concat_list|concat_str|corr|count|cov|cum_count|cum_fold|cum_reduce|cum_sum|cum_sum_horizontal|date|date_range|date_ranges|datetime|datetime_range|datetime_ranges|duration|element|exclude|field|first|fold|format|from_epoch|groups|head|implode|int_range|int_ranges|last|len|linear_space|linear_spaces|lit|map_batches|map_groups|max|max_horizontal|mean|mean_horizontal|median|min|min_horizontal|n_unique|nth|ones|quantile|reduce|repeat|rolling_corr|rolling_cov|row_index|select|sql|sql_expr|std|struct|sum|sum_horizontal|tail|time|time_range|time_ranges|var|when|zeros)\b,181,,,
No,davidstyers/vegas,8af357ce91e4b121f2e9c73811653f46f5118193,davidstyers,2025-08-02T21:56:57-04:00,Refactor pipeline example and data layer to utilize Polars for improved performance. Update trading strategy to handle signals and positions more efficiently. Enhance database manager with a method to retrieve available trading days. Adjust data handling in the backtesting engine and pipeline engine for better compatibility with Polars DataFrames.,examples/pipeline_example.py,"pandas arrays, scalars, and data types",Expressions - Columns/names,Types & schema,Types & schema,"pandas:pandas arrays, scalars, and data types->Types & schema","pandas arrays, scalars, and data types:\b(?:pd|pandas)\.(?:Timestamp|Timedelta|Period|Interval|Categorical)(?:\.\w+)*\b",Expressions - Columns/names:\b(?:pl|polars)\.col\b,118,,,
No,davidstyers/vegas,8af357ce91e4b121f2e9c73811653f46f5118193,davidstyers,2025-08-02T21:56:57-04:00,Refactor pipeline example and data layer to utilize Polars for improved performance. Update trading strategy to handle signals and positions more efficiently. Enhance database manager with a method to retrieve available trading days. Adjust data handling in the backtesting engine and pipeline engine for better compatibility with Polars DataFrames.,vegas/pipeline/engine.py,"General functions;pandas arrays, scalars, and data types",Expressions - Columns/names;Expressions - Functions;Functions,Aggregation & joins,Aggregation & joins;Types & schema,"pandas:General functions->Aggregation & joins|pandas:pandas arrays, scalars, and data types->Types & schema","General functions:\b(?:pd|pandas)\.(?:merge|merge_ordered|merge_asof|concat)\b|pandas arrays, scalars, and data types:\b(?:pd|pandas)\.(?:Timestamp|Timedelta|Period|Interval|Categorical)(?:\.\w+)*\b",Expressions - Columns/names:\b(?:pl|polars)\.col\b|Expressions - Functions:\b(?:pl|polars)\.(?:all|all_horizontal|any|any_horizontal|approx_n_unique|arange|arctan2|arctan2d|arg_sort_by|arg_where|business_day_count|coalesce|concat_arr|concat_list|concat_str|corr|count|cov|cum_count|cum_fold|cum_reduce|cum_sum|cum_sum_horizontal|date|date_range|date_ranges|datetime|datetime_range|datetime_ranges|duration|element|exclude|field|first|fold|format|from_epoch|groups|head|implode|int_range|int_ranges|last|len|linear_space|linear_spaces|lit|map_batches|map_groups|max|max_horizontal|mean|mean_horizontal|median|min|min_horizontal|n_unique|nth|ones|quantile|reduce|repeat|rolling_corr|rolling_cov|row_index|select|sql|sql_expr|std|struct|sum|sum_horizontal|tail|time|time_range|time_ranges|var|when|zeros)\b|Functions:\b(?:pl|polars)\.(?:from_arrow|from_dataframe|from_dict|from_dicts|from_numpy|from_pandas|from_records|from_repr|json_normalize|align_frames|concat|union|defer|escape_regex|collect_all|collect_all_async|explain_all|set_random_seed|register_extension_type|unregister_extension_type|get_extension_type|StringCache|enable_string_cache|disable_string_cache|using_string_cache)\b,284,,,
No,davidstyers/vegas,95b58240b24668cc8295203f7a2c19b67f938d4a,dstyers,2025-08-01T02:12:44+00:00,"Enhance trading strategy perf and data handling by migrating to Polars. Update WeeklySpyTrader example to include specific trading hours and adjust data filtering. Refactor backtesting engine to utilize Polars for improved performance. Modify portfolio management to support Polars DataFrame, ensuring compatibility with new data structures. Update QuantStats report generation to work with Polars data. Improve logging and error handling throughout the codebase.",vegas/cli/main.py,"pandas arrays, scalars, and data types",Expressions - Columns/names;Expressions - Functions,Types & schema,Types & schema,"pandas:pandas arrays, scalars, and data types->Types & schema","pandas arrays, scalars, and data types:\b(?:pd|pandas)\.(?:Timestamp|Timedelta|Period|Interval|Categorical)(?:\.\w+)*\b",Expressions - Columns/names:\b(?:pl|polars)\.col\b|Expressions - Functions:\b(?:pl|polars)\.(?:all|all_horizontal|any|any_horizontal|approx_n_unique|arange|arctan2|arctan2d|arg_sort_by|arg_where|business_day_count|coalesce|concat_arr|concat_list|concat_str|corr|count|cov|cum_count|cum_fold|cum_reduce|cum_sum|cum_sum_horizontal|date|date_range|date_ranges|datetime|datetime_range|datetime_ranges|duration|element|exclude|field|first|fold|format|from_epoch|groups|head|implode|int_range|int_ranges|last|len|linear_space|linear_spaces|lit|map_batches|map_groups|max|max_horizontal|mean|mean_horizontal|median|min|min_horizontal|n_unique|nth|ones|quantile|reduce|repeat|rolling_corr|rolling_cov|row_index|select|sql|sql_expr|std|struct|sum|sum_horizontal|tail|time|time_range|time_ranges|var|when|zeros)\b,116,,,
No,davidstyers/vegas,95b58240b24668cc8295203f7a2c19b67f938d4a,dstyers,2025-08-01T02:12:44+00:00,"Enhance trading strategy perf and data handling by migrating to Polars. Update WeeklySpyTrader example to include specific trading hours and adjust data filtering. Refactor backtesting engine to utilize Polars for improved performance. Modify portfolio management to support Polars DataFrame, ensuring compatibility with new data structures. Update QuantStats report generation to work with Polars data. Improve logging and error handling throughout the codebase.",vegas/portfolio/portfolio.py,Other pandas API,Expressions - Columns/names;Expressions - Functions,Other / Manual,Other / Manual,fallback:Other,Other pandas API:\b(?:pd|pandas)\.[A-Za-z_]\w*(?:\.[A-Za-z_]\w*)*,Expressions - Columns/names:\b(?:pl|polars)\.col\b|Expressions - Functions:\b(?:pl|polars)\.(?:all|all_horizontal|any|any_horizontal|approx_n_unique|arange|arctan2|arctan2d|arg_sort_by|arg_where|business_day_count|coalesce|concat_arr|concat_list|concat_str|corr|count|cov|cum_count|cum_fold|cum_reduce|cum_sum|cum_sum_horizontal|date|date_range|date_ranges|datetime|datetime_range|datetime_ranges|duration|element|exclude|field|first|fold|format|from_epoch|groups|head|implode|int_range|int_ranges|last|len|linear_space|linear_spaces|lit|map_batches|map_groups|max|max_horizontal|mean|mean_horizontal|median|min|min_horizontal|n_unique|nth|ones|quantile|reduce|repeat|rolling_corr|rolling_cov|row_index|select|sql|sql_expr|std|struct|sum|sum_horizontal|tail|time|time_range|time_ranges|var|when|zeros)\b,117,,,
No,davidstyers/vegas,e432ac2a88db1d04ddbd6c95b120e5a14c0b344f,dstyers,2025-08-20T01:32:51+00:00,Enhance performance analytics and reporting capabilities,vegas/analytics/analytics.py,Other pandas API,Functions,Other / Manual,Other / Manual,fallback:Other,Other pandas API:\b(?:pd|pandas)\.[A-Za-z_]\w*(?:\.[A-Za-z_]\w*)*,Functions:\b(?:pl|polars)\.(?:from_arrow|from_dataframe|from_dict|from_dicts|from_numpy|from_pandas|from_records|from_repr|json_normalize|align_frames|concat|union|defer|escape_regex|collect_all|collect_all_async|explain_all|set_random_seed|register_extension_type|unregister_extension_type|get_extension_type|StringCache|enable_string_cache|disable_string_cache|using_string_cache)\b,86,,,
No,davidstyers/vegas,e432ac2a88db1d04ddbd6c95b120e5a14c0b344f,dstyers,2025-08-20T01:32:51+00:00,Enhance performance analytics and reporting capabilities,vegas/cli/main.py,General functions;Missing values,Other polars API,Aggregation & joins,Aggregation & joins;Missing values,pandas:General functions->Aggregation & joins|pandas:Missing values->Missing values,General functions:\b(?:pd|pandas)\.(?:to_numeric|to_datetime|to_timedelta)\b|Missing values:\b(?:pd|pandas)\.(?:isna|isnull|notna|notnull)\b,Other polars API:\b(?:pl|polars)\.[A-Za-z_]\w*(?:\.[A-Za-z_]\w*)*,154,,,
Yes,equinor/ert,a21c6bbdb345d20c471b9469bb20264a21dd70f0,Jonathan Karlsen,2025-10-23T14:44:05+02:00,Remove `polars_dataframe.to_pandas()` from test_cli.py,tests/ert/ui_tests/cli/test_cli.py,General functions,Expressions - Functions;Functions,Aggregation & joins,Aggregation & joins,pandas:General functions->Aggregation & joins,General functions:\b(?:pd|pandas)\.(?:merge|merge_ordered|merge_asof|concat)\b,Expressions - Functions:\b(?:pl|polars)\.(?:all|all_horizontal|any|any_horizontal|approx_n_unique|arange|arctan2|arctan2d|arg_sort_by|arg_where|business_day_count|coalesce|concat_arr|concat_list|concat_str|corr|count|cov|cum_count|cum_fold|cum_reduce|cum_sum|cum_sum_horizontal|date|date_range|date_ranges|datetime|datetime_range|datetime_ranges|duration|element|exclude|field|first|fold|format|from_epoch|groups|head|implode|int_range|int_ranges|last|len|linear_space|linear_spaces|lit|map_batches|map_groups|max|max_horizontal|mean|mean_horizontal|median|min|min_horizontal|n_unique|nth|ones|quantile|reduce|repeat|rolling_corr|rolling_cov|row_index|select|sql|sql_expr|std|struct|sum|sum_horizontal|tail|time|time_range|time_ranges|var|when|zeros)\b|Functions:\b(?:pl|polars)\.(?:from_arrow|from_dataframe|from_dict|from_dicts|from_numpy|from_pandas|from_records|from_repr|json_normalize|align_frames|concat|union|defer|escape_regex|collect_all|collect_all_async|explain_all|set_random_seed|register_extension_type|unregister_extension_type|get_extension_type|StringCache|enable_string_cache|disable_string_cache|using_string_cache)\b,49,,,
Yes,equinor/ert,a52cebfe34f58d25adabd0d42219ae5467833cce,Yngve S. Kristiansen,2024-10-07T10:30:54+02:00,Save & load responses as parquet,src/ert/analysis/_es_update.py,General functions,Expressions - Columns/names;Expressions - Functions;Functions,Aggregation & joins,Aggregation & joins,pandas:General functions->Aggregation & joins,General functions:\b(?:pd|pandas)\.(?:merge|merge_ordered|merge_asof|concat)\b,Expressions - Columns/names:\b(?:pl|polars)\.col\b|Expressions - Functions:\b(?:pl|polars)\.(?:all|all_horizontal|any|any_horizontal|approx_n_unique|arange|arctan2|arctan2d|arg_sort_by|arg_where|business_day_count|coalesce|concat_arr|concat_list|concat_str|corr|count|cov|cum_count|cum_fold|cum_reduce|cum_sum|cum_sum_horizontal|date|date_range|date_ranges|datetime|datetime_range|datetime_ranges|duration|element|exclude|field|first|fold|format|from_epoch|groups|head|implode|int_range|int_ranges|last|len|linear_space|linear_spaces|lit|map_batches|map_groups|max|max_horizontal|mean|mean_horizontal|median|min|min_horizontal|n_unique|nth|ones|quantile|reduce|repeat|rolling_corr|rolling_cov|row_index|select|sql|sql_expr|std|struct|sum|sum_horizontal|tail|time|time_range|time_ranges|var|when|zeros)\b|Functions:\b(?:pl|polars)\.(?:from_arrow|from_dataframe|from_dict|from_dicts|from_numpy|from_pandas|from_records|from_repr|json_normalize|align_frames|concat|union|defer|escape_regex|collect_all|collect_all_async|explain_all|set_random_seed|register_extension_type|unregister_extension_type|get_extension_type|StringCache|enable_string_cache|disable_string_cache|using_string_cache)\b,136,,,
Yes,equinor/ert,a52cebfe34f58d25adabd0d42219ae5467833cce,Yngve S. Kristiansen,2024-10-07T10:30:54+02:00,Save & load responses as parquet,src/ert/dark_storage/common.py,Index objects,Expressions - Columns/names,Index & pandas-specific semantics,Index & pandas-specific semantics,pandas:Index objects->Index & pandas-specific semantics|patch:index type keyword,Index objects:\b(?:pd|pandas)\.(?:Index|RangeIndex|MultiIndex|DatetimeIndex|TimedeltaIndex|PeriodIndex|IntervalIndex|CategoricalIndex)\b,Expressions - Columns/names:\b(?:pl|polars)\.col\b,213,,,
Yes,equinor/ert,a52cebfe34f58d25adabd0d42219ae5467833cce,Yngve S. Kristiansen,2024-10-07T10:30:54+02:00,Save & load responses as parquet,src/ert/data/_measured_data.py,General functions;Index objects,Expressions - Columns/names;Expressions - Functions;Functions,Aggregation & joins,Aggregation & joins;Index & pandas-specific semantics,pandas:General functions->Aggregation & joins|pandas:Index objects->Index & pandas-specific semantics|patch:index type keyword,General functions:\b(?:pd|pandas)\.(?:merge|merge_ordered|merge_asof|concat)\b|Index objects:\b(?:pd|pandas)\.(?:Index|RangeIndex|MultiIndex|DatetimeIndex|TimedeltaIndex|PeriodIndex|IntervalIndex|CategoricalIndex)\b,Expressions - Columns/names:\b(?:pl|polars)\.col\b|Expressions - Functions:\b(?:pl|polars)\.(?:all|all_horizontal|any|any_horizontal|approx_n_unique|arange|arctan2|arctan2d|arg_sort_by|arg_where|business_day_count|coalesce|concat_arr|concat_list|concat_str|corr|count|cov|cum_count|cum_fold|cum_reduce|cum_sum|cum_sum_horizontal|date|date_range|date_ranges|datetime|datetime_range|datetime_ranges|duration|element|exclude|field|first|fold|format|from_epoch|groups|head|implode|int_range|int_ranges|last|len|linear_space|linear_spaces|lit|map_batches|map_groups|max|max_horizontal|mean|mean_horizontal|median|min|min_horizontal|n_unique|nth|ones|quantile|reduce|repeat|rolling_corr|rolling_cov|row_index|select|sql|sql_expr|std|struct|sum|sum_horizontal|tail|time|time_range|time_ranges|var|when|zeros)\b|Functions:\b(?:pl|polars)\.(?:from_arrow|from_dataframe|from_dict|from_dicts|from_numpy|from_pandas|from_records|from_repr|json_normalize|align_frames|concat|union|defer|escape_regex|collect_all|collect_all_async|explain_all|set_random_seed|register_extension_type|unregister_extension_type|get_extension_type|StringCache|enable_string_cache|disable_string_cache|using_string_cache)\b,156,,,
Yes,equinor/ert,a52cebfe34f58d25adabd0d42219ae5467833cce,Yngve S. Kristiansen,2024-10-07T10:30:54+02:00,Save & load responses as parquet,src/ert/resources/workflows/jobs/internal-gui/scripts/gen_data_rft_export.py,General functions;Index objects,Expressions - Columns/names;Expressions - Functions;Functions,Aggregation & joins,Aggregation & joins;Index & pandas-specific semantics,pandas:General functions->Aggregation & joins|pandas:Index objects->Index & pandas-specific semantics|patch:index type keyword,General functions:\b(?:pd|pandas)\.(?:merge|merge_ordered|merge_asof|concat)\b|Index objects:\b(?:pd|pandas)\.(?:Index|RangeIndex|MultiIndex|DatetimeIndex|TimedeltaIndex|PeriodIndex|IntervalIndex|CategoricalIndex)\b,Expressions - Columns/names:\b(?:pl|polars)\.col\b|Expressions - Functions:\b(?:pl|polars)\.(?:all|all_horizontal|any|any_horizontal|approx_n_unique|arange|arctan2|arctan2d|arg_sort_by|arg_where|business_day_count|coalesce|concat_arr|concat_list|concat_str|corr|count|cov|cum_count|cum_fold|cum_reduce|cum_sum|cum_sum_horizontal|date|date_range|date_ranges|datetime|datetime_range|datetime_ranges|duration|element|exclude|field|first|fold|format|from_epoch|groups|head|implode|int_range|int_ranges|last|len|linear_space|linear_spaces|lit|map_batches|map_groups|max|max_horizontal|mean|mean_horizontal|median|min|min_horizontal|n_unique|nth|ones|quantile|reduce|repeat|rolling_corr|rolling_cov|row_index|select|sql|sql_expr|std|struct|sum|sum_horizontal|tail|time|time_range|time_ranges|var|when|zeros)\b|Functions:\b(?:pl|polars)\.(?:from_arrow|from_dataframe|from_dict|from_dicts|from_numpy|from_pandas|from_records|from_repr|json_normalize|align_frames|concat|union|defer|escape_regex|collect_all|collect_all_async|explain_all|set_random_seed|register_extension_type|unregister_extension_type|get_extension_type|StringCache|enable_string_cache|disable_string_cache|using_string_cache)\b,134,,,
Yes,equinor/ert,cd916ddcfd4203563f740ae6b4dd33c5063343d6,larsevj,2025-06-12T09:24:14+02:00,Use polars to read the design matrix,src/ert/config/design_matrix.py,Input/output;General functions;Missing values,Expressions - Columns/names;Expressions - Functions;Functions;Input/output - Excel;Exceptions,IO boundary,IO boundary;Aggregation & joins;Missing values;Other / Manual,pandas:Input/output->IO boundary|pandas:General functions->Aggregation & joins|pandas:Missing values->Missing values|polars:Exceptions->Other / Manual,Input/output:\b(?:pd|pandas)\.read_(?:pickle|table|csv|fwf|clipboard|excel|json|html|xml|hdf|feather|parquet|iceberg|orc|sas|spss|stata)\b|General functions:\b(?:pd|pandas)\.(?:merge|merge_ordered|merge_asof|concat)\b|Missing values:\b(?:pd|pandas)\.(?:isna|isnull|notna|notnull)\b,Expressions - Columns/names:\b(?:pl|polars)\.col\b|Expressions - Functions:\b(?:pl|polars)\.(?:all|all_horizontal|any|any_horizontal|approx_n_unique|arange|arctan2|arctan2d|arg_sort_by|arg_where|business_day_count|coalesce|concat_arr|concat_list|concat_str|corr|count|cov|cum_count|cum_fold|cum_reduce|cum_sum|cum_sum_horizontal|date|date_range|date_ranges|datetime|datetime_range|datetime_ranges|duration|element|exclude|field|first|fold|format|from_epoch|groups|head|implode|int_range|int_ranges|last|len|linear_space|linear_spaces|lit|map_batches|map_groups|max|max_horizontal|mean|mean_horizontal|median|min|min_horizontal|n_unique|nth|ones|quantile|reduce|repeat|rolling_corr|rolling_cov|row_index|select|sql|sql_expr|std|struct|sum|sum_horizontal|tail|time|time_range|time_ranges|var|when|zeros)\b|Functions:\b(?:pl|polars)\.(?:from_arrow|from_dataframe|from_dict|from_dicts|from_numpy|from_pandas|from_records|from_repr|json_normalize|align_frames|concat|union|defer|escape_regex|collect_all|collect_all_async|explain_all|set_random_seed|register_extension_type|unregister_extension_type|get_extension_type|StringCache|enable_string_cache|disable_string_cache|using_string_cache)\b|Input/output - Excel:\b(?:pl|polars)\.(?:read_excel|read_ods)\b|Exceptions:\b(?:pl|polars)\.exceptions\.\w+\b,304,,,
Yes,equinor/ert,cd916ddcfd4203563f740ae6b4dd33c5063343d6,larsevj,2025-06-12T09:24:14+02:00,Use polars to read the design matrix,tests/ert/conftest.py,Input/output,Other polars API,IO boundary,IO boundary,pandas:Input/output->IO boundary,Input/output:\b(?:pd|pandas)\.Excel(?:File|Writer)\b,Other polars API:\b(?:pl|polars)\.[A-Za-z_]\w*(?:\.[A-Za-z_]\w*)*,24,,,
Yes,equinor/ert,cd916ddcfd4203563f740ae6b4dd33c5063343d6,larsevj,2025-06-12T09:24:14+02:00,Use polars to read the design matrix,tests/ert/ui_tests/cli/analysis/test_design_matrix.py,Input/output,Other polars API,IO boundary,IO boundary,pandas:Input/output->IO boundary,Input/output:\b(?:pd|pandas)\.Excel(?:File|Writer)\b,Other polars API:\b(?:pl|polars)\.[A-Za-z_]\w*(?:\.[A-Za-z_]\w*)*,40,,,
Yes,equinor/ert,cd916ddcfd4203563f740ae6b4dd33c5063343d6,larsevj,2025-06-12T09:24:14+02:00,Use polars to read the design matrix,tests/ert/unit_tests/config/test_ert_config.py,Other pandas API,Other polars API,Other / Manual,Other / Manual,fallback:Other,Other pandas API:\b(?:pd|pandas)\.[A-Za-z_]\w*(?:\.[A-Za-z_]\w*)*,Other polars API:\b(?:pl|polars)\.[A-Za-z_]\w*(?:\.[A-Za-z_]\w*)*,66,,,
Yes,equinor/ert,cd916ddcfd4203563f740ae6b4dd33c5063343d6,larsevj,2025-06-12T09:24:14+02:00,Use polars to read the design matrix,tests/ert/unit_tests/sensitivity_analysis/test_design_matrix.py,Input/output;Missing values,Other polars API,IO boundary,IO boundary;Missing values,pandas:Input/output->IO boundary|pandas:Missing values->Missing values,Input/output:\b(?:pd|pandas)\.Excel(?:File|Writer)\b|Missing values:\b(?:pd|pandas)\.(?:NA|NaT)\b,Other polars API:\b(?:pl|polars)\.[A-Za-z_]\w*(?:\.[A-Za-z_]\w*)*,258,,,
Yes,equinor/ert,d39ed50ec4fd98ece54da276437987de0480f515,xjules,2025-05-07T14:57:32+02:00,Make use of polars to save and load genkw parameters,src/ert/storage/local_ensemble.py,General functions,Expressions - Columns/names;Functions;Input/output - Parquet,Aggregation & joins,Aggregation & joins,pandas:General functions->Aggregation & joins,General functions:\b(?:pd|pandas)\.(?:merge|merge_ordered|merge_asof|concat)\b,Expressions - Columns/names:\b(?:pl|polars)\.col\b|Functions:\b(?:pl|polars)\.(?:from_arrow|from_dataframe|from_dict|from_dicts|from_numpy|from_pandas|from_records|from_repr|json_normalize|align_frames|concat|union|defer|escape_regex|collect_all|collect_all_async|explain_all|set_random_seed|register_extension_type|unregister_extension_type|get_extension_type|StringCache|enable_string_cache|disable_string_cache|using_string_cache)\b|Input/output - Parquet:\b(?:pl|polars)\.(?:read_parquet|read_parquet_metadata|read_parquet_schema|scan_parquet)\b,281,,,
Yes,equinor/ert,e8fa7691001de198dd767982cb5eb30d518725dd,larsevj,2025-07-04T10:43:38+02:00,Fixup parameter viewer not adapted to using polars,src/ert/enkf_main.py,Other pandas API,Other polars API,Other / Manual,Other / Manual,fallback:Other,Other pandas API:\b(?:pd|pandas)\.[A-Za-z_]\w*(?:\.[A-Za-z_]\w*)*,Other polars API:\b(?:pl|polars)\.[A-Za-z_]\w*(?:\.[A-Za-z_]\w*)*,9,,,
Yes,equinor/ert,e8fa7691001de198dd767982cb5eb30d518725dd,larsevj,2025-07-04T10:43:38+02:00,Fixup parameter viewer not adapted to using polars,src/ert/gui/simulation/_design_matrix_panel.py,Other pandas API,Expressions - Functions,Other / Manual,Other / Manual,fallback:Other,Other pandas API:\b(?:pd|pandas)\.[A-Za-z_]\w*(?:\.[A-Za-z_]\w*)*,Expressions - Functions:\b(?:pl|polars)\.(?:all|all_horizontal|any|any_horizontal|approx_n_unique|arange|arctan2|arctan2d|arg_sort_by|arg_where|business_day_count|coalesce|concat_arr|concat_list|concat_str|corr|count|cov|cum_count|cum_fold|cum_reduce|cum_sum|cum_sum_horizontal|date|date_range|date_ranges|datetime|datetime_range|datetime_ranges|duration|element|exclude|field|first|fold|format|from_epoch|groups|head|implode|int_range|int_ranges|last|len|linear_space|linear_spaces|lit|map_batches|map_groups|max|max_horizontal|mean|mean_horizontal|median|min|min_horizontal|n_unique|nth|ones|quantile|reduce|repeat|rolling_corr|rolling_cov|row_index|select|sql|sql_expr|std|struct|sum|sum_horizontal|tail|time|time_range|time_ranges|var|when|zeros)\b,28,,,
No,eschmidt42/bundestag,9b165170fed7bb993ca7bf005a1dc51b97bf30bf,Eric Schmidt,2025-09-03T19:36:33+02:00,chore: swap pandas with polars in most places (#24),.docker/ingest_data.py,Input/output,Input/output - Parquet,IO boundary,IO boundary,pandas:Input/output->IO boundary,Input/output:\b(?:pd|pandas)\.read_(?:pickle|table|csv|fwf|clipboard|excel|json|html|xml|hdf|feather|parquet|iceberg|orc|sas|spss|stata)\b,Input/output - Parquet:\b(?:pl|polars)\.(?:read_parquet|read_parquet_metadata|read_parquet_schema|scan_parquet)\b,33,,,
No,eschmidt42/bundestag,9b165170fed7bb993ca7bf005a1dc51b97bf30bf,Eric Schmidt,2025-09-03T19:36:33+02:00,chore: swap pandas with polars in most places (#24),src/bundestag/data/transform/abgeordnetenwatch/helper.py,Other pandas API,Other polars API,Other / Manual,Other / Manual,fallback:Other,Other pandas API:\b(?:pd|pandas)\.[A-Za-z_]\w*(?:\.[A-Za-z_]\w*)*,Other polars API:\b(?:pl|polars)\.[A-Za-z_]\w*(?:\.[A-Za-z_]\w*)*,26,,,
No,eschmidt42/bundestag,9b165170fed7bb993ca7bf005a1dc51b97bf30bf,Eric Schmidt,2025-09-03T19:36:33+02:00,chore: swap pandas with polars in most places (#24),src/bundestag/data/transform/abgeordnetenwatch/process/mandates.py,Other pandas API,Other polars API,Other / Manual,Other / Manual,fallback:Other,Other pandas API:\b(?:pd|pandas)\.[A-Za-z_]\w*(?:\.[A-Za-z_]\w*)*,Other polars API:\b(?:pl|polars)\.[A-Za-z_]\w*(?:\.[A-Za-z_]\w*)*,13,,,
No,eschmidt42/bundestag,9b165170fed7bb993ca7bf005a1dc51b97bf30bf,Eric Schmidt,2025-09-03T19:36:33+02:00,chore: swap pandas with polars in most places (#24),src/bundestag/data/transform/abgeordnetenwatch/process/polls.py,Other pandas API,Other polars API,Other / Manual,Other / Manual,fallback:Other,Other pandas API:\b(?:pd|pandas)\.[A-Za-z_]\w*(?:\.[A-Za-z_]\w*)*,Other polars API:\b(?:pl|polars)\.[A-Za-z_]\w*(?:\.[A-Za-z_]\w*)*,14,,,
No,eschmidt42/bundestag,9b165170fed7bb993ca7bf005a1dc51b97bf30bf,Eric Schmidt,2025-09-03T19:36:33+02:00,chore: swap pandas with polars in most places (#24),src/bundestag/data/transform/abgeordnetenwatch/process/votes.py,General functions,Expressions - Columns/names;Expressions - Functions;Functions,Aggregation & joins,Aggregation & joins,pandas:General functions->Aggregation & joins,General functions:\b(?:pd|pandas)\.(?:merge|merge_ordered|merge_asof|concat)\b,Expressions - Columns/names:\b(?:pl|polars)\.col\b|Expressions - Functions:\b(?:pl|polars)\.(?:all|all_horizontal|any|any_horizontal|approx_n_unique|arange|arctan2|arctan2d|arg_sort_by|arg_where|business_day_count|coalesce|concat_arr|concat_list|concat_str|corr|count|cov|cum_count|cum_fold|cum_reduce|cum_sum|cum_sum_horizontal|date|date_range|date_ranges|datetime|datetime_range|datetime_ranges|duration|element|exclude|field|first|fold|format|from_epoch|groups|head|implode|int_range|int_ranges|last|len|linear_space|linear_spaces|lit|map_batches|map_groups|max|max_horizontal|mean|mean_horizontal|median|min|min_horizontal|n_unique|nth|ones|quantile|reduce|repeat|rolling_corr|rolling_cov|row_index|select|sql|sql_expr|std|struct|sum|sum_horizontal|tail|time|time_range|time_ranges|var|when|zeros)\b|Functions:\b(?:pl|polars)\.(?:from_arrow|from_dataframe|from_dict|from_dicts|from_numpy|from_pandas|from_records|from_repr|json_normalize|align_frames|concat|union|defer|escape_regex|collect_all|collect_all_async|explain_all|set_random_seed|register_extension_type|unregister_extension_type|get_extension_type|StringCache|enable_string_cache|disable_string_cache|using_string_cache)\b,42,,,
No,eschmidt42/bundestag,9b165170fed7bb993ca7bf005a1dc51b97bf30bf,Eric Schmidt,2025-09-03T19:36:33+02:00,chore: swap pandas with polars in most places (#24),src/bundestag/data/transform/abgeordnetenwatch/transform.py,Other pandas API,Expressions - Columns/names,Other / Manual,Other / Manual,fallback:Other,Other pandas API:\b(?:pd|pandas)\.[A-Za-z_]\w*(?:\.[A-Za-z_]\w*)*,Expressions - Columns/names:\b(?:pl|polars)\.col\b,37,,,
No,eschmidt42/bundestag,9b165170fed7bb993ca7bf005a1dc51b97bf30bf,Eric Schmidt,2025-09-03T19:36:33+02:00,chore: swap pandas with polars in most places (#24),src/bundestag/data/transform/bundestag_sheets.py,"Input/output;General functions;pandas arrays, scalars, and data types",Expressions - Columns/names;Expressions - Functions;Functions;Input/output - Excel,IO boundary,IO boundary;Aggregation & joins;Types & schema,"pandas:Input/output->IO boundary|pandas:General functions->Aggregation & joins|pandas:pandas arrays, scalars, and data types->Types & schema","Input/output:\b(?:pd|pandas)\.read_(?:pickle|table|csv|fwf|clipboard|excel|json|html|xml|hdf|feather|parquet|iceberg|orc|sas|spss|stata)\b|General functions:\b(?:pd|pandas)\.(?:merge|merge_ordered|merge_asof|concat)\b|pandas arrays, scalars, and data types:\b(?:pd|pandas)\.(?:Timestamp|Timedelta|Period|Interval|Categorical)(?:\.\w+)*\b",Expressions - Columns/names:\b(?:pl|polars)\.col\b|Expressions - Functions:\b(?:pl|polars)\.(?:all|all_horizontal|any|any_horizontal|approx_n_unique|arange|arctan2|arctan2d|arg_sort_by|arg_where|business_day_count|coalesce|concat_arr|concat_list|concat_str|corr|count|cov|cum_count|cum_fold|cum_reduce|cum_sum|cum_sum_horizontal|date|date_range|date_ranges|datetime|datetime_range|datetime_ranges|duration|element|exclude|field|first|fold|format|from_epoch|groups|head|implode|int_range|int_ranges|last|len|linear_space|linear_spaces|lit|map_batches|map_groups|max|max_horizontal|mean|mean_horizontal|median|min|min_horizontal|n_unique|nth|ones|quantile|reduce|repeat|rolling_corr|rolling_cov|row_index|select|sql|sql_expr|std|struct|sum|sum_horizontal|tail|time|time_range|time_ranges|var|when|zeros)\b|Functions:\b(?:pl|polars)\.(?:from_arrow|from_dataframe|from_dict|from_dicts|from_numpy|from_pandas|from_records|from_repr|json_normalize|align_frames|concat|union|defer|escape_regex|collect_all|collect_all_async|explain_all|set_random_seed|register_extension_type|unregister_extension_type|get_extension_type|StringCache|enable_string_cache|disable_string_cache|using_string_cache)\b|Input/output - Excel:\b(?:pl|polars)\.(?:read_excel|read_ods)\b,274,,,
No,eschmidt42/bundestag,9b165170fed7bb993ca7bf005a1dc51b97bf30bf,Eric Schmidt,2025-09-03T19:36:33+02:00,chore: swap pandas with polars in most places (#24),src/bundestag/gui.py,General functions,Expressions - Columns/names;Expressions - Functions,Aggregation & joins,Aggregation & joins,pandas:General functions->Aggregation & joins,General functions:\b(?:pd|pandas)\.(?:date_range|bdate_range|period_range|timedelta_range|infer_freq|interval_range)\b,Expressions - Columns/names:\b(?:pl|polars)\.col\b|Expressions - Functions:\b(?:pl|polars)\.(?:all|all_horizontal|any|any_horizontal|approx_n_unique|arange|arctan2|arctan2d|arg_sort_by|arg_where|business_day_count|coalesce|concat_arr|concat_list|concat_str|corr|count|cov|cum_count|cum_fold|cum_reduce|cum_sum|cum_sum_horizontal|date|date_range|date_ranges|datetime|datetime_range|datetime_ranges|duration|element|exclude|field|first|fold|format|from_epoch|groups|head|implode|int_range|int_ranges|last|len|linear_space|linear_spaces|lit|map_batches|map_groups|max|max_horizontal|mean|mean_horizontal|median|min|min_horizontal|n_unique|nth|ones|quantile|reduce|repeat|rolling_corr|rolling_cov|row_index|select|sql|sql_expr|std|struct|sum|sum_horizontal|tail|time|time_range|time_ranges|var|when|zeros)\b,51,,,
No,eschmidt42/bundestag,9b165170fed7bb993ca7bf005a1dc51b97bf30bf,Eric Schmidt,2025-09-03T19:36:33+02:00,chore: swap pandas with polars in most places (#24),src/bundestag/poll_clustering.py,Other pandas API,Functions,Other / Manual,Other / Manual,fallback:Other,Other pandas API:\b(?:pd|pandas)\.[A-Za-z_]\w*(?:\.[A-Za-z_]\w*)*,Functions:\b(?:pl|polars)\.(?:from_arrow|from_dataframe|from_dict|from_dicts|from_numpy|from_pandas|from_records|from_repr|json_normalize|align_frames|concat|union|defer|escape_regex|collect_all|collect_all_async|explain_all|set_random_seed|register_extension_type|unregister_extension_type|get_extension_type|StringCache|enable_string_cache|disable_string_cache|using_string_cache)\b,100,,,
No,eschmidt42/bundestag,9b165170fed7bb993ca7bf005a1dc51b97bf30bf,Eric Schmidt,2025-09-03T19:36:33+02:00,chore: swap pandas with polars in most places (#24),src/bundestag/similarity.py,General functions;GroupBy,Expressions - Columns/names;Expressions - Functions;Functions,Aggregation & joins,Aggregation & joins,pandas:General functions->Aggregation & joins|pandas:GroupBy->Aggregation & joins,General functions:\b(?:pd|pandas)\.(?:merge|merge_ordered|merge_asof|concat)\b|GroupBy:\b(?:pd|pandas)\.Grouper\b,Expressions - Columns/names:\b(?:pl|polars)\.col\b|Expressions - Functions:\b(?:pl|polars)\.(?:all|all_horizontal|any|any_horizontal|approx_n_unique|arange|arctan2|arctan2d|arg_sort_by|arg_where|business_day_count|coalesce|concat_arr|concat_list|concat_str|corr|count|cov|cum_count|cum_fold|cum_reduce|cum_sum|cum_sum_horizontal|date|date_range|date_ranges|datetime|datetime_range|datetime_ranges|duration|element|exclude|field|first|fold|format|from_epoch|groups|head|implode|int_range|int_ranges|last|len|linear_space|linear_spaces|lit|map_batches|map_groups|max|max_horizontal|mean|mean_horizontal|median|min|min_horizontal|n_unique|nth|ones|quantile|reduce|repeat|rolling_corr|rolling_cov|row_index|select|sql|sql_expr|std|struct|sum|sum_horizontal|tail|time|time_range|time_ranges|var|when|zeros)\b|Functions:\b(?:pl|polars)\.(?:from_arrow|from_dataframe|from_dict|from_dicts|from_numpy|from_pandas|from_records|from_repr|json_normalize|align_frames|concat|union|defer|escape_regex|collect_all|collect_all_async|explain_all|set_random_seed|register_extension_type|unregister_extension_type|get_extension_type|StringCache|enable_string_cache|disable_string_cache|using_string_cache)\b,201,,,
No,eschmidt42/bundestag,9b165170fed7bb993ca7bf005a1dc51b97bf30bf,Eric Schmidt,2025-09-03T19:36:33+02:00,chore: swap pandas with polars in most places (#24),src/bundestag/vote_prediction.py,GroupBy,Expressions - Columns/names;Expressions - Functions,Aggregation & joins,Aggregation & joins,pandas:GroupBy->Aggregation & joins,GroupBy:\b(?:pd|pandas)\.NamedAgg\b,Expressions - Columns/names:\b(?:pl|polars)\.col\b|Expressions - Functions:\b(?:pl|polars)\.(?:all|all_horizontal|any|any_horizontal|approx_n_unique|arange|arctan2|arctan2d|arg_sort_by|arg_where|business_day_count|coalesce|concat_arr|concat_list|concat_str|corr|count|cov|cum_count|cum_fold|cum_reduce|cum_sum|cum_sum_horizontal|date|date_range|date_ranges|datetime|datetime_range|datetime_ranges|duration|element|exclude|field|first|fold|format|from_epoch|groups|head|implode|int_range|int_ranges|last|len|linear_space|linear_spaces|lit|map_batches|map_groups|max|max_horizontal|mean|mean_horizontal|median|min|min_horizontal|n_unique|nth|ones|quantile|reduce|repeat|rolling_corr|rolling_cov|row_index|select|sql|sql_expr|std|struct|sum|sum_horizontal|tail|time|time_range|time_ranges|var|when|zeros)\b,163,,,
No,eschmidt42/bundestag,9b165170fed7bb993ca7bf005a1dc51b97bf30bf,Eric Schmidt,2025-09-03T19:36:33+02:00,chore: swap pandas with polars in most places (#24),tests/conftest.py,Input/output,Expressions - Columns/names;Input/output - Parquet,IO boundary,IO boundary,pandas:Input/output->IO boundary,Input/output:\b(?:pd|pandas)\.read_(?:pickle|table|csv|fwf|clipboard|excel|json|html|xml|hdf|feather|parquet|iceberg|orc|sas|spss|stata)\b,Expressions - Columns/names:\b(?:pl|polars)\.col\b|Input/output - Parquet:\b(?:pl|polars)\.(?:read_parquet|read_parquet_metadata|read_parquet_schema|scan_parquet)\b,41,,,
No,eschmidt42/bundestag,9b165170fed7bb993ca7bf005a1dc51b97bf30bf,Eric Schmidt,2025-09-03T19:36:33+02:00,chore: swap pandas with polars in most places (#24),tests/data/transform/abgeordnetenwatch/test_helper.py,Other pandas API,Other polars API,Other / Manual,Other / Manual,fallback:Other,Other pandas API:\b(?:pd|pandas)\.[A-Za-z_]\w*(?:\.[A-Za-z_]\w*)*,Other polars API:\b(?:pl|polars)\.[A-Za-z_]\w*(?:\.[A-Za-z_]\w*)*,37,,,
No,eschmidt42/bundestag,9b165170fed7bb993ca7bf005a1dc51b97bf30bf,Eric Schmidt,2025-09-03T19:36:33+02:00,chore: swap pandas with polars in most places (#24),tests/data/transform/process/conftest.py,Other pandas API,Other polars API,Other / Manual,Other / Manual,fallback:Other,Other pandas API:\b(?:pd|pandas)\.[A-Za-z_]\w*(?:\.[A-Za-z_]\w*)*,Other polars API:\b(?:pl|polars)\.[A-Za-z_]\w*(?:\.[A-Za-z_]\w*)*,141,,,
No,eschmidt42/bundestag,9b165170fed7bb993ca7bf005a1dc51b97bf30bf,Eric Schmidt,2025-09-03T19:36:33+02:00,chore: swap pandas with polars in most places (#24),tests/data/transform/process/test_mandates.py,Other pandas API,Other polars API,Other / Manual,Other / Manual,fallback:Other,Other pandas API:\b(?:pd|pandas)\.[A-Za-z_]\w*(?:\.[A-Za-z_]\w*)*,Other polars API:\b(?:pl|polars)\.[A-Za-z_]\w*(?:\.[A-Za-z_]\w*)*,10,,,
No,eschmidt42/bundestag,9b165170fed7bb993ca7bf005a1dc51b97bf30bf,Eric Schmidt,2025-09-03T19:36:33+02:00,chore: swap pandas with polars in most places (#24),tests/data/transform/process/test_polls.py,Other pandas API,Other polars API,Other / Manual,Other / Manual,fallback:Other,Other pandas API:\b(?:pd|pandas)\.[A-Za-z_]\w*(?:\.[A-Za-z_]\w*)*,Other polars API:\b(?:pl|polars)\.[A-Za-z_]\w*(?:\.[A-Za-z_]\w*)*,19,,,
No,eschmidt42/bundestag,9b165170fed7bb993ca7bf005a1dc51b97bf30bf,Eric Schmidt,2025-09-03T19:36:33+02:00,chore: swap pandas with polars in most places (#24),tests/data/transform/process/test_votes.py,Other pandas API,Other polars API,Other / Manual,Other / Manual,fallback:Other,Other pandas API:\b(?:pd|pandas)\.[A-Za-z_]\w*(?:\.[A-Za-z_]\w*)*,Other polars API:\b(?:pl|polars)\.[A-Za-z_]\w*(?:\.[A-Za-z_]\w*)*,13,,,
No,eschmidt42/bundestag,9b165170fed7bb993ca7bf005a1dc51b97bf30bf,Eric Schmidt,2025-09-03T19:36:33+02:00,chore: swap pandas with polars in most places (#24),tests/data/transform/test_abgeordnetenwatch.py,Other pandas API,Functions,Other / Manual,Other / Manual,fallback:Other,Other pandas API:\b(?:pd|pandas)\.[A-Za-z_]\w*(?:\.[A-Za-z_]\w*)*,Functions:\b(?:pl|polars)\.(?:from_arrow|from_dataframe|from_dict|from_dicts|from_numpy|from_pandas|from_records|from_repr|json_normalize|align_frames|concat|union|defer|escape_regex|collect_all|collect_all_async|explain_all|set_random_seed|register_extension_type|unregister_extension_type|get_extension_type|StringCache|enable_string_cache|disable_string_cache|using_string_cache)\b,122,,,
No,eschmidt42/bundestag,9b165170fed7bb993ca7bf005a1dc51b97bf30bf,Eric Schmidt,2025-09-03T19:36:33+02:00,chore: swap pandas with polars in most places (#24),tests/data/transform/test_bundestag_sheets.py,"Input/output;General functions;pandas arrays, scalars, and data types",Expressions - Columns/names;Functions,IO boundary,IO boundary;Aggregation & joins;Types & schema,"pandas:Input/output->IO boundary|pandas:General functions->Aggregation & joins|pandas:pandas arrays, scalars, and data types->Types & schema","Input/output:\b(?:pd|pandas)\.read_(?:pickle|table|csv|fwf|clipboard|excel|json|html|xml|hdf|feather|parquet|iceberg|orc|sas|spss|stata)\b|General functions:\b(?:pd|pandas)\.(?:to_numeric|to_datetime|to_timedelta)\b|pandas arrays, scalars, and data types:\b(?:pd|pandas)\.(?:Timestamp|Timedelta|Period|Interval|Categorical)(?:\.\w+)*\b",Expressions - Columns/names:\b(?:pl|polars)\.col\b|Functions:\b(?:pl|polars)\.(?:from_arrow|from_dataframe|from_dict|from_dicts|from_numpy|from_pandas|from_records|from_repr|json_normalize|align_frames|concat|union|defer|escape_regex|collect_all|collect_all_async|explain_all|set_random_seed|register_extension_type|unregister_extension_type|get_extension_type|StringCache|enable_string_cache|disable_string_cache|using_string_cache)\b,414,,,
No,eschmidt42/bundestag,9b165170fed7bb993ca7bf005a1dc51b97bf30bf,Eric Schmidt,2025-09-03T19:36:33+02:00,chore: swap pandas with polars in most places (#24),tests/test_poll_clustering.py,Other pandas API,Expressions - Columns/names,Other / Manual,Other / Manual,fallback:Other,Other pandas API:\b(?:pd|pandas)\.[A-Za-z_]\w*(?:\.[A-Za-z_]\w*)*,Expressions - Columns/names:\b(?:pl|polars)\.col\b,101,,,
No,eschmidt42/bundestag,9b165170fed7bb993ca7bf005a1dc51b97bf30bf,Eric Schmidt,2025-09-03T19:36:33+02:00,chore: swap pandas with polars in most places (#24),tests/test_similarity.py,General functions,Other polars API,Aggregation & joins,Aggregation & joins,pandas:General functions->Aggregation & joins,General functions:\b(?:pd|pandas)\.(?:to_numeric|to_datetime|to_timedelta)\b,Other polars API:\b(?:pl|polars)\.[A-Za-z_]\w*(?:\.[A-Za-z_]\w*)*,89,,,
No,eschmidt42/bundestag,9b165170fed7bb993ca7bf005a1dc51b97bf30bf,Eric Schmidt,2025-09-03T19:36:33+02:00,chore: swap pandas with polars in most places (#24),tests/test_vote_prediction.py,Other pandas API,Other polars API,Other / Manual,Other / Manual,fallback:Other,Other pandas API:\b(?:pd|pandas)\.[A-Za-z_]\w*(?:\.[A-Za-z_]\w*)*,Other polars API:\b(?:pl|polars)\.[A-Za-z_]\w*(?:\.[A-Za-z_]\w*)*,38,,,
Yes,huggingface/datasets,5f42139a2c5583a55d34a2f60d537f5fba285c28,Patrick Smyth,2024-08-16T08:10:37-05:00,Allow polars as valid output type (#6762),src/datasets/arrow_dataset.py,Other pandas API,Other polars API,Other / Manual,Other / Manual,fallback:Other,Other pandas API:\b(?:pd|pandas)\.[A-Za-z_]\w*(?:\.[A-Za-z_]\w*)*,Other polars API:\b(?:pl|polars)\.[A-Za-z_]\w*(?:\.[A-Za-z_]\w*)*,20,,,
Yes,hugof38/pysnaptest,63fe3a8d7edb686fe4eb4a7e4b86387af02fafa3,Liam Falconer,2025-01-02T23:02:32+00:00,Make pandas and polars support optional,python/pysnaptest/snapshot.py,Other pandas API,Other polars API,Other / Manual,Other / Manual,fallback:Other,Other pandas API:\b(?:pd|pandas)\.[A-Za-z_]\w*(?:\.[A-Za-z_]\w*)*,Other polars API:\b(?:pl|polars)\.[A-Za-z_]\w*(?:\.[A-Za-z_]\w*)*,55,,,
Yes,hugof38/pysnaptest,63fe3a8d7edb686fe4eb4a7e4b86387af02fafa3,Liam Falconer,2025-01-02T23:02:32+00:00,Make pandas and polars support optional,tests/test_snapshots.py,,,Import/setup-only,Import/setup-only,Import/setup-only: import pandas -> import polars,,,29,,,
No,ideabosque/s3_connector,4f39eb50fa56a1c660c7541ba12e1e42258d4c85,GlenZan,2025-07-09T22:12:36+08:00,use polars module to replace pandas,s3_connector/s3connector.py,Input/output,Expressions - Columns/names;Expressions - Functions;Input/output - Excel,IO boundary,IO boundary,pandas:Input/output->IO boundary,Input/output:\b(?:pd|pandas)\.read_(?:pickle|table|csv|fwf|clipboard|excel|json|html|xml|hdf|feather|parquet|iceberg|orc|sas|spss|stata)\b,Expressions - Columns/names:\b(?:pl|polars)\.col\b|Expressions - Functions:\b(?:pl|polars)\.(?:all|all_horizontal|any|any_horizontal|approx_n_unique|arange|arctan2|arctan2d|arg_sort_by|arg_where|business_day_count|coalesce|concat_arr|concat_list|concat_str|corr|count|cov|cum_count|cum_fold|cum_reduce|cum_sum|cum_sum_horizontal|date|date_range|date_ranges|datetime|datetime_range|datetime_ranges|duration|element|exclude|field|first|fold|format|from_epoch|groups|head|implode|int_range|int_ranges|last|len|linear_space|linear_spaces|lit|map_batches|map_groups|max|max_horizontal|mean|mean_horizontal|median|min|min_horizontal|n_unique|nth|ones|quantile|reduce|repeat|rolling_corr|rolling_cov|row_index|select|sql|sql_expr|std|struct|sum|sum_horizontal|tail|time|time_range|time_ranges|var|when|zeros)\b|Input/output - Excel:\b(?:pl|polars)\.(?:read_excel|read_ods)\b,42,,,
No,indapa/SolarProduction,34276152e98cc66fb122ce1040435302a5e97a96,indapa,2025-03-06T17:19:35-08:00,refactor: migrate data loading from pandas to Polars for improved performance,Solar_Production.py,Input/output,Input/output - CSV,IO boundary,IO boundary,pandas:Input/output->IO boundary,Input/output:\b(?:pd|pandas)\.read_(?:pickle|table|csv|fwf|clipboard|excel|json|html|xml|hdf|feather|parquet|iceberg|orc|sas|spss|stata)\b,Input/output - CSV:\b(?:pl|polars)\.(?:read_csv|read_csv_batched|scan_csv)\b,26,,,
No,indapa/SolarProduction,6060c96abd9251ee7e1a7c464d9b64163ef6f468,indapa,2025-03-05T11:24:39-08:00,refactor: migrate data loading and filtering from pandas to Polars for improved performance,pages/Production_Over_Time.py,Input/output;General functions;Missing values,Expressions - Columns/names;Expressions - Functions;Input/output - CSV,IO boundary,IO boundary;Aggregation & joins;Missing values,pandas:Input/output->IO boundary|pandas:General functions->Aggregation & joins|pandas:Missing values->Missing values,Input/output:\b(?:pd|pandas)\.read_(?:pickle|table|csv|fwf|clipboard|excel|json|html|xml|hdf|feather|parquet|iceberg|orc|sas|spss|stata)\b|General functions:\b(?:pd|pandas)\.(?:to_numeric|to_datetime|to_timedelta)\b|Missing values:\b(?:pd|pandas)\.(?:isna|isnull|notna|notnull)\b,Expressions - Columns/names:\b(?:pl|polars)\.col\b|Expressions - Functions:\b(?:pl|polars)\.(?:all|all_horizontal|any|any_horizontal|approx_n_unique|arange|arctan2|arctan2d|arg_sort_by|arg_where|business_day_count|coalesce|concat_arr|concat_list|concat_str|corr|count|cov|cum_count|cum_fold|cum_reduce|cum_sum|cum_sum_horizontal|date|date_range|date_ranges|datetime|datetime_range|datetime_ranges|duration|element|exclude|field|first|fold|format|from_epoch|groups|head|implode|int_range|int_ranges|last|len|linear_space|linear_spaces|lit|map_batches|map_groups|max|max_horizontal|mean|mean_horizontal|median|min|min_horizontal|n_unique|nth|ones|quantile|reduce|repeat|rolling_corr|rolling_cov|row_index|select|sql|sql_expr|std|struct|sum|sum_horizontal|tail|time|time_range|time_ranges|var|when|zeros)\b|Input/output - CSV:\b(?:pl|polars)\.(?:read_csv|read_csv_batched|scan_csv)\b,95,,,
No,indapa/SolarProduction,910a18aa549cd86577068e38bceeceaf6950ba61,indapa,2025-02-21T21:44:36-08:00,refactor: enhance cumulative and monthly production plotting with Polars for better performance,pages/Comparative_Production.py,Input/output;General functions,Expressions - Columns/names;Expressions - Functions;Input/output - CSV,IO boundary,IO boundary;Aggregation & joins,pandas:Input/output->IO boundary|pandas:General functions->Aggregation & joins,Input/output:\b(?:pd|pandas)\.read_(?:pickle|table|csv|fwf|clipboard|excel|json|html|xml|hdf|feather|parquet|iceberg|orc|sas|spss|stata)\b|General functions:\b(?:pd|pandas)\.(?:to_numeric|to_datetime|to_timedelta)\b,Expressions - Columns/names:\b(?:pl|polars)\.col\b|Expressions - Functions:\b(?:pl|polars)\.(?:all|all_horizontal|any|any_horizontal|approx_n_unique|arange|arctan2|arctan2d|arg_sort_by|arg_where|business_day_count|coalesce|concat_arr|concat_list|concat_str|corr|count|cov|cum_count|cum_fold|cum_reduce|cum_sum|cum_sum_horizontal|date|date_range|date_ranges|datetime|datetime_range|datetime_ranges|duration|element|exclude|field|first|fold|format|from_epoch|groups|head|implode|int_range|int_ranges|last|len|linear_space|linear_spaces|lit|map_batches|map_groups|max|max_horizontal|mean|mean_horizontal|median|min|min_horizontal|n_unique|nth|ones|quantile|reduce|repeat|rolling_corr|rolling_cov|row_index|select|sql|sql_expr|std|struct|sum|sum_horizontal|tail|time|time_range|time_ranges|var|when|zeros)\b|Input/output - CSV:\b(?:pl|polars)\.(?:read_csv|read_csv_batched|scan_csv)\b,179,,,
No,indapa/SolarProduction,a95fbf58d89568270beb7e8989965828829d3fbb,indapa,2025-03-04T22:00:14-08:00,refactor: migrate quarterly production plotting from pandas to Polars for improved performance,pages/Production_Over_Time.py,General functions;Missing values,Expressions - Columns/names;Expressions - Functions;Input/output - CSV,Aggregation & joins,Aggregation & joins;Missing values,pandas:General functions->Aggregation & joins|pandas:Missing values->Missing values,General functions:\b(?:pd|pandas)\.(?:to_numeric|to_datetime|to_timedelta)\b|Missing values:\b(?:pd|pandas)\.(?:isna|isnull|notna|notnull)\b,Expressions - Columns/names:\b(?:pl|polars)\.col\b|Expressions - Functions:\b(?:pl|polars)\.(?:all|all_horizontal|any|any_horizontal|approx_n_unique|arange|arctan2|arctan2d|arg_sort_by|arg_where|business_day_count|coalesce|concat_arr|concat_list|concat_str|corr|count|cov|cum_count|cum_fold|cum_reduce|cum_sum|cum_sum_horizontal|date|date_range|date_ranges|datetime|datetime_range|datetime_ranges|duration|element|exclude|field|first|fold|format|from_epoch|groups|head|implode|int_range|int_ranges|last|len|linear_space|linear_spaces|lit|map_batches|map_groups|max|max_horizontal|mean|mean_horizontal|median|min|min_horizontal|n_unique|nth|ones|quantile|reduce|repeat|rolling_corr|rolling_cov|row_index|select|sql|sql_expr|std|struct|sum|sum_horizontal|tail|time|time_range|time_ranges|var|when|zeros)\b|Input/output - CSV:\b(?:pl|polars)\.(?:read_csv|read_csv_batched|scan_csv)\b,30,,,
No,indapa/SolarProduction,b1db8be37f30ea7d1d36667b8e3611c1a9093329,indapa,2025-02-18T22:21:01-08:00,refactor: migrate data processing from pandas to polars for improved performance,Solar_Production.py,General functions,Expressions - Columns/names;Expressions - Functions;Input/output - CSV,Aggregation & joins,Aggregation & joins,pandas:General functions->Aggregation & joins,General functions:\b(?:pd|pandas)\.(?:to_numeric|to_datetime|to_timedelta)\b,Expressions - Columns/names:\b(?:pl|polars)\.col\b|Expressions - Functions:\b(?:pl|polars)\.(?:all|all_horizontal|any|any_horizontal|approx_n_unique|arange|arctan2|arctan2d|arg_sort_by|arg_where|business_day_count|coalesce|concat_arr|concat_list|concat_str|corr|count|cov|cum_count|cum_fold|cum_reduce|cum_sum|cum_sum_horizontal|date|date_range|date_ranges|datetime|datetime_range|datetime_ranges|duration|element|exclude|field|first|fold|format|from_epoch|groups|head|implode|int_range|int_ranges|last|len|linear_space|linear_spaces|lit|map_batches|map_groups|max|max_horizontal|mean|mean_horizontal|median|min|min_horizontal|n_unique|nth|ones|quantile|reduce|repeat|rolling_corr|rolling_cov|row_index|select|sql|sql_expr|std|struct|sum|sum_horizontal|tail|time|time_range|time_ranges|var|when|zeros)\b|Input/output - CSV:\b(?:pl|polars)\.(?:read_csv|read_csv_batched|scan_csv)\b,83,,,
No,indapa/SolarProduction,b1db8be37f30ea7d1d36667b8e3611c1a9093329,indapa,2025-02-18T22:21:01-08:00,refactor: migrate data processing from pandas to polars for improved performance,pages/Comparative_Production.py,Input/output;General functions,Expressions - Columns/names;Expressions - Functions;Input/output - CSV,IO boundary,IO boundary;Aggregation & joins,pandas:Input/output->IO boundary|pandas:General functions->Aggregation & joins,Input/output:\b(?:pd|pandas)\.read_(?:pickle|table|csv|fwf|clipboard|excel|json|html|xml|hdf|feather|parquet|iceberg|orc|sas|spss|stata)\b|General functions:\b(?:pd|pandas)\.(?:to_numeric|to_datetime|to_timedelta)\b,Expressions - Columns/names:\b(?:pl|polars)\.col\b|Expressions - Functions:\b(?:pl|polars)\.(?:all|all_horizontal|any|any_horizontal|approx_n_unique|arange|arctan2|arctan2d|arg_sort_by|arg_where|business_day_count|coalesce|concat_arr|concat_list|concat_str|corr|count|cov|cum_count|cum_fold|cum_reduce|cum_sum|cum_sum_horizontal|date|date_range|date_ranges|datetime|datetime_range|datetime_ranges|duration|element|exclude|field|first|fold|format|from_epoch|groups|head|implode|int_range|int_ranges|last|len|linear_space|linear_spaces|lit|map_batches|map_groups|max|max_horizontal|mean|mean_horizontal|median|min|min_horizontal|n_unique|nth|ones|quantile|reduce|repeat|rolling_corr|rolling_cov|row_index|select|sql|sql_expr|std|struct|sum|sum_horizontal|tail|time|time_range|time_ranges|var|when|zeros)\b|Input/output - CSV:\b(?:pl|polars)\.(?:read_csv|read_csv_batched|scan_csv)\b,80,,,
No,indian-chutney/Finance1,1dbc3ca3b78dccda60d8414173ebbfffbee08181,ZubairShaikh2515,2025-03-14T07:33:32+05:30,changed pandas to polars,helpers.py,General functions,Expressions - Columns/names,Aggregation & joins,Aggregation & joins,pandas:General functions->Aggregation & joins,General functions:\b(?:pd|pandas)\.(?:to_numeric|to_datetime|to_timedelta)\b,Expressions - Columns/names:\b(?:pl|polars)\.col\b,39,,,
No,infiniflow/infinity,ec17225907772d92326f205027e7825659f0daa5,Xwg,2023-12-12T17:15:20+08:00,Python benchmark  (#283),python/infinity/remote_thrift/types.py,DataFrame,Other polars API,Core dataframe transforms,Core dataframe transforms,pandas:DataFrame->Core dataframe transforms,DataFrame:\b(?:pd|pandas)\.DataFrame\.\w+,Other polars API:\b(?:pl|polars)\.[A-Za-z_]\w*(?:\.[A-Za-z_]\w*)*,96,,,
No,lenvt/lxd-io,dcf228ecbd2da76f9563fbd8d4628b31769f2dc5,Lennart Vater,2025-03-28T16:09:57+01:00,Replace pandas by polars to increase speed,lxd_io/dataset.py,Input/output,Input/output - CSV,IO boundary,IO boundary,pandas:Input/output->IO boundary,Input/output:\b(?:pd|pandas)\.read_(?:pickle|table|csv|fwf|clipboard|excel|json|html|xml|hdf|feather|parquet|iceberg|orc|sas|spss|stata)\b,Input/output - CSV:\b(?:pl|polars)\.(?:read_csv|read_csv_batched|scan_csv)\b,13,,,
No,lenvt/lxd-io,dcf228ecbd2da76f9563fbd8d4628b31769f2dc5,Lennart Vater,2025-03-28T16:09:57+01:00,Replace pandas by polars to increase speed,lxd_io/recording.py,Input/output,Expressions - Columns/names;Input/output - CSV,IO boundary,IO boundary,pandas:Input/output->IO boundary,Input/output:\b(?:pd|pandas)\.read_(?:pickle|table|csv|fwf|clipboard|excel|json|html|xml|hdf|feather|parquet|iceberg|orc|sas|spss|stata)\b,Expressions - Columns/names:\b(?:pl|polars)\.col\b|Input/output - CSV:\b(?:pl|polars)\.(?:read_csv|read_csv_batched|scan_csv)\b,91,,,
No,lenvt/lxd-io,dcf228ecbd2da76f9563fbd8d4628b31769f2dc5,Lennart Vater,2025-03-28T16:09:57+01:00,Replace pandas by polars to increase speed,lxd_io/track.py,Other pandas API,Expressions - Columns/names,Other / Manual,Other / Manual,fallback:Other,Other pandas API:\b(?:pd|pandas)\.[A-Za-z_]\w*(?:\.[A-Za-z_]\w*)*,Expressions - Columns/names:\b(?:pl|polars)\.col\b,129,,,
No,lsmoker/django-dashboards,52988c791cf66dcf72ce9dd938eda1a9bf9dbe48,LeVon Smoker,2025-09-08T08:41:57-04:00,use polars instead of pandas,dashboards/component/chart/serializers.py,,,Import/setup-only,Import/setup-only,Import/setup-only: import pandas -> import polars,,,7,,,
No,machow/catfact,11553e6fd17f8efde358bc0b8541b1ec9fe0274f,Michael Chow,2025-06-24T09:54:11-04:00,dev: make pandas and polars optional with LazyImport,catfact/reorder.py,,,Other / Manual,Other / Manual,fallback:Other,,,18,,,
Yes,marimo-team/marimo,0e0b38dedb205713f221fae59bb3f99b61d9112f,Shahmir Varqha,2025-03-27T11:53:01+08:00,fix: fallback to pandas sql (#4271),marimo/_sql/engines/duckdb.py,Other pandas API,Exceptions,Other / Manual,Other / Manual,polars:Exceptions->Other / Manual,Other pandas API:\b(?:pd|pandas)\.[A-Za-z_]\w*(?:\.[A-Za-z_]\w*)*,Exceptions:\b(?:pl|polars)\.exceptions\.\w+\b,27,,,
Yes,marimo-team/marimo,0e0b38dedb205713f221fae59bb3f99b61d9112f,Shahmir Varqha,2025-03-27T11:53:01+08:00,fix: fallback to pandas sql (#4271),marimo/_sql/engines/sqlalchemy.py,Other pandas API,Exceptions,Other / Manual,Other / Manual,polars:Exceptions->Other / Manual,Other pandas API:\b(?:pd|pandas)\.[A-Za-z_]\w*(?:\.[A-Za-z_]\w*)*,Exceptions:\b(?:pl|polars)\.exceptions\.\w+\b,25,,,
Yes,marimo-team/marimo,181136b495acafce562fd691c6743be68489b0fd,Myles Scolnick,2024-10-24T16:30:36-04:00,improvement: more narwhals for table logic (#2711),tests/_plugins/ui/_impl/dataframes/test_dataframe.py,Other pandas API,Other polars API,Other / Manual,Other / Manual,fallback:Other,Other pandas API:\b(?:pd|pandas)\.[A-Za-z_]\w*(?:\.[A-Za-z_]\w*)*,Other polars API:\b(?:pl|polars)\.[A-Za-z_]\w*(?:\.[A-Za-z_]\w*)*,116,,,
Yes,marimo-team/marimo,2014f45a3565fb645249336e2e6f58038366dd30,Myles Scolnick,2024-10-08T18:24:16-04:00,"fix: bump polars to 1.9.0, fix breaks in search and summaries (#2553)",tests/_plugins/core/test_json_encoder.py,Other pandas API,Other polars API,Other / Manual,Other / Manual,fallback:Other,Other pandas API:\b(?:pd|pandas)\.[A-Za-z_]\w*(?:\.[A-Za-z_]\w*)*,Other polars API:\b(?:pl|polars)\.[A-Za-z_]\w*(?:\.[A-Za-z_]\w*)*,25,,,
Yes,marimo-team/marimo,320894818235bb4338cef984543590948b952add,Shahmir Varqha,2025-08-12T23:08:04+08:00,refactor so that sql engines uses the same logic for returning df (#5991),marimo/_sql/engines/clickhouse.py,Other pandas API,Functions;Input/output - IPC,Other / Manual,Other / Manual,fallback:Other,Other pandas API:\b(?:pd|pandas)\.[A-Za-z_]\w*(?:\.[A-Za-z_]\w*)*,Functions:\b(?:pl|polars)\.(?:from_arrow|from_dataframe|from_dict|from_dicts|from_numpy|from_pandas|from_records|from_repr|json_normalize|align_frames|concat|union|defer|escape_regex|collect_all|collect_all_async|explain_all|set_random_seed|register_extension_type|unregister_extension_type|get_extension_type|StringCache|enable_string_cache|disable_string_cache|using_string_cache)\b|Input/output - IPC:\b(?:pl|polars)\.(?:read_ipc|read_ipc_schema|read_ipc_stream|scan_ipc)\b,159,,,
Yes,marimo-team/marimo,320894818235bb4338cef984543590948b952add,Shahmir Varqha,2025-08-12T23:08:04+08:00,refactor so that sql engines uses the same logic for returning df (#5991),marimo/_sql/engines/dbapi.py,Other pandas API,Other polars API,Other / Manual,Other / Manual,fallback:Other,Other pandas API:\b(?:pd|pandas)\.[A-Za-z_]\w*(?:\.[A-Za-z_]\w*)*,Other polars API:\b(?:pl|polars)\.[A-Za-z_]\w*(?:\.[A-Za-z_]\w*)*,55,,,
Yes,marimo-team/marimo,320894818235bb4338cef984543590948b952add,Shahmir Varqha,2025-08-12T23:08:04+08:00,refactor so that sql engines uses the same logic for returning df (#5991),marimo/_sql/engines/sqlalchemy.py,Other pandas API,Other polars API,Other / Manual,Other / Manual,fallback:Other,Other pandas API:\b(?:pd|pandas)\.[A-Za-z_]\w*(?:\.[A-Za-z_]\w*)*,Other polars API:\b(?:pl|polars)\.[A-Za-z_]\w*(?:\.[A-Za-z_]\w*)*,52,,,
Yes,marimo-team/marimo,7ae245de4b8583729b03c437fe89b47e8fc375f3,Akshay Agrawal,2024-12-29T10:41:22-08:00,chore: use polars instead of pandas in examples (#3289),examples/sql/read_csv.py,Other pandas API,Other polars API,Other / Manual,Other / Manual,fallback:Other,Other pandas API:\b(?:pd|pandas)\.[A-Za-z_]\w*(?:\.[A-Za-z_]\w*)*,Other polars API:\b(?:pl|polars)\.[A-Za-z_]\w*(?:\.[A-Za-z_]\w*)*,59,,,
Yes,marimo-team/marimo,7ae245de4b8583729b03c437fe89b47e8fc375f3,Akshay Agrawal,2024-12-29T10:41:22-08:00,chore: use polars instead of pandas in examples (#3289),examples/sql/read_json.py,Other pandas API,Other polars API,Other / Manual,Other / Manual,fallback:Other,Other pandas API:\b(?:pd|pandas)\.[A-Za-z_]\w*(?:\.[A-Za-z_]\w*)*,Other polars API:\b(?:pl|polars)\.[A-Za-z_]\w*(?:\.[A-Za-z_]\w*)*,60,,,
Yes,marimo-team/marimo,7ae245de4b8583729b03c437fe89b47e8fc375f3,Akshay Agrawal,2024-12-29T10:41:22-08:00,chore: use polars instead of pandas in examples (#3289),examples/sql/read_parquet.py,Other pandas API,Other polars API,Other / Manual,Other / Manual,fallback:Other,Other pandas API:\b(?:pd|pandas)\.[A-Za-z_]\w*(?:\.[A-Za-z_]\w*)*,Other polars API:\b(?:pl|polars)\.[A-Za-z_]\w*(?:\.[A-Za-z_]\w*)*,17,,,
Yes,marimo-team/marimo,7e604334698168d0b0a6f59d960924ac2982548b,Shahmir Varqha,2025-04-11T13:54:45+08:00,improve: add clickhouse support for diff sql output types (#4456),marimo/_sql/engines/clickhouse.py,Other pandas API,Functions;Input/output - IPC;Exceptions,Other / Manual,Other / Manual,polars:Exceptions->Other / Manual,Other pandas API:\b(?:pd|pandas)\.[A-Za-z_]\w*(?:\.[A-Za-z_]\w*)*,Functions:\b(?:pl|polars)\.(?:from_arrow|from_dataframe|from_dict|from_dicts|from_numpy|from_pandas|from_records|from_repr|json_normalize|align_frames|concat|union|defer|escape_regex|collect_all|collect_all_async|explain_all|set_random_seed|register_extension_type|unregister_extension_type|get_extension_type|StringCache|enable_string_cache|disable_string_cache|using_string_cache)\b|Input/output - IPC:\b(?:pl|polars)\.(?:read_ipc|read_ipc_schema|read_ipc_stream|scan_ipc)\b|Exceptions:\b(?:pl|polars)\.exceptions\.\w+\b,179,,,
Yes,marimo-team/marimo,7e604334698168d0b0a6f59d960924ac2982548b,Shahmir Varqha,2025-04-11T13:54:45+08:00,improve: add clickhouse support for diff sql output types (#4456),tests/_sql/test_clickhouse.py,Other pandas API,Other polars API,Other / Manual,Other / Manual,fallback:Other,Other pandas API:\b(?:pd|pandas)\.[A-Za-z_]\w*(?:\.[A-Za-z_]\w*)*,Other polars API:\b(?:pl|polars)\.[A-Za-z_]\w*(?:\.[A-Za-z_]\w*)*,135,,,
Yes,marimo-team/marimo,a90a37e32b5f1408d245922a1ef2658e76db5c55,Myles Scolnick,2024-08-24T17:09:23+02:00,improvement: support polars filtering in altair (#2108),marimo/_plugins/ui/_impl/altair_chart.py,Input/output;General functions,Expressions - Columns/names;Expressions - Functions;Data types;Input/output - CSV;Input/output - JSON,IO boundary,IO boundary;Aggregation & joins,pandas:Input/output->IO boundary|pandas:General functions->Aggregation & joins,Input/output:\b(?:pd|pandas)\.read_(?:pickle|table|csv|fwf|clipboard|excel|json|html|xml|hdf|feather|parquet|iceberg|orc|sas|spss|stata)\b|General functions:\b(?:pd|pandas)\.(?:to_numeric|to_datetime|to_timedelta)\b,Expressions - Columns/names:\b(?:pl|polars)\.col\b|Expressions - Functions:\b(?:pl|polars)\.(?:all|all_horizontal|any|any_horizontal|approx_n_unique|arange|arctan2|arctan2d|arg_sort_by|arg_where|business_day_count|coalesce|concat_arr|concat_list|concat_str|corr|count|cov|cum_count|cum_fold|cum_reduce|cum_sum|cum_sum_horizontal|date|date_range|date_ranges|datetime|datetime_range|datetime_ranges|duration|element|exclude|field|first|fold|format|from_epoch|groups|head|implode|int_range|int_ranges|last|len|linear_space|linear_spaces|lit|map_batches|map_groups|max|max_horizontal|mean|mean_horizontal|median|min|min_horizontal|n_unique|nth|ones|quantile|reduce|repeat|rolling_corr|rolling_cov|row_index|select|sql|sql_expr|std|struct|sum|sum_horizontal|tail|time|time_range|time_ranges|var|when|zeros)\b|Data types:\b(?:pl|polars)\.datatypes\.\w+\b|Input/output - CSV:\b(?:pl|polars)\.(?:read_csv|read_csv_batched|scan_csv)\b|Input/output - JSON:\b(?:pl|polars)\.(?:read_json|read_ndjson|scan_ndjson)\b,284,,,
Yes,marimo-team/marimo,a90a37e32b5f1408d245922a1ef2658e76db5c55,Myles Scolnick,2024-08-24T17:09:23+02:00,improvement: support polars filtering in altair (#2108),tests/_plugins/ui/_impl/test_altair_chart.py,General functions,Other polars API,Aggregation & joins,Aggregation & joins,pandas:General functions->Aggregation & joins,General functions:\b(?:pd|pandas)\.(?:to_numeric|to_datetime|to_timedelta)\b,Other polars API:\b(?:pl|polars)\.[A-Za-z_]\w*(?:\.[A-Za-z_]\w*)*,122,,,
Yes,marimo-team/marimo,abb9ef60d2a4e89897f2d6aa1518cf36fbb60fe1,Myles Scolnick,2023-11-09T18:23:31-05:00,Add support for polars (#325),marimo/_output/data/data.py,Other pandas API,Other polars API,Other / Manual,Other / Manual,fallback:Other,Other pandas API:\b(?:pd|pandas)\.[A-Za-z_]\w*(?:\.[A-Za-z_]\w*)*,Other polars API:\b(?:pl|polars)\.[A-Za-z_]\w*(?:\.[A-Za-z_]\w*)*,34,,,
Yes,marimo-team/marimo,abb9ef60d2a4e89897f2d6aa1518cf36fbb60fe1,Myles Scolnick,2023-11-09T18:23:31-05:00,Add support for polars (#325),marimo/_plugins/ui/_impl/table.py,Other pandas API,Other polars API,Other / Manual,Other / Manual,fallback:Other,Other pandas API:\b(?:pd|pandas)\.[A-Za-z_]\w*(?:\.[A-Za-z_]\w*)*,Other polars API:\b(?:pl|polars)\.[A-Za-z_]\w*(?:\.[A-Za-z_]\w*)*,130,,,
Yes,marimo-team/marimo,abb9ef60d2a4e89897f2d6aa1518cf36fbb60fe1,Myles Scolnick,2023-11-09T18:23:31-05:00,Add support for polars (#325),marimo/_plugins/ui/_impl/utils/dataframe.py,,Other polars API,Other / Manual,Other / Manual,fallback:Other,,Other polars API:\b(?:pl|polars)\.[A-Za-z_]\w*(?:\.[A-Za-z_]\w*)*,23,,,
Yes,marimo-team/marimo,c8d94210762d8f502fd05fff2c5deccb86a7fe01,Shahmir Varqha,2025-11-25T03:07:33+08:00,pandas change to to_dict instead of to_json and fix rich elems (#7223),marimo/_smoke_tests/tables/big_ints.py,Other pandas API,Other polars API,Other / Manual,Other / Manual,fallback:Other,Other pandas API:\b(?:pd|pandas)\.[A-Za-z_]\w*(?:\.[A-Za-z_]\w*)*,Other polars API:\b(?:pl|polars)\.[A-Za-z_]\w*(?:\.[A-Za-z_]\w*)*,24,,,
Yes,marimo-team/marimo,dd3ad6db1244b0237aeb2cf25ac771cf57b1ff97,Myles Scolnick,2024-08-14T16:11:06+02:00,fix: altair geo charts: don't use custom transformers and don't enable selection (#2015),marimo/_plugins/ui/_impl/charts/altair_transformer.py,Other pandas API,Other polars API,Other / Manual,Other / Manual,fallback:Other,Other pandas API:\b(?:pd|pandas)\.[A-Za-z_]\w*(?:\.[A-Za-z_]\w*)*,Other polars API:\b(?:pl|polars)\.[A-Za-z_]\w*(?:\.[A-Za-z_]\w*)*,59,,,
Yes,marimo-team/marimo,ebc0ac21b719384af86ef910f99f032c35e88742,Myles Scolnick,2025-10-14T16:04:44-04:00,"improvement: migrate mo.ui.dataframe to narwhals; support duckdb, ibis, pandas, polars (#6772)",tests/_plugins/ui/_impl/dataframes/test_dataframe.py,Other pandas API,Other polars API,Other / Manual,Other / Manual,fallback:Other,Other pandas API:\b(?:pd|pandas)\.[A-Za-z_]\w*(?:\.[A-Za-z_]\w*)*,Other polars API:\b(?:pl|polars)\.[A-Za-z_]\w*(?:\.[A-Za-z_]\w*)*,115,,,
Yes,marimo-team/marimo,ebc0ac21b719384af86ef910f99f032c35e88742,Myles Scolnick,2025-10-14T16:04:44-04:00,"improvement: migrate mo.ui.dataframe to narwhals; support duckdb, ibis, pandas, polars (#6772)",tests/_plugins/ui/_impl/test_table.py,Other pandas API,Input/output - CSV;Input/output - JSON;Input/output - Parquet,Other / Manual,Other / Manual,fallback:Other,Other pandas API:\b(?:pd|pandas)\.[A-Za-z_]\w*(?:\.[A-Za-z_]\w*)*,Input/output - CSV:\b(?:pl|polars)\.(?:read_csv|read_csv_batched|scan_csv)\b|Input/output - JSON:\b(?:pl|polars)\.(?:read_json|read_ndjson|scan_ndjson)\b|Input/output - Parquet:\b(?:pl|polars)\.(?:read_parquet|read_parquet_metadata|read_parquet_schema|scan_parquet)\b,485,,,
Yes,marimo-team/marimo,fdd5d8d3f0c1af145b91fc987287652d56cb7e18,Myles Scolnick,2024-06-13T21:40:26-05:00,feat: polars support in `mo.ui.dataframe` transformations (#1612),tests/_plugins/ui/_impl/dataframes/test_dataframe.py,Other pandas API,Other polars API,Other / Manual,Other / Manual,fallback:Other,Other pandas API:\b(?:pd|pandas)\.[A-Za-z_]\w*(?:\.[A-Za-z_]\w*)*,Other polars API:\b(?:pl|polars)\.[A-Za-z_]\w*(?:\.[A-Za-z_]\w*)*,113,,,
Yes,marimo-team/marimo,fdd5d8d3f0c1af145b91fc987287652d56cb7e18,Myles Scolnick,2024-06-13T21:40:26-05:00,feat: polars support in `mo.ui.dataframe` transformations (#1612),tests/_plugins/ui/_impl/dataframes/test_handlers.py,Other pandas API,Exceptions,Other / Manual,Other / Manual,polars:Exceptions->Other / Manual,Other pandas API:\b(?:pd|pandas)\.[A-Za-z_]\w*(?:\.[A-Za-z_]\w*)*,Exceptions:\b(?:pl|polars)\.exceptions\.\w+\b,733,,,
No,mayaradaher/michelin-app,6719a2274a0a0b13efd5466e10afae7691cc31af,mayaradaher,2025-02-06T21:34:24-03:00,refactor: migrate from pandas to polars and update search functionality,pages/app_br.py,Input/output,Input/output - Parquet,IO boundary,IO boundary,pandas:Input/output->IO boundary,Input/output:\b(?:pd|pandas)\.read_(?:pickle|table|csv|fwf|clipboard|excel|json|html|xml|hdf|feather|parquet|iceberg|orc|sas|spss|stata)\b,Input/output - Parquet:\b(?:pl|polars)\.(?:read_parquet|read_parquet_metadata|read_parquet_schema|scan_parquet)\b,74,,,
No,mayaradaher/michelin-app,6719a2274a0a0b13efd5466e10afae7691cc31af,mayaradaher,2025-02-06T21:34:24-03:00,refactor: migrate from pandas to polars and update search functionality,pages/app_en.py,Input/output,Expressions - Columns/names;Input/output - Parquet,IO boundary,IO boundary,pandas:Input/output->IO boundary,Input/output:\b(?:pd|pandas)\.read_(?:pickle|table|csv|fwf|clipboard|excel|json|html|xml|hdf|feather|parquet|iceberg|orc|sas|spss|stata)\b,Expressions - Columns/names:\b(?:pl|polars)\.col\b|Input/output - Parquet:\b(?:pl|polars)\.(?:read_parquet|read_parquet_metadata|read_parquet_schema|scan_parquet)\b,83,,,
Yes,mesa/mesa-frames,622cff642dc6eba242915605c67d8e845b81f2b8,Ben Geo Abraham,2025-04-03T19:19:12+05:30,Deprecate pandas backend in favor of Polars (#125),mesa_frames/concrete/__init__.py,Other pandas API,,Other / Manual,Other / Manual,fallback:Other,Other pandas API:\b(?:pd|pandas)\.[A-Za-z_]\w*(?:\.[A-Za-z_]\w*)*,,86,,,
Yes,mesa/mesa-frames,622cff642dc6eba242915605c67d8e845b81f2b8,Ben Geo Abraham,2025-04-03T19:19:12+05:30,Deprecate pandas backend in favor of Polars (#125),mesa_frames/types_.py,Index objects,Other polars API,Index & pandas-specific semantics,Index & pandas-specific semantics,pandas:Index objects->Index & pandas-specific semantics|patch:index type keyword,Index objects:\b(?:pd|pandas)\.(?:Index|RangeIndex|MultiIndex|DatetimeIndex|TimedeltaIndex|PeriodIndex|IntervalIndex|CategoricalIndex)\b,Other polars API:\b(?:pl|polars)\.[A-Za-z_]\w*(?:\.[A-Za-z_]\w*)*,36,,,
Yes,mesa/mesa-frames,622cff642dc6eba242915605c67d8e845b81f2b8,Ben Geo Abraham,2025-04-03T19:19:12+05:30,Deprecate pandas backend in favor of Polars (#125),tests/test_agents.py,Other pandas API,Expressions - Columns/names;Expressions - Functions,Other / Manual,Other / Manual,fallback:Other,Other pandas API:\b(?:pd|pandas)\.[A-Za-z_]\w*(?:\.[A-Za-z_]\w*)*,Expressions - Columns/names:\b(?:pl|polars)\.col\b|Expressions - Functions:\b(?:pl|polars)\.(?:all|all_horizontal|any|any_horizontal|approx_n_unique|arange|arctan2|arctan2d|arg_sort_by|arg_where|business_day_count|coalesce|concat_arr|concat_list|concat_str|corr|count|cov|cum_count|cum_fold|cum_reduce|cum_sum|cum_sum_horizontal|date|date_range|date_ranges|datetime|datetime_range|datetime_ranges|duration|element|exclude|field|first|fold|format|from_epoch|groups|head|implode|int_range|int_ranges|last|len|linear_space|linear_spaces|lit|map_batches|map_groups|max|max_horizontal|mean|mean_horizontal|median|min|min_horizontal|n_unique|nth|ones|quantile|reduce|repeat|rolling_corr|rolling_cov|row_index|select|sql|sql_expr|std|struct|sum|sum_horizontal|tail|time|time_range|time_ranges|var|when|zeros)\b,465,,,
Yes,mesa/mesa-frames,bf1ccd9328f260a746c21a6bad7e15a7a6898dc3,Adam Amer,2024-07-06T12:37:38+02:00,Changes to AgentSetDF and AgentsDF before time.py -> CopyMixin (#16),mesa_frames/types.py,,Other polars API,Other / Manual,Other / Manual,fallback:Other,,Other polars API:\b(?:pl|polars)\.[A-Za-z_]\w*(?:\.[A-Za-z_]\w*)*,24,,,
Yes,monarch-initiative/pheval,0badcb92ffda127491d17dd0ea37bc5616b417f5,Yasemin Bridges,2025-03-18T15:26:56+00:00,use polars in place of pandas for mapping gene identifiers and symbols,src/pheval/utils/phenopacket_utils.py,Input/output,Expressions - Columns/names;Expressions - Functions;Input/output - CSV,IO boundary,IO boundary,pandas:Input/output->IO boundary,Input/output:\b(?:pd|pandas)\.read_(?:pickle|table|csv|fwf|clipboard|excel|json|html|xml|hdf|feather|parquet|iceberg|orc|sas|spss|stata)\b,Expressions - Columns/names:\b(?:pl|polars)\.col\b|Expressions - Functions:\b(?:pl|polars)\.(?:all|all_horizontal|any|any_horizontal|approx_n_unique|arange|arctan2|arctan2d|arg_sort_by|arg_where|business_day_count|coalesce|concat_arr|concat_list|concat_str|corr|count|cov|cum_count|cum_fold|cum_reduce|cum_sum|cum_sum_horizontal|date|date_range|date_ranges|datetime|datetime_range|datetime_ranges|duration|element|exclude|field|first|fold|format|from_epoch|groups|head|implode|int_range|int_ranges|last|len|linear_space|linear_spaces|lit|map_batches|map_groups|max|max_horizontal|mean|mean_horizontal|median|min|min_horizontal|n_unique|nth|ones|quantile|reduce|repeat|rolling_corr|rolling_cov|row_index|select|sql|sql_expr|std|struct|sum|sum_horizontal|tail|time|time_range|time_ranges|var|when|zeros)\b|Input/output - CSV:\b(?:pl|polars)\.(?:read_csv|read_csv_batched|scan_csv)\b,197,,,
Yes,monarch-initiative/pheval,4039f708fa30af0070245a47da2beba754eb5dff,Yasemin Bridges,2025-03-18T15:30:16+00:00,refactor generate_plots.py to work with polars dfs,src/pheval/analyse/generate_plots.py,Other pandas API,Expressions - Columns/names,Other / Manual,Other / Manual,fallback:Other,Other pandas API:\b(?:pd|pandas)\.[A-Za-z_]\w*(?:\.[A-Za-z_]\w*)*,Expressions - Columns/names:\b(?:pl|polars)\.col\b,681,,,
Yes,monarch-initiative/pheval,7c3c63e6e689d9a0aa452718f20efb838e1b28cf,Yasemin Bridges,2025-03-07T15:03:03+00:00,pandas to polars/parquet migration for post-processing methods,src/pheval/post_processing/post_processing.py,Other pandas API,Expressions - Columns/names;Expressions - Functions,Other / Manual,Other / Manual,fallback:Other,Other pandas API:\b(?:pd|pandas)\.[A-Za-z_]\w*(?:\.[A-Za-z_]\w*)*,Expressions - Columns/names:\b(?:pl|polars)\.col\b|Expressions - Functions:\b(?:pl|polars)\.(?:all|all_horizontal|any|any_horizontal|approx_n_unique|arange|arctan2|arctan2d|arg_sort_by|arg_where|business_day_count|coalesce|concat_arr|concat_list|concat_str|corr|count|cov|cum_count|cum_fold|cum_reduce|cum_sum|cum_sum_horizontal|date|date_range|date_ranges|datetime|datetime_range|datetime_ranges|duration|element|exclude|field|first|fold|format|from_epoch|groups|head|implode|int_range|int_ranges|last|len|linear_space|linear_spaces|lit|map_batches|map_groups|max|max_horizontal|mean|mean_horizontal|median|min|min_horizontal|n_unique|nth|ones|quantile|reduce|repeat|rolling_corr|rolling_cov|row_index|select|sql|sql_expr|std|struct|sum|sum_horizontal|tail|time|time_range|time_ranges|var|when|zeros)\b,579,,,
No,mpds-io/mpds-api,c51d69f3213be5b57c9339cc13d039b716d647dc,alinzh,2024-12-20T16:37:54+00:00,Change Pandas on Polars,kickoff/miner_bondlength.py,Other pandas API,Expressions - Columns/names,Other / Manual,Other / Manual,fallback:Other,Other pandas API:\b(?:pd|pandas)\.[A-Za-z_]\w*(?:\.[A-Za-z_]\w*)*,Expressions - Columns/names:\b(?:pl|polars)\.col\b,16,,,
No,mpds-io/mpds-api,c51d69f3213be5b57c9339cc13d039b716d647dc,alinzh,2024-12-20T16:37:54+00:00,Change Pandas on Polars,kickoff/miner_propstruct.py,Other pandas API,Expressions - Columns/names;Expressions - Functions,Other / Manual,Other / Manual,fallback:Other,Other pandas API:\b(?:pd|pandas)\.[A-Za-z_]\w*(?:\.[A-Za-z_]\w*)*,Expressions - Columns/names:\b(?:pl|polars)\.col\b|Expressions - Functions:\b(?:pl|polars)\.(?:all|all_horizontal|any|any_horizontal|approx_n_unique|arange|arctan2|arctan2d|arg_sort_by|arg_where|business_day_count|coalesce|concat_arr|concat_list|concat_str|corr|count|cov|cum_count|cum_fold|cum_reduce|cum_sum|cum_sum_horizontal|date|date_range|date_ranges|datetime|datetime_range|datetime_ranges|duration|element|exclude|field|first|fold|format|from_epoch|groups|head|implode|int_range|int_ranges|last|len|linear_space|linear_spaces|lit|map_batches|map_groups|max|max_horizontal|mean|mean_horizontal|median|min|min_horizontal|n_unique|nth|ones|quantile|reduce|repeat|rolling_corr|rolling_cov|row_index|select|sql|sql_expr|std|struct|sum|sum_horizontal|tail|time|time_range|time_ranges|var|when|zeros)\b,92,,,
Yes,mpds-io/mpds-client,402f8a186e234d0cab103c74bfceaf7f5e50e292,alinzh,2024-12-14T11:10:29+00:00,Change panda on polars in retrieve MPDS and tests,mpds_client/retrieve_MPDS.py,Other pandas API,Other polars API,Other / Manual,Other / Manual,fallback:Other,Other pandas API:\b(?:pd|pandas)\.[A-Za-z_]\w*(?:\.[A-Za-z_]\w*)*,Other polars API:\b(?:pl|polars)\.[A-Za-z_]\w*(?:\.[A-Za-z_]\w*)*,45,,,
Yes,mpds-io/mpds-client,402f8a186e234d0cab103c74bfceaf7f5e50e292,alinzh,2024-12-14T11:10:29+00:00,Change panda on polars in retrieve MPDS and tests,mpds_client/test_retrieve_MPDS.py,General functions,Expressions - Columns/names;Expressions - Functions;Functions,Aggregation & joins,Aggregation & joins,pandas:General functions->Aggregation & joins,General functions:\b(?:pd|pandas)\.(?:merge|merge_ordered|merge_asof|concat)\b,Expressions - Columns/names:\b(?:pl|polars)\.col\b|Expressions - Functions:\b(?:pl|polars)\.(?:all|all_horizontal|any|any_horizontal|approx_n_unique|arange|arctan2|arctan2d|arg_sort_by|arg_where|business_day_count|coalesce|concat_arr|concat_list|concat_str|corr|count|cov|cum_count|cum_fold|cum_reduce|cum_sum|cum_sum_horizontal|date|date_range|date_ranges|datetime|datetime_range|datetime_ranges|duration|element|exclude|field|first|fold|format|from_epoch|groups|head|implode|int_range|int_ranges|last|len|linear_space|linear_spaces|lit|map_batches|map_groups|max|max_horizontal|mean|mean_horizontal|median|min|min_horizontal|n_unique|nth|ones|quantile|reduce|repeat|rolling_corr|rolling_cov|row_index|select|sql|sql_expr|std|struct|sum|sum_horizontal|tail|time|time_range|time_ranges|var|when|zeros)\b|Functions:\b(?:pl|polars)\.(?:from_arrow|from_dataframe|from_dict|from_dicts|from_numpy|from_pandas|from_records|from_repr|json_normalize|align_frames|concat|union|defer|escape_regex|collect_all|collect_all_async|explain_all|set_random_seed|register_extension_type|unregister_extension_type|get_extension_type|StringCache|enable_string_cache|disable_string_cache|using_string_cache)\b,54,,,
Yes,nanxstats/plaintext-sims,73a39d90508bbc470ff5bb0066106dd6f5b1c7d7,Nan Xiao,2025-11-28T22:14:41-05:00,pandas -> polars,src/plaintext_sims/experiment.py,Other pandas API,Other polars API,Other / Manual,Other / Manual,fallback:Other,Other pandas API:\b(?:pd|pandas)\.[A-Za-z_]\w*(?:\.[A-Za-z_]\w*)*,Other polars API:\b(?:pl|polars)\.[A-Za-z_]\w*(?:\.[A-Za-z_]\w*)*,13,,,
Yes,nanxstats/plaintext-sims,73a39d90508bbc470ff5bb0066106dd6f5b1c7d7,Nan Xiao,2025-11-28T22:14:41-05:00,pandas -> polars,src/plaintext_sims/metrics.py,Other pandas API,Expressions - Columns/names,Other / Manual,Other / Manual,fallback:Other,Other pandas API:\b(?:pd|pandas)\.[A-Za-z_]\w*(?:\.[A-Za-z_]\w*)*,Expressions - Columns/names:\b(?:pl|polars)\.col\b,74,,,
Yes,nanxstats/plaintext-sims,73a39d90508bbc470ff5bb0066106dd6f5b1c7d7,Nan Xiao,2025-11-28T22:14:41-05:00,pandas -> polars,src/plaintext_sims/plot.py,Other pandas API,Other polars API,Other / Manual,Other / Manual,fallback:Other,Other pandas API:\b(?:pd|pandas)\.[A-Za-z_]\w*(?:\.[A-Za-z_]\w*)*,Other polars API:\b(?:pl|polars)\.[A-Za-z_]\w*(?:\.[A-Za-z_]\w*)*,15,,,
Yes,nanxstats/plaintext-sims,73a39d90508bbc470ff5bb0066106dd6f5b1c7d7,Nan Xiao,2025-11-28T22:14:41-05:00,pandas -> polars,src/plaintext_sims/run.py,General functions,Functions,Aggregation & joins,Aggregation & joins,pandas:General functions->Aggregation & joins,General functions:\b(?:pd|pandas)\.(?:merge|merge_ordered|merge_asof|concat)\b,Functions:\b(?:pl|polars)\.(?:from_arrow|from_dataframe|from_dict|from_dicts|from_numpy|from_pandas|from_records|from_repr|json_normalize|align_frames|concat|union|defer|escape_regex|collect_all|collect_all_async|explain_all|set_random_seed|register_extension_type|unregister_extension_type|get_extension_type|StringCache|enable_string_cache|disable_string_cache|using_string_cache)\b,20,,,
Yes,nanxstats/plaintext-sims,73a39d90508bbc470ff5bb0066106dd6f5b1c7d7,Nan Xiao,2025-11-28T22:14:41-05:00,pandas -> polars,tests/test_experiment.py,Other pandas API,Other polars API,Other / Manual,Other / Manual,fallback:Other,Other pandas API:\b(?:pd|pandas)\.[A-Za-z_]\w*(?:\.[A-Za-z_]\w*)*,Other polars API:\b(?:pl|polars)\.[A-Za-z_]\w*(?:\.[A-Za-z_]\w*)*,21,,,
Yes,nanxstats/plaintext-sims,73a39d90508bbc470ff5bb0066106dd6f5b1c7d7,Nan Xiao,2025-11-28T22:14:41-05:00,pandas -> polars,tests/test_metrics.py,Other pandas API,Expressions - Columns/names,Other / Manual,Other / Manual,fallback:Other,Other pandas API:\b(?:pd|pandas)\.[A-Za-z_]\w*(?:\.[A-Za-z_]\w*)*,Expressions - Columns/names:\b(?:pl|polars)\.col\b,28,,,
Yes,nanxstats/plaintext-sims,73a39d90508bbc470ff5bb0066106dd6f5b1c7d7,Nan Xiao,2025-11-28T22:14:41-05:00,pandas -> polars,tests/test_plot.py,Other pandas API,Other polars API,Other / Manual,Other / Manual,fallback:Other,Other pandas API:\b(?:pd|pandas)\.[A-Za-z_]\w*(?:\.[A-Za-z_]\w*)*,Other polars API:\b(?:pl|polars)\.[A-Za-z_]\w*(?:\.[A-Za-z_]\w*)*,10,,,
Yes,narwhals-dev/narwhals,116962d4192ae5cbc3c359ffd29f53c2e4d7a8ed,Marco Edward Gorelli,2026-02-04T07:45:24+00:00,ci: run ibis and modin tests in separate workflows (#3446),narwhals/_utils.py,Other pandas API,Other polars API,Other / Manual,Other / Manual,fallback:Other,Other pandas API:\b(?:pd|pandas)\.[A-Za-z_]\w*(?:\.[A-Za-z_]\w*)*,Other polars API:\b(?:pl|polars)\.[A-Za-z_]\w*(?:\.[A-Za-z_]\w*)*,7,,,
Yes,narwhals-dev/narwhals,3da5392ced80002cd4150b548bc5c4713f5f2a53,Francesco Bruzzesi,2024-07-15T09:59:57+02:00,test: conftest constructors refactoring (#515),tests/frame/test_common.py,Other pandas API,Other polars API,Other / Manual,Other / Manual,fallback:Other,Other pandas API:\b(?:pd|pandas)\.[A-Za-z_]\w*(?:\.[A-Za-z_]\w*)*,Other polars API:\b(?:pl|polars)\.[A-Za-z_]\w*(?:\.[A-Za-z_]\w*)*,289,,,
Yes,narwhals-dev/narwhals,54bf3d3ec77092d4babc970f245efc2185274e96,Dan Redding,2025-07-03T14:39:52+01:00,"refactor: Cache, reuse `Implementation._backend_version` (#2764)",narwhals/schema.py,,Other polars API,Other / Manual,Other / Manual,fallback:Other,,Other polars API:\b(?:pl|polars)\.[A-Za-z_]\w*(?:\.[A-Za-z_]\w*)*,23,,,
Yes,narwhals-dev/narwhals,635ec46272da81f157d9d20879c402954ca5df55,Alessandro Miola,2025-01-04T12:41:01+01:00,docs: let `nw.LazyFrame` docstrings examples run on Polars and Dask only (#1700),narwhals/dataframe.py,Other pandas API,Other polars API,Other / Manual,Other / Manual,fallback:Other,Other pandas API:\b(?:pd|pandas)\.[A-Za-z_]\w*(?:\.[A-Za-z_]\w*)*,Other polars API:\b(?:pl|polars)\.[A-Za-z_]\w*(?:\.[A-Za-z_]\w*)*,1063,,,
Yes,narwhals-dev/narwhals,6e0672d891e0940a7e5739eacb3b1fd13ab75040,Micha_ GÃ³rny,2025-03-18T20:46:39+01:00,[WIP/rolling] test: Scope dataframe library imports to fixtures in `conftest.py` (#2241),tests/conftest.py,,,Import/setup-only,Import/setup-only,Import/setup-only: import pandas -> import polars,,,34,,,
Yes,narwhals-dev/narwhals,6e0672d891e0940a7e5739eacb3b1fd13ab75040,Micha_ GÃ³rny,2025-03-18T20:46:39+01:00,[WIP/rolling] test: Scope dataframe library imports to fixtures in `conftest.py` (#2241),tests/dependencies/is_into_dataframe_test.py,Other pandas API,Other polars API,Other / Manual,Other / Manual,fallback:Other,Other pandas API:\b(?:pd|pandas)\.[A-Za-z_]\w*(?:\.[A-Za-z_]\w*)*,Other polars API:\b(?:pl|polars)\.[A-Za-z_]\w*(?:\.[A-Za-z_]\w*)*,41,,,
Yes,narwhals-dev/narwhals,6e0672d891e0940a7e5739eacb3b1fd13ab75040,Micha_ GÃ³rny,2025-03-18T20:46:39+01:00,[WIP/rolling] test: Scope dataframe library imports to fixtures in `conftest.py` (#2241),tests/frame/lazy_test.py,,,Import/setup-only,Import/setup-only,Import/setup-only: import pandas -> import polars,,,20,,,
Yes,narwhals-dev/narwhals,7844555fe3f5b90b6da327e6915138e4c27d6b1a,Marco Gorelli,2024-03-18T12:34:59+00:00,speed up pandas groupby,narwhals/pandas_like/group_by.py,Other pandas API,Expressions - Functions,Other / Manual,Other / Manual,fallback:Other,Other pandas API:\b(?:pd|pandas)\.[A-Za-z_]\w*(?:\.[A-Za-z_]\w*)*,Expressions - Functions:\b(?:pl|polars)\.(?:all|all_horizontal|any|any_horizontal|approx_n_unique|arange|arctan2|arctan2d|arg_sort_by|arg_where|business_day_count|coalesce|concat_arr|concat_list|concat_str|corr|count|cov|cum_count|cum_fold|cum_reduce|cum_sum|cum_sum_horizontal|date|date_range|date_ranges|datetime|datetime_range|datetime_ranges|duration|element|exclude|field|first|fold|format|from_epoch|groups|head|implode|int_range|int_ranges|last|len|linear_space|linear_spaces|lit|map_batches|map_groups|max|max_horizontal|mean|mean_horizontal|median|min|min_horizontal|n_unique|nth|ones|quantile|reduce|repeat|rolling_corr|rolling_cov|row_index|select|sql|sql_expr|std|struct|sum|sum_horizontal|tail|time|time_range|time_ranges|var|when|zeros)\b,55,,,
Yes,narwhals-dev/narwhals,79373f9944c296c2a5b4fa47a24ed8e96d640663,Francesco Bruzzesi,2025-07-26T17:26:13+02:00,refactor: Simplify compliant `Series.hist` (#2839),tests/series_only/hist_test.py,Other pandas API,,Other / Manual,Other / Manual,fallback:Other,Other pandas API:\b(?:pd|pandas)\.[A-Za-z_]\w*(?:\.[A-Za-z_]\w*)*,,152,,,
Yes,narwhals-dev/narwhals,82da0892732e4c1058d769c93cc3b6a424282cde,Francesco Bruzzesi,2025-01-20T07:45:51+01:00,test: decouple pyspark constructor from pandas (#1834),tests/conftest.py,Other pandas API,Other polars API,Other / Manual,Other / Manual,fallback:Other,Other pandas API:\b(?:pd|pandas)\.[A-Za-z_]\w*(?:\.[A-Za-z_]\w*)*,Other polars API:\b(?:pl|polars)\.[A-Za-z_]\w*(?:\.[A-Za-z_]\w*)*,63,,,
Yes,narwhals-dev/narwhals,8c255d2c067e9bb1e07e4d8a974423f9bd95ac30,Micha_ GÃ³rny,2025-03-19T17:44:29+01:00,"test: Fix yet more tests to work without polars (pandas, pyarrow) (#2250)",tests/expr_and_series/arithmetic_test.py,,,Import/setup-only,Import/setup-only,Import/setup-only: import pandas -> import polars,,,76,,,
Yes,narwhals-dev/narwhals,8c255d2c067e9bb1e07e4d8a974423f9bd95ac30,Micha_ GÃ³rny,2025-03-19T17:44:29+01:00,"test: Fix yet more tests to work without polars (pandas, pyarrow) (#2250)",tests/expr_and_series/dt/ordinal_day_test.py,,,Import/setup-only,Import/setup-only,Import/setup-only: import pandas -> import polars,,,34,,,
Yes,narwhals-dev/narwhals,8c255d2c067e9bb1e07e4d8a974423f9bd95ac30,Micha_ GÃ³rny,2025-03-19T17:44:29+01:00,"test: Fix yet more tests to work without polars (pandas, pyarrow) (#2250)",tests/expr_and_series/dt/total_minutes_test.py,,,Import/setup-only,Import/setup-only,Import/setup-only: import pandas -> import polars,,,38,,,
Yes,narwhals-dev/narwhals,8c255d2c067e9bb1e07e4d8a974423f9bd95ac30,Micha_ GÃ³rny,2025-03-19T17:44:29+01:00,"test: Fix yet more tests to work without polars (pandas, pyarrow) (#2250)",tests/expr_and_series/rolling_var_test.py,,,Import/setup-only,Import/setup-only,Import/setup-only: import pandas -> import polars,,,44,,,
Yes,narwhals-dev/narwhals,8c255d2c067e9bb1e07e4d8a974423f9bd95ac30,Micha_ GÃ³rny,2025-03-19T17:44:29+01:00,"test: Fix yet more tests to work without polars (pandas, pyarrow) (#2250)",tests/frame/collect_test.py,Other pandas API,Other polars API,Other / Manual,Other / Manual,fallback:Other,Other pandas API:\b(?:pd|pandas)\.[A-Za-z_]\w*(?:\.[A-Za-z_]\w*)*,Other polars API:\b(?:pl|polars)\.[A-Za-z_]\w*(?:\.[A-Za-z_]\w*)*,122,,,
Yes,narwhals-dev/narwhals,8c255d2c067e9bb1e07e4d8a974423f9bd95ac30,Micha_ GÃ³rny,2025-03-19T17:44:29+01:00,"test: Fix yet more tests to work without polars (pandas, pyarrow) (#2250)",tests/translate/from_native_test.py,Other pandas API,Other polars API,Other / Manual,Other / Manual,fallback:Other,Other pandas API:\b(?:pd|pandas)\.[A-Za-z_]\w*(?:\.[A-Za-z_]\w*)*,Other polars API:\b(?:pl|polars)\.[A-Za-z_]\w*(?:\.[A-Za-z_]\w*)*,129,,,
Yes,narwhals-dev/narwhals,b35ef0758c393843dd4be7d172b7f64feff4673d,Francesco Bruzzesi,2024-07-04T13:21:13+02:00,patch: pandas-like drop hotfix (#394),narwhals/dataframe.py,Other pandas API,Other polars API,Other / Manual,Other / Manual,fallback:Other,Other pandas API:\b(?:pd|pandas)\.[A-Za-z_]\w*(?:\.[A-Za-z_]\w*)*,Other polars API:\b(?:pl|polars)\.[A-Za-z_]\w*(?:\.[A-Za-z_]\w*)*,99,,,
Yes,narwhals-dev/narwhals,bfce451d7c7b3e519b4ec8223de47df7d9aca639,Micha_ GÃ³rny,2025-03-19T15:47:44+01:00,"test: Fix more tests to work without polars (and pandas, pyarrow) (#2245)",tests/frame/invalid_test.py,Other pandas API,,Other / Manual,Other / Manual,fallback:Other,Other pandas API:\b(?:pd|pandas)\.[A-Za-z_]\w*(?:\.[A-Za-z_]\w*)*,,39,,,
Yes,narwhals-dev/narwhals,bfce451d7c7b3e519b4ec8223de47df7d9aca639,Micha_ GÃ³rny,2025-03-19T15:47:44+01:00,"test: Fix more tests to work without polars (and pandas, pyarrow) (#2245)",tests/group_by_test.py,,Other polars API,Other / Manual,Other / Manual,fallback:Other,,Other polars API:\b(?:pl|polars)\.[A-Za-z_]\w*(?:\.[A-Za-z_]\w*)*,20,,,
Yes,narwhals-dev/narwhals,bfce451d7c7b3e519b4ec8223de47df7d9aca639,Micha_ GÃ³rny,2025-03-19T15:47:44+01:00,"test: Fix more tests to work without polars (and pandas, pyarrow) (#2245)",tests/hypothesis/basic_arithmetic_test.py,,,Import/setup-only,Import/setup-only,Import/setup-only: import pandas -> import polars,,,14,,,
Yes,narwhals-dev/narwhals,bfce451d7c7b3e519b4ec8223de47df7d9aca639,Micha_ GÃ³rny,2025-03-19T15:47:44+01:00,"test: Fix more tests to work without polars (and pandas, pyarrow) (#2245)",tests/hypothesis/join_test.py,,,Import/setup-only,Import/setup-only,Import/setup-only: import pandas -> import polars,,,17,,,
Yes,narwhals-dev/narwhals,bfce451d7c7b3e519b4ec8223de47df7d9aca639,Micha_ GÃ³rny,2025-03-19T15:47:44+01:00,"test: Fix more tests to work without polars (and pandas, pyarrow) (#2245)",tests/implementation_test.py,,,Import/setup-only,Import/setup-only,Import/setup-only: import pandas -> import polars,,,21,,,
Yes,narwhals-dev/narwhals,bfce451d7c7b3e519b4ec8223de47df7d9aca639,Micha_ GÃ³rny,2025-03-19T15:47:44+01:00,"test: Fix more tests to work without polars (and pandas, pyarrow) (#2245)",tests/pickle_test.py,Other pandas API,,Other / Manual,Other / Manual,fallback:Other,Other pandas API:\b(?:pd|pandas)\.[A-Za-z_]\w*(?:\.[A-Za-z_]\w*)*,,34,,,
Yes,narwhals-dev/narwhals,bfce451d7c7b3e519b4ec8223de47df7d9aca639,Micha_ GÃ³rny,2025-03-19T15:47:44+01:00,"test: Fix more tests to work without polars (and pandas, pyarrow) (#2245)",tests/series_only/cast_test.py,,Other polars API,Other / Manual,Other / Manual,fallback:Other,,Other polars API:\b(?:pl|polars)\.[A-Za-z_]\w*(?:\.[A-Za-z_]\w*)*,43,,,
Yes,narwhals-dev/narwhals,bfce451d7c7b3e519b4ec8223de47df7d9aca639,Micha_ GÃ³rny,2025-03-19T15:47:44+01:00,"test: Fix more tests to work without polars (and pandas, pyarrow) (#2245)",tests/series_only/is_ordered_categorical_test.py,,,Import/setup-only,Import/setup-only,Import/setup-only: import pandas -> import polars,,,36,,,
Yes,narwhals-dev/narwhals,bfce451d7c7b3e519b4ec8223de47df7d9aca639,Micha_ GÃ³rny,2025-03-19T15:47:44+01:00,"test: Fix more tests to work without polars (and pandas, pyarrow) (#2245)",tests/translate/get_native_namespace_test.py,Other pandas API,,Other / Manual,Other / Manual,fallback:Other,Other pandas API:\b(?:pd|pandas)\.[A-Za-z_]\w*(?:\.[A-Za-z_]\w*)*,,42,,,
Yes,narwhals-dev/narwhals,bfce451d7c7b3e519b4ec8223de47df7d9aca639,Micha_ GÃ³rny,2025-03-19T15:47:44+01:00,"test: Fix more tests to work without polars (and pandas, pyarrow) (#2245)",tests/translate/narwhalify_test.py,Other pandas API,Other polars API,Other / Manual,Other / Manual,fallback:Other,Other pandas API:\b(?:pd|pandas)\.[A-Za-z_]\w*(?:\.[A-Za-z_]\w*)*,Other polars API:\b(?:pl|polars)\.[A-Za-z_]\w*(?:\.[A-Za-z_]\w*)*,107,,,
Yes,narwhals-dev/narwhals,bfce451d7c7b3e519b4ec8223de47df7d9aca639,Micha_ GÃ³rny,2025-03-19T15:47:44+01:00,"test: Fix more tests to work without polars (and pandas, pyarrow) (#2245)",tests/translate/stable_narwhalify_test.py,Other pandas API,Other polars API,Other / Manual,Other / Manual,fallback:Other,Other pandas API:\b(?:pd|pandas)\.[A-Za-z_]\w*(?:\.[A-Za-z_]\w*)*,Other polars API:\b(?:pl|polars)\.[A-Za-z_]\w*(?:\.[A-Za-z_]\w*)*,107,,,
Yes,narwhals-dev/narwhals,d2d55da6c07b4aafdd4f8f9f0c466bc5ddcc90c0,Marco Edward Gorelli,2025-02-17T15:22:10+00:00,chore: fix pandas-stubs issues (#2008),tests/frame/invalid_test.py,Other pandas API,Other polars API,Other / Manual,Other / Manual,fallback:Other,Other pandas API:\b(?:pd|pandas)\.[A-Za-z_]\w*(?:\.[A-Za-z_]\w*)*,Other polars API:\b(?:pl|polars)\.[A-Za-z_]\w*(?:\.[A-Za-z_]\w*)*,29,,,
Yes,narwhals-dev/narwhals,d2d55da6c07b4aafdd4f8f9f0c466bc5ddcc90c0,Marco Edward Gorelli,2025-02-17T15:22:10+00:00,chore: fix pandas-stubs issues (#2008),tests/hypothesis/basic_arithmetic_test.py,Other pandas API,Other polars API,Other / Manual,Other / Manual,fallback:Other,Other pandas API:\b(?:pd|pandas)\.[A-Za-z_]\w*(?:\.[A-Za-z_]\w*)*,Other polars API:\b(?:pl|polars)\.[A-Za-z_]\w*(?:\.[A-Za-z_]\w*)*,14,,,
Yes,narwhals-dev/narwhals,d2d55da6c07b4aafdd4f8f9f0c466bc5ddcc90c0,Marco Edward Gorelli,2025-02-17T15:22:10+00:00,chore: fix pandas-stubs issues (#2008),tests/series_only/cast_test.py,Other pandas API,Other polars API,Other / Manual,Other / Manual,fallback:Other,Other pandas API:\b(?:pd|pandas)\.[A-Za-z_]\w*(?:\.[A-Za-z_]\w*)*,Other polars API:\b(?:pl|polars)\.[A-Za-z_]\w*(?:\.[A-Za-z_]\w*)*,15,,,
Yes,narwhals-dev/narwhals,f124786b61a74af238160da441f31e07ec28db75,Dan Redding,2025-10-03T21:53:25+00:00,feat: Support `polars.UInt128` (#3138),narwhals/_polars/utils.py,Index objects,Functions,Index & pandas-specific semantics,Index & pandas-specific semantics,pandas:Index objects->Index & pandas-specific semantics|patch:index type keyword,Index objects:\b(?:pd|pandas)\.(?:Index|RangeIndex|MultiIndex|DatetimeIndex|TimedeltaIndex|PeriodIndex|IntervalIndex|CategoricalIndex)\b,Functions:\b(?:pl|polars)\.(?:from_arrow|from_dataframe|from_dict|from_dicts|from_numpy|from_pandas|from_records|from_repr|json_normalize|align_frames|concat|union|defer|escape_regex|collect_all|collect_all_async|explain_all|set_random_seed|register_extension_type|unregister_extension_type|get_extension_type|StringCache|enable_string_cache|disable_string_cache|using_string_cache)\b,45,,,
Yes,narwhals-dev/narwhals,f77cd214441ccd1cd4cce45a4782823794a2c93b,Edoardo Abati,2024-06-25T22:47:51+02:00,refactor: Refactor and reorganise tests (#336),tests/test_group_by.py,Other pandas API,Other polars API,Other / Manual,Other / Manual,fallback:Other,Other pandas API:\b(?:pd|pandas)\.[A-Za-z_]\w*(?:\.[A-Za-z_]\w*)*,Other polars API:\b(?:pl|polars)\.[A-Za-z_]\w*(?:\.[A-Za-z_]\w*)*,60,,,
Yes,narwhals-dev/narwhals,fb80986ce7e530ca3ae82a64ece8624152a71eb9,Marco Edward Gorelli,2024-07-20T21:24:09+01:00,chore: Factor out _polars from top-level Narwhals modules (i.e.: the mother of all refactors!) (#561),narwhals/translate.py,Other pandas API,Other polars API,Other / Manual,Other / Manual,fallback:Other,Other pandas API:\b(?:pd|pandas)\.[A-Za-z_]\w*(?:\.[A-Za-z_]\w*)*,Other polars API:\b(?:pl|polars)\.[A-Za-z_]\w*(?:\.[A-Za-z_]\w*)*,73,,,
Yes,narwhals-dev/narwhals,ffce1b635811eb36c2a168d51309db20fc218493,Francesco Bruzzesi,2025-01-13T16:58:26+01:00,feat: add `DataFrame` and `Series` `to_polars` (#1803),narwhals/series.py,Other pandas API,Other polars API,Other / Manual,Other / Manual,fallback:Other,Other pandas API:\b(?:pd|pandas)\.[A-Za-z_]\w*(?:\.[A-Za-z_]\w*)*,Other polars API:\b(?:pl|polars)\.[A-Za-z_]\w*(?:\.[A-Za-z_]\w*)*,68,,,
Yes,nielsen-oss/nebula,ebf0f0b82d964a3f4c06c4d40913b9107f9a11a7,Valerio.Maretti1,2025-10-26T16:23:44+01:00,python3.9 - spark==3.5.6 - pandas>=2 - polars>=1,nlsn/nebula/backend_util.py,,,Import/setup-only,Import/setup-only,Import/setup-only: import pandas -> import polars,,,71,,,
Yes,nielsen-oss/nebula,ebf0f0b82d964a3f4c06c4d40913b9107f9a11a7,Valerio.Maretti1,2025-10-26T16:23:44+01:00,python3.9 - spark==3.5.6 - pandas>=2 - polars>=1,nlsn/nebula/df_types.py,Other pandas API,Other polars API,Other / Manual,Other / Manual,fallback:Other,Other pandas API:\b(?:pd|pandas)\.[A-Za-z_]\w*(?:\.[A-Za-z_]\w*)*,Other polars API:\b(?:pl|polars)\.[A-Za-z_]\w*(?:\.[A-Za-z_]\w*)*,153,,,
Yes,nielsen-oss/nebula,ebf0f0b82d964a3f4c06c4d40913b9107f9a11a7,Valerio.Maretti1,2025-10-26T16:23:44+01:00,python3.9 - spark==3.5.6 - pandas>=2 - polars>=1,nlsn/nebula/pipelines/_df_funcs.py,General functions,Expressions - Columns/names;Functions,Aggregation & joins,Aggregation & joins,pandas:General functions->Aggregation & joins,General functions:\b(?:pd|pandas)\.(?:merge|merge_ordered|merge_asof|concat)\b,Expressions - Columns/names:\b(?:pl|polars)\.col\b|Functions:\b(?:pl|polars)\.(?:from_arrow|from_dataframe|from_dict|from_dicts|from_numpy|from_pandas|from_records|from_repr|json_normalize|align_frames|concat|union|defer|escape_regex|collect_all|collect_all_async|explain_all|set_random_seed|register_extension_type|unregister_extension_type|get_extension_type|StringCache|enable_string_cache|disable_string_cache|using_string_cache)\b,291,,,
Yes,nielsen-oss/nebula,ebf0f0b82d964a3f4c06c4d40913b9107f9a11a7,Valerio.Maretti1,2025-10-26T16:23:44+01:00,python3.9 - spark==3.5.6 - pandas>=2 - polars>=1,nlsn/nebula/shared_transformers/collection.py,Other pandas API,Expressions - Functions,Other / Manual,Other / Manual,fallback:Other,Other pandas API:\b(?:pd|pandas)\.[A-Za-z_]\w*(?:\.[A-Za-z_]\w*)*,Expressions - Functions:\b(?:pl|polars)\.(?:all|all_horizontal|any|any_horizontal|approx_n_unique|arange|arctan2|arctan2d|arg_sort_by|arg_where|business_day_count|coalesce|concat_arr|concat_list|concat_str|corr|count|cov|cum_count|cum_fold|cum_reduce|cum_sum|cum_sum_horizontal|date|date_range|date_ranges|datetime|datetime_range|datetime_ranges|duration|element|exclude|field|first|fold|format|from_epoch|groups|head|implode|int_range|int_ranges|last|len|linear_space|linear_spaces|lit|map_batches|map_groups|max|max_horizontal|mean|mean_horizontal|median|min|min_horizontal|n_unique|nth|ones|quantile|reduce|repeat|rolling_corr|rolling_cov|row_index|select|sql|sql_expr|std|struct|sum|sum_horizontal|tail|time|time_range|time_ranges|var|when|zeros)\b,695,,,
Yes,nielsen-oss/nebula,ebf0f0b82d964a3f4c06c4d40913b9107f9a11a7,Valerio.Maretti1,2025-10-26T16:23:44+01:00,python3.9 - spark==3.5.6 - pandas>=2 - polars>=1,nlsn/tests/auxiliaries.py,Other pandas API,Functions,Other / Manual,Other / Manual,fallback:Other,Other pandas API:\b(?:pd|pandas)\.[A-Za-z_]\w*(?:\.[A-Za-z_]\w*)*,Functions:\b(?:pl|polars)\.(?:from_arrow|from_dataframe|from_dict|from_dicts|from_numpy|from_pandas|from_records|from_repr|json_normalize|align_frames|concat|union|defer|escape_regex|collect_all|collect_all_async|explain_all|set_random_seed|register_extension_type|unregister_extension_type|get_extension_type|StringCache|enable_string_cache|disable_string_cache|using_string_cache)\b,181,,,
Yes,nielsen-oss/nebula,ebf0f0b82d964a3f4c06c4d40913b9107f9a11a7,Valerio.Maretti1,2025-10-26T16:23:44+01:00,python3.9 - spark==3.5.6 - pandas>=2 - polars>=1,nlsn/tests/test_pipelines/test_pandas_polars_pipelines/auxiliaries.py,Testing,Other polars API,Other / Manual,Other / Manual,fallback:Other,Testing:\b(?:pd|pandas)\.testing\.assert_(?:frame|series|index|extension_array)_equal\b,Other polars API:\b(?:pl|polars)\.[A-Za-z_]\w*(?:\.[A-Za-z_]\w*)*,255,,,
Yes,nielsen-oss/nebula,ebf0f0b82d964a3f4c06c4d40913b9107f9a11a7,Valerio.Maretti1,2025-10-26T16:23:44+01:00,python3.9 - spark==3.5.6 - pandas>=2 - polars>=1,nlsn/tests/test_pipelines/test_pandas_polars_pipelines/test_pandas_polars.py,General functions;Testing,Expressions - Columns/names;Expressions - Functions;Functions,Aggregation & joins,Aggregation & joins,pandas:General functions->Aggregation & joins,General functions:\b(?:pd|pandas)\.(?:merge|merge_ordered|merge_asof|concat)\b|Testing:\b(?:pd|pandas)\.testing\.assert_(?:frame|series|index|extension_array)_equal\b,Expressions - Columns/names:\b(?:pl|polars)\.col\b|Expressions - Functions:\b(?:pl|polars)\.(?:all|all_horizontal|any|any_horizontal|approx_n_unique|arange|arctan2|arctan2d|arg_sort_by|arg_where|business_day_count|coalesce|concat_arr|concat_list|concat_str|corr|count|cov|cum_count|cum_fold|cum_reduce|cum_sum|cum_sum_horizontal|date|date_range|date_ranges|datetime|datetime_range|datetime_ranges|duration|element|exclude|field|first|fold|format|from_epoch|groups|head|implode|int_range|int_ranges|last|len|linear_space|linear_spaces|lit|map_batches|map_groups|max|max_horizontal|mean|mean_horizontal|median|min|min_horizontal|n_unique|nth|ones|quantile|reduce|repeat|rolling_corr|rolling_cov|row_index|select|sql|sql_expr|std|struct|sum|sum_horizontal|tail|time|time_range|time_ranges|var|when|zeros)\b|Functions:\b(?:pl|polars)\.(?:from_arrow|from_dataframe|from_dict|from_dicts|from_numpy|from_pandas|from_records|from_repr|json_normalize|align_frames|concat|union|defer|escape_regex|collect_all|collect_all_async|explain_all|set_random_seed|register_extension_type|unregister_extension_type|get_extension_type|StringCache|enable_string_cache|disable_string_cache|using_string_cache)\b,1093,,,
Yes,nielsen-oss/nebula,ebf0f0b82d964a3f4c06c4d40913b9107f9a11a7,Valerio.Maretti1,2025-10-26T16:23:44+01:00,python3.9 - spark==3.5.6 - pandas>=2 - polars>=1,nlsn/tests/test_pipelines/test_pandas_polars_pipelines/test_pandas_polars_skip.py,Testing,,Other / Manual,Other / Manual,fallback:Other,Testing:\b(?:pd|pandas)\.testing\.assert_(?:frame|series|index|extension_array)_equal\b,,111,,,
Yes,nielsen-oss/nebula,ebf0f0b82d964a3f4c06c4d40913b9107f9a11a7,Valerio.Maretti1,2025-10-26T16:23:44+01:00,python3.9 - spark==3.5.6 - pandas>=2 - polars>=1,nlsn/tests/test_pipelines/test_pandas_polars_pipelines/test_pandas_polars_split_function.py,Other pandas API,Other polars API,Other / Manual,Other / Manual,fallback:Other,Other pandas API:\b(?:pd|pandas)\.[A-Za-z_]\w*(?:\.[A-Za-z_]\w*)*,Other polars API:\b(?:pl|polars)\.[A-Za-z_]\w*(?:\.[A-Za-z_]\w*)*,215,,,
Yes,nielsen-oss/nebula,ebf0f0b82d964a3f4c06c4d40913b9107f9a11a7,Valerio.Maretti1,2025-10-26T16:23:44+01:00,python3.9 - spark==3.5.6 - pandas>=2 - polars>=1,nlsn/tests/test_transformers/collection/test_pandas_polars_create_dataframe.py,Testing,Functions,Other / Manual,Other / Manual,fallback:Other,Testing:\b(?:pd|pandas)\.testing\.assert_(?:frame|series|index|extension_array)_equal\b,Functions:\b(?:pl|polars)\.(?:from_arrow|from_dataframe|from_dict|from_dicts|from_numpy|from_pandas|from_records|from_repr|json_normalize|align_frames|concat|union|defer|escape_regex|collect_all|collect_all_async|explain_all|set_random_seed|register_extension_type|unregister_extension_type|get_extension_type|StringCache|enable_string_cache|disable_string_cache|using_string_cache)\b,144,,,
Yes,nielsen-oss/nebula,ebf0f0b82d964a3f4c06c4d40913b9107f9a11a7,Valerio.Maretti1,2025-10-26T16:23:44+01:00,python3.9 - spark==3.5.6 - pandas>=2 - polars>=1,nlsn/tests/test_transformers/collection/test_pandas_polars_store_column_names.py,Other pandas API,Functions,Other / Manual,Other / Manual,fallback:Other,Other pandas API:\b(?:pd|pandas)\.[A-Za-z_]\w*(?:\.[A-Za-z_]\w*)*,Functions:\b(?:pl|polars)\.(?:from_arrow|from_dataframe|from_dict|from_dicts|from_numpy|from_pandas|from_records|from_repr|json_normalize|align_frames|concat|union|defer|escape_regex|collect_all|collect_all_async|explain_all|set_random_seed|register_extension_type|unregister_extension_type|get_extension_type|StringCache|enable_string_cache|disable_string_cache|using_string_cache)\b,55,,,
Yes,nielsen-oss/nebula,ebf0f0b82d964a3f4c06c4d40913b9107f9a11a7,Valerio.Maretti1,2025-10-26T16:23:44+01:00,python3.9 - spark==3.5.6 - pandas>=2 - polars>=1,nlsn/tests/test_transformers/collection/test_pandas_polars_store_column_values.py,Other pandas API,Functions,Other / Manual,Other / Manual,fallback:Other,Other pandas API:\b(?:pd|pandas)\.[A-Za-z_]\w*(?:\.[A-Za-z_]\w*)*,Functions:\b(?:pl|polars)\.(?:from_arrow|from_dataframe|from_dict|from_dicts|from_numpy|from_pandas|from_records|from_repr|json_normalize|align_frames|concat|union|defer|escape_regex|collect_all|collect_all_async|explain_all|set_random_seed|register_extension_type|unregister_extension_type|get_extension_type|StringCache|enable_string_cache|disable_string_cache|using_string_cache)\b,111,,,
Yes,nielsen-oss/nebula,ebf0f0b82d964a3f4c06c4d40913b9107f9a11a7,Valerio.Maretti1,2025-10-26T16:23:44+01:00,python3.9 - spark==3.5.6 - pandas>=2 - polars>=1,nlsn/tests/test_transformers/collection/test_pandas_polars_with_column.py,Testing,Functions,Other / Manual,Other / Manual,fallback:Other,Testing:\b(?:pd|pandas)\.testing\.assert_(?:frame|series|index|extension_array)_equal\b,Functions:\b(?:pl|polars)\.(?:from_arrow|from_dataframe|from_dict|from_dicts|from_numpy|from_pandas|from_records|from_repr|json_normalize|align_frames|concat|union|defer|escape_regex|collect_all|collect_all_async|explain_all|set_random_seed|register_extension_type|unregister_extension_type|get_extension_type|StringCache|enable_string_cache|disable_string_cache|using_string_cache)\b,107,,,
Yes,nielsen-oss/nebula,ebf0f0b82d964a3f4c06c4d40913b9107f9a11a7,Valerio.Maretti1,2025-10-26T16:23:44+01:00,python3.9 - spark==3.5.6 - pandas>=2 - polars>=1,nlsn/tests/test_transformers/debug/test_pandas_polars_miscellaneous.py,Other pandas API,Other polars API,Other / Manual,Other / Manual,fallback:Other,Other pandas API:\b(?:pd|pandas)\.[A-Za-z_]\w*(?:\.[A-Za-z_]\w*)*,Other polars API:\b(?:pl|polars)\.[A-Za-z_]\w*(?:\.[A-Za-z_]\w*)*,111,,,
Yes,nielsen-oss/nebula,ebf0f0b82d964a3f4c06c4d40913b9107f9a11a7,Valerio.Maretti1,2025-10-26T16:23:44+01:00,python3.9 - spark==3.5.6 - pandas>=2 - polars>=1,nlsn/tests/test_transformers/filters/test_pandas_polars_drop_duplicates.py,Other pandas API,Functions,Other / Manual,Other / Manual,fallback:Other,Other pandas API:\b(?:pd|pandas)\.[A-Za-z_]\w*(?:\.[A-Za-z_]\w*)*,Functions:\b(?:pl|polars)\.(?:from_arrow|from_dataframe|from_dict|from_dicts|from_numpy|from_pandas|from_records|from_repr|json_normalize|align_frames|concat|union|defer|escape_regex|collect_all|collect_all_async|explain_all|set_random_seed|register_extension_type|unregister_extension_type|get_extension_type|StringCache|enable_string_cache|disable_string_cache|using_string_cache)\b,99,,,
Yes,nielsen-oss/nebula,ebf0f0b82d964a3f4c06c4d40913b9107f9a11a7,Valerio.Maretti1,2025-10-26T16:23:44+01:00,python3.9 - spark==3.5.6 - pandas>=2 - polars>=1,nlsn/tests/test_transformers/schema/test_pandas_polars_sort_column_names.py,Other pandas API,Functions,Other / Manual,Other / Manual,fallback:Other,Other pandas API:\b(?:pd|pandas)\.[A-Za-z_]\w*(?:\.[A-Za-z_]\w*)*,Functions:\b(?:pl|polars)\.(?:from_arrow|from_dataframe|from_dict|from_dicts|from_numpy|from_pandas|from_records|from_repr|json_normalize|align_frames|concat|union|defer|escape_regex|collect_all|collect_all_async|explain_all|set_random_seed|register_extension_type|unregister_extension_type|get_extension_type|StringCache|enable_string_cache|disable_string_cache|using_string_cache)\b,59,,,
Yes,nielsen-oss/nebula,ebf0f0b82d964a3f4c06c4d40913b9107f9a11a7,Valerio.Maretti1,2025-10-26T16:23:44+01:00,python3.9 - spark==3.5.6 - pandas>=2 - polars>=1,nlsn/tests/test_transformers/test_columns/test_pandas_polars_select_columns.py,Other pandas API,Other polars API,Other / Manual,Other / Manual,fallback:Other,Other pandas API:\b(?:pd|pandas)\.[A-Za-z_]\w*(?:\.[A-Za-z_]\w*)*,Other polars API:\b(?:pl|polars)\.[A-Za-z_]\w*(?:\.[A-Za-z_]\w*)*,93,,,
No,opensource-observer/oso,8b6c0129a92874d54517f6ea126674b24cba6149,Reuven Gonzales,2024-12-18T19:00:34-08:00,Use polars and do an async write to gcs (#2672),warehouse/metrics_tools/compute/worker.py,General functions,Functions,Aggregation & joins,Aggregation & joins,pandas:General functions->Aggregation & joins,General functions:\b(?:pd|pandas)\.(?:merge|merge_ordered|merge_asof|concat)\b,Functions:\b(?:pl|polars)\.(?:from_arrow|from_dataframe|from_dict|from_dicts|from_numpy|from_pandas|from_records|from_repr|json_normalize|align_frames|concat|union|defer|escape_regex|collect_all|collect_all_async|explain_all|set_random_seed|register_extension_type|unregister_extension_type|get_extension_type|StringCache|enable_string_cache|disable_string_cache|using_string_cache)\b,45,,,
Yes,paucablop/chemotools,26ac41470d0a81ba46af54f6e202b922c6fb57e3,paucablop,2024-02-11T15:09:23+01:00,extend polars support to provided datasets,chemotools/datasets/_base.py,Input/output,Input/output - CSV,IO boundary,IO boundary,pandas:Input/output->IO boundary,Input/output:\b(?:pd|pandas)\.read_(?:pickle|table|csv|fwf|clipboard|excel|json|html|xml|hdf|feather|parquet|iceberg|orc|sas|spss|stata)\b,Input/output - CSV:\b(?:pl|polars)\.(?:read_csv|read_csv_batched|scan_csv)\b,123,,,
Yes,posit-dev/great-tables,cc6e783f5c7190f2d15c498f4d88ef2e30bb0159,Michael Chow,2023-11-28T15:30:48-05:00,feat: polars selectors usable in tab_spanners and cols_ funcs,great_tables/_tbl_data.py,,Selectors,Other / Manual,Other / Manual,fallback:Other,,Selectors:\b(?:pl|polars)\.selectors?\b,19,,,
Yes,posit-dev/positron,06723e14b478de4afd79c88066001fc3cc89bfab,Wasim Lorgat,2025-07-18T20:36:01+02:00,Python: Safely and efficiently compute variable display values (#8545),extensions/positron-python/python_files/posit/positron/tests/test_inspectors.py,Other pandas API,Other polars API,Other / Manual,Other / Manual,fallback:Other,Other pandas API:\b(?:pd|pandas)\.[A-Za-z_]\w*(?:\.[A-Za-z_]\w*)*,Other polars API:\b(?:pl|polars)\.[A-Za-z_]\w*(?:\.[A-Za-z_]\w*)*,249,,,
Yes,posit-dev/positron,06d3a022bf0a830e02a533c598f895b606c50077,Wes McKinney,2024-07-10T02:12:17-05:00,"Data Explorer: Add ""search_schema"" support for polars, add 'match data types' support, introduce ""column filter"" RPC type, refactor row filters a bit (#3904)",extensions/positron-python/python_files/positron/positron_ipykernel/tests/test_data_explorer.py,Index objects,Other polars API,Index & pandas-specific semantics,Index & pandas-specific semantics,pandas:Index objects->Index & pandas-specific semantics|patch:index type keyword,Index objects:\b(?:pd|pandas)\.(?:Index|RangeIndex|MultiIndex|DatetimeIndex|TimedeltaIndex|PeriodIndex|IntervalIndex|CategoricalIndex)\b,Other polars API:\b(?:pl|polars)\.[A-Za-z_]\w*(?:\.[A-Za-z_]\w*)*,136,,,
Yes,posit-dev/positron,08d4f2ef0b9e72a3a5633e7059c2d950c8bd80c2,Wasim Lorgat,2024-06-06T15:18:55-05:00,Variables: Handle repeated pandas column labels when inspecting; Rework variables service tests (#3426),extensions/positron-python/python_files/positron/positron_ipykernel/inspectors.py,Other pandas API,Other polars API,Other / Manual,Other / Manual,fallback:Other,Other pandas API:\b(?:pd|pandas)\.[A-Za-z_]\w*(?:\.[A-Za-z_]\w*)*,Other polars API:\b(?:pl|polars)\.[A-Za-z_]\w*(?:\.[A-Za-z_]\w*)*,63,,,
Yes,posit-dev/positron,08d4f2ef0b9e72a3a5633e7059c2d950c8bd80c2,Wasim Lorgat,2024-06-06T15:18:55-05:00,Variables: Handle repeated pandas column labels when inspecting; Rework variables service tests (#3426),extensions/positron-python/python_files/positron/positron_ipykernel/tests/test_inspectors.py,Other pandas API,Other polars API,Other / Manual,Other / Manual,fallback:Other,Other pandas API:\b(?:pd|pandas)\.[A-Za-z_]\w*(?:\.[A-Za-z_]\w*)*,Other polars API:\b(?:pl|polars)\.[A-Za-z_]\w*(?:\.[A-Za-z_]\w*)*,16,,,
Yes,posit-dev/positron,08d4f2ef0b9e72a3a5633e7059c2d950c8bd80c2,Wasim Lorgat,2024-06-06T15:18:55-05:00,Variables: Handle repeated pandas column labels when inspecting; Rework variables service tests (#3426),extensions/positron-python/python_files/positron/positron_ipykernel/tests/test_variables.py,Other pandas API,Other polars API,Other / Manual,Other / Manual,fallback:Other,Other pandas API:\b(?:pd|pandas)\.[A-Za-z_]\w*(?:\.[A-Za-z_]\w*)*,Other polars API:\b(?:pl|polars)\.[A-Za-z_]\w*(?:\.[A-Za-z_]\w*)*,396,,,
Yes,posit-dev/positron,19caff4f584a675cb66699040dba061d66d0dde9,Wasim Lorgat,2023-12-13T09:22:09-06:00,Support pandas and polars dataframe column completion; include dataframe/series preview in completions (posit-dev/positron-python#276),extensions/positron-python/pythonFiles/positron/inspectors.py,Index objects,Other polars API,Index & pandas-specific semantics,Index & pandas-specific semantics,pandas:Index objects->Index & pandas-specific semantics|patch:index type keyword,Index objects:\b(?:pd|pandas)\.(?:Index|RangeIndex|MultiIndex|DatetimeIndex|TimedeltaIndex|PeriodIndex|IntervalIndex|CategoricalIndex)\b,Other polars API:\b(?:pl|polars)\.[A-Za-z_]\w*(?:\.[A-Za-z_]\w*)*,28,,,
Yes,posit-dev/positron,305df01497d1fc25e70ec5c14ee96924db711b70,Wes McKinney,2024-01-25T09:56:33-06:00,"Preliminary Data Tool comm implementation, pandas support for getting values and several filter types (posit-dev/positron-python#316)",extensions/positron-python/pythonFiles/tests/positron/test_variables.py,Other pandas API,Other polars API,Other / Manual,Other / Manual,fallback:Other,Other pandas API:\b(?:pd|pandas)\.[A-Za-z_]\w*(?:\.[A-Za-z_]\w*)*,Other polars API:\b(?:pl|polars)\.[A-Za-z_]\w*(?:\.[A-Za-z_]\w*)*,61,,,
Yes,posit-dev/positron,47d689f16b26f48407f2a347e99ebc97228f76a4,Wasim Lorgat,2025-01-31T14:10:56+02:00,Fix some language server features not working in the console and in Jupyter notebooks e.g. hover and signature help (#6140),extensions/positron-python/python_files/posit/positron/tests/test_positron_jedilsp.py,Other pandas API,Other polars API,Other / Manual,Other / Manual,fallback:Other,Other pandas API:\b(?:pd|pandas)\.[A-Za-z_]\w*(?:\.[A-Za-z_]\w*)*,Other polars API:\b(?:pl|polars)\.[A-Za-z_]\w*(?:\.[A-Za-z_]\w*)*,666,,,
Yes,posit-dev/positron,4845cccf4fdf7405dcb7810051239d7e356f0a2d,Pete Farland,2023-03-29T15:29:40-05:00,Env comm: add awareness for ndarray and pandas series (posit-dev/positron-python#54),extensions/positron-python/pythonFiles/positron_ipkernel.py,Other pandas API,Other polars API,Other / Manual,Other / Manual,fallback:Other,Other pandas API:\b(?:pd|pandas)\.[A-Za-z_]\w*(?:\.[A-Za-z_]\w*)*,Other polars API:\b(?:pl|polars)\.[A-Za-z_]\w*(?:\.[A-Za-z_]\w*)*,487,,,
Yes,posit-dev/positron,4d8266f3bbf8488768230f91a5c82b273f0732da,Wes McKinney,2024-07-01T11:08:46-05:00,"Data Explorer: Add polars sorting and row filtering speed up get_data_values, process schema changes to invalidate filters and sort columns (#3672)",extensions/positron-python/python_files/positron/positron_ipykernel/data_explorer.py,Other pandas API,Series - Manipulation/selection,Other / Manual,Other / Manual,fallback:Other,Other pandas API:\b(?:pd|pandas)\.[A-Za-z_]\w*(?:\.[A-Za-z_]\w*)*,Series - Manipulation/selection:\b(?:pl|polars)\.Series\.(?:__getitem__|alias|append|arg_sort|backward_fill|bottom_k|bottom_k_by|cast|ceil|clear|clip|clone|cut|drop_nans|drop_nulls|explode|extend|extend_constant|fill_nan|fill_null|filter|floor|forward_fill|gather|gather_every|head|interpolate|interpolate_by|item|limit|new_from_index|qcut|rechunk|rename|repeat_by|reshape|reverse|rle|rle_id|round|round_sig_figs|sample|scatter|set|shift|shrink_dtype|shrink_to_fit|shuffle|slice|sort|tail|to_dummies|top_k|top_k_by|unique|zip_with)\b,1047,,,
Yes,posit-dev/positron,4d8266f3bbf8488768230f91a5c82b273f0732da,Wes McKinney,2024-07-01T11:08:46-05:00,"Data Explorer: Add polars sorting and row filtering speed up get_data_values, process schema changes to invalidate filters and sort columns (#3672)",extensions/positron-python/python_files/positron/positron_ipykernel/tests/test_data_explorer.py,General functions,DataFrame - Manipulation/selection;Expressions - Columns/names,Aggregation & joins,Aggregation & joins,pandas:General functions->Aggregation & joins,General functions:\b(?:pd|pandas)\.(?:to_numeric|to_datetime|to_timedelta)\b,DataFrame - Manipulation/selection:\b(?:pl|polars)\.DataFrame\.(?:__getitem__|__setitem__|bottom_k|cast|clear|clone|drop|drop_in_place|drop_nans|drop_nulls|explode|extend|fill_nan|fill_null|filter|gather_every|get_column|get_column_index|get_columns|group_by|group_by_dynamic|head|hstack|insert_column|interpolate|item|iter_columns|iter_rows|iter_slices|join|join_asof|join_where|limit|match_to_schema|melt|merge_sorted|partition_by|pipe|pivot|rechunk|remove|rename|replace_column|reverse|rolling|row|rows|rows_by_key|sample|select|select_seq|set_sorted|shift|shrink_to_fit|slice|sort|sql|tail|to_dummies|to_series|top_k|transpose|unique|unnest|unpivot|unstack|update|upsample|vstack|with_columns|with_columns_seq|with_row_count|with_row_index)\b|Expressions - Columns/names:\b(?:pl|polars)\.col\b,890,,,
Yes,posit-dev/positron,70ff9be527e1a7e14b55497668736e9b09117c41,Wes McKinney,2024-06-05T21:45:19-05:00,Variables: Handle repeated pandas row labels when inspecting  (#3414),extensions/positron-python/python_files/positron/positron_ipykernel/tests/test_inspectors.py,Other pandas API,Other polars API,Other / Manual,Other / Manual,fallback:Other,Other pandas API:\b(?:pd|pandas)\.[A-Za-z_]\w*(?:\.[A-Za-z_]\w*)*,Other polars API:\b(?:pl|polars)\.[A-Za-z_]\w*(?:\.[A-Za-z_]\w*)*,31,,,
Yes,posit-dev/positron,80ecfa6f6f4ea8671c5d76807a3fbdb00d82965d,Isabel Zimmerman,2025-09-24T06:26:39-07:00,support previewing ibis tables in data explorer (#9393),extensions/positron-python/python_files/posit/positron/inspectors.py,Index objects,Other polars API,Index & pandas-specific semantics,Index & pandas-specific semantics,pandas:Index objects->Index & pandas-specific semantics|patch:index type keyword,Index objects:\b(?:pd|pandas)\.(?:Index|RangeIndex|MultiIndex|DatetimeIndex|TimedeltaIndex|PeriodIndex|IntervalIndex|CategoricalIndex)\b,Other polars API:\b(?:pl|polars)\.[A-Za-z_]\w*(?:\.[A-Za-z_]\w*)*,81,,,
Yes,posit-dev/positron,a02c561fd7b8ed2bfa344f8feb3693e14bdf4ea1,Wes McKinney,2025-03-12T15:40:44-05:00,"Data Explorer: Support pandas.CategoricalDtype, polars.Categorical, enable sparklines for Polars (#6739)",extensions/positron-python/python_files/posit/positron/data_explorer.py,Other pandas API,Other polars API,Other / Manual,Other / Manual,fallback:Other,Other pandas API:\b(?:pd|pandas)\.[A-Za-z_]\w*(?:\.[A-Za-z_]\w*)*,Other polars API:\b(?:pl|polars)\.[A-Za-z_]\w*(?:\.[A-Za-z_]\w*)*,89,,,
Yes,posit-dev/positron,a28877b9552fa86984e3463ee5ea183770dd787f,Wes McKinney,2024-07-22T08:00:00-05:00,Data Explorer: work around errors caused by upgrading from polars 0.20.x to 1.2.x (#4105),extensions/positron-python/python_files/positron/positron_ipykernel/tests/test_data_explorer.py,General functions,Expressions - Functions,Aggregation & joins,Aggregation & joins,pandas:General functions->Aggregation & joins,General functions:\b(?:pd|pandas)\.(?:date_range|bdate_range|period_range|timedelta_range|infer_freq|interval_range)\b,Expressions - Functions:\b(?:pl|polars)\.(?:all|all_horizontal|any|any_horizontal|approx_n_unique|arange|arctan2|arctan2d|arg_sort_by|arg_where|business_day_count|coalesce|concat_arr|concat_list|concat_str|corr|count|cov|cum_count|cum_fold|cum_reduce|cum_sum|cum_sum_horizontal|date|date_range|date_ranges|datetime|datetime_range|datetime_ranges|duration|element|exclude|field|first|fold|format|from_epoch|groups|head|implode|int_range|int_ranges|last|len|linear_space|linear_spaces|lit|map_batches|map_groups|max|max_horizontal|mean|mean_horizontal|median|min|min_horizontal|n_unique|nth|ones|quantile|reduce|repeat|rolling_corr|rolling_cov|row_index|select|sql|sql_expr|std|struct|sum|sum_horizontal|tail|time|time_range|time_ranges|var|when|zeros)\b,36,,,
Yes,posit-dev/positron,b0ad1b05a2af0dfa848300c7de0a4b77a5cb5597,Isabel Zimmerman,2025-08-22T06:43:23-07:00,data explorer: `polars` convert to code backend (#9077),extensions/positron-python/python_files/posit/positron/tests/test_convert.py,Other pandas API,Expressions - Columns/names;Expressions - Functions,Other / Manual,Other / Manual,fallback:Other,Other pandas API:\b(?:pd|pandas)\.[A-Za-z_]\w*(?:\.[A-Za-z_]\w*)*,Expressions - Columns/names:\b(?:pl|polars)\.col\b|Expressions - Functions:\b(?:pl|polars)\.(?:all|all_horizontal|any|any_horizontal|approx_n_unique|arange|arctan2|arctan2d|arg_sort_by|arg_where|business_day_count|coalesce|concat_arr|concat_list|concat_str|corr|count|cov|cum_count|cum_fold|cum_reduce|cum_sum|cum_sum_horizontal|date|date_range|date_ranges|datetime|datetime_range|datetime_ranges|duration|element|exclude|field|first|fold|format|from_epoch|groups|head|implode|int_range|int_ranges|last|len|linear_space|linear_spaces|lit|map_batches|map_groups|max|max_horizontal|mean|mean_horizontal|median|min|min_horizontal|n_unique|nth|ones|quantile|reduce|repeat|rolling_corr|rolling_cov|row_index|select|sql|sql_expr|std|struct|sum|sum_horizontal|tail|time|time_range|time_ranges|var|when|zeros)\b,303,,,
Yes,posit-dev/positron,bd62a61e9ea6063c1d793c911ddc148701e6df31,Wes McKinney,2024-07-30T12:45:02-05:00,Data Explorer: Add schema cache for small schemas to facilitate checking for inplace updates with pandas and polars (#4184),extensions/positron-python/python_files/positron/positron_ipykernel/data_explorer.py,Other pandas API,Other polars API,Other / Manual,Other / Manual,fallback:Other,Other pandas API:\b(?:pd|pandas)\.[A-Za-z_]\w*(?:\.[A-Za-z_]\w*)*,Other polars API:\b(?:pl|polars)\.[A-Za-z_]\w*(?:\.[A-Za-z_]\w*)*,606,,,
Yes,posit-dev/positron,bd62a61e9ea6063c1d793c911ddc148701e6df31,Wes McKinney,2024-07-30T12:45:02-05:00,Data Explorer: Add schema cache for small schemas to facilitate checking for inplace updates with pandas and polars (#4184),extensions/positron-python/python_files/positron/positron_ipykernel/tests/test_data_explorer.py,Other pandas API,Other polars API,Other / Manual,Other / Manual,fallback:Other,Other pandas API:\b(?:pd|pandas)\.[A-Za-z_]\w*(?:\.[A-Za-z_]\w*)*,Other polars API:\b(?:pl|polars)\.[A-Za-z_]\w*(?:\.[A-Za-z_]\w*)*,128,,,
Yes,posit-dev/positron,c68ab28752b9ba894ca42c0d1418d08a4e23af51,Wes McKinney,2024-07-18T13:47:46-05:00,Data Explorer: Add summary stats profiling for polars (#4038),extensions/positron-python/python_files/positron/positron_ipykernel/data_explorer.py,Other pandas API,Other polars API,Other / Manual,Other / Manual,fallback:Other,Other pandas API:\b(?:pd|pandas)\.[A-Za-z_]\w*(?:\.[A-Za-z_]\w*)*,Other polars API:\b(?:pl|polars)\.[A-Za-z_]\w*(?:\.[A-Za-z_]\w*)*,435,,,
Yes,posit-dev/positron,de4823ecbc2f8ec326483affca1f1b5dd6fc5d39,Wasim Lorgat,2023-11-08T08:48:32-06:00,support pandas indexes in the environment pane (posit-dev/positron-python#248),extensions/positron-python/pythonFiles/positron/inspectors.py,Other pandas API,Other polars API,Other / Manual,Other / Manual,fallback:Other,Other pandas API:\b(?:pd|pandas)\.[A-Za-z_]\w*(?:\.[A-Za-z_]\w*)*,Other polars API:\b(?:pl|polars)\.[A-Za-z_]\w*(?:\.[A-Za-z_]\w*)*,66,,,
Yes,posit-dev/positron,de4823ecbc2f8ec326483affca1f1b5dd6fc5d39,Wasim Lorgat,2023-11-08T08:48:32-06:00,support pandas indexes in the environment pane (posit-dev/positron-python#248),extensions/positron-python/pythonFiles/tests/positron/test_environment.py,Other pandas API,Other polars API,Other / Manual,Other / Manual,fallback:Other,Other pandas API:\b(?:pd|pandas)\.[A-Za-z_]\w*(?:\.[A-Za-z_]\w*)*,Other polars API:\b(?:pl|polars)\.[A-Za-z_]\w*(?:\.[A-Za-z_]\w*)*,102,,,
No,saturdata/resources,2255b9378ed92f38328f403a9e2cd95dc475303f,Shifra Williams,2025-10-16T23:45:02-07:00,fix: polars errors,season-1/sql/resource.py,Input/output;General functions,Expressions - Columns/names;Input/output - CSV,IO boundary,IO boundary;Aggregation & joins,pandas:Input/output->IO boundary|pandas:General functions->Aggregation & joins,Input/output:\b(?:pd|pandas)\.read_(?:pickle|table|csv|fwf|clipboard|excel|json|html|xml|hdf|feather|parquet|iceberg|orc|sas|spss|stata)\b|General functions:\b(?:pd|pandas)\.(?:to_numeric|to_datetime|to_timedelta)\b,Expressions - Columns/names:\b(?:pl|polars)\.col\b|Input/output - CSV:\b(?:pl|polars)\.(?:read_csv|read_csv_batched|scan_csv)\b,63,,,
No,seojaeohcode/atio,b12b951cbc64f7e64322f4c8c3d1572773c7e31e,realstone3639,2025-07-21T11:32:00+09:00,"pandas numpy polars ë©___ ì§_ ë° ___ ì¶__, WRITER_MAPPING êµ¡° ë³ê²",atomicwriter/plugins.py,,Other polars API,Other / Manual,Other / Manual,fallback:Other,,Other polars API:\b(?:pl|polars)\.[A-Za-z_]\w*(?:\.[A-Za-z_]\w*)*,109,,,
Yes,ultralytics/ultralytics,bcb1961a9b611380ac70e3e6f516fb5c794805bb,Jing Qiu,2025-08-26T13:22:44+08:00,"refactor: __ switch core data ops from `pandas` to `polars` (training, benchmarks, plotting, W&B) (#21619)",ultralytics/engine/trainer.py,Input/output,Input/output - CSV,IO boundary,IO boundary,pandas:Input/output->IO boundary,Input/output:\b(?:pd|pandas)\.read_(?:pickle|table|csv|fwf|clipboard|excel|json|html|xml|hdf|feather|parquet|iceberg|orc|sas|spss|stata)\b,Input/output - CSV:\b(?:pl|polars)\.(?:read_csv|read_csv_batched|scan_csv)\b,12,,,
Yes,ultralytics/ultralytics,bcb1961a9b611380ac70e3e6f516fb5c794805bb,Jing Qiu,2025-08-26T13:22:44+08:00,"refactor: __ switch core data ops from `pandas` to `polars` (training, benchmarks, plotting, W&B) (#21619)",ultralytics/utils/__init__.py,Other pandas API,Expressions - Columns/names,Other / Manual,Other / Manual,fallback:Other,Other pandas API:\b(?:pd|pandas)\.[A-Za-z_]\w*(?:\.[A-Za-z_]\w*)*,Expressions - Columns/names:\b(?:pl|polars)\.col\b,134,,,
Yes,ultralytics/ultralytics,bcb1961a9b611380ac70e3e6f516fb5c794805bb,Jing Qiu,2025-08-26T13:22:44+08:00,"refactor: __ switch core data ops from `pandas` to `polars` (training, benchmarks, plotting, W&B) (#21619)",ultralytics/utils/benchmarks.py,General functions;Options and settings;Missing values,Config,Aggregation & joins,Aggregation & joins;Missing values;Other / Manual,pandas:General functions->Aggregation & joins|pandas:Missing values->Missing values|polars:Config->Other / Manual,General functions:\b(?:pd|pandas)\.(?:isna|isnull|notna|notnull)\b|Options and settings:\b(?:pd|pandas)\.options\.|Missing values:\b(?:pd|pandas)\.(?:isna|isnull|notna|notnull)\b,Config:\b(?:pl|polars)\.Config\.\w+\b,28,,,
Yes,ultralytics/ultralytics,bcb1961a9b611380ac70e3e6f516fb5c794805bb,Jing Qiu,2025-08-26T13:22:44+08:00,"refactor: __ switch core data ops from `pandas` to `polars` (training, benchmarks, plotting, W&B) (#21619)",ultralytics/utils/callbacks/wb.py,Other pandas API,Selectors,Other / Manual,Other / Manual,fallback:Other,Other pandas API:\b(?:pd|pandas)\.[A-Za-z_]\w*(?:\.[A-Za-z_]\w*)*,Selectors:\b(?:pl|polars)\.selectors?\b,19,,,
Yes,ultralytics/ultralytics,bcb1961a9b611380ac70e3e6f516fb5c794805bb,Jing Qiu,2025-08-26T13:22:44+08:00,"refactor: __ switch core data ops from `pandas` to `polars` (training, benchmarks, plotting, W&B) (#21619)",ultralytics/utils/plotting.py,Input/output,Input/output - CSV,IO boundary,IO boundary,pandas:Input/output->IO boundary,Input/output:\b(?:pd|pandas)\.read_(?:pickle|table|csv|fwf|clipboard|excel|json|html|xml|hdf|feather|parquet|iceberg|orc|sas|spss|stata)\b,Input/output - CSV:\b(?:pl|polars)\.(?:read_csv|read_csv_batched|scan_csv)\b,46,,,
Yes,vangberg/pdit,635cb8a0ac9e1facea06ef94a297339fc2ca1eea,Harry Vangberg,2025-12-02T12:36:23+01:00,Address PR review comments,rdit/executor.py,General functions;Missing values,Other polars API,Aggregation & joins,Aggregation & joins;Missing values,pandas:General functions->Aggregation & joins|pandas:Missing values->Missing values,General functions:\b(?:pd|pandas)\.(?:isna|isnull|notna|notnull)\b|Missing values:\b(?:pd|pandas)\.(?:isna|isnull|notna|notnull)\b,Other polars API:\b(?:pl|polars)\.[A-Za-z_]\w*(?:\.[A-Za-z_]\w*)*,82,,,
Yes,vedantparikh/portfolia,ad8e199ff71035eb803c4287ae77f17128a8d33c,Vedant Parikh,2025-08-26T21:11:20+02:00,feat(PA-9): moves from pandas to polars for better performance and adds unit tests,portfolio/python/api/market/stock.py,Other pandas API,Expressions - Columns/names;Functions,Other / Manual,Other / Manual,fallback:Other,Other pandas API:\b(?:pd|pandas)\.[A-Za-z_]\w*(?:\.[A-Za-z_]\w*)*,Expressions - Columns/names:\b(?:pl|polars)\.col\b|Functions:\b(?:pl|polars)\.(?:from_arrow|from_dataframe|from_dict|from_dicts|from_numpy|from_pandas|from_records|from_repr|json_normalize|align_frames|concat|union|defer|escape_regex|collect_all|collect_all_async|explain_all|set_random_seed|register_extension_type|unregister_extension_type|get_extension_type|StringCache|enable_string_cache|disable_string_cache|using_string_cache)\b,20,,,
Yes,vedantparikh/portfolia,ad8e199ff71035eb803c4287ae77f17128a8d33c,Vedant Parikh,2025-08-26T21:11:20+02:00,feat(PA-9): moves from pandas to polars for better performance and adds unit tests,portfolio/python/api/statistical_indicators/base.py,Other pandas API,Other polars API,Other / Manual,Other / Manual,fallback:Other,Other pandas API:\b(?:pd|pandas)\.[A-Za-z_]\w*(?:\.[A-Za-z_]\w*)*,Other polars API:\b(?:pl|polars)\.[A-Za-z_]\w*(?:\.[A-Za-z_]\w*)*,13,,,
Yes,vedantparikh/portfolia,ad8e199ff71035eb803c4287ae77f17128a8d33c,Vedant Parikh,2025-08-26T21:11:20+02:00,feat(PA-9): moves from pandas to polars for better performance and adds unit tests,portfolio/python/api/statistical_indicators/momentum_indicators.py,Other pandas API,Expressions - Columns/names;Expressions - Functions,Other / Manual,Other / Manual,fallback:Other,Other pandas API:\b(?:pd|pandas)\.[A-Za-z_]\w*(?:\.[A-Za-z_]\w*)*,Expressions - Columns/names:\b(?:pl|polars)\.col\b|Expressions - Functions:\b(?:pl|polars)\.(?:all|all_horizontal|any|any_horizontal|approx_n_unique|arange|arctan2|arctan2d|arg_sort_by|arg_where|business_day_count|coalesce|concat_arr|concat_list|concat_str|corr|count|cov|cum_count|cum_fold|cum_reduce|cum_sum|cum_sum_horizontal|date|date_range|date_ranges|datetime|datetime_range|datetime_ranges|duration|element|exclude|field|first|fold|format|from_epoch|groups|head|implode|int_range|int_ranges|last|len|linear_space|linear_spaces|lit|map_batches|map_groups|max|max_horizontal|mean|mean_horizontal|median|min|min_horizontal|n_unique|nth|ones|quantile|reduce|repeat|rolling_corr|rolling_cov|row_index|select|sql|sql_expr|std|struct|sum|sum_horizontal|tail|time|time_range|time_ranges|var|when|zeros)\b,219,,,
Yes,vedantparikh/portfolia,ad8e199ff71035eb803c4287ae77f17128a8d33c,Vedant Parikh,2025-08-26T21:11:20+02:00,feat(PA-9): moves from pandas to polars for better performance and adds unit tests,portfolio/python/api/statistical_indicators/trend_indicators.py,Other pandas API,Expressions - Columns/names;Expressions - Functions,Other / Manual,Other / Manual,fallback:Other,Other pandas API:\b(?:pd|pandas)\.[A-Za-z_]\w*(?:\.[A-Za-z_]\w*)*,Expressions - Columns/names:\b(?:pl|polars)\.col\b|Expressions - Functions:\b(?:pl|polars)\.(?:all|all_horizontal|any|any_horizontal|approx_n_unique|arange|arctan2|arctan2d|arg_sort_by|arg_where|business_day_count|coalesce|concat_arr|concat_list|concat_str|corr|count|cov|cum_count|cum_fold|cum_reduce|cum_sum|cum_sum_horizontal|date|date_range|date_ranges|datetime|datetime_range|datetime_ranges|duration|element|exclude|field|first|fold|format|from_epoch|groups|head|implode|int_range|int_ranges|last|len|linear_space|linear_spaces|lit|map_batches|map_groups|max|max_horizontal|mean|mean_horizontal|median|min|min_horizontal|n_unique|nth|ones|quantile|reduce|repeat|rolling_corr|rolling_cov|row_index|select|sql|sql_expr|std|struct|sum|sum_horizontal|tail|time|time_range|time_ranges|var|when|zeros)\b,354,,,
Yes,vedantparikh/portfolia,ad8e199ff71035eb803c4287ae77f17128a8d33c,Vedant Parikh,2025-08-26T21:11:20+02:00,feat(PA-9): moves from pandas to polars for better performance and adds unit tests,portfolio/python/api/statistical_indicators/volatility_indicators.py,Other pandas API,Expressions - Columns/names;Expressions - Functions,Other / Manual,Other / Manual,fallback:Other,Other pandas API:\b(?:pd|pandas)\.[A-Za-z_]\w*(?:\.[A-Za-z_]\w*)*,Expressions - Columns/names:\b(?:pl|polars)\.col\b|Expressions - Functions:\b(?:pl|polars)\.(?:all|all_horizontal|any|any_horizontal|approx_n_unique|arange|arctan2|arctan2d|arg_sort_by|arg_where|business_day_count|coalesce|concat_arr|concat_list|concat_str|corr|count|cov|cum_count|cum_fold|cum_reduce|cum_sum|cum_sum_horizontal|date|date_range|date_ranges|datetime|datetime_range|datetime_ranges|duration|element|exclude|field|first|fold|format|from_epoch|groups|head|implode|int_range|int_ranges|last|len|linear_space|linear_spaces|lit|map_batches|map_groups|max|max_horizontal|mean|mean_horizontal|median|min|min_horizontal|n_unique|nth|ones|quantile|reduce|repeat|rolling_corr|rolling_cov|row_index|select|sql|sql_expr|std|struct|sum|sum_horizontal|tail|time|time_range|time_ranges|var|when|zeros)\b,260,,,
Yes,vedantparikh/portfolia,ad8e199ff71035eb803c4287ae77f17128a8d33c,Vedant Parikh,2025-08-26T21:11:20+02:00,feat(PA-9): moves from pandas to polars for better performance and adds unit tests,portfolio/python/api/statistical_indicators/volume_indicators.py,Other pandas API,Expressions - Columns/names;Expressions - Functions,Other / Manual,Other / Manual,fallback:Other,Other pandas API:\b(?:pd|pandas)\.[A-Za-z_]\w*(?:\.[A-Za-z_]\w*)*,Expressions - Columns/names:\b(?:pl|polars)\.col\b|Expressions - Functions:\b(?:pl|polars)\.(?:all|all_horizontal|any|any_horizontal|approx_n_unique|arange|arctan2|arctan2d|arg_sort_by|arg_where|business_day_count|coalesce|concat_arr|concat_list|concat_str|corr|count|cov|cum_count|cum_fold|cum_reduce|cum_sum|cum_sum_horizontal|date|date_range|date_ranges|datetime|datetime_range|datetime_ranges|duration|element|exclude|field|first|fold|format|from_epoch|groups|head|implode|int_range|int_ranges|last|len|linear_space|linear_spaces|lit|map_batches|map_groups|max|max_horizontal|mean|mean_horizontal|median|min|min_horizontal|n_unique|nth|ones|quantile|reduce|repeat|rolling_corr|rolling_cov|row_index|select|sql|sql_expr|std|struct|sum|sum_horizontal|tail|time|time_range|time_ranges|var|when|zeros)\b,258,,,
Yes,vedantparikh/portfolia,ad8e199ff71035eb803c4287ae77f17128a8d33c,Vedant Parikh,2025-08-26T21:11:20+02:00,feat(PA-9): moves from pandas to polars for better performance and adds unit tests,portfolio/python/api/trading_strategy/trend_strategy/gfs_strategy/gfs.py,Other pandas API,Functions,Other / Manual,Other / Manual,fallback:Other,Other pandas API:\b(?:pd|pandas)\.[A-Za-z_]\w*(?:\.[A-Za-z_]\w*)*,Functions:\b(?:pl|polars)\.(?:from_arrow|from_dataframe|from_dict|from_dicts|from_numpy|from_pandas|from_records|from_repr|json_normalize|align_frames|concat|union|defer|escape_regex|collect_all|collect_all_async|explain_all|set_random_seed|register_extension_type|unregister_extension_type|get_extension_type|StringCache|enable_string_cache|disable_string_cache|using_string_cache)\b,181,,,
Yes,vedantparikh/portfolia,ad8e199ff71035eb803c4287ae77f17128a8d33c,Vedant Parikh,2025-08-26T21:11:20+02:00,feat(PA-9): moves from pandas to polars for better performance and adds unit tests,portfolio/python/api/trading_strategy/trend_strategy/macd_strategy.py,Other pandas API,Expressions - Columns/names;Expressions - Functions;Functions,Other / Manual,Other / Manual,fallback:Other,Other pandas API:\b(?:pd|pandas)\.[A-Za-z_]\w*(?:\.[A-Za-z_]\w*)*,Expressions - Columns/names:\b(?:pl|polars)\.col\b|Expressions - Functions:\b(?:pl|polars)\.(?:all|all_horizontal|any|any_horizontal|approx_n_unique|arange|arctan2|arctan2d|arg_sort_by|arg_where|business_day_count|coalesce|concat_arr|concat_list|concat_str|corr|count|cov|cum_count|cum_fold|cum_reduce|cum_sum|cum_sum_horizontal|date|date_range|date_ranges|datetime|datetime_range|datetime_ranges|duration|element|exclude|field|first|fold|format|from_epoch|groups|head|implode|int_range|int_ranges|last|len|linear_space|linear_spaces|lit|map_batches|map_groups|max|max_horizontal|mean|mean_horizontal|median|min|min_horizontal|n_unique|nth|ones|quantile|reduce|repeat|rolling_corr|rolling_cov|row_index|select|sql|sql_expr|std|struct|sum|sum_horizontal|tail|time|time_range|time_ranges|var|when|zeros)\b|Functions:\b(?:pl|polars)\.(?:from_arrow|from_dataframe|from_dict|from_dicts|from_numpy|from_pandas|from_records|from_repr|json_normalize|align_frames|concat|union|defer|escape_regex|collect_all|collect_all_async|explain_all|set_random_seed|register_extension_type|unregister_extension_type|get_extension_type|StringCache|enable_string_cache|disable_string_cache|using_string_cache)\b,158,,,
Yes,vertti/daffy,072b09620585324840b570f908cfba3367702ef3,Janne Sinivirta,2025-01-12T16:21:32+02:00,"implement full support for Polars dataframes, parametrize tests to use both",daffy/decorators.py,Other pandas API,Other polars API,Other / Manual,Other / Manual,fallback:Other,Other pandas API:\b(?:pd|pandas)\.[A-Za-z_]\w*(?:\.[A-Za-z_]\w*)*,Other polars API:\b(?:pl|polars)\.[A-Za-z_]\w*(?:\.[A-Za-z_]\w*)*,29,,,
Yes,vertti/daffy,072b09620585324840b570f908cfba3367702ef3,Janne Sinivirta,2025-01-12T16:21:32+02:00,"implement full support for Polars dataframes, parametrize tests to use both",tests/test_decorators.py,Testing,Data types,Other / Manual,Other / Manual,fallback:Other,Testing:\b(?:pd|pandas)\.testing\.assert_(?:frame|series|index|extension_array)_equal\b,Data types:\b(?:pl|polars)\.datatypes\.\w+\b,294,,,
Yes,vertti/daffy,29a6c922edf55982ee9b5a704f806327a9dad62c,Janne Sinivirta,2025-03-10T14:27:21+02:00,import pandas-stubs and fix tests and mypy,tests/test_df_log.py,Other pandas API,Other polars API,Other / Manual,Other / Manual,fallback:Other,Other pandas API:\b(?:pd|pandas)\.[A-Za-z_]\w*(?:\.[A-Za-z_]\w*)*,Other polars API:\b(?:pl|polars)\.[A-Za-z_]\w*(?:\.[A-Za-z_]\w*)*,7,,,
Yes,vertti/daffy,4a0fe2f9d8a17c432d108c53db978e42c4ca2df9,Janne Sinivirta,2025-09-22T09:25:23+03:00,make import of pandas or polars optional (#34),daffy/decorators.py,,,Import/setup-only,Import/setup-only,Import/setup-only: import pandas -> import polars,,,27,,,
Yes,vertti/daffy,4a0fe2f9d8a17c432d108c53db978e42c4ca2df9,Janne Sinivirta,2025-09-22T09:25:23+03:00,make import of pandas or polars optional (#34),daffy/utils.py,Other pandas API,Other polars API,Other / Manual,Other / Manual,fallback:Other,Other pandas API:\b(?:pd|pandas)\.[A-Za-z_]\w*(?:\.[A-Za-z_]\w*)*,Other polars API:\b(?:pl|polars)\.[A-Za-z_]\w*(?:\.[A-Za-z_]\w*)*,102,,,
Yes,vertti/daffy,958b892541143a311ad9d7afe02963c5dcd352c6,Janne Sinivirta,2025-12-16T21:03:04+02:00,Parametrize test_nullable.py for pandas/polars,tests/test_nullable.py,Other pandas API,Other polars API,Other / Manual,Other / Manual,fallback:Other,Other pandas API:\b(?:pd|pandas)\.[A-Za-z_]\w*(?:\.[A-Za-z_]\w*)*,Other polars API:\b(?:pl|polars)\.[A-Za-z_]\w*(?:\.[A-Za-z_]\w*)*,209,,,
Yes,vertti/daffy,c50cb863f9e70e8c3b80c097f247f93e02863a93,Janne Sinivirta,2025-01-12T12:39:55+02:00,add initial support for polars dataframes,daffy/decorators.py,Other pandas API,Other polars API,Other / Manual,Other / Manual,fallback:Other,Other pandas API:\b(?:pd|pandas)\.[A-Za-z_]\w*(?:\.[A-Za-z_]\w*)*,Other polars API:\b(?:pl|polars)\.[A-Za-z_]\w*(?:\.[A-Za-z_]\w*)*,16,,,
Yes,vertti/daffy,c50cb863f9e70e8c3b80c097f247f93e02863a93,Janne Sinivirta,2025-01-12T12:39:55+02:00,add initial support for polars dataframes,tests/test_decorators.py,Other pandas API,Other polars API,Other / Manual,Other / Manual,fallback:Other,Other pandas API:\b(?:pd|pandas)\.[A-Za-z_]\w*(?:\.[A-Za-z_]\w*)*,Other polars API:\b(?:pl|polars)\.[A-Za-z_]\w*(?:\.[A-Za-z_]\w*)*,39,,,
Yes,vertti/daffy,cd14a33e51c08fa5e239224158cae2c2a1b61c40,Janne Sinivirta,2025-11-26T13:36:37+02:00,Modernize type hints and simplify code patterns,daffy/dataframe_types.py,Other pandas API,Other polars API,Other / Manual,Other / Manual,fallback:Other,Other pandas API:\b(?:pd|pandas)\.[A-Za-z_]\w*(?:\.[A-Za-z_]\w*)*,Other polars API:\b(?:pl|polars)\.[A-Za-z_]\w*(?:\.[A-Za-z_]\w*)*,28,,,
Yes,vertti/daffy,cd14a33e51c08fa5e239224158cae2c2a1b61c40,Janne Sinivirta,2025-11-26T13:36:37+02:00,Modernize type hints and simplify code patterns,daffy/utils.py,Other pandas API,Other polars API,Other / Manual,Other / Manual,fallback:Other,Other pandas API:\b(?:pd|pandas)\.[A-Za-z_]\w*(?:\.[A-Za-z_]\w*)*,Other polars API:\b(?:pl|polars)\.[A-Za-z_]\w*(?:\.[A-Za-z_]\w*)*,27,,,
Yes,vertti/daffy,d43cbdb2528f1f6ec0ff9395204e42f2a5660bd7,Janne Sinivirta,2025-12-17T13:13:04+02:00,Parametrize optional column tests for pandas/polars,tests/test_optional_columns.py,Other pandas API,Other polars API,Other / Manual,Other / Manual,fallback:Other,Other pandas API:\b(?:pd|pandas)\.[A-Za-z_]\w*(?:\.[A-Za-z_]\w*)*,Other polars API:\b(?:pl|polars)\.[A-Za-z_]\w*(?:\.[A-Za-z_]\w*)*,279,,,
No,vietvudanh/vietlott-data,21d8f289920880233784c376c4091785f98ac1ae,Viet VU,2025-10-31T11:45:24+07:00,Make column names unique before Polars conversion Make column names unique before Polars conversion,src/render_readme.py,Other pandas API,Other polars API,Other / Manual,Other / Manual,fallback:Other,Other pandas API:\b(?:pd|pandas)\.[A-Za-z_]\w*(?:\.[A-Za-z_]\w*)*,Other polars API:\b(?:pl|polars)\.[A-Za-z_]\w*(?:\.[A-Za-z_]\w*)*,41,,,
No,vietvudanh/vietlott-data,70cc5c8c095da43fe18639a77b7de07454c60ffa,Copilot,2025-12-01T11:52:24+07:00,Refactor ML code into isolated src/machine_learning module with optional dependencies (#29),src/render_readme.py,General functions,Expressions - Columns/names;Functions,Aggregation & joins,Aggregation & joins,pandas:General functions->Aggregation & joins,General functions:\b(?:pd|pandas)\.(?:merge|merge_ordered|merge_asof|concat)\b,Expressions - Columns/names:\b(?:pl|polars)\.col\b|Functions:\b(?:pl|polars)\.(?:from_arrow|from_dataframe|from_dict|from_dicts|from_numpy|from_pandas|from_records|from_repr|json_normalize|align_frames|concat|union|defer|escape_regex|collect_all|collect_all_async|explain_all|set_random_seed|register_extension_type|unregister_extension_type|get_extension_type|StringCache|enable_string_cache|disable_string_cache|using_string_cache)\b,276,,,
Yes,visivo-io/visivo,79e5f0d813180c8c0893ef02c41fc05b6499076a,Jared Jesionek,2025-06-18T13:41:00-04:00,Jared/replace pandas with polars (#258),tests/models/models/test_local_merge_model.py,,Other polars API,Other / Manual,Other / Manual,fallback:Other,,Other polars API:\b(?:pl|polars)\.[A-Za-z_]\w*(?:\.[A-Za-z_]\w*)*,17,,,
Yes,visivo-io/visivo,79e5f0d813180c8c0893ef02c41fc05b6499076a,Jared Jesionek,2025-06-18T13:41:00-04:00,Jared/replace pandas with polars (#258),visivo/models/models/csv_script_model.py,Input/output,Input/output - CSV,IO boundary,IO boundary,pandas:Input/output->IO boundary,Input/output:\b(?:pd|pandas)\.read_(?:pickle|table|csv|fwf|clipboard|excel|json|html|xml|hdf|feather|parquet|iceberg|orc|sas|spss|stata)\b,Input/output - CSV:\b(?:pl|polars)\.(?:read_csv|read_csv_batched|scan_csv)\b,76,,,
Yes,visivo-io/visivo,79e5f0d813180c8c0893ef02c41fc05b6499076a,Jared Jesionek,2025-06-18T13:41:00-04:00,Jared/replace pandas with polars (#258),visivo/models/sources/sqlalchemy_source.py,,Other polars API,Other / Manual,Other / Manual,fallback:Other,,Other polars API:\b(?:pl|polars)\.[A-Za-z_]\w*(?:\.[A-Za-z_]\w*)*,25,,,
Yes,visivo-io/visivo,79e5f0d813180c8c0893ef02c41fc05b6499076a,Jared Jesionek,2025-06-18T13:41:00-04:00,Jared/replace pandas with polars (#258),visivo/query/aggregator.py,,Expressions - Columns/names;Input/output - JSON,Other / Manual,Other / Manual,fallback:Other,,Expressions - Columns/names:\b(?:pl|polars)\.col\b|Input/output - JSON:\b(?:pl|polars)\.(?:read_json|read_ndjson|scan_ndjson)\b,47,,,
No,vpduchuynh/ims-coding-agent,5aa6145c2baf47bd36b24bd39118ccdb5046e853,copilot-swe-agent[bot],2025-06-06T09:13:14+00:00,Migrate data_io.py and reporting.py from pandas to polars,src/data_io.py,Input/output;General functions;Missing values,Expressions - Columns/names;Input/output - CSV;Input/output - Excel,IO boundary,IO boundary;Aggregation & joins;Missing values,pandas:Input/output->IO boundary|pandas:General functions->Aggregation & joins|pandas:Missing values->Missing values,Input/output:\b(?:pd|pandas)\.read_(?:pickle|table|csv|fwf|clipboard|excel|json|html|xml|hdf|feather|parquet|iceberg|orc|sas|spss|stata)\b|General functions:\b(?:pd|pandas)\.(?:to_numeric|to_datetime|to_timedelta)\b|Missing values:\b(?:pd|pandas)\.(?:isna|isnull|notna|notnull)\b,Expressions - Columns/names:\b(?:pl|polars)\.col\b|Input/output - CSV:\b(?:pl|polars)\.(?:read_csv|read_csv_batched|scan_csv)\b|Input/output - Excel:\b(?:pl|polars)\.(?:read_excel|read_ods)\b,118,,,
No,vpduchuynh/ims-coding-agent,5aa6145c2baf47bd36b24bd39118ccdb5046e853,copilot-swe-agent[bot],2025-06-06T09:13:14+00:00,Migrate data_io.py and reporting.py from pandas to polars,src/reporting.py,Other pandas API,Other polars API,Other / Manual,Other / Manual,fallback:Other,Other pandas API:\b(?:pd|pandas)\.[A-Za-z_]\w*(?:\.[A-Za-z_]\w*)*,Other polars API:\b(?:pl|polars)\.[A-Za-z_]\w*(?:\.[A-Za-z_]\w*)*,30,,,
No,xoity/schedule-finder,adebe71396cc0773c381640da7eb60b796e1b605,Mohammad Abu-Khader,2025-04-06T12:27:33+04:00,Replace pandas with polars for improved performance in data handling; update requirements.txt accordingly,app.py,Input/output,Expressions - Columns/names;Input/output - CSV,IO boundary,IO boundary,pandas:Input/output->IO boundary,Input/output:\b(?:pd|pandas)\.read_(?:pickle|table|csv|fwf|clipboard|excel|json|html|xml|hdf|feather|parquet|iceberg|orc|sas|spss|stata)\b,Expressions - Columns/names:\b(?:pl|polars)\.col\b|Input/output - CSV:\b(?:pl|polars)\.(?:read_csv|read_csv_batched|scan_csv)\b,78,,,
Yes,y9c/metagene,413a84a293cde0904d895c21f9f4481795abce35,copilot-swe-agent[bot],2025-10-30T20:10:04+00:00,Replace pyranges1 and pandas with ruranges and polars,metagene/overlap.py,General functions,Expressions - Columns/names;Expressions - Functions;Functions,Aggregation & joins,Aggregation & joins,pandas:General functions->Aggregation & joins,General functions:\b(?:pd|pandas)\.(?:merge|merge_ordered|merge_asof|concat)\b,Expressions - Columns/names:\b(?:pl|polars)\.col\b|Expressions - Functions:\b(?:pl|polars)\.(?:all|all_horizontal|any|any_horizontal|approx_n_unique|arange|arctan2|arctan2d|arg_sort_by|arg_where|business_day_count|coalesce|concat_arr|concat_list|concat_str|corr|count|cov|cum_count|cum_fold|cum_reduce|cum_sum|cum_sum_horizontal|date|date_range|date_ranges|datetime|datetime_range|datetime_ranges|duration|element|exclude|field|first|fold|format|from_epoch|groups|head|implode|int_range|int_ranges|last|len|linear_space|linear_spaces|lit|map_batches|map_groups|max|max_horizontal|mean|mean_horizontal|median|min|min_horizontal|n_unique|nth|ones|quantile|reduce|repeat|rolling_corr|rolling_cov|row_index|select|sql|sql_expr|std|struct|sum|sum_horizontal|tail|time|time_range|time_ranges|var|when|zeros)\b|Functions:\b(?:pl|polars)\.(?:from_arrow|from_dataframe|from_dict|from_dicts|from_numpy|from_pandas|from_records|from_repr|json_normalize|align_frames|concat|union|defer|escape_regex|collect_all|collect_all_async|explain_all|set_random_seed|register_extension_type|unregister_extension_type|get_extension_type|StringCache|enable_string_cache|disable_string_cache|using_string_cache)\b,246,,,
