pair_id,repo,sha,file_path,pair_stem,before_path,after_path,patch_path,test_label,match_status,file_status,macro_primary_old,macro_all_old,patch_lines_file_old
AroneyS__binchicken__05afd8785eb79c5ad01bcf2355520c80ffb16739__001,AroneyS/binchicken,05afd8785eb79c5ad01bcf2355520c80ffb16739,ibis/workflow/scripts/evaluate.py,ibis__workflow__scripts__evaluate.py,first_isolated_migrations_artifacts/AroneyS__binchicken/05afd8785eb79c5ad01bcf2355520c80ffb16739/ibis__workflow__scripts__evaluate.py.before.py,first_isolated_migrations_artifacts/AroneyS__binchicken/05afd8785eb79c5ad01bcf2355520c80ffb16739/ibis__workflow__scripts__evaluate.py.after.py,first_isolated_migrations_artifacts/AroneyS__binchicken/05afd8785eb79c5ad01bcf2355520c80ffb16739/ibis__workflow__scripts__evaluate.py.patch,Yes,exact_match,complete,IO boundary,IO boundary;Aggregation & joins;Missing values;Core dataframe transforms,
AroneyS__binchicken__05afd8785eb79c5ad01bcf2355520c80ffb16739__002,AroneyS/binchicken,05afd8785eb79c5ad01bcf2355520c80ffb16739,test/test_evaluate_script.py,test__test_evaluate_script.py,first_isolated_migrations_artifacts/AroneyS__binchicken/05afd8785eb79c5ad01bcf2355520c80ffb16739/test__test_evaluate_script.py.before.py,first_isolated_migrations_artifacts/AroneyS__binchicken/05afd8785eb79c5ad01bcf2355520c80ffb16739/test__test_evaluate_script.py.after.py,first_isolated_migrations_artifacts/AroneyS__binchicken/05afd8785eb79c5ad01bcf2355520c80ffb16739/test__test_evaluate_script.py.patch,Yes,exact_match,complete,Core dataframe transforms,Core dataframe transforms,
AroneyS__binchicken__1f8af3a3bfc0d137d8a76cb5a2bd6c484e6650ed__001,AroneyS/binchicken,1f8af3a3bfc0d137d8a76cb5a2bd6c484e6650ed,ibis/workflow/scripts/target_elusive.py,ibis__workflow__scripts__target_elusive.py,first_isolated_migrations_artifacts/AroneyS__binchicken/1f8af3a3bfc0d137d8a76cb5a2bd6c484e6650ed/ibis__workflow__scripts__target_elusive.py.before.py,first_isolated_migrations_artifacts/AroneyS__binchicken/1f8af3a3bfc0d137d8a76cb5a2bd6c484e6650ed/ibis__workflow__scripts__target_elusive.py.after.py,first_isolated_migrations_artifacts/AroneyS__binchicken/1f8af3a3bfc0d137d8a76cb5a2bd6c484e6650ed/ibis__workflow__scripts__target_elusive.py.patch,Yes,exact_match,complete,IO boundary,IO boundary;Core dataframe transforms;Types & schema;Other / Manual,
AroneyS__binchicken__83c126954359efe0b6c3a339afe1d466ac675dd5__001,AroneyS/binchicken,83c126954359efe0b6c3a339afe1d466ac675dd5,ibis/workflow/scripts/collect_reference_bins.py,ibis__workflow__scripts__collect_reference_bins.py,first_isolated_migrations_artifacts/AroneyS__binchicken/83c126954359efe0b6c3a339afe1d466ac675dd5/ibis__workflow__scripts__collect_reference_bins.py.before.py,first_isolated_migrations_artifacts/AroneyS__binchicken/83c126954359efe0b6c3a339afe1d466ac675dd5/ibis__workflow__scripts__collect_reference_bins.py.after.py,first_isolated_migrations_artifacts/AroneyS__binchicken/83c126954359efe0b6c3a339afe1d466ac675dd5/ibis__workflow__scripts__collect_reference_bins.py.patch,Yes,exact_match,complete,IO boundary,IO boundary;Core dataframe transforms;Other / Manual,
AroneyS__binchicken__83c126954359efe0b6c3a339afe1d466ac675dd5__002,AroneyS/binchicken,83c126954359efe0b6c3a339afe1d466ac675dd5,test/test_collect_reference_bins.py,test__test_collect_reference_bins.py,first_isolated_migrations_artifacts/AroneyS__binchicken/83c126954359efe0b6c3a339afe1d466ac675dd5/test__test_collect_reference_bins.py.before.py,first_isolated_migrations_artifacts/AroneyS__binchicken/83c126954359efe0b6c3a339afe1d466ac675dd5/test__test_collect_reference_bins.py.after.py,first_isolated_migrations_artifacts/AroneyS__binchicken/83c126954359efe0b6c3a339afe1d466ac675dd5/test__test_collect_reference_bins.py.patch,Yes,exact_match,complete,Core dataframe transforms,Core dataframe transforms,
AroneyS__binchicken__92e35040b869ded08ec8660091f49024221a9ffb__001,AroneyS/binchicken,92e35040b869ded08ec8660091f49024221a9ffb,ibis/workflow/scripts/query_processing.py,ibis__workflow__scripts__query_processing.py,first_isolated_migrations_artifacts/AroneyS__binchicken/92e35040b869ded08ec8660091f49024221a9ffb/ibis__workflow__scripts__query_processing.py.before.py,first_isolated_migrations_artifacts/AroneyS__binchicken/92e35040b869ded08ec8660091f49024221a9ffb/ibis__workflow__scripts__query_processing.py.after.py,first_isolated_migrations_artifacts/AroneyS__binchicken/92e35040b869ded08ec8660091f49024221a9ffb/ibis__workflow__scripts__query_processing.py.patch,Yes,exact_match,complete,IO boundary,IO boundary;Core dataframe transforms,
AroneyS__binchicken__92e35040b869ded08ec8660091f49024221a9ffb__002,AroneyS/binchicken,92e35040b869ded08ec8660091f49024221a9ffb,test/test_query_processing.py,test__test_query_processing.py,first_isolated_migrations_artifacts/AroneyS__binchicken/92e35040b869ded08ec8660091f49024221a9ffb/test__test_query_processing.py.before.py,first_isolated_migrations_artifacts/AroneyS__binchicken/92e35040b869ded08ec8660091f49024221a9ffb/test__test_query_processing.py.after.py,first_isolated_migrations_artifacts/AroneyS__binchicken/92e35040b869ded08ec8660091f49024221a9ffb/test__test_query_processing.py.patch,Yes,exact_match,complete,Core dataframe transforms,Core dataframe transforms,
AroneyS__binchicken__a841955a96a654d4c6a2642489313a1371d8cf0c__001,AroneyS/binchicken,a841955a96a654d4c6a2642489313a1371d8cf0c,ibis/workflow/scripts/summarise_coassemblies.py,ibis__workflow__scripts__summarise_coassemblies.py,first_isolated_migrations_artifacts/AroneyS__binchicken/a841955a96a654d4c6a2642489313a1371d8cf0c/ibis__workflow__scripts__summarise_coassemblies.py.before.py,first_isolated_migrations_artifacts/AroneyS__binchicken/a841955a96a654d4c6a2642489313a1371d8cf0c/ibis__workflow__scripts__summarise_coassemblies.py.after.py,first_isolated_migrations_artifacts/AroneyS__binchicken/a841955a96a654d4c6a2642489313a1371d8cf0c/ibis__workflow__scripts__summarise_coassemblies.py.patch,Yes,exact_match,complete,IO boundary,IO boundary;Core dataframe transforms;Other / Manual,
AroneyS__binchicken__caa7094a184c2d5abebb7327da697bc1410e0f07__001,AroneyS/binchicken,caa7094a184c2d5abebb7327da697bc1410e0f07,test/test_target_elusive.py,test__test_target_elusive.py,first_isolated_migrations_artifacts/AroneyS__binchicken/caa7094a184c2d5abebb7327da697bc1410e0f07/test__test_target_elusive.py.before.py,first_isolated_migrations_artifacts/AroneyS__binchicken/caa7094a184c2d5abebb7327da697bc1410e0f07/test__test_target_elusive.py.after.py,first_isolated_migrations_artifacts/AroneyS__binchicken/caa7094a184c2d5abebb7327da697bc1410e0f07/test__test_target_elusive.py.patch,Yes,exact_match,complete,Core dataframe transforms,Core dataframe transforms;Types & schema,
AroneyS__binchicken__d90ed4166222bbba558a0d3015bbecf07e19ce1a__001,AroneyS/binchicken,d90ed4166222bbba558a0d3015bbecf07e19ce1a,ibis/ibis.py,ibis__ibis.py,first_isolated_migrations_artifacts/AroneyS__binchicken/d90ed4166222bbba558a0d3015bbecf07e19ce1a/ibis__ibis.py.before.py,first_isolated_migrations_artifacts/AroneyS__binchicken/d90ed4166222bbba558a0d3015bbecf07e19ce1a/ibis__ibis.py.after.py,first_isolated_migrations_artifacts/AroneyS__binchicken/d90ed4166222bbba558a0d3015bbecf07e19ce1a/ibis__ibis.py.patch,Yes,exact_match,complete,IO boundary,IO boundary;Core dataframe transforms,
GenomicMedLab__cool-seq-tool__774f17e7f286b83924de6f76b21933ecfe4a787e__001,GenomicMedLab/cool-seq-tool,774f17e7f286b83924de6f76b21933ecfe4a787e,cool_seq_tool/mappers/mane_transcript.py,cool_seq_tool__mappers__mane_transcript.py,first_isolated_migrations_artifacts/GenomicMedLab__cool-seq-tool/774f17e7f286b83924de6f76b21933ecfe4a787e/cool_seq_tool__mappers__mane_transcript.py.before.py,first_isolated_migrations_artifacts/GenomicMedLab__cool-seq-tool/774f17e7f286b83924de6f76b21933ecfe4a787e/cool_seq_tool__mappers__mane_transcript.py.after.py,first_isolated_migrations_artifacts/GenomicMedLab__cool-seq-tool/774f17e7f286b83924de6f76b21933ecfe4a787e/cool_seq_tool__mappers__mane_transcript.py.patch,Yes,exact_match,complete,Core dataframe transforms,Core dataframe transforms;Types & schema,
GenomicMedLab__cool-seq-tool__774f17e7f286b83924de6f76b21933ecfe4a787e__002,GenomicMedLab/cool-seq-tool,774f17e7f286b83924de6f76b21933ecfe4a787e,cool_seq_tool/sources/mane_transcript_mappings.py,cool_seq_tool__sources__mane_transcript_mappings.py,first_isolated_migrations_artifacts/GenomicMedLab__cool-seq-tool/774f17e7f286b83924de6f76b21933ecfe4a787e/cool_seq_tool__sources__mane_transcript_mappings.py.before.py,first_isolated_migrations_artifacts/GenomicMedLab__cool-seq-tool/774f17e7f286b83924de6f76b21933ecfe4a787e/cool_seq_tool__sources__mane_transcript_mappings.py.after.py,first_isolated_migrations_artifacts/GenomicMedLab__cool-seq-tool/774f17e7f286b83924de6f76b21933ecfe4a787e/cool_seq_tool__sources__mane_transcript_mappings.py.patch,Yes,exact_match,complete,IO boundary,IO boundary;Core dataframe transforms,
GenomicMedLab__cool-seq-tool__774f17e7f286b83924de6f76b21933ecfe4a787e__003,GenomicMedLab/cool-seq-tool,774f17e7f286b83924de6f76b21933ecfe4a787e,cool_seq_tool/sources/uta_database.py,cool_seq_tool__sources__uta_database.py,first_isolated_migrations_artifacts/GenomicMedLab__cool-seq-tool/774f17e7f286b83924de6f76b21933ecfe4a787e/cool_seq_tool__sources__uta_database.py.before.py,first_isolated_migrations_artifacts/GenomicMedLab__cool-seq-tool/774f17e7f286b83924de6f76b21933ecfe4a787e/cool_seq_tool__sources__uta_database.py.after.py,first_isolated_migrations_artifacts/GenomicMedLab__cool-seq-tool/774f17e7f286b83924de6f76b21933ecfe4a787e/cool_seq_tool__sources__uta_database.py.patch,Yes,exact_match,complete,Core dataframe transforms,Core dataframe transforms,
GenomicMedLab__cool-seq-tool__774f17e7f286b83924de6f76b21933ecfe4a787e__004,GenomicMedLab/cool-seq-tool,774f17e7f286b83924de6f76b21933ecfe4a787e,tests/mappers/test_mane_transcript.py,tests__mappers__test_mane_transcript.py,first_isolated_migrations_artifacts/GenomicMedLab__cool-seq-tool/774f17e7f286b83924de6f76b21933ecfe4a787e/tests__mappers__test_mane_transcript.py.before.py,first_isolated_migrations_artifacts/GenomicMedLab__cool-seq-tool/774f17e7f286b83924de6f76b21933ecfe4a787e/tests__mappers__test_mane_transcript.py.after.py,first_isolated_migrations_artifacts/GenomicMedLab__cool-seq-tool/774f17e7f286b83924de6f76b21933ecfe4a787e/tests__mappers__test_mane_transcript.py.patch,Yes,exact_match,complete,Core dataframe transforms,Core dataframe transforms,
IBM__Hestia-GOOD__66d0385f5e189e68f9d623511eb9a1720b931c2e__001,IBM/Hestia-GOOD,66d0385f5e189e68f9d623511eb9a1720b931c2e,hestia/similarity.py,hestia__similarity.py,first_isolated_migrations_artifacts/IBM__Hestia-GOOD/66d0385f5e189e68f9d623511eb9a1720b931c2e/hestia__similarity.py.before.py,first_isolated_migrations_artifacts/IBM__Hestia-GOOD/66d0385f5e189e68f9d623511eb9a1720b931c2e/hestia__similarity.py.after.py,first_isolated_migrations_artifacts/IBM__Hestia-GOOD/66d0385f5e189e68f9d623511eb9a1720b931c2e/hestia__similarity.py.patch,Yes,exact_match,complete,IO boundary,IO boundary;Aggregation & joins;Core dataframe transforms;Types & schema,
IBM__Hestia-GOOD__d61792da3b9bdc8abe5e76e1ac0d56ab6509522c__001,IBM/Hestia-GOOD,d61792da3b9bdc8abe5e76e1ac0d56ab6509522c,hestia/similarity.py,hestia__similarity.py,first_isolated_migrations_artifacts/IBM__Hestia-GOOD/d61792da3b9bdc8abe5e76e1ac0d56ab6509522c/hestia__similarity.py.before.py,first_isolated_migrations_artifacts/IBM__Hestia-GOOD/d61792da3b9bdc8abe5e76e1ac0d56ab6509522c/hestia__similarity.py.after.py,first_isolated_migrations_artifacts/IBM__Hestia-GOOD/d61792da3b9bdc8abe5e76e1ac0d56ab6509522c/hestia__similarity.py.patch,Yes,exact_match,complete,IO boundary,IO boundary;Aggregation & joins;Core dataframe transforms;Types & schema,
IsaacCheng9__quant-trading-strategy-backtester__15a378d050e45a38d4a3d3bb54dbeeb9814b4844__001,IsaacCheng9/quant-trading-strategy-backtester,15a378d050e45a38d4a3d3bb54dbeeb9814b4844,src/quant_trading_strategy_backtester/app.py,src__quant_trading_strategy_backtester__app.py,first_isolated_migrations_artifacts/IsaacCheng9__quant-trading-strategy-backtester/15a378d050e45a38d4a3d3bb54dbeeb9814b4844/src__quant_trading_strategy_backtester__app.py.before.py,first_isolated_migrations_artifacts/IsaacCheng9__quant-trading-strategy-backtester/15a378d050e45a38d4a3d3bb54dbeeb9814b4844/src__quant_trading_strategy_backtester__app.py.after.py,first_isolated_migrations_artifacts/IsaacCheng9__quant-trading-strategy-backtester/15a378d050e45a38d4a3d3bb54dbeeb9814b4844/src__quant_trading_strategy_backtester__app.py.patch,Yes,exact_match,complete,Core dataframe transforms,Core dataframe transforms,
IsaacCheng9__quant-trading-strategy-backtester__15a378d050e45a38d4a3d3bb54dbeeb9814b4844__002,IsaacCheng9/quant-trading-strategy-backtester,15a378d050e45a38d4a3d3bb54dbeeb9814b4844,src/quant_trading_strategy_backtester/optimiser.py,src__quant_trading_strategy_backtester__optimiser.py,first_isolated_migrations_artifacts/IsaacCheng9__quant-trading-strategy-backtester/15a378d050e45a38d4a3d3bb54dbeeb9814b4844/src__quant_trading_strategy_backtester__optimiser.py.before.py,first_isolated_migrations_artifacts/IsaacCheng9__quant-trading-strategy-backtester/15a378d050e45a38d4a3d3bb54dbeeb9814b4844/src__quant_trading_strategy_backtester__optimiser.py.after.py,first_isolated_migrations_artifacts/IsaacCheng9__quant-trading-strategy-backtester/15a378d050e45a38d4a3d3bb54dbeeb9814b4844/src__quant_trading_strategy_backtester__optimiser.py.patch,Yes,exact_match,complete,Core dataframe transforms,Core dataframe transforms,
IsaacCheng9__quant-trading-strategy-backtester__15a378d050e45a38d4a3d3bb54dbeeb9814b4844__003,IsaacCheng9/quant-trading-strategy-backtester,15a378d050e45a38d4a3d3bb54dbeeb9814b4844,src/quant_trading_strategy_backtester/strategy_templates.py,src__quant_trading_strategy_backtester__strategy_templates.py,first_isolated_migrations_artifacts/IsaacCheng9__quant-trading-strategy-backtester/15a378d050e45a38d4a3d3bb54dbeeb9814b4844/src__quant_trading_strategy_backtester__strategy_templates.py.before.py,first_isolated_migrations_artifacts/IsaacCheng9__quant-trading-strategy-backtester/15a378d050e45a38d4a3d3bb54dbeeb9814b4844/src__quant_trading_strategy_backtester__strategy_templates.py.after.py,first_isolated_migrations_artifacts/IsaacCheng9__quant-trading-strategy-backtester/15a378d050e45a38d4a3d3bb54dbeeb9814b4844/src__quant_trading_strategy_backtester__strategy_templates.py.patch,Yes,exact_match,complete,Core dataframe transforms,Core dataframe transforms,
IsaacCheng9__quant-trading-strategy-backtester__334c4e6972cb99f2e8fad0176233aeac8fcb59f2__001,IsaacCheng9/quant-trading-strategy-backtester,334c4e6972cb99f2e8fad0176233aeac8fcb59f2,src/quant_trading_strategy_backtester/data.py,src__quant_trading_strategy_backtester__data.py,first_isolated_migrations_artifacts/IsaacCheng9__quant-trading-strategy-backtester/334c4e6972cb99f2e8fad0176233aeac8fcb59f2/src__quant_trading_strategy_backtester__data.py.before.py,first_isolated_migrations_artifacts/IsaacCheng9__quant-trading-strategy-backtester/334c4e6972cb99f2e8fad0176233aeac8fcb59f2/src__quant_trading_strategy_backtester__data.py.after.py,first_isolated_migrations_artifacts/IsaacCheng9__quant-trading-strategy-backtester/334c4e6972cb99f2e8fad0176233aeac8fcb59f2/src__quant_trading_strategy_backtester__data.py.patch,Yes,exact_match,complete,IO boundary,IO boundary;Core dataframe transforms,
IsaacCheng9__quant-trading-strategy-backtester__4cef06ed345678a3820f6106a060324c147d164e__001,IsaacCheng9/quant-trading-strategy-backtester,4cef06ed345678a3820f6106a060324c147d164e,tests/test_backtester.py,tests__test_backtester.py,first_isolated_migrations_artifacts/IsaacCheng9__quant-trading-strategy-backtester/4cef06ed345678a3820f6106a060324c147d164e/tests__test_backtester.py.before.py,first_isolated_migrations_artifacts/IsaacCheng9__quant-trading-strategy-backtester/4cef06ed345678a3820f6106a060324c147d164e/tests__test_backtester.py.after.py,first_isolated_migrations_artifacts/IsaacCheng9__quant-trading-strategy-backtester/4cef06ed345678a3820f6106a060324c147d164e/tests__test_backtester.py.patch,Yes,exact_match,complete,Aggregation & joins,Aggregation & joins;Core dataframe transforms,
IsaacCheng9__quant-trading-strategy-backtester__61501324aeafe0060827230410996b3f0db1f324__001,IsaacCheng9/quant-trading-strategy-backtester,61501324aeafe0060827230410996b3f0db1f324,tests/conftest.py,tests__conftest.py,first_isolated_migrations_artifacts/IsaacCheng9__quant-trading-strategy-backtester/61501324aeafe0060827230410996b3f0db1f324/tests__conftest.py.before.py,first_isolated_migrations_artifacts/IsaacCheng9__quant-trading-strategy-backtester/61501324aeafe0060827230410996b3f0db1f324/tests__conftest.py.after.py,first_isolated_migrations_artifacts/IsaacCheng9__quant-trading-strategy-backtester/61501324aeafe0060827230410996b3f0db1f324/tests__conftest.py.patch,Yes,exact_match,complete,Core dataframe transforms,Core dataframe transforms,
IsaacCheng9__quant-trading-strategy-backtester__88fc738244f52cf1c41131f4f2f42aa5f2c8e1e8__001,IsaacCheng9/quant-trading-strategy-backtester,88fc738244f52cf1c41131f4f2f42aa5f2c8e1e8,tests/test_data.py,tests__test_data.py,first_isolated_migrations_artifacts/IsaacCheng9__quant-trading-strategy-backtester/88fc738244f52cf1c41131f4f2f42aa5f2c8e1e8/tests__test_data.py.before.py,first_isolated_migrations_artifacts/IsaacCheng9__quant-trading-strategy-backtester/88fc738244f52cf1c41131f4f2f42aa5f2c8e1e8/tests__test_data.py.after.py,first_isolated_migrations_artifacts/IsaacCheng9__quant-trading-strategy-backtester/88fc738244f52cf1c41131f4f2f42aa5f2c8e1e8/tests__test_data.py.patch,Yes,exact_match,complete,Core dataframe transforms,Core dataframe transforms,
IsaacCheng9__quant-trading-strategy-backtester__92765db51afa9a4a4a94236e91ea202d5e1a726c__001,IsaacCheng9/quant-trading-strategy-backtester,92765db51afa9a4a4a94236e91ea202d5e1a726c,tests/test_strategy_templates.py,tests__test_strategy_templates.py,first_isolated_migrations_artifacts/IsaacCheng9__quant-trading-strategy-backtester/92765db51afa9a4a4a94236e91ea202d5e1a726c/tests__test_strategy_templates.py.before.py,first_isolated_migrations_artifacts/IsaacCheng9__quant-trading-strategy-backtester/92765db51afa9a4a4a94236e91ea202d5e1a726c/tests__test_strategy_templates.py.after.py,first_isolated_migrations_artifacts/IsaacCheng9__quant-trading-strategy-backtester/92765db51afa9a4a4a94236e91ea202d5e1a726c/tests__test_strategy_templates.py.patch,Yes,exact_match,complete,Aggregation & joins,Aggregation & joins;Core dataframe transforms;Types & schema,
IsaacCheng9__quant-trading-strategy-backtester__96018e701ff8763efc97d6f97bca50a1c88466ca__001,IsaacCheng9/quant-trading-strategy-backtester,96018e701ff8763efc97d6f97bca50a1c88466ca,src/quant_trading_strategy_backtester/visualisation.py,src__quant_trading_strategy_backtester__visualisation.py,first_isolated_migrations_artifacts/IsaacCheng9__quant-trading-strategy-backtester/96018e701ff8763efc97d6f97bca50a1c88466ca/src__quant_trading_strategy_backtester__visualisation.py.before.py,first_isolated_migrations_artifacts/IsaacCheng9__quant-trading-strategy-backtester/96018e701ff8763efc97d6f97bca50a1c88466ca/src__quant_trading_strategy_backtester__visualisation.py.after.py,first_isolated_migrations_artifacts/IsaacCheng9__quant-trading-strategy-backtester/96018e701ff8763efc97d6f97bca50a1c88466ca/src__quant_trading_strategy_backtester__visualisation.py.patch,Yes,exact_match,complete,Core dataframe transforms,Core dataframe transforms,
IsaacCheng9__quant-trading-strategy-backtester__e75a38b6ca43d5835df56dbc2b3fa5f88b1795bc__001,IsaacCheng9/quant-trading-strategy-backtester,e75a38b6ca43d5835df56dbc2b3fa5f88b1795bc,src/quant_trading_strategy_backtester/backtester.py,src__quant_trading_strategy_backtester__backtester.py,first_isolated_migrations_artifacts/IsaacCheng9__quant-trading-strategy-backtester/e75a38b6ca43d5835df56dbc2b3fa5f88b1795bc/src__quant_trading_strategy_backtester__backtester.py.before.py,first_isolated_migrations_artifacts/IsaacCheng9__quant-trading-strategy-backtester/e75a38b6ca43d5835df56dbc2b3fa5f88b1795bc/src__quant_trading_strategy_backtester__backtester.py.after.py,first_isolated_migrations_artifacts/IsaacCheng9__quant-trading-strategy-backtester/e75a38b6ca43d5835df56dbc2b3fa5f88b1795bc/src__quant_trading_strategy_backtester__backtester.py.patch,Yes,exact_match,complete,Core dataframe transforms,Core dataframe transforms,
IsaacCheng9__quant-trading-strategy-backtester__e878845165cd8a23f4875d339900b0e34a4bff02__001,IsaacCheng9/quant-trading-strategy-backtester,e878845165cd8a23f4875d339900b0e34a4bff02,tests/test_optimiser.py,tests__test_optimiser.py,first_isolated_migrations_artifacts/IsaacCheng9__quant-trading-strategy-backtester/e878845165cd8a23f4875d339900b0e34a4bff02/tests__test_optimiser.py.before.py,first_isolated_migrations_artifacts/IsaacCheng9__quant-trading-strategy-backtester/e878845165cd8a23f4875d339900b0e34a4bff02/tests__test_optimiser.py.after.py,first_isolated_migrations_artifacts/IsaacCheng9__quant-trading-strategy-backtester/e878845165cd8a23f4875d339900b0e34a4bff02/tests__test_optimiser.py.patch,Yes,exact_match,complete,Core dataframe transforms,Core dataframe transforms,
JustinKurland__pytimetk__191d9ed73e46898b0b7aed9cbe7fb6bd31f79d4a__001,JustinKurland/pytimetk,191d9ed73e46898b0b7aed9cbe7fb6bd31f79d4a,src/pytimetk/utils/datetime_helpers.py,src__pytimetk__utils__datetime_helpers.py,first_isolated_migrations_artifacts/JustinKurland__pytimetk/191d9ed73e46898b0b7aed9cbe7fb6bd31f79d4a/src__pytimetk__utils__datetime_helpers.py.before.py,first_isolated_migrations_artifacts/JustinKurland__pytimetk/191d9ed73e46898b0b7aed9cbe7fb6bd31f79d4a/src__pytimetk__utils__datetime_helpers.py.after.py,first_isolated_migrations_artifacts/JustinKurland__pytimetk/191d9ed73e46898b0b7aed9cbe7fb6bd31f79d4a/src__pytimetk__utils__datetime_helpers.py.patch,Yes,exact_match,complete,Aggregation & joins,Aggregation & joins;Core dataframe transforms;Types & schema;Index & pandas-specific semantics,
SebastianDall__binnary__001df3165fb4daf155e4ca7354a39f580420edbb__001,SebastianDall/binnary,001df3165fb4daf155e4ca7354a39f580420edbb,src/scoring.py,src__scoring.py,first_isolated_migrations_artifacts/SebastianDall__binnary/001df3165fb4daf155e4ca7354a39f580420edbb/src__scoring.py.before.py,first_isolated_migrations_artifacts/SebastianDall__binnary/001df3165fb4daf155e4ca7354a39f580420edbb/src__scoring.py.after.py,first_isolated_migrations_artifacts/SebastianDall__binnary/001df3165fb4daf155e4ca7354a39f580420edbb/src__scoring.py.patch,Yes,exact_match,complete,Aggregation & joins,Aggregation & joins;Core dataframe transforms;Types & schema,
durandtibo__flamme__1eaabe79fac81358048c8b0526f77608c9c839d3__001,durandtibo/flamme,1eaabe79fac81358048c8b0526f77608c9c839d3,tests/unit/utils/test_path.py,tests__unit__utils__test_path.py,first_isolated_migrations_artifacts/durandtibo__flamme/1eaabe79fac81358048c8b0526f77608c9c839d3/tests__unit__utils__test_path.py.before.py,first_isolated_migrations_artifacts/durandtibo__flamme/1eaabe79fac81358048c8b0526f77608c9c839d3/tests__unit__utils__test_path.py.after.py,first_isolated_migrations_artifacts/durandtibo__flamme/1eaabe79fac81358048c8b0526f77608c9c839d3/tests__unit__utils__test_path.py.patch,Yes,exact_match,complete,Core dataframe transforms,Core dataframe transforms,
earthobservations__wetterdienst__0ffdf231632af48cd11af90e41f0b1dd5430860f__001,earthobservations/wetterdienst,0ffdf231632af48cd11af90e41f0b1dd5430860f,wetterdienst/provider/dwd/dmo/api.py,wetterdienst__provider__dwd__dmo__api.py,first_isolated_migrations_artifacts/earthobservations__wetterdienst/0ffdf231632af48cd11af90e41f0b1dd5430860f/wetterdienst__provider__dwd__dmo__api.py.before.py,first_isolated_migrations_artifacts/earthobservations__wetterdienst/0ffdf231632af48cd11af90e41f0b1dd5430860f/wetterdienst__provider__dwd__dmo__api.py.after.py,first_isolated_migrations_artifacts/earthobservations__wetterdienst/0ffdf231632af48cd11af90e41f0b1dd5430860f/wetterdienst__provider__dwd__dmo__api.py.patch,Yes,exact_match,complete,IO boundary,IO boundary;Core dataframe transforms;Types & schema,
earthobservations__wetterdienst__0ffdf231632af48cd11af90e41f0b1dd5430860f__002,earthobservations/wetterdienst,0ffdf231632af48cd11af90e41f0b1dd5430860f,wetterdienst/provider/dwd/mosmix/api.py,wetterdienst__provider__dwd__mosmix__api.py,first_isolated_migrations_artifacts/earthobservations__wetterdienst/0ffdf231632af48cd11af90e41f0b1dd5430860f/wetterdienst__provider__dwd__mosmix__api.py.before.py,first_isolated_migrations_artifacts/earthobservations__wetterdienst/0ffdf231632af48cd11af90e41f0b1dd5430860f/wetterdienst__provider__dwd__mosmix__api.py.after.py,first_isolated_migrations_artifacts/earthobservations__wetterdienst/0ffdf231632af48cd11af90e41f0b1dd5430860f/wetterdienst__provider__dwd__mosmix__api.py.patch,Yes,exact_match,complete,IO boundary,IO boundary;Core dataframe transforms;Types & schema,
earthobservations__wetterdienst__0ffdf231632af48cd11af90e41f0b1dd5430860f__003,earthobservations/wetterdienst,0ffdf231632af48cd11af90e41f0b1dd5430860f,wetterdienst/provider/noaa/ghcn/api.py,wetterdienst__provider__noaa__ghcn__api.py,first_isolated_migrations_artifacts/earthobservations__wetterdienst/0ffdf231632af48cd11af90e41f0b1dd5430860f/wetterdienst__provider__noaa__ghcn__api.py.before.py,first_isolated_migrations_artifacts/earthobservations__wetterdienst/0ffdf231632af48cd11af90e41f0b1dd5430860f/wetterdienst__provider__noaa__ghcn__api.py.after.py,first_isolated_migrations_artifacts/earthobservations__wetterdienst/0ffdf231632af48cd11af90e41f0b1dd5430860f/wetterdienst__provider__noaa__ghcn__api.py.patch,Yes,exact_match,complete,IO boundary,IO boundary;Core dataframe transforms,
earthobservations__wetterdienst__177ffc5a517061bee2d9123c14ad39b31012ac07__001,earthobservations/wetterdienst,177ffc5a517061bee2d9123c14ad39b31012ac07,wetterdienst/provider/imgw/hydrology/api.py,wetterdienst__provider__imgw__hydrology__api.py,first_isolated_migrations_artifacts/earthobservations__wetterdienst/177ffc5a517061bee2d9123c14ad39b31012ac07/wetterdienst__provider__imgw__hydrology__api.py.before.py,first_isolated_migrations_artifacts/earthobservations__wetterdienst/177ffc5a517061bee2d9123c14ad39b31012ac07/wetterdienst__provider__imgw__hydrology__api.py.after.py,first_isolated_migrations_artifacts/earthobservations__wetterdienst/177ffc5a517061bee2d9123c14ad39b31012ac07/wetterdienst__provider__imgw__hydrology__api.py.patch,Yes,exact_match,complete,Core dataframe transforms,Core dataframe transforms;Types & schema,
earthobservations__wetterdienst__177ffc5a517061bee2d9123c14ad39b31012ac07__002,earthobservations/wetterdienst,177ffc5a517061bee2d9123c14ad39b31012ac07,wetterdienst/provider/imgw/meteorology/api.py,wetterdienst__provider__imgw__meteorology__api.py,first_isolated_migrations_artifacts/earthobservations__wetterdienst/177ffc5a517061bee2d9123c14ad39b31012ac07/wetterdienst__provider__imgw__meteorology__api.py.before.py,first_isolated_migrations_artifacts/earthobservations__wetterdienst/177ffc5a517061bee2d9123c14ad39b31012ac07/wetterdienst__provider__imgw__meteorology__api.py.after.py,first_isolated_migrations_artifacts/earthobservations__wetterdienst/177ffc5a517061bee2d9123c14ad39b31012ac07/wetterdienst__provider__imgw__meteorology__api.py.patch,Yes,exact_match,complete,Core dataframe transforms,Core dataframe transforms;Types & schema,
earthobservations__wetterdienst__3c49cad1be46c9967e9e90b2446f0dcdc7adff10__001,earthobservations/wetterdienst,3c49cad1be46c9967e9e90b2446f0dcdc7adff10,benchmarks/interpolation.py,benchmarks__interpolation.py,first_isolated_migrations_artifacts/earthobservations__wetterdienst/3c49cad1be46c9967e9e90b2446f0dcdc7adff10/benchmarks__interpolation.py.before.py,first_isolated_migrations_artifacts/earthobservations__wetterdienst/3c49cad1be46c9967e9e90b2446f0dcdc7adff10/benchmarks__interpolation.py.after.py,first_isolated_migrations_artifacts/earthobservations__wetterdienst/3c49cad1be46c9967e9e90b2446f0dcdc7adff10/benchmarks__interpolation.py.patch,Yes,exact_match,complete,Core dataframe transforms,Core dataframe transforms;Other / Manual,
earthobservations__wetterdienst__3c49cad1be46c9967e9e90b2446f0dcdc7adff10__002,earthobservations/wetterdienst,3c49cad1be46c9967e9e90b2446f0dcdc7adff10,benchmarks/interpolation_over_time.py,benchmarks__interpolation_over_time.py,first_isolated_migrations_artifacts/earthobservations__wetterdienst/3c49cad1be46c9967e9e90b2446f0dcdc7adff10/benchmarks__interpolation_over_time.py.before.py,first_isolated_migrations_artifacts/earthobservations__wetterdienst/3c49cad1be46c9967e9e90b2446f0dcdc7adff10/benchmarks__interpolation_over_time.py.after.py,first_isolated_migrations_artifacts/earthobservations__wetterdienst/3c49cad1be46c9967e9e90b2446f0dcdc7adff10/benchmarks__interpolation_over_time.py.patch,Yes,exact_match,complete,Core dataframe transforms,Core dataframe transforms,
earthobservations__wetterdienst__3c49cad1be46c9967e9e90b2446f0dcdc7adff10__003,earthobservations/wetterdienst,3c49cad1be46c9967e9e90b2446f0dcdc7adff10,benchmarks/interpolation_precipitation_difference.py,benchmarks__interpolation_precipitation_difference.py,first_isolated_migrations_artifacts/earthobservations__wetterdienst/3c49cad1be46c9967e9e90b2446f0dcdc7adff10/benchmarks__interpolation_precipitation_difference.py.before.py,first_isolated_migrations_artifacts/earthobservations__wetterdienst/3c49cad1be46c9967e9e90b2446f0dcdc7adff10/benchmarks__interpolation_precipitation_difference.py.after.py,first_isolated_migrations_artifacts/earthobservations__wetterdienst/3c49cad1be46c9967e9e90b2446f0dcdc7adff10/benchmarks__interpolation_precipitation_difference.py.patch,Yes,exact_match,complete,Core dataframe transforms,Core dataframe transforms,
earthobservations__wetterdienst__3c49cad1be46c9967e9e90b2446f0dcdc7adff10__004,earthobservations/wetterdienst,3c49cad1be46c9967e9e90b2446f0dcdc7adff10,benchmarks/summary_over_time.py,benchmarks__summary_over_time.py,first_isolated_migrations_artifacts/earthobservations__wetterdienst/3c49cad1be46c9967e9e90b2446f0dcdc7adff10/benchmarks__summary_over_time.py.before.py,first_isolated_migrations_artifacts/earthobservations__wetterdienst/3c49cad1be46c9967e9e90b2446f0dcdc7adff10/benchmarks__summary_over_time.py.after.py,first_isolated_migrations_artifacts/earthobservations__wetterdienst/3c49cad1be46c9967e9e90b2446f0dcdc7adff10/benchmarks__summary_over_time.py.patch,Yes,exact_match,complete,Core dataframe transforms,Core dataframe transforms,
earthobservations__wetterdienst__3c49cad1be46c9967e9e90b2446f0dcdc7adff10__005,earthobservations/wetterdienst,3c49cad1be46c9967e9e90b2446f0dcdc7adff10,docs/img/readme_img.py,docs__img__readme_img.py,first_isolated_migrations_artifacts/earthobservations__wetterdienst/3c49cad1be46c9967e9e90b2446f0dcdc7adff10/docs__img__readme_img.py.before.py,first_isolated_migrations_artifacts/earthobservations__wetterdienst/3c49cad1be46c9967e9e90b2446f0dcdc7adff10/docs__img__readme_img.py.after.py,first_isolated_migrations_artifacts/earthobservations__wetterdienst/3c49cad1be46c9967e9e90b2446f0dcdc7adff10/docs__img__readme_img.py.patch,Yes,exact_match,complete,Aggregation & joins,Aggregation & joins;Core dataframe transforms;Types & schema,
earthobservations__wetterdienst__3c49cad1be46c9967e9e90b2446f0dcdc7adff10__006,earthobservations/wetterdienst,3c49cad1be46c9967e9e90b2446f0dcdc7adff10,example/observations_station_gaussian_model.py,example__observations_station_gaussian_model.py,first_isolated_migrations_artifacts/earthobservations__wetterdienst/3c49cad1be46c9967e9e90b2446f0dcdc7adff10/example__observations_station_gaussian_model.py.before.py,first_isolated_migrations_artifacts/earthobservations__wetterdienst/3c49cad1be46c9967e9e90b2446f0dcdc7adff10/example__observations_station_gaussian_model.py.after.py,first_isolated_migrations_artifacts/earthobservations__wetterdienst/3c49cad1be46c9967e9e90b2446f0dcdc7adff10/example__observations_station_gaussian_model.py.patch,Yes,exact_match,complete,Aggregation & joins,Aggregation & joins;Core dataframe transforms,
earthobservations__wetterdienst__3c49cad1be46c9967e9e90b2446f0dcdc7adff10__007,earthobservations/wetterdienst,3c49cad1be46c9967e9e90b2446f0dcdc7adff10,tests/core/timeseries/test_interpolation.py,tests__core__timeseries__test_interpolation.py,first_isolated_migrations_artifacts/earthobservations__wetterdienst/3c49cad1be46c9967e9e90b2446f0dcdc7adff10/tests__core__timeseries__test_interpolation.py.before.py,first_isolated_migrations_artifacts/earthobservations__wetterdienst/3c49cad1be46c9967e9e90b2446f0dcdc7adff10/tests__core__timeseries__test_interpolation.py.after.py,first_isolated_migrations_artifacts/earthobservations__wetterdienst/3c49cad1be46c9967e9e90b2446f0dcdc7adff10/tests__core__timeseries__test_interpolation.py.patch,Yes,exact_match,complete,Aggregation & joins,Aggregation & joins;Core dataframe transforms;Types & schema,
earthobservations__wetterdienst__3c49cad1be46c9967e9e90b2446f0dcdc7adff10__008,earthobservations/wetterdienst,3c49cad1be46c9967e9e90b2446f0dcdc7adff10,tests/core/timeseries/test_io.py,tests__core__timeseries__test_io.py,first_isolated_migrations_artifacts/earthobservations__wetterdienst/3c49cad1be46c9967e9e90b2446f0dcdc7adff10/tests__core__timeseries__test_io.py.before.py,first_isolated_migrations_artifacts/earthobservations__wetterdienst/3c49cad1be46c9967e9e90b2446f0dcdc7adff10/tests__core__timeseries__test_io.py.after.py,first_isolated_migrations_artifacts/earthobservations__wetterdienst/3c49cad1be46c9967e9e90b2446f0dcdc7adff10/tests__core__timeseries__test_io.py.patch,Yes,exact_match,complete,Core dataframe transforms,Core dataframe transforms;Types & schema,
earthobservations__wetterdienst__3c49cad1be46c9967e9e90b2446f0dcdc7adff10__009,earthobservations/wetterdienst,3c49cad1be46c9967e9e90b2446f0dcdc7adff10,tests/core/timeseries/test_request.py,tests__core__timeseries__test_request.py,first_isolated_migrations_artifacts/earthobservations__wetterdienst/3c49cad1be46c9967e9e90b2446f0dcdc7adff10/tests__core__timeseries__test_request.py.before.py,first_isolated_migrations_artifacts/earthobservations__wetterdienst/3c49cad1be46c9967e9e90b2446f0dcdc7adff10/tests__core__timeseries__test_request.py.after.py,first_isolated_migrations_artifacts/earthobservations__wetterdienst/3c49cad1be46c9967e9e90b2446f0dcdc7adff10/tests__core__timeseries__test_request.py.patch,Yes,exact_match,complete,Core dataframe transforms,Core dataframe transforms;Types & schema,
earthobservations__wetterdienst__3c49cad1be46c9967e9e90b2446f0dcdc7adff10__010,earthobservations/wetterdienst,3c49cad1be46c9967e9e90b2446f0dcdc7adff10,tests/core/timeseries/test_summary.py,tests__core__timeseries__test_summary.py,first_isolated_migrations_artifacts/earthobservations__wetterdienst/3c49cad1be46c9967e9e90b2446f0dcdc7adff10/tests__core__timeseries__test_summary.py.before.py,first_isolated_migrations_artifacts/earthobservations__wetterdienst/3c49cad1be46c9967e9e90b2446f0dcdc7adff10/tests__core__timeseries__test_summary.py.after.py,first_isolated_migrations_artifacts/earthobservations__wetterdienst/3c49cad1be46c9967e9e90b2446f0dcdc7adff10/tests__core__timeseries__test_summary.py.patch,Yes,exact_match,complete,Aggregation & joins,Aggregation & joins;Core dataframe transforms;Types & schema,
earthobservations__wetterdienst__3c49cad1be46c9967e9e90b2446f0dcdc7adff10__011,earthobservations/wetterdienst,3c49cad1be46c9967e9e90b2446f0dcdc7adff10,tests/provider/dwd/mosmix/test_api_stations.py,tests__provider__dwd__mosmix__test_api_stations.py,first_isolated_migrations_artifacts/earthobservations__wetterdienst/3c49cad1be46c9967e9e90b2446f0dcdc7adff10/tests__provider__dwd__mosmix__test_api_stations.py.before.py,first_isolated_migrations_artifacts/earthobservations__wetterdienst/3c49cad1be46c9967e9e90b2446f0dcdc7adff10/tests__provider__dwd__mosmix__test_api_stations.py.after.py,first_isolated_migrations_artifacts/earthobservations__wetterdienst/3c49cad1be46c9967e9e90b2446f0dcdc7adff10/tests__provider__dwd__mosmix__test_api_stations.py.patch,Yes,exact_match,complete,Aggregation & joins,Aggregation & joins;Missing values;Core dataframe transforms;Types & schema,
earthobservations__wetterdienst__3c49cad1be46c9967e9e90b2446f0dcdc7adff10__012,earthobservations/wetterdienst,3c49cad1be46c9967e9e90b2446f0dcdc7adff10,tests/provider/dwd/observation/test_api_data.py,tests__provider__dwd__observation__test_api_data.py,first_isolated_migrations_artifacts/earthobservations__wetterdienst/3c49cad1be46c9967e9e90b2446f0dcdc7adff10/tests__provider__dwd__observation__test_api_data.py.before.py,first_isolated_migrations_artifacts/earthobservations__wetterdienst/3c49cad1be46c9967e9e90b2446f0dcdc7adff10/tests__provider__dwd__observation__test_api_data.py.after.py,first_isolated_migrations_artifacts/earthobservations__wetterdienst/3c49cad1be46c9967e9e90b2446f0dcdc7adff10/tests__provider__dwd__observation__test_api_data.py.patch,Yes,exact_match,complete,Aggregation & joins,Aggregation & joins;Missing values;Core dataframe transforms;Types & schema,
earthobservations__wetterdienst__3c49cad1be46c9967e9e90b2446f0dcdc7adff10__013,earthobservations/wetterdienst,3c49cad1be46c9967e9e90b2446f0dcdc7adff10,tests/provider/dwd/observation/test_api_stations.py,tests__provider__dwd__observation__test_api_stations.py,first_isolated_migrations_artifacts/earthobservations__wetterdienst/3c49cad1be46c9967e9e90b2446f0dcdc7adff10/tests__provider__dwd__observation__test_api_stations.py.before.py,first_isolated_migrations_artifacts/earthobservations__wetterdienst/3c49cad1be46c9967e9e90b2446f0dcdc7adff10/tests__provider__dwd__observation__test_api_stations.py.after.py,first_isolated_migrations_artifacts/earthobservations__wetterdienst/3c49cad1be46c9967e9e90b2446f0dcdc7adff10/tests__provider__dwd__observation__test_api_stations.py.patch,Yes,exact_match,complete,Core dataframe transforms,Core dataframe transforms,
earthobservations__wetterdienst__3c49cad1be46c9967e9e90b2446f0dcdc7adff10__014,earthobservations/wetterdienst,3c49cad1be46c9967e9e90b2446f0dcdc7adff10,tests/provider/dwd/observation/test_available_datasets.py,tests__provider__dwd__observation__test_available_datasets.py,first_isolated_migrations_artifacts/earthobservations__wetterdienst/3c49cad1be46c9967e9e90b2446f0dcdc7adff10/tests__provider__dwd__observation__test_available_datasets.py.before.py,first_isolated_migrations_artifacts/earthobservations__wetterdienst/3c49cad1be46c9967e9e90b2446f0dcdc7adff10/tests__provider__dwd__observation__test_available_datasets.py.after.py,first_isolated_migrations_artifacts/earthobservations__wetterdienst/3c49cad1be46c9967e9e90b2446f0dcdc7adff10/tests__provider__dwd__observation__test_available_datasets.py.patch,Yes,exact_match,complete,Core dataframe transforms,Core dataframe transforms,
earthobservations__wetterdienst__3c49cad1be46c9967e9e90b2446f0dcdc7adff10__015,earthobservations/wetterdienst,3c49cad1be46c9967e9e90b2446f0dcdc7adff10,tests/provider/dwd/observation/test_parser.py,tests__provider__dwd__observation__test_parser.py,first_isolated_migrations_artifacts/earthobservations__wetterdienst/3c49cad1be46c9967e9e90b2446f0dcdc7adff10/tests__provider__dwd__observation__test_parser.py.before.py,first_isolated_migrations_artifacts/earthobservations__wetterdienst/3c49cad1be46c9967e9e90b2446f0dcdc7adff10/tests__provider__dwd__observation__test_parser.py.after.py,first_isolated_migrations_artifacts/earthobservations__wetterdienst/3c49cad1be46c9967e9e90b2446f0dcdc7adff10/tests__provider__dwd__observation__test_parser.py.patch,Yes,exact_match,complete,Core dataframe transforms,Core dataframe transforms;Types & schema,
earthobservations__wetterdienst__3c49cad1be46c9967e9e90b2446f0dcdc7adff10__016,earthobservations/wetterdienst,3c49cad1be46c9967e9e90b2446f0dcdc7adff10,tests/provider/eccc/test_api.py,tests__provider__eccc__test_api.py,first_isolated_migrations_artifacts/earthobservations__wetterdienst/3c49cad1be46c9967e9e90b2446f0dcdc7adff10/tests__provider__eccc__test_api.py.before.py,first_isolated_migrations_artifacts/earthobservations__wetterdienst/3c49cad1be46c9967e9e90b2446f0dcdc7adff10/tests__provider__eccc__test_api.py.after.py,first_isolated_migrations_artifacts/earthobservations__wetterdienst/3c49cad1be46c9967e9e90b2446f0dcdc7adff10/tests__provider__eccc__test_api.py.patch,Yes,exact_match,complete,Aggregation & joins,Aggregation & joins;Core dataframe transforms;Types & schema,
earthobservations__wetterdienst__3c49cad1be46c9967e9e90b2446f0dcdc7adff10__017,earthobservations/wetterdienst,3c49cad1be46c9967e9e90b2446f0dcdc7adff10,tests/provider/noaa/ghcn/test_api_data.py,tests__provider__noaa__ghcn__test_api_data.py,first_isolated_migrations_artifacts/earthobservations__wetterdienst/3c49cad1be46c9967e9e90b2446f0dcdc7adff10/tests__provider__noaa__ghcn__test_api_data.py.before.py,first_isolated_migrations_artifacts/earthobservations__wetterdienst/3c49cad1be46c9967e9e90b2446f0dcdc7adff10/tests__provider__noaa__ghcn__test_api_data.py.after.py,first_isolated_migrations_artifacts/earthobservations__wetterdienst/3c49cad1be46c9967e9e90b2446f0dcdc7adff10/tests__provider__noaa__ghcn__test_api_data.py.patch,Yes,exact_match,complete,Core dataframe transforms,Core dataframe transforms;Types & schema,
earthobservations__wetterdienst__3c49cad1be46c9967e9e90b2446f0dcdc7adff10__018,earthobservations/wetterdienst,3c49cad1be46c9967e9e90b2446f0dcdc7adff10,tests/provider/noaa/ghcn/test_api_stations.py,tests__provider__noaa__ghcn__test_api_stations.py,first_isolated_migrations_artifacts/earthobservations__wetterdienst/3c49cad1be46c9967e9e90b2446f0dcdc7adff10/tests__provider__noaa__ghcn__test_api_stations.py.before.py,first_isolated_migrations_artifacts/earthobservations__wetterdienst/3c49cad1be46c9967e9e90b2446f0dcdc7adff10/tests__provider__noaa__ghcn__test_api_stations.py.after.py,first_isolated_migrations_artifacts/earthobservations__wetterdienst/3c49cad1be46c9967e9e90b2446f0dcdc7adff10/tests__provider__noaa__ghcn__test_api_stations.py.patch,Yes,exact_match,complete,Aggregation & joins,Aggregation & joins;Missing values;Core dataframe transforms;Types & schema,
earthobservations__wetterdienst__3c49cad1be46c9967e9e90b2446f0dcdc7adff10__019,earthobservations/wetterdienst,3c49cad1be46c9967e9e90b2446f0dcdc7adff10,tests/ui/test_cli.py,tests__ui__test_cli.py,first_isolated_migrations_artifacts/earthobservations__wetterdienst/3c49cad1be46c9967e9e90b2446f0dcdc7adff10/tests__ui__test_cli.py.before.py,first_isolated_migrations_artifacts/earthobservations__wetterdienst/3c49cad1be46c9967e9e90b2446f0dcdc7adff10/tests__ui__test_cli.py.after.py,first_isolated_migrations_artifacts/earthobservations__wetterdienst/3c49cad1be46c9967e9e90b2446f0dcdc7adff10/tests__ui__test_cli.py.patch,Yes,exact_match,complete,IO boundary,IO boundary,
earthobservations__wetterdienst__3c49cad1be46c9967e9e90b2446f0dcdc7adff10__020,earthobservations/wetterdienst,3c49cad1be46c9967e9e90b2446f0dcdc7adff10,tests/util/test_geo.py,tests__util__test_geo.py,first_isolated_migrations_artifacts/earthobservations__wetterdienst/3c49cad1be46c9967e9e90b2446f0dcdc7adff10/tests__util__test_geo.py.before.py,first_isolated_migrations_artifacts/earthobservations__wetterdienst/3c49cad1be46c9967e9e90b2446f0dcdc7adff10/tests__util__test_geo.py.after.py,first_isolated_migrations_artifacts/earthobservations__wetterdienst/3c49cad1be46c9967e9e90b2446f0dcdc7adff10/tests__util__test_geo.py.patch,Yes,exact_match,complete,Core dataframe transforms,Core dataframe transforms,
earthobservations__wetterdienst__3c49cad1be46c9967e9e90b2446f0dcdc7adff10__021,earthobservations/wetterdienst,3c49cad1be46c9967e9e90b2446f0dcdc7adff10,wetterdienst/core/process.py,wetterdienst__core__process.py,first_isolated_migrations_artifacts/earthobservations__wetterdienst/3c49cad1be46c9967e9e90b2446f0dcdc7adff10/wetterdienst__core__process.py.before.py,first_isolated_migrations_artifacts/earthobservations__wetterdienst/3c49cad1be46c9967e9e90b2446f0dcdc7adff10/wetterdienst__core__process.py.after.py,first_isolated_migrations_artifacts/earthobservations__wetterdienst/3c49cad1be46c9967e9e90b2446f0dcdc7adff10/wetterdienst__core__process.py.patch,Yes,exact_match,complete,Core dataframe transforms,Core dataframe transforms,
earthobservations__wetterdienst__3c49cad1be46c9967e9e90b2446f0dcdc7adff10__022,earthobservations/wetterdienst,3c49cad1be46c9967e9e90b2446f0dcdc7adff10,wetterdienst/core/timeseries/export.py,wetterdienst__core__timeseries__export.py,first_isolated_migrations_artifacts/earthobservations__wetterdienst/3c49cad1be46c9967e9e90b2446f0dcdc7adff10/wetterdienst__core__timeseries__export.py.before.py,first_isolated_migrations_artifacts/earthobservations__wetterdienst/3c49cad1be46c9967e9e90b2446f0dcdc7adff10/wetterdienst__core__timeseries__export.py.after.py,first_isolated_migrations_artifacts/earthobservations__wetterdienst/3c49cad1be46c9967e9e90b2446f0dcdc7adff10/wetterdienst__core__timeseries__export.py.patch,Yes,exact_match,complete,Aggregation & joins,Aggregation & joins;Missing values;Core dataframe transforms;Types & schema;Index & pandas-specific semantics,
earthobservations__wetterdienst__3c49cad1be46c9967e9e90b2446f0dcdc7adff10__023,earthobservations/wetterdienst,3c49cad1be46c9967e9e90b2446f0dcdc7adff10,wetterdienst/core/timeseries/interpolate.py,wetterdienst__core__timeseries__interpolate.py,first_isolated_migrations_artifacts/earthobservations__wetterdienst/3c49cad1be46c9967e9e90b2446f0dcdc7adff10/wetterdienst__core__timeseries__interpolate.py.before.py,first_isolated_migrations_artifacts/earthobservations__wetterdienst/3c49cad1be46c9967e9e90b2446f0dcdc7adff10/wetterdienst__core__timeseries__interpolate.py.after.py,first_isolated_migrations_artifacts/earthobservations__wetterdienst/3c49cad1be46c9967e9e90b2446f0dcdc7adff10/wetterdienst__core__timeseries__interpolate.py.patch,Yes,exact_match,complete,Aggregation & joins,Aggregation & joins;Missing values;Core dataframe transforms;Types & schema,
earthobservations__wetterdienst__3c49cad1be46c9967e9e90b2446f0dcdc7adff10__024,earthobservations/wetterdienst,3c49cad1be46c9967e9e90b2446f0dcdc7adff10,wetterdienst/core/timeseries/request.py,wetterdienst__core__timeseries__request.py,first_isolated_migrations_artifacts/earthobservations__wetterdienst/3c49cad1be46c9967e9e90b2446f0dcdc7adff10/wetterdienst__core__timeseries__request.py.before.py,first_isolated_migrations_artifacts/earthobservations__wetterdienst/3c49cad1be46c9967e9e90b2446f0dcdc7adff10/wetterdienst__core__timeseries__request.py.after.py,first_isolated_migrations_artifacts/earthobservations__wetterdienst/3c49cad1be46c9967e9e90b2446f0dcdc7adff10/wetterdienst__core__timeseries__request.py.patch,Yes,exact_match,complete,Aggregation & joins,Aggregation & joins;Core dataframe transforms;Types & schema,
earthobservations__wetterdienst__3c49cad1be46c9967e9e90b2446f0dcdc7adff10__025,earthobservations/wetterdienst,3c49cad1be46c9967e9e90b2446f0dcdc7adff10,wetterdienst/core/timeseries/result.py,wetterdienst__core__timeseries__result.py,first_isolated_migrations_artifacts/earthobservations__wetterdienst/3c49cad1be46c9967e9e90b2446f0dcdc7adff10/wetterdienst__core__timeseries__result.py.before.py,first_isolated_migrations_artifacts/earthobservations__wetterdienst/3c49cad1be46c9967e9e90b2446f0dcdc7adff10/wetterdienst__core__timeseries__result.py.after.py,first_isolated_migrations_artifacts/earthobservations__wetterdienst/3c49cad1be46c9967e9e90b2446f0dcdc7adff10/wetterdienst__core__timeseries__result.py.patch,Yes,exact_match,complete,Aggregation & joins,Aggregation & joins;Missing values;Core dataframe transforms;Types & schema,
earthobservations__wetterdienst__3c49cad1be46c9967e9e90b2446f0dcdc7adff10__026,earthobservations/wetterdienst,3c49cad1be46c9967e9e90b2446f0dcdc7adff10,wetterdienst/core/timeseries/summarize.py,wetterdienst__core__timeseries__summarize.py,first_isolated_migrations_artifacts/earthobservations__wetterdienst/3c49cad1be46c9967e9e90b2446f0dcdc7adff10/wetterdienst__core__timeseries__summarize.py.before.py,first_isolated_migrations_artifacts/earthobservations__wetterdienst/3c49cad1be46c9967e9e90b2446f0dcdc7adff10/wetterdienst__core__timeseries__summarize.py.after.py,first_isolated_migrations_artifacts/earthobservations__wetterdienst/3c49cad1be46c9967e9e90b2446f0dcdc7adff10/wetterdienst__core__timeseries__summarize.py.patch,Yes,exact_match,complete,Aggregation & joins,Aggregation & joins;Missing values;Core dataframe transforms;Types & schema,
earthobservations__wetterdienst__3c49cad1be46c9967e9e90b2446f0dcdc7adff10__027,earthobservations/wetterdienst,3c49cad1be46c9967e9e90b2446f0dcdc7adff10,wetterdienst/core/timeseries/tools.py,wetterdienst__core__timeseries__tools.py,first_isolated_migrations_artifacts/earthobservations__wetterdienst/3c49cad1be46c9967e9e90b2446f0dcdc7adff10/wetterdienst__core__timeseries__tools.py.before.py,first_isolated_migrations_artifacts/earthobservations__wetterdienst/3c49cad1be46c9967e9e90b2446f0dcdc7adff10/wetterdienst__core__timeseries__tools.py.after.py,first_isolated_migrations_artifacts/earthobservations__wetterdienst/3c49cad1be46c9967e9e90b2446f0dcdc7adff10/wetterdienst__core__timeseries__tools.py.patch,Yes,exact_match,complete,Core dataframe transforms,Core dataframe transforms,
earthobservations__wetterdienst__3c49cad1be46c9967e9e90b2446f0dcdc7adff10__028,earthobservations/wetterdienst,3c49cad1be46c9967e9e90b2446f0dcdc7adff10,wetterdienst/core/timeseries/values.py,wetterdienst__core__timeseries__values.py,first_isolated_migrations_artifacts/earthobservations__wetterdienst/3c49cad1be46c9967e9e90b2446f0dcdc7adff10/wetterdienst__core__timeseries__values.py.before.py,first_isolated_migrations_artifacts/earthobservations__wetterdienst/3c49cad1be46c9967e9e90b2446f0dcdc7adff10/wetterdienst__core__timeseries__values.py.after.py,first_isolated_migrations_artifacts/earthobservations__wetterdienst/3c49cad1be46c9967e9e90b2446f0dcdc7adff10/wetterdienst__core__timeseries__values.py.patch,Yes,exact_match,complete,Aggregation & joins,Aggregation & joins;Missing values;Core dataframe transforms;Types & schema;Index & pandas-specific semantics,
earthobservations__wetterdienst__3c49cad1be46c9967e9e90b2446f0dcdc7adff10__029,earthobservations/wetterdienst,3c49cad1be46c9967e9e90b2446f0dcdc7adff10,wetterdienst/provider/dwd/index.py,wetterdienst__provider__dwd__index.py,first_isolated_migrations_artifacts/earthobservations__wetterdienst/3c49cad1be46c9967e9e90b2446f0dcdc7adff10/wetterdienst__provider__dwd__index.py.before.py,first_isolated_migrations_artifacts/earthobservations__wetterdienst/3c49cad1be46c9967e9e90b2446f0dcdc7adff10/wetterdienst__provider__dwd__index.py.after.py,first_isolated_migrations_artifacts/earthobservations__wetterdienst/3c49cad1be46c9967e9e90b2446f0dcdc7adff10/wetterdienst__provider__dwd__index.py.patch,Yes,exact_match,complete,Core dataframe transforms,Core dataframe transforms;Types & schema,
earthobservations__wetterdienst__3c49cad1be46c9967e9e90b2446f0dcdc7adff10__030,earthobservations/wetterdienst,3c49cad1be46c9967e9e90b2446f0dcdc7adff10,wetterdienst/provider/dwd/mosmix/access.py,wetterdienst__provider__dwd__mosmix__access.py,first_isolated_migrations_artifacts/earthobservations__wetterdienst/3c49cad1be46c9967e9e90b2446f0dcdc7adff10/wetterdienst__provider__dwd__mosmix__access.py.before.py,first_isolated_migrations_artifacts/earthobservations__wetterdienst/3c49cad1be46c9967e9e90b2446f0dcdc7adff10/wetterdienst__provider__dwd__mosmix__access.py.after.py,first_isolated_migrations_artifacts/earthobservations__wetterdienst/3c49cad1be46c9967e9e90b2446f0dcdc7adff10/wetterdienst__provider__dwd__mosmix__access.py.patch,Yes,exact_match,complete,Core dataframe transforms,Core dataframe transforms;Types & schema,
earthobservations__wetterdienst__3c49cad1be46c9967e9e90b2446f0dcdc7adff10__031,earthobservations/wetterdienst,3c49cad1be46c9967e9e90b2446f0dcdc7adff10,wetterdienst/provider/dwd/mosmix/api.py,wetterdienst__provider__dwd__mosmix__api.py,first_isolated_migrations_artifacts/earthobservations__wetterdienst/3c49cad1be46c9967e9e90b2446f0dcdc7adff10/wetterdienst__provider__dwd__mosmix__api.py.before.py,first_isolated_migrations_artifacts/earthobservations__wetterdienst/3c49cad1be46c9967e9e90b2446f0dcdc7adff10/wetterdienst__provider__dwd__mosmix__api.py.after.py,first_isolated_migrations_artifacts/earthobservations__wetterdienst/3c49cad1be46c9967e9e90b2446f0dcdc7adff10/wetterdienst__provider__dwd__mosmix__api.py.patch,Yes,exact_match,complete,Aggregation & joins,Aggregation & joins;Core dataframe transforms;Types & schema,
earthobservations__wetterdienst__3c49cad1be46c9967e9e90b2446f0dcdc7adff10__032,earthobservations/wetterdienst,3c49cad1be46c9967e9e90b2446f0dcdc7adff10,wetterdienst/provider/dwd/observation/api.py,wetterdienst__provider__dwd__observation__api.py,first_isolated_migrations_artifacts/earthobservations__wetterdienst/3c49cad1be46c9967e9e90b2446f0dcdc7adff10/wetterdienst__provider__dwd__observation__api.py.before.py,first_isolated_migrations_artifacts/earthobservations__wetterdienst/3c49cad1be46c9967e9e90b2446f0dcdc7adff10/wetterdienst__provider__dwd__observation__api.py.after.py,first_isolated_migrations_artifacts/earthobservations__wetterdienst/3c49cad1be46c9967e9e90b2446f0dcdc7adff10/wetterdienst__provider__dwd__observation__api.py.patch,Yes,exact_match,complete,Aggregation & joins,Aggregation & joins;Time series & window;Core dataframe transforms;Types & schema,
earthobservations__wetterdienst__3c49cad1be46c9967e9e90b2446f0dcdc7adff10__033,earthobservations/wetterdienst,3c49cad1be46c9967e9e90b2446f0dcdc7adff10,wetterdienst/provider/dwd/observation/fileindex.py,wetterdienst__provider__dwd__observation__fileindex.py,first_isolated_migrations_artifacts/earthobservations__wetterdienst/3c49cad1be46c9967e9e90b2446f0dcdc7adff10/wetterdienst__provider__dwd__observation__fileindex.py.before.py,first_isolated_migrations_artifacts/earthobservations__wetterdienst/3c49cad1be46c9967e9e90b2446f0dcdc7adff10/wetterdienst__provider__dwd__observation__fileindex.py.after.py,first_isolated_migrations_artifacts/earthobservations__wetterdienst/3c49cad1be46c9967e9e90b2446f0dcdc7adff10/wetterdienst__provider__dwd__observation__fileindex.py.patch,Yes,exact_match,complete,Aggregation & joins,Aggregation & joins;Time series & window;Core dataframe transforms;Types & schema,
earthobservations__wetterdienst__3c49cad1be46c9967e9e90b2446f0dcdc7adff10__034,earthobservations/wetterdienst,3c49cad1be46c9967e9e90b2446f0dcdc7adff10,wetterdienst/provider/dwd/observation/metaindex.py,wetterdienst__provider__dwd__observation__metaindex.py,first_isolated_migrations_artifacts/earthobservations__wetterdienst/3c49cad1be46c9967e9e90b2446f0dcdc7adff10/wetterdienst__provider__dwd__observation__metaindex.py.before.py,first_isolated_migrations_artifacts/earthobservations__wetterdienst/3c49cad1be46c9967e9e90b2446f0dcdc7adff10/wetterdienst__provider__dwd__observation__metaindex.py.after.py,first_isolated_migrations_artifacts/earthobservations__wetterdienst/3c49cad1be46c9967e9e90b2446f0dcdc7adff10/wetterdienst__provider__dwd__observation__metaindex.py.patch,Yes,exact_match,complete,IO boundary,IO boundary;Aggregation & joins;Core dataframe transforms;Types & schema,
earthobservations__wetterdienst__3c49cad1be46c9967e9e90b2446f0dcdc7adff10__035,earthobservations/wetterdienst,3c49cad1be46c9967e9e90b2446f0dcdc7adff10,wetterdienst/provider/dwd/observation/parser.py,wetterdienst__provider__dwd__observation__parser.py,first_isolated_migrations_artifacts/earthobservations__wetterdienst/3c49cad1be46c9967e9e90b2446f0dcdc7adff10/wetterdienst__provider__dwd__observation__parser.py.before.py,first_isolated_migrations_artifacts/earthobservations__wetterdienst/3c49cad1be46c9967e9e90b2446f0dcdc7adff10/wetterdienst__provider__dwd__observation__parser.py.after.py,first_isolated_migrations_artifacts/earthobservations__wetterdienst/3c49cad1be46c9967e9e90b2446f0dcdc7adff10/wetterdienst__provider__dwd__observation__parser.py.patch,Yes,exact_match,complete,IO boundary,IO boundary;Aggregation & joins;Core dataframe transforms;Types & schema,
earthobservations__wetterdienst__3c49cad1be46c9967e9e90b2446f0dcdc7adff10__036,earthobservations/wetterdienst,3c49cad1be46c9967e9e90b2446f0dcdc7adff10,wetterdienst/provider/dwd/radar/api.py,wetterdienst__provider__dwd__radar__api.py,first_isolated_migrations_artifacts/earthobservations__wetterdienst/3c49cad1be46c9967e9e90b2446f0dcdc7adff10/wetterdienst__provider__dwd__radar__api.py.before.py,first_isolated_migrations_artifacts/earthobservations__wetterdienst/3c49cad1be46c9967e9e90b2446f0dcdc7adff10/wetterdienst__provider__dwd__radar__api.py.after.py,first_isolated_migrations_artifacts/earthobservations__wetterdienst/3c49cad1be46c9967e9e90b2446f0dcdc7adff10/wetterdienst__provider__dwd__radar__api.py.patch,Yes,exact_match,complete,Aggregation & joins,Aggregation & joins;Core dataframe transforms,
earthobservations__wetterdienst__3c49cad1be46c9967e9e90b2446f0dcdc7adff10__037,earthobservations/wetterdienst,3c49cad1be46c9967e9e90b2446f0dcdc7adff10,wetterdienst/provider/dwd/radar/index.py,wetterdienst__provider__dwd__radar__index.py,first_isolated_migrations_artifacts/earthobservations__wetterdienst/3c49cad1be46c9967e9e90b2446f0dcdc7adff10/wetterdienst__provider__dwd__radar__index.py.before.py,first_isolated_migrations_artifacts/earthobservations__wetterdienst/3c49cad1be46c9967e9e90b2446f0dcdc7adff10/wetterdienst__provider__dwd__radar__index.py.after.py,first_isolated_migrations_artifacts/earthobservations__wetterdienst/3c49cad1be46c9967e9e90b2446f0dcdc7adff10/wetterdienst__provider__dwd__radar__index.py.patch,Yes,exact_match,complete,Core dataframe transforms,Core dataframe transforms;Types & schema,
earthobservations__wetterdienst__3c49cad1be46c9967e9e90b2446f0dcdc7adff10__038,earthobservations/wetterdienst,3c49cad1be46c9967e9e90b2446f0dcdc7adff10,wetterdienst/provider/dwd/radar/sites.py,wetterdienst__provider__dwd__radar__sites.py,first_isolated_migrations_artifacts/earthobservations__wetterdienst/3c49cad1be46c9967e9e90b2446f0dcdc7adff10/wetterdienst__provider__dwd__radar__sites.py.before.py,first_isolated_migrations_artifacts/earthobservations__wetterdienst/3c49cad1be46c9967e9e90b2446f0dcdc7adff10/wetterdienst__provider__dwd__radar__sites.py.after.py,first_isolated_migrations_artifacts/earthobservations__wetterdienst/3c49cad1be46c9967e9e90b2446f0dcdc7adff10/wetterdienst__provider__dwd__radar__sites.py.patch,Yes,exact_match,complete,Core dataframe transforms,Core dataframe transforms,
earthobservations__wetterdienst__3c49cad1be46c9967e9e90b2446f0dcdc7adff10__039,earthobservations/wetterdienst,3c49cad1be46c9967e9e90b2446f0dcdc7adff10,wetterdienst/provider/ea/hydrology/api.py,wetterdienst__provider__ea__hydrology__api.py,first_isolated_migrations_artifacts/earthobservations__wetterdienst/3c49cad1be46c9967e9e90b2446f0dcdc7adff10/wetterdienst__provider__ea__hydrology__api.py.before.py,first_isolated_migrations_artifacts/earthobservations__wetterdienst/3c49cad1be46c9967e9e90b2446f0dcdc7adff10/wetterdienst__provider__ea__hydrology__api.py.after.py,first_isolated_migrations_artifacts/earthobservations__wetterdienst/3c49cad1be46c9967e9e90b2446f0dcdc7adff10/wetterdienst__provider__ea__hydrology__api.py.patch,Yes,exact_match,complete,Core dataframe transforms,Core dataframe transforms;Types & schema,
earthobservations__wetterdienst__3c49cad1be46c9967e9e90b2446f0dcdc7adff10__040,earthobservations/wetterdienst,3c49cad1be46c9967e9e90b2446f0dcdc7adff10,wetterdienst/provider/eaufrance/hubeau/api.py,wetterdienst__provider__eaufrance__hubeau__api.py,first_isolated_migrations_artifacts/earthobservations__wetterdienst/3c49cad1be46c9967e9e90b2446f0dcdc7adff10/wetterdienst__provider__eaufrance__hubeau__api.py.before.py,first_isolated_migrations_artifacts/earthobservations__wetterdienst/3c49cad1be46c9967e9e90b2446f0dcdc7adff10/wetterdienst__provider__eaufrance__hubeau__api.py.after.py,first_isolated_migrations_artifacts/earthobservations__wetterdienst/3c49cad1be46c9967e9e90b2446f0dcdc7adff10/wetterdienst__provider__eaufrance__hubeau__api.py.patch,Yes,exact_match,complete,Aggregation & joins,Aggregation & joins;Core dataframe transforms;Types & schema,
earthobservations__wetterdienst__3c49cad1be46c9967e9e90b2446f0dcdc7adff10__041,earthobservations/wetterdienst,3c49cad1be46c9967e9e90b2446f0dcdc7adff10,wetterdienst/provider/eccc/observation/api.py,wetterdienst__provider__eccc__observation__api.py,first_isolated_migrations_artifacts/earthobservations__wetterdienst/3c49cad1be46c9967e9e90b2446f0dcdc7adff10/wetterdienst__provider__eccc__observation__api.py.before.py,first_isolated_migrations_artifacts/earthobservations__wetterdienst/3c49cad1be46c9967e9e90b2446f0dcdc7adff10/wetterdienst__provider__eccc__observation__api.py.after.py,first_isolated_migrations_artifacts/earthobservations__wetterdienst/3c49cad1be46c9967e9e90b2446f0dcdc7adff10/wetterdienst__provider__eccc__observation__api.py.patch,Yes,exact_match,complete,IO boundary,IO boundary;Aggregation & joins;Missing values;Core dataframe transforms;Types & schema,
earthobservations__wetterdienst__3c49cad1be46c9967e9e90b2446f0dcdc7adff10__042,earthobservations/wetterdienst,3c49cad1be46c9967e9e90b2446f0dcdc7adff10,wetterdienst/provider/geosphere/observation/api.py,wetterdienst__provider__geosphere__observation__api.py,first_isolated_migrations_artifacts/earthobservations__wetterdienst/3c49cad1be46c9967e9e90b2446f0dcdc7adff10/wetterdienst__provider__geosphere__observation__api.py.before.py,first_isolated_migrations_artifacts/earthobservations__wetterdienst/3c49cad1be46c9967e9e90b2446f0dcdc7adff10/wetterdienst__provider__geosphere__observation__api.py.after.py,first_isolated_migrations_artifacts/earthobservations__wetterdienst/3c49cad1be46c9967e9e90b2446f0dcdc7adff10/wetterdienst__provider__geosphere__observation__api.py.patch,Yes,exact_match,complete,IO boundary,IO boundary;Aggregation & joins;Core dataframe transforms;Types & schema,
earthobservations__wetterdienst__3c49cad1be46c9967e9e90b2446f0dcdc7adff10__043,earthobservations/wetterdienst,3c49cad1be46c9967e9e90b2446f0dcdc7adff10,wetterdienst/provider/noaa/ghcn/api.py,wetterdienst__provider__noaa__ghcn__api.py,first_isolated_migrations_artifacts/earthobservations__wetterdienst/3c49cad1be46c9967e9e90b2446f0dcdc7adff10/wetterdienst__provider__noaa__ghcn__api.py.before.py,first_isolated_migrations_artifacts/earthobservations__wetterdienst/3c49cad1be46c9967e9e90b2446f0dcdc7adff10/wetterdienst__provider__noaa__ghcn__api.py.after.py,first_isolated_migrations_artifacts/earthobservations__wetterdienst/3c49cad1be46c9967e9e90b2446f0dcdc7adff10/wetterdienst__provider__noaa__ghcn__api.py.patch,Yes,exact_match,complete,IO boundary,IO boundary;Aggregation & joins;Core dataframe transforms;Types & schema,
earthobservations__wetterdienst__3c49cad1be46c9967e9e90b2446f0dcdc7adff10__044,earthobservations/wetterdienst,3c49cad1be46c9967e9e90b2446f0dcdc7adff10,wetterdienst/provider/nws/observation/api.py,wetterdienst__provider__nws__observation__api.py,first_isolated_migrations_artifacts/earthobservations__wetterdienst/3c49cad1be46c9967e9e90b2446f0dcdc7adff10/wetterdienst__provider__nws__observation__api.py.before.py,first_isolated_migrations_artifacts/earthobservations__wetterdienst/3c49cad1be46c9967e9e90b2446f0dcdc7adff10/wetterdienst__provider__nws__observation__api.py.after.py,first_isolated_migrations_artifacts/earthobservations__wetterdienst/3c49cad1be46c9967e9e90b2446f0dcdc7adff10/wetterdienst__provider__nws__observation__api.py.patch,Yes,exact_match,complete,IO boundary,IO boundary;Aggregation & joins;Core dataframe transforms;Types & schema,
earthobservations__wetterdienst__3c49cad1be46c9967e9e90b2446f0dcdc7adff10__045,earthobservations/wetterdienst,3c49cad1be46c9967e9e90b2446f0dcdc7adff10,wetterdienst/provider/wsv/pegel/api.py,wetterdienst__provider__wsv__pegel__api.py,first_isolated_migrations_artifacts/earthobservations__wetterdienst/3c49cad1be46c9967e9e90b2446f0dcdc7adff10/wetterdienst__provider__wsv__pegel__api.py.before.py,first_isolated_migrations_artifacts/earthobservations__wetterdienst/3c49cad1be46c9967e9e90b2446f0dcdc7adff10/wetterdienst__provider__wsv__pegel__api.py.after.py,first_isolated_migrations_artifacts/earthobservations__wetterdienst/3c49cad1be46c9967e9e90b2446f0dcdc7adff10/wetterdienst__provider__wsv__pegel__api.py.patch,Yes,exact_match,complete,IO boundary,IO boundary;Missing values;Core dataframe transforms;Types & schema,
earthobservations__wetterdienst__3c49cad1be46c9967e9e90b2446f0dcdc7adff10__046,earthobservations/wetterdienst,3c49cad1be46c9967e9e90b2446f0dcdc7adff10,wetterdienst/ui/explorer/app.py,wetterdienst__ui__explorer__app.py,first_isolated_migrations_artifacts/earthobservations__wetterdienst/3c49cad1be46c9967e9e90b2446f0dcdc7adff10/wetterdienst__ui__explorer__app.py.before.py,first_isolated_migrations_artifacts/earthobservations__wetterdienst/3c49cad1be46c9967e9e90b2446f0dcdc7adff10/wetterdienst__ui__explorer__app.py.after.py,first_isolated_migrations_artifacts/earthobservations__wetterdienst/3c49cad1be46c9967e9e90b2446f0dcdc7adff10/wetterdienst__ui__explorer__app.py.patch,Yes,exact_match,complete,IO boundary,IO boundary;Core dataframe transforms;Types & schema,
earthobservations__wetterdienst__3c49cad1be46c9967e9e90b2446f0dcdc7adff10__047,earthobservations/wetterdienst,3c49cad1be46c9967e9e90b2446f0dcdc7adff10,wetterdienst/ui/explorer/library.py,wetterdienst__ui__explorer__library.py,first_isolated_migrations_artifacts/earthobservations__wetterdienst/3c49cad1be46c9967e9e90b2446f0dcdc7adff10/wetterdienst__ui__explorer__library.py.before.py,first_isolated_migrations_artifacts/earthobservations__wetterdienst/3c49cad1be46c9967e9e90b2446f0dcdc7adff10/wetterdienst__ui__explorer__library.py.after.py,first_isolated_migrations_artifacts/earthobservations__wetterdienst/3c49cad1be46c9967e9e90b2446f0dcdc7adff10/wetterdienst__ui__explorer__library.py.patch,Yes,exact_match,complete,Core dataframe transforms,Core dataframe transforms,
earthobservations__wetterdienst__3c49cad1be46c9967e9e90b2446f0dcdc7adff10__048,earthobservations/wetterdienst,3c49cad1be46c9967e9e90b2446f0dcdc7adff10,wetterdienst/ui/explorer/util.py,wetterdienst__ui__explorer__util.py,first_isolated_migrations_artifacts/earthobservations__wetterdienst/3c49cad1be46c9967e9e90b2446f0dcdc7adff10/wetterdienst__ui__explorer__util.py.before.py,first_isolated_migrations_artifacts/earthobservations__wetterdienst/3c49cad1be46c9967e9e90b2446f0dcdc7adff10/wetterdienst__ui__explorer__util.py.after.py,first_isolated_migrations_artifacts/earthobservations__wetterdienst/3c49cad1be46c9967e9e90b2446f0dcdc7adff10/wetterdienst__ui__explorer__util.py.patch,Yes,exact_match,complete,Core dataframe transforms,Core dataframe transforms,
earthobservations__wetterdienst__3c49cad1be46c9967e9e90b2446f0dcdc7adff10__049,earthobservations/wetterdienst,3c49cad1be46c9967e9e90b2446f0dcdc7adff10,wetterdienst/ui/restapi.py,wetterdienst__ui__restapi.py,first_isolated_migrations_artifacts/earthobservations__wetterdienst/3c49cad1be46c9967e9e90b2446f0dcdc7adff10/wetterdienst__ui__restapi.py.before.py,first_isolated_migrations_artifacts/earthobservations__wetterdienst/3c49cad1be46c9967e9e90b2446f0dcdc7adff10/wetterdienst__ui__restapi.py.after.py,first_isolated_migrations_artifacts/earthobservations__wetterdienst/3c49cad1be46c9967e9e90b2446f0dcdc7adff10/wetterdienst__ui__restapi.py.patch,Yes,exact_match,complete,Missing values,Missing values;Core dataframe transforms,
earthobservations__wetterdienst__3c49cad1be46c9967e9e90b2446f0dcdc7adff10__050,earthobservations/wetterdienst,3c49cad1be46c9967e9e90b2446f0dcdc7adff10,wetterdienst/util/geo.py,wetterdienst__util__geo.py,first_isolated_migrations_artifacts/earthobservations__wetterdienst/3c49cad1be46c9967e9e90b2446f0dcdc7adff10/wetterdienst__util__geo.py.before.py,first_isolated_migrations_artifacts/earthobservations__wetterdienst/3c49cad1be46c9967e9e90b2446f0dcdc7adff10/wetterdienst__util__geo.py.after.py,first_isolated_migrations_artifacts/earthobservations__wetterdienst/3c49cad1be46c9967e9e90b2446f0dcdc7adff10/wetterdienst__util__geo.py.patch,Yes,exact_match,complete,Core dataframe transforms,Core dataframe transforms,
earthobservations__wetterdienst__cb25a1c5adb6f1e659018b3a11f162a36500ae5f__001,earthobservations/wetterdienst,cb25a1c5adb6f1e659018b3a11f162a36500ae5f,wetterdienst/provider/wsv/pegel/api.py,wetterdienst__provider__wsv__pegel__api.py,first_isolated_migrations_artifacts/earthobservations__wetterdienst/cb25a1c5adb6f1e659018b3a11f162a36500ae5f/wetterdienst__provider__wsv__pegel__api.py.before.py,first_isolated_migrations_artifacts/earthobservations__wetterdienst/cb25a1c5adb6f1e659018b3a11f162a36500ae5f/wetterdienst__provider__wsv__pegel__api.py.after.py,first_isolated_migrations_artifacts/earthobservations__wetterdienst/cb25a1c5adb6f1e659018b3a11f162a36500ae5f/wetterdienst__provider__wsv__pegel__api.py.patch,Yes,exact_match,complete,IO boundary,IO boundary,
hanjinliu__acryo__e5f9fa838517907d28ee8ec839553326b1fa2f66__001,hanjinliu/acryo,e5f9fa838517907d28ee8ec839553326b1fa2f66,acryo/loader.py,acryo__loader.py,first_isolated_migrations_artifacts/hanjinliu__acryo/e5f9fa838517907d28ee8ec839553326b1fa2f66/acryo__loader.py.before.py,first_isolated_migrations_artifacts/hanjinliu__acryo/e5f9fa838517907d28ee8ec839553326b1fa2f66/acryo__loader.py.after.py,first_isolated_migrations_artifacts/hanjinliu__acryo/e5f9fa838517907d28ee8ec839553326b1fa2f66/acryo__loader.py.patch,Yes,exact_match,complete,Aggregation & joins,Aggregation & joins;Core dataframe transforms,
hanjinliu__acryo__e5f9fa838517907d28ee8ec839553326b1fa2f66__002,hanjinliu/acryo,e5f9fa838517907d28ee8ec839553326b1fa2f66,acryo/molecules.py,acryo__molecules.py,first_isolated_migrations_artifacts/hanjinliu__acryo/e5f9fa838517907d28ee8ec839553326b1fa2f66/acryo__molecules.py.before.py,first_isolated_migrations_artifacts/hanjinliu__acryo/e5f9fa838517907d28ee8ec839553326b1fa2f66/acryo__molecules.py.after.py,first_isolated_migrations_artifacts/hanjinliu__acryo/e5f9fa838517907d28ee8ec839553326b1fa2f66/acryo__molecules.py.patch,Yes,exact_match,complete,IO boundary,IO boundary;Aggregation & joins;Core dataframe transforms,
hanjinliu__acryo__e5f9fa838517907d28ee8ec839553326b1fa2f66__003,hanjinliu/acryo,e5f9fa838517907d28ee8ec839553326b1fa2f66,acryo/simulator.py,acryo__simulator.py,first_isolated_migrations_artifacts/hanjinliu__acryo/e5f9fa838517907d28ee8ec839553326b1fa2f66/acryo__simulator.py.before.py,first_isolated_migrations_artifacts/hanjinliu__acryo/e5f9fa838517907d28ee8ec839553326b1fa2f66/acryo__simulator.py.after.py,first_isolated_migrations_artifacts/hanjinliu__acryo/e5f9fa838517907d28ee8ec839553326b1fa2f66/acryo__simulator.py.patch,Yes,exact_match,complete,Core dataframe transforms,Core dataframe transforms,
ihmeuw-msca__OneMod__8cd8fa4e6a3c292a39a9166c6532214990ed6766__001,ihmeuw-msca/OneMod,8cd8fa4e6a3c292a39a9166c6532214990ed6766,src/onemod/stage/base.py,src__onemod__stage__base.py,first_isolated_migrations_artifacts/ihmeuw-msca__OneMod/8cd8fa4e6a3c292a39a9166c6532214990ed6766/src__onemod__stage__base.py.before.py,first_isolated_migrations_artifacts/ihmeuw-msca__OneMod/8cd8fa4e6a3c292a39a9166c6532214990ed6766/src__onemod__stage__base.py.after.py,first_isolated_migrations_artifacts/ihmeuw-msca__OneMod/8cd8fa4e6a3c292a39a9166c6532214990ed6766/src__onemod__stage__base.py.patch,Yes,exact_match,complete,Import/setup-only,Import/setup-only,
ihmeuw-msca__OneMod__8cd8fa4e6a3c292a39a9166c6532214990ed6766__002,ihmeuw-msca/OneMod,8cd8fa4e6a3c292a39a9166c6532214990ed6766,src/onemod/utils/parameters.py,src__onemod__utils__parameters.py,first_isolated_migrations_artifacts/ihmeuw-msca__OneMod/8cd8fa4e6a3c292a39a9166c6532214990ed6766/src__onemod__utils__parameters.py.before.py,first_isolated_migrations_artifacts/ihmeuw-msca__OneMod/8cd8fa4e6a3c292a39a9166c6532214990ed6766/src__onemod__utils__parameters.py.after.py,first_isolated_migrations_artifacts/ihmeuw-msca__OneMod/8cd8fa4e6a3c292a39a9166c6532214990ed6766/src__onemod__utils__parameters.py.patch,Yes,exact_match,complete,Core dataframe transforms,Core dataframe transforms,
ihmeuw-msca__OneMod__8cd8fa4e6a3c292a39a9166c6532214990ed6766__003,ihmeuw-msca/OneMod,8cd8fa4e6a3c292a39a9166c6532214990ed6766,tests/unit/datatools/test_io.py,tests__unit__datatools__test_io.py,first_isolated_migrations_artifacts/ihmeuw-msca__OneMod/8cd8fa4e6a3c292a39a9166c6532214990ed6766/tests__unit__datatools__test_io.py.before.py,first_isolated_migrations_artifacts/ihmeuw-msca__OneMod/8cd8fa4e6a3c292a39a9166c6532214990ed6766/tests__unit__datatools__test_io.py.after.py,first_isolated_migrations_artifacts/ihmeuw-msca__OneMod/8cd8fa4e6a3c292a39a9166c6532214990ed6766/tests__unit__datatools__test_io.py.patch,Yes,exact_match,complete,Core dataframe transforms,Core dataframe transforms,
joel-beck__readnext__8017f91b39eb08a8ced4dbaf15e342e31953141c__001,joel-beck/readnext,8017f91b39eb08a8ced4dbaf15e342e31953141c,readnext/evaluation/metrics/evaluation_metric.py,readnext__evaluation__metrics__evaluation_metric.py,first_isolated_migrations_artifacts/joel-beck__readnext/8017f91b39eb08a8ced4dbaf15e342e31953141c/readnext__evaluation__metrics__evaluation_metric.py.before.py,first_isolated_migrations_artifacts/joel-beck__readnext/8017f91b39eb08a8ced4dbaf15e342e31953141c/readnext__evaluation__metrics__evaluation_metric.py.after.py,first_isolated_migrations_artifacts/joel-beck__readnext/8017f91b39eb08a8ced4dbaf15e342e31953141c/readnext__evaluation__metrics__evaluation_metric.py.patch,Yes,exact_match,complete,Core dataframe transforms,Core dataframe transforms,
joel-beck__readnext__8017f91b39eb08a8ced4dbaf15e342e31953141c__002,joel-beck/readnext,8017f91b39eb08a8ced4dbaf15e342e31953141c,readnext/evaluation/metrics/pairwise_metric.py,readnext__evaluation__metrics__pairwise_metric.py,first_isolated_migrations_artifacts/joel-beck__readnext/8017f91b39eb08a8ced4dbaf15e342e31953141c/readnext__evaluation__metrics__pairwise_metric.py.before.py,first_isolated_migrations_artifacts/joel-beck__readnext/8017f91b39eb08a8ced4dbaf15e342e31953141c/readnext__evaluation__metrics__pairwise_metric.py.after.py,first_isolated_migrations_artifacts/joel-beck__readnext/8017f91b39eb08a8ced4dbaf15e342e31953141c/readnext__evaluation__metrics__pairwise_metric.py.patch,Yes,exact_match,complete,Core dataframe transforms,Core dataframe transforms,
joel-beck__readnext__8017f91b39eb08a8ced4dbaf15e342e31953141c__003,joel-beck/readnext,8017f91b39eb08a8ced4dbaf15e342e31953141c,readnext/evaluation/scoring/hybrid_score.py,readnext__evaluation__scoring__hybrid_score.py,first_isolated_migrations_artifacts/joel-beck__readnext/8017f91b39eb08a8ced4dbaf15e342e31953141c/readnext__evaluation__scoring__hybrid_score.py.before.py,first_isolated_migrations_artifacts/joel-beck__readnext/8017f91b39eb08a8ced4dbaf15e342e31953141c/readnext__evaluation__scoring__hybrid_score.py.after.py,first_isolated_migrations_artifacts/joel-beck__readnext/8017f91b39eb08a8ced4dbaf15e342e31953141c/readnext__evaluation__scoring__hybrid_score.py.patch,Yes,exact_match,complete,Aggregation & joins,Aggregation & joins;Core dataframe transforms,
joel-beck__readnext__8017f91b39eb08a8ced4dbaf15e342e31953141c__004,joel-beck/readnext,8017f91b39eb08a8ced4dbaf15e342e31953141c,readnext/evaluation/scoring/hybrid_scorer.py,readnext__evaluation__scoring__hybrid_scorer.py,first_isolated_migrations_artifacts/joel-beck__readnext/8017f91b39eb08a8ced4dbaf15e342e31953141c/readnext__evaluation__scoring__hybrid_scorer.py.before.py,first_isolated_migrations_artifacts/joel-beck__readnext/8017f91b39eb08a8ced4dbaf15e342e31953141c/readnext__evaluation__scoring__hybrid_scorer.py.after.py,first_isolated_migrations_artifacts/joel-beck__readnext/8017f91b39eb08a8ced4dbaf15e342e31953141c/readnext__evaluation__scoring__hybrid_scorer.py.patch,Yes,exact_match,complete,Core dataframe transforms,Core dataframe transforms;Index & pandas-specific semantics,
joel-beck__readnext__8017f91b39eb08a8ced4dbaf15e342e31953141c__005,joel-beck/readnext,8017f91b39eb08a8ced4dbaf15e342e31953141c,readnext/evaluation/scoring/model_scorer.py,readnext__evaluation__scoring__model_scorer.py,first_isolated_migrations_artifacts/joel-beck__readnext/8017f91b39eb08a8ced4dbaf15e342e31953141c/readnext__evaluation__scoring__model_scorer.py.before.py,first_isolated_migrations_artifacts/joel-beck__readnext/8017f91b39eb08a8ced4dbaf15e342e31953141c/readnext__evaluation__scoring__model_scorer.py.after.py,first_isolated_migrations_artifacts/joel-beck__readnext/8017f91b39eb08a8ced4dbaf15e342e31953141c/readnext__evaluation__scoring__model_scorer.py.patch,Yes,exact_match,complete,Aggregation & joins,Aggregation & joins;Core dataframe transforms,
joel-beck__readnext__8017f91b39eb08a8ced4dbaf15e342e31953141c__006,joel-beck/readnext,8017f91b39eb08a8ced4dbaf15e342e31953141c,readnext/evaluation/scoring/precompute_scores.py,readnext__evaluation__scoring__precompute_scores.py,first_isolated_migrations_artifacts/joel-beck__readnext/8017f91b39eb08a8ced4dbaf15e342e31953141c/readnext__evaluation__scoring__precompute_scores.py.before.py,first_isolated_migrations_artifacts/joel-beck__readnext/8017f91b39eb08a8ced4dbaf15e342e31953141c/readnext__evaluation__scoring__precompute_scores.py.after.py,first_isolated_migrations_artifacts/joel-beck__readnext/8017f91b39eb08a8ced4dbaf15e342e31953141c/readnext__evaluation__scoring__precompute_scores.py.patch,Yes,exact_match,complete,Core dataframe transforms,Core dataframe transforms;Index & pandas-specific semantics,
joel-beck__readnext__8017f91b39eb08a8ced4dbaf15e342e31953141c__007,joel-beck/readnext,8017f91b39eb08a8ced4dbaf15e342e31953141c,readnext/inference/input_converter.py,readnext__inference__input_converter.py,first_isolated_migrations_artifacts/joel-beck__readnext/8017f91b39eb08a8ced4dbaf15e342e31953141c/readnext__inference__input_converter.py.before.py,first_isolated_migrations_artifacts/joel-beck__readnext/8017f91b39eb08a8ced4dbaf15e342e31953141c/readnext__inference__input_converter.py.after.py,first_isolated_migrations_artifacts/joel-beck__readnext/8017f91b39eb08a8ced4dbaf15e342e31953141c/readnext__inference__input_converter.py.patch,Yes,exact_match,complete,Core dataframe transforms,Core dataframe transforms;Types & schema,
joel-beck__readnext__8017f91b39eb08a8ced4dbaf15e342e31953141c__008,joel-beck/readnext,8017f91b39eb08a8ced4dbaf15e342e31953141c,readnext/modeling/language_models/embedder.py,readnext__modeling__language_models__embedder.py,first_isolated_migrations_artifacts/joel-beck__readnext/8017f91b39eb08a8ced4dbaf15e342e31953141c/readnext__modeling__language_models__embedder.py.before.py,first_isolated_migrations_artifacts/joel-beck__readnext/8017f91b39eb08a8ced4dbaf15e342e31953141c/readnext__modeling__language_models__embedder.py.after.py,first_isolated_migrations_artifacts/joel-beck__readnext/8017f91b39eb08a8ced4dbaf15e342e31953141c/readnext__modeling__language_models__embedder.py.patch,Yes,exact_match,complete,Core dataframe transforms,Core dataframe transforms,
joel-beck__readnext__8017f91b39eb08a8ced4dbaf15e342e31953141c__009,joel-beck/readnext,8017f91b39eb08a8ced4dbaf15e342e31953141c,readnext/modeling/model_data.py,readnext__modeling__model_data.py,first_isolated_migrations_artifacts/joel-beck__readnext/8017f91b39eb08a8ced4dbaf15e342e31953141c/readnext__modeling__model_data.py.before.py,first_isolated_migrations_artifacts/joel-beck__readnext/8017f91b39eb08a8ced4dbaf15e342e31953141c/readnext__modeling__model_data.py.after.py,first_isolated_migrations_artifacts/joel-beck__readnext/8017f91b39eb08a8ced4dbaf15e342e31953141c/readnext__modeling__model_data.py.patch,Yes,exact_match,complete,Core dataframe transforms,Core dataframe transforms;Index & pandas-specific semantics,
joel-beck__readnext__8017f91b39eb08a8ced4dbaf15e342e31953141c__010,joel-beck/readnext,8017f91b39eb08a8ced4dbaf15e342e31953141c,readnext/scripts/evaluation/run_evaluation_components_precision_scores.py,readnext__scripts__evaluation__run_evaluation_components_precision_scores.py,first_isolated_migrations_artifacts/joel-beck__readnext/8017f91b39eb08a8ced4dbaf15e342e31953141c/readnext__scripts__evaluation__run_evaluation_components_precision_scores.py.before.py,first_isolated_migrations_artifacts/joel-beck__readnext/8017f91b39eb08a8ced4dbaf15e342e31953141c/readnext__scripts__evaluation__run_evaluation_components_precision_scores.py.after.py,first_isolated_migrations_artifacts/joel-beck__readnext/8017f91b39eb08a8ced4dbaf15e342e31953141c/readnext__scripts__evaluation__run_evaluation_components_precision_scores.py.patch,Yes,exact_match,complete,Core dataframe transforms,Core dataframe transforms,
joel-beck__readnext__8017f91b39eb08a8ced4dbaf15e342e31953141c__011,joel-beck/readnext,8017f91b39eb08a8ced4dbaf15e342e31953141c,readnext/scripts/evaluation/run_evaluation_components_unique_labels.py,readnext__scripts__evaluation__run_evaluation_components_unique_labels.py,first_isolated_migrations_artifacts/joel-beck__readnext/8017f91b39eb08a8ced4dbaf15e342e31953141c/readnext__scripts__evaluation__run_evaluation_components_unique_labels.py.before.py,first_isolated_migrations_artifacts/joel-beck__readnext/8017f91b39eb08a8ced4dbaf15e342e31953141c/readnext__scripts__evaluation__run_evaluation_components_unique_labels.py.after.py,first_isolated_migrations_artifacts/joel-beck__readnext/8017f91b39eb08a8ced4dbaf15e342e31953141c/readnext__scripts__evaluation__run_evaluation_components_unique_labels.py.patch,Yes,exact_match,complete,Core dataframe transforms,Core dataframe transforms,
joel-beck__readnext__8017f91b39eb08a8ced4dbaf15e342e31953141c__012,joel-beck/readnext,8017f91b39eb08a8ced4dbaf15e342e31953141c,readnext/scripts/evaluation/run_evaluation_hybrid_scores.py,readnext__scripts__evaluation__run_evaluation_hybrid_scores.py,first_isolated_migrations_artifacts/joel-beck__readnext/8017f91b39eb08a8ced4dbaf15e342e31953141c/readnext__scripts__evaluation__run_evaluation_hybrid_scores.py.before.py,first_isolated_migrations_artifacts/joel-beck__readnext/8017f91b39eb08a8ced4dbaf15e342e31953141c/readnext__scripts__evaluation__run_evaluation_hybrid_scores.py.after.py,first_isolated_migrations_artifacts/joel-beck__readnext/8017f91b39eb08a8ced4dbaf15e342e31953141c/readnext__scripts__evaluation__run_evaluation_hybrid_scores.py.patch,Yes,exact_match,complete,Aggregation & joins,Aggregation & joins;Core dataframe transforms,
joel-beck__readnext__8017f91b39eb08a8ced4dbaf15e342e31953141c__013,joel-beck/readnext,8017f91b39eb08a8ced4dbaf15e342e31953141c,readnext/utils/aliases.py,readnext__utils__aliases.py,first_isolated_migrations_artifacts/joel-beck__readnext/8017f91b39eb08a8ced4dbaf15e342e31953141c/readnext__utils__aliases.py.before.py,first_isolated_migrations_artifacts/joel-beck__readnext/8017f91b39eb08a8ced4dbaf15e342e31953141c/readnext__utils__aliases.py.after.py,first_isolated_migrations_artifacts/joel-beck__readnext/8017f91b39eb08a8ced4dbaf15e342e31953141c/readnext__utils__aliases.py.patch,Yes,exact_match,complete,Core dataframe transforms,Core dataframe transforms,
joel-beck__readnext__8017f91b39eb08a8ced4dbaf15e342e31953141c__014,joel-beck/readnext,8017f91b39eb08a8ced4dbaf15e342e31953141c,readnext/utils/decorators.py,readnext__utils__decorators.py,first_isolated_migrations_artifacts/joel-beck__readnext/8017f91b39eb08a8ced4dbaf15e342e31953141c/readnext__utils__decorators.py.before.py,first_isolated_migrations_artifacts/joel-beck__readnext/8017f91b39eb08a8ced4dbaf15e342e31953141c/readnext__utils__decorators.py.after.py,first_isolated_migrations_artifacts/joel-beck__readnext/8017f91b39eb08a8ced4dbaf15e342e31953141c/readnext__utils__decorators.py.patch,Yes,exact_match,complete,Core dataframe transforms,Core dataframe transforms,
joel-beck__readnext__8017f91b39eb08a8ced4dbaf15e342e31953141c__015,joel-beck/readnext,8017f91b39eb08a8ced4dbaf15e342e31953141c,readnext/utils/io.py,readnext__utils__io.py,first_isolated_migrations_artifacts/joel-beck__readnext/8017f91b39eb08a8ced4dbaf15e342e31953141c/readnext__utils__io.py.before.py,first_isolated_migrations_artifacts/joel-beck__readnext/8017f91b39eb08a8ced4dbaf15e342e31953141c/readnext__utils__io.py.after.py,first_isolated_migrations_artifacts/joel-beck__readnext/8017f91b39eb08a8ced4dbaf15e342e31953141c/readnext__utils__io.py.patch,Yes,exact_match,complete,IO boundary,IO boundary;Core dataframe transforms,
joel-beck__readnext__8017f91b39eb08a8ced4dbaf15e342e31953141c__016,joel-beck/readnext,8017f91b39eb08a8ced4dbaf15e342e31953141c,tests/fixtures/evaluation.py,tests__fixtures__evaluation.py,first_isolated_migrations_artifacts/joel-beck__readnext/8017f91b39eb08a8ced4dbaf15e342e31953141c/tests__fixtures__evaluation.py.before.py,first_isolated_migrations_artifacts/joel-beck__readnext/8017f91b39eb08a8ced4dbaf15e342e31953141c/tests__fixtures__evaluation.py.after.py,first_isolated_migrations_artifacts/joel-beck__readnext/8017f91b39eb08a8ced4dbaf15e342e31953141c/tests__fixtures__evaluation.py.patch,Yes,exact_match,complete,Core dataframe transforms,Core dataframe transforms,
joel-beck__readnext__8017f91b39eb08a8ced4dbaf15e342e31953141c__017,joel-beck/readnext,8017f91b39eb08a8ced4dbaf15e342e31953141c,tests/fixtures/model_data_constructor.py,tests__fixtures__model_data_constructor.py,first_isolated_migrations_artifacts/joel-beck__readnext/8017f91b39eb08a8ced4dbaf15e342e31953141c/tests__fixtures__model_data_constructor.py.before.py,first_isolated_migrations_artifacts/joel-beck__readnext/8017f91b39eb08a8ced4dbaf15e342e31953141c/tests__fixtures__model_data_constructor.py.after.py,first_isolated_migrations_artifacts/joel-beck__readnext/8017f91b39eb08a8ced4dbaf15e342e31953141c/tests__fixtures__model_data_constructor.py.patch,Yes,exact_match,complete,Core dataframe transforms,Core dataframe transforms,
joel-beck__readnext__8017f91b39eb08a8ced4dbaf15e342e31953141c__018,joel-beck/readnext,8017f91b39eb08a8ced4dbaf15e342e31953141c,tests/fixtures/toy_data.py,tests__fixtures__toy_data.py,first_isolated_migrations_artifacts/joel-beck__readnext/8017f91b39eb08a8ced4dbaf15e342e31953141c/tests__fixtures__toy_data.py.before.py,first_isolated_migrations_artifacts/joel-beck__readnext/8017f91b39eb08a8ced4dbaf15e342e31953141c/tests__fixtures__toy_data.py.after.py,first_isolated_migrations_artifacts/joel-beck__readnext/8017f91b39eb08a8ced4dbaf15e342e31953141c/tests__fixtures__toy_data.py.patch,Yes,exact_match,complete,Core dataframe transforms,Core dataframe transforms;Types & schema,
joel-beck__readnext__8c71f3c7b1391fa42d554e97c61313e7d8f1907f__001,joel-beck/readnext,8c71f3c7b1391fa42d554e97c61313e7d8f1907f,readnext/data/citation_models_features.py,readnext__data__citation_models_features.py,first_isolated_migrations_artifacts/joel-beck__readnext/8c71f3c7b1391fa42d554e97c61313e7d8f1907f/readnext__data__citation_models_features.py.before.py,first_isolated_migrations_artifacts/joel-beck__readnext/8c71f3c7b1391fa42d554e97c61313e7d8f1907f/readnext__data__citation_models_features.py.after.py,first_isolated_migrations_artifacts/joel-beck__readnext/8c71f3c7b1391fa42d554e97c61313e7d8f1907f/readnext__data__citation_models_features.py.patch,Yes,exact_match,complete,Core dataframe transforms,Core dataframe transforms,
joel-beck__readnext__8c71f3c7b1391fa42d554e97c61313e7d8f1907f__002,joel-beck/readnext,8c71f3c7b1391fa42d554e97c61313e7d8f1907f,readnext/evaluation/metrics/evaluation_metric.py,readnext__evaluation__metrics__evaluation_metric.py,first_isolated_migrations_artifacts/joel-beck__readnext/8c71f3c7b1391fa42d554e97c61313e7d8f1907f/readnext__evaluation__metrics__evaluation_metric.py.before.py,first_isolated_migrations_artifacts/joel-beck__readnext/8c71f3c7b1391fa42d554e97c61313e7d8f1907f/readnext__evaluation__metrics__evaluation_metric.py.after.py,first_isolated_migrations_artifacts/joel-beck__readnext/8c71f3c7b1391fa42d554e97c61313e7d8f1907f/readnext__evaluation__metrics__evaluation_metric.py.patch,Yes,exact_match,complete,Core dataframe transforms,Core dataframe transforms,
joel-beck__readnext__8c71f3c7b1391fa42d554e97c61313e7d8f1907f__003,joel-beck/readnext,8c71f3c7b1391fa42d554e97c61313e7d8f1907f,readnext/evaluation/metrics/pairwise_metric.py,readnext__evaluation__metrics__pairwise_metric.py,first_isolated_migrations_artifacts/joel-beck__readnext/8c71f3c7b1391fa42d554e97c61313e7d8f1907f/readnext__evaluation__metrics__pairwise_metric.py.before.py,first_isolated_migrations_artifacts/joel-beck__readnext/8c71f3c7b1391fa42d554e97c61313e7d8f1907f/readnext__evaluation__metrics__pairwise_metric.py.after.py,first_isolated_migrations_artifacts/joel-beck__readnext/8c71f3c7b1391fa42d554e97c61313e7d8f1907f/readnext__evaluation__metrics__pairwise_metric.py.patch,Yes,exact_match,complete,Core dataframe transforms,Core dataframe transforms,
joel-beck__readnext__8c71f3c7b1391fa42d554e97c61313e7d8f1907f__004,joel-beck/readnext,8c71f3c7b1391fa42d554e97c61313e7d8f1907f,readnext/evaluation/scoring/hybrid_score.py,readnext__evaluation__scoring__hybrid_score.py,first_isolated_migrations_artifacts/joel-beck__readnext/8c71f3c7b1391fa42d554e97c61313e7d8f1907f/readnext__evaluation__scoring__hybrid_score.py.before.py,first_isolated_migrations_artifacts/joel-beck__readnext/8c71f3c7b1391fa42d554e97c61313e7d8f1907f/readnext__evaluation__scoring__hybrid_score.py.after.py,first_isolated_migrations_artifacts/joel-beck__readnext/8c71f3c7b1391fa42d554e97c61313e7d8f1907f/readnext__evaluation__scoring__hybrid_score.py.patch,Yes,exact_match,complete,Aggregation & joins,Aggregation & joins;Core dataframe transforms,
joel-beck__readnext__8c71f3c7b1391fa42d554e97c61313e7d8f1907f__005,joel-beck/readnext,8c71f3c7b1391fa42d554e97c61313e7d8f1907f,readnext/evaluation/scoring/hybrid_scorer.py,readnext__evaluation__scoring__hybrid_scorer.py,first_isolated_migrations_artifacts/joel-beck__readnext/8c71f3c7b1391fa42d554e97c61313e7d8f1907f/readnext__evaluation__scoring__hybrid_scorer.py.before.py,first_isolated_migrations_artifacts/joel-beck__readnext/8c71f3c7b1391fa42d554e97c61313e7d8f1907f/readnext__evaluation__scoring__hybrid_scorer.py.after.py,first_isolated_migrations_artifacts/joel-beck__readnext/8c71f3c7b1391fa42d554e97c61313e7d8f1907f/readnext__evaluation__scoring__hybrid_scorer.py.patch,Yes,exact_match,complete,Core dataframe transforms,Core dataframe transforms;Index & pandas-specific semantics,
joel-beck__readnext__8c71f3c7b1391fa42d554e97c61313e7d8f1907f__006,joel-beck/readnext,8c71f3c7b1391fa42d554e97c61313e7d8f1907f,readnext/evaluation/scoring/model_scorer.py,readnext__evaluation__scoring__model_scorer.py,first_isolated_migrations_artifacts/joel-beck__readnext/8c71f3c7b1391fa42d554e97c61313e7d8f1907f/readnext__evaluation__scoring__model_scorer.py.before.py,first_isolated_migrations_artifacts/joel-beck__readnext/8c71f3c7b1391fa42d554e97c61313e7d8f1907f/readnext__evaluation__scoring__model_scorer.py.after.py,first_isolated_migrations_artifacts/joel-beck__readnext/8c71f3c7b1391fa42d554e97c61313e7d8f1907f/readnext__evaluation__scoring__model_scorer.py.patch,Yes,exact_match,complete,Aggregation & joins,Aggregation & joins;Core dataframe transforms,
joel-beck__readnext__8c71f3c7b1391fa42d554e97c61313e7d8f1907f__007,joel-beck/readnext,8c71f3c7b1391fa42d554e97c61313e7d8f1907f,readnext/evaluation/scoring/precompute_scores.py,readnext__evaluation__scoring__precompute_scores.py,first_isolated_migrations_artifacts/joel-beck__readnext/8c71f3c7b1391fa42d554e97c61313e7d8f1907f/readnext__evaluation__scoring__precompute_scores.py.before.py,first_isolated_migrations_artifacts/joel-beck__readnext/8c71f3c7b1391fa42d554e97c61313e7d8f1907f/readnext__evaluation__scoring__precompute_scores.py.after.py,first_isolated_migrations_artifacts/joel-beck__readnext/8c71f3c7b1391fa42d554e97c61313e7d8f1907f/readnext__evaluation__scoring__precompute_scores.py.patch,Yes,exact_match,complete,Core dataframe transforms,Core dataframe transforms;Index & pandas-specific semantics,
joel-beck__readnext__8c71f3c7b1391fa42d554e97c61313e7d8f1907f__008,joel-beck/readnext,8c71f3c7b1391fa42d554e97c61313e7d8f1907f,readnext/inference/attribute_getter/attribute_getter_base.py,readnext__inference__attribute_getter__attribute_getter_base.py,first_isolated_migrations_artifacts/joel-beck__readnext/8c71f3c7b1391fa42d554e97c61313e7d8f1907f/readnext__inference__attribute_getter__attribute_getter_base.py.before.py,first_isolated_migrations_artifacts/joel-beck__readnext/8c71f3c7b1391fa42d554e97c61313e7d8f1907f/readnext__inference__attribute_getter__attribute_getter_base.py.after.py,first_isolated_migrations_artifacts/joel-beck__readnext/8c71f3c7b1391fa42d554e97c61313e7d8f1907f/readnext__inference__attribute_getter__attribute_getter_base.py.patch,Yes,exact_match,complete,Core dataframe transforms,Core dataframe transforms,
joel-beck__readnext__8c71f3c7b1391fa42d554e97c61313e7d8f1907f__009,joel-beck/readnext,8c71f3c7b1391fa42d554e97c61313e7d8f1907f,readnext/inference/attribute_getter/attribute_getter_seen.py,readnext__inference__attribute_getter__attribute_getter_seen.py,first_isolated_migrations_artifacts/joel-beck__readnext/8c71f3c7b1391fa42d554e97c61313e7d8f1907f/readnext__inference__attribute_getter__attribute_getter_seen.py.before.py,first_isolated_migrations_artifacts/joel-beck__readnext/8c71f3c7b1391fa42d554e97c61313e7d8f1907f/readnext__inference__attribute_getter__attribute_getter_seen.py.after.py,first_isolated_migrations_artifacts/joel-beck__readnext/8c71f3c7b1391fa42d554e97c61313e7d8f1907f/readnext__inference__attribute_getter__attribute_getter_seen.py.patch,Yes,exact_match,complete,Core dataframe transforms,Core dataframe transforms,
joel-beck__readnext__8c71f3c7b1391fa42d554e97c61313e7d8f1907f__010,joel-beck/readnext,8c71f3c7b1391fa42d554e97c61313e7d8f1907f,readnext/inference/attribute_getter/attribute_getter_unseen.py,readnext__inference__attribute_getter__attribute_getter_unseen.py,first_isolated_migrations_artifacts/joel-beck__readnext/8c71f3c7b1391fa42d554e97c61313e7d8f1907f/readnext__inference__attribute_getter__attribute_getter_unseen.py.before.py,first_isolated_migrations_artifacts/joel-beck__readnext/8c71f3c7b1391fa42d554e97c61313e7d8f1907f/readnext__inference__attribute_getter__attribute_getter_unseen.py.after.py,first_isolated_migrations_artifacts/joel-beck__readnext/8c71f3c7b1391fa42d554e97c61313e7d8f1907f/readnext__inference__attribute_getter__attribute_getter_unseen.py.patch,Yes,exact_match,complete,Core dataframe transforms,Core dataframe transforms,
joel-beck__readnext__8c71f3c7b1391fa42d554e97c61313e7d8f1907f__011,joel-beck/readnext,8c71f3c7b1391fa42d554e97c61313e7d8f1907f,readnext/inference/inference_data_constructor.py,readnext__inference__inference_data_constructor.py,first_isolated_migrations_artifacts/joel-beck__readnext/8c71f3c7b1391fa42d554e97c61313e7d8f1907f/readnext__inference__inference_data_constructor.py.before.py,first_isolated_migrations_artifacts/joel-beck__readnext/8c71f3c7b1391fa42d554e97c61313e7d8f1907f/readnext__inference__inference_data_constructor.py.after.py,first_isolated_migrations_artifacts/joel-beck__readnext/8c71f3c7b1391fa42d554e97c61313e7d8f1907f/readnext__inference__inference_data_constructor.py.patch,Yes,exact_match,complete,Core dataframe transforms,Core dataframe transforms,
joel-beck__readnext__8c71f3c7b1391fa42d554e97c61313e7d8f1907f__012,joel-beck/readnext,8c71f3c7b1391fa42d554e97c61313e7d8f1907f,readnext/inference/input_converter.py,readnext__inference__input_converter.py,first_isolated_migrations_artifacts/joel-beck__readnext/8c71f3c7b1391fa42d554e97c61313e7d8f1907f/readnext__inference__input_converter.py.before.py,first_isolated_migrations_artifacts/joel-beck__readnext/8c71f3c7b1391fa42d554e97c61313e7d8f1907f/readnext__inference__input_converter.py.after.py,first_isolated_migrations_artifacts/joel-beck__readnext/8c71f3c7b1391fa42d554e97c61313e7d8f1907f/readnext__inference__input_converter.py.patch,Yes,exact_match,complete,Core dataframe transforms,Core dataframe transforms;Types & schema,
joel-beck__readnext__8c71f3c7b1391fa42d554e97c61313e7d8f1907f__013,joel-beck/readnext,8c71f3c7b1391fa42d554e97c61313e7d8f1907f,readnext/modeling/document_info.py,readnext__modeling__document_info.py,first_isolated_migrations_artifacts/joel-beck__readnext/8c71f3c7b1391fa42d554e97c61313e7d8f1907f/readnext__modeling__document_info.py.before.py,first_isolated_migrations_artifacts/joel-beck__readnext/8c71f3c7b1391fa42d554e97c61313e7d8f1907f/readnext__modeling__document_info.py.after.py,first_isolated_migrations_artifacts/joel-beck__readnext/8c71f3c7b1391fa42d554e97c61313e7d8f1907f/readnext__modeling__document_info.py.patch,Yes,exact_match,complete,Core dataframe transforms,Core dataframe transforms,
joel-beck__readnext__8c71f3c7b1391fa42d554e97c61313e7d8f1907f__014,joel-beck/readnext,8c71f3c7b1391fa42d554e97c61313e7d8f1907f,readnext/modeling/language_models/embedder.py,readnext__modeling__language_models__embedder.py,first_isolated_migrations_artifacts/joel-beck__readnext/8c71f3c7b1391fa42d554e97c61313e7d8f1907f/readnext__modeling__language_models__embedder.py.before.py,first_isolated_migrations_artifacts/joel-beck__readnext/8c71f3c7b1391fa42d554e97c61313e7d8f1907f/readnext__modeling__language_models__embedder.py.after.py,first_isolated_migrations_artifacts/joel-beck__readnext/8c71f3c7b1391fa42d554e97c61313e7d8f1907f/readnext__modeling__language_models__embedder.py.patch,Yes,exact_match,complete,Core dataframe transforms,Core dataframe transforms,
joel-beck__readnext__8c71f3c7b1391fa42d554e97c61313e7d8f1907f__015,joel-beck/readnext,8c71f3c7b1391fa42d554e97c61313e7d8f1907f,readnext/modeling/language_models/model_choice.py,readnext__modeling__language_models__model_choice.py,first_isolated_migrations_artifacts/joel-beck__readnext/8c71f3c7b1391fa42d554e97c61313e7d8f1907f/readnext__modeling__language_models__model_choice.py.before.py,first_isolated_migrations_artifacts/joel-beck__readnext/8c71f3c7b1391fa42d554e97c61313e7d8f1907f/readnext__modeling__language_models__model_choice.py.after.py,first_isolated_migrations_artifacts/joel-beck__readnext/8c71f3c7b1391fa42d554e97c61313e7d8f1907f/readnext__modeling__language_models__model_choice.py.patch,Yes,exact_match,complete,Core dataframe transforms,Core dataframe transforms,
joel-beck__readnext__8c71f3c7b1391fa42d554e97c61313e7d8f1907f__016,joel-beck/readnext,8c71f3c7b1391fa42d554e97c61313e7d8f1907f,readnext/modeling/model_data.py,readnext__modeling__model_data.py,first_isolated_migrations_artifacts/joel-beck__readnext/8c71f3c7b1391fa42d554e97c61313e7d8f1907f/readnext__modeling__model_data.py.before.py,first_isolated_migrations_artifacts/joel-beck__readnext/8c71f3c7b1391fa42d554e97c61313e7d8f1907f/readnext__modeling__model_data.py.after.py,first_isolated_migrations_artifacts/joel-beck__readnext/8c71f3c7b1391fa42d554e97c61313e7d8f1907f/readnext__modeling__model_data.py.patch,Yes,exact_match,complete,Core dataframe transforms,Core dataframe transforms;Index & pandas-specific semantics,
joel-beck__readnext__8c71f3c7b1391fa42d554e97c61313e7d8f1907f__017,joel-beck/readnext,8c71f3c7b1391fa42d554e97c61313e7d8f1907f,readnext/modeling/model_data_constructor.py,readnext__modeling__model_data_constructor.py,first_isolated_migrations_artifacts/joel-beck__readnext/8c71f3c7b1391fa42d554e97c61313e7d8f1907f/readnext__modeling__model_data_constructor.py.before.py,first_isolated_migrations_artifacts/joel-beck__readnext/8c71f3c7b1391fa42d554e97c61313e7d8f1907f/readnext__modeling__model_data_constructor.py.after.py,first_isolated_migrations_artifacts/joel-beck__readnext/8c71f3c7b1391fa42d554e97c61313e7d8f1907f/readnext__modeling__model_data_constructor.py.patch,Yes,exact_match,complete,Core dataframe transforms,Core dataframe transforms,
joel-beck__readnext__8c71f3c7b1391fa42d554e97c61313e7d8f1907f__018,joel-beck/readnext,8c71f3c7b1391fa42d554e97c61313e7d8f1907f,readnext/scripts/data/s1_read_d3_documents_chunks.py,readnext__scripts__data__s1_read_d3_documents_chunks.py,first_isolated_migrations_artifacts/joel-beck__readnext/8c71f3c7b1391fa42d554e97c61313e7d8f1907f/readnext__scripts__data__s1_read_d3_documents_chunks.py.before.py,first_isolated_migrations_artifacts/joel-beck__readnext/8c71f3c7b1391fa42d554e97c61313e7d8f1907f/readnext__scripts__data__s1_read_d3_documents_chunks.py.after.py,first_isolated_migrations_artifacts/joel-beck__readnext/8c71f3c7b1391fa42d554e97c61313e7d8f1907f/readnext__scripts__data__s1_read_d3_documents_chunks.py.patch,Yes,exact_match,complete,IO boundary,IO boundary;Aggregation & joins;Core dataframe transforms,
joel-beck__readnext__8c71f3c7b1391fa42d554e97c61313e7d8f1907f__019,joel-beck/readnext,8c71f3c7b1391fa42d554e97c61313e7d8f1907f,readnext/scripts/data/s2_preprocess_documents_chunks.py,readnext__scripts__data__s2_preprocess_documents_chunks.py,first_isolated_migrations_artifacts/joel-beck__readnext/8c71f3c7b1391fa42d554e97c61313e7d8f1907f/readnext__scripts__data__s2_preprocess_documents_chunks.py.before.py,first_isolated_migrations_artifacts/joel-beck__readnext/8c71f3c7b1391fa42d554e97c61313e7d8f1907f/readnext__scripts__data__s2_preprocess_documents_chunks.py.after.py,first_isolated_migrations_artifacts/joel-beck__readnext/8c71f3c7b1391fa42d554e97c61313e7d8f1907f/readnext__scripts__data__s2_preprocess_documents_chunks.py.patch,Yes,exact_match,complete,Core dataframe transforms,Core dataframe transforms,
joel-beck__readnext__8c71f3c7b1391fa42d554e97c61313e7d8f1907f__020,joel-beck/readnext,8c71f3c7b1391fa42d554e97c61313e7d8f1907f,readnext/scripts/data/s3_merge_labels_chunks.py,readnext__scripts__data__s3_merge_labels_chunks.py,first_isolated_migrations_artifacts/joel-beck__readnext/8c71f3c7b1391fa42d554e97c61313e7d8f1907f/readnext__scripts__data__s3_merge_labels_chunks.py.before.py,first_isolated_migrations_artifacts/joel-beck__readnext/8c71f3c7b1391fa42d554e97c61313e7d8f1907f/readnext__scripts__data__s3_merge_labels_chunks.py.after.py,first_isolated_migrations_artifacts/joel-beck__readnext/8c71f3c7b1391fa42d554e97c61313e7d8f1907f/readnext__scripts__data__s3_merge_labels_chunks.py.patch,Yes,exact_match,complete,Core dataframe transforms,Core dataframe transforms,
joel-beck__readnext__8c71f3c7b1391fa42d554e97c61313e7d8f1907f__021,joel-beck/readnext,8c71f3c7b1391fa42d554e97c61313e7d8f1907f,readnext/scripts/data/s4_combine_documents_labels_chunks.py,readnext__scripts__data__s4_combine_documents_labels_chunks.py,first_isolated_migrations_artifacts/joel-beck__readnext/8c71f3c7b1391fa42d554e97c61313e7d8f1907f/readnext__scripts__data__s4_combine_documents_labels_chunks.py.before.py,first_isolated_migrations_artifacts/joel-beck__readnext/8c71f3c7b1391fa42d554e97c61313e7d8f1907f/readnext__scripts__data__s4_combine_documents_labels_chunks.py.after.py,first_isolated_migrations_artifacts/joel-beck__readnext/8c71f3c7b1391fa42d554e97c61313e7d8f1907f/readnext__scripts__data__s4_combine_documents_labels_chunks.py.patch,Yes,exact_match,complete,Aggregation & joins,Aggregation & joins,
joel-beck__readnext__8c71f3c7b1391fa42d554e97c61313e7d8f1907f__022,joel-beck/readnext,8c71f3c7b1391fa42d554e97c61313e7d8f1907f,readnext/scripts/data/s5_read_d3_authors.py,readnext__scripts__data__s5_read_d3_authors.py,first_isolated_migrations_artifacts/joel-beck__readnext/8c71f3c7b1391fa42d554e97c61313e7d8f1907f/readnext__scripts__data__s5_read_d3_authors.py.before.py,first_isolated_migrations_artifacts/joel-beck__readnext/8c71f3c7b1391fa42d554e97c61313e7d8f1907f/readnext__scripts__data__s5_read_d3_authors.py.after.py,first_isolated_migrations_artifacts/joel-beck__readnext/8c71f3c7b1391fa42d554e97c61313e7d8f1907f/readnext__scripts__data__s5_read_d3_authors.py.patch,Yes,exact_match,complete,IO boundary,IO boundary;Core dataframe transforms,
joel-beck__readnext__8c71f3c7b1391fa42d554e97c61313e7d8f1907f__023,joel-beck/readnext,8c71f3c7b1391fa42d554e97c61313e7d8f1907f,readnext/scripts/data/s6_merge_authors.py,readnext__scripts__data__s6_merge_authors.py,first_isolated_migrations_artifacts/joel-beck__readnext/8c71f3c7b1391fa42d554e97c61313e7d8f1907f/readnext__scripts__data__s6_merge_authors.py.before.py,first_isolated_migrations_artifacts/joel-beck__readnext/8c71f3c7b1391fa42d554e97c61313e7d8f1907f/readnext__scripts__data__s6_merge_authors.py.after.py,first_isolated_migrations_artifacts/joel-beck__readnext/8c71f3c7b1391fa42d554e97c61313e7d8f1907f/readnext__scripts__data__s6_merge_authors.py.patch,Yes,exact_match,complete,Core dataframe transforms,Core dataframe transforms,
joel-beck__readnext__8c71f3c7b1391fa42d554e97c61313e7d8f1907f__024,joel-beck/readnext,8c71f3c7b1391fa42d554e97c61313e7d8f1907f,readnext/scripts/data/s7_merge_citations.py,readnext__scripts__data__s7_merge_citations.py,first_isolated_migrations_artifacts/joel-beck__readnext/8c71f3c7b1391fa42d554e97c61313e7d8f1907f/readnext__scripts__data__s7_merge_citations.py.before.py,first_isolated_migrations_artifacts/joel-beck__readnext/8c71f3c7b1391fa42d554e97c61313e7d8f1907f/readnext__scripts__data__s7_merge_citations.py.after.py,first_isolated_migrations_artifacts/joel-beck__readnext/8c71f3c7b1391fa42d554e97c61313e7d8f1907f/readnext__scripts__data__s7_merge_citations.py.patch,Yes,exact_match,complete,Core dataframe transforms,Core dataframe transforms,
joel-beck__readnext__8c71f3c7b1391fa42d554e97c61313e7d8f1907f__025,joel-beck/readnext,8c71f3c7b1391fa42d554e97c61313e7d8f1907f,readnext/scripts/data/s8_combine_documents_authors_labels_citations_chunks.py,readnext__scripts__data__s8_combine_documents_authors_labels_citations_chunks.py,first_isolated_migrations_artifacts/joel-beck__readnext/8c71f3c7b1391fa42d554e97c61313e7d8f1907f/readnext__scripts__data__s8_combine_documents_authors_labels_citations_chunks.py.before.py,first_isolated_migrations_artifacts/joel-beck__readnext/8c71f3c7b1391fa42d554e97c61313e7d8f1907f/readnext__scripts__data__s8_combine_documents_authors_labels_citations_chunks.py.after.py,first_isolated_migrations_artifacts/joel-beck__readnext/8c71f3c7b1391fa42d554e97c61313e7d8f1907f/readnext__scripts__data__s8_combine_documents_authors_labels_citations_chunks.py.patch,Yes,exact_match,complete,Aggregation & joins,Aggregation & joins,
joel-beck__readnext__8c71f3c7b1391fa42d554e97c61313e7d8f1907f__026,joel-beck/readnext,8c71f3c7b1391fa42d554e97c61313e7d8f1907f,readnext/scripts/data/s9_filter_most_cited_documents.py,readnext__scripts__data__s9_filter_most_cited_documents.py,first_isolated_migrations_artifacts/joel-beck__readnext/8c71f3c7b1391fa42d554e97c61313e7d8f1907f/readnext__scripts__data__s9_filter_most_cited_documents.py.before.py,first_isolated_migrations_artifacts/joel-beck__readnext/8c71f3c7b1391fa42d554e97c61313e7d8f1907f/readnext__scripts__data__s9_filter_most_cited_documents.py.after.py,first_isolated_migrations_artifacts/joel-beck__readnext/8c71f3c7b1391fa42d554e97c61313e7d8f1907f/readnext__scripts__data__s9_filter_most_cited_documents.py.patch,Yes,exact_match,complete,Core dataframe transforms,Core dataframe transforms,
joel-beck__readnext__8c71f3c7b1391fa42d554e97c61313e7d8f1907f__027,joel-beck/readnext,8c71f3c7b1391fa42d554e97c61313e7d8f1907f,readnext/scripts/evaluation/run_evaluation_components_precision_scores.py,readnext__scripts__evaluation__run_evaluation_components_precision_scores.py,first_isolated_migrations_artifacts/joel-beck__readnext/8c71f3c7b1391fa42d554e97c61313e7d8f1907f/readnext__scripts__evaluation__run_evaluation_components_precision_scores.py.before.py,first_isolated_migrations_artifacts/joel-beck__readnext/8c71f3c7b1391fa42d554e97c61313e7d8f1907f/readnext__scripts__evaluation__run_evaluation_components_precision_scores.py.after.py,first_isolated_migrations_artifacts/joel-beck__readnext/8c71f3c7b1391fa42d554e97c61313e7d8f1907f/readnext__scripts__evaluation__run_evaluation_components_precision_scores.py.patch,Yes,exact_match,complete,Core dataframe transforms,Core dataframe transforms,
joel-beck__readnext__8c71f3c7b1391fa42d554e97c61313e7d8f1907f__028,joel-beck/readnext,8c71f3c7b1391fa42d554e97c61313e7d8f1907f,readnext/scripts/evaluation/run_evaluation_components_unique_labels.py,readnext__scripts__evaluation__run_evaluation_components_unique_labels.py,first_isolated_migrations_artifacts/joel-beck__readnext/8c71f3c7b1391fa42d554e97c61313e7d8f1907f/readnext__scripts__evaluation__run_evaluation_components_unique_labels.py.before.py,first_isolated_migrations_artifacts/joel-beck__readnext/8c71f3c7b1391fa42d554e97c61313e7d8f1907f/readnext__scripts__evaluation__run_evaluation_components_unique_labels.py.after.py,first_isolated_migrations_artifacts/joel-beck__readnext/8c71f3c7b1391fa42d554e97c61313e7d8f1907f/readnext__scripts__evaluation__run_evaluation_components_unique_labels.py.patch,Yes,exact_match,complete,Core dataframe transforms,Core dataframe transforms,
joel-beck__readnext__8c71f3c7b1391fa42d554e97c61313e7d8f1907f__029,joel-beck/readnext,8c71f3c7b1391fa42d554e97c61313e7d8f1907f,readnext/scripts/evaluation/run_evaluation_hybrid_scores.py,readnext__scripts__evaluation__run_evaluation_hybrid_scores.py,first_isolated_migrations_artifacts/joel-beck__readnext/8c71f3c7b1391fa42d554e97c61313e7d8f1907f/readnext__scripts__evaluation__run_evaluation_hybrid_scores.py.before.py,first_isolated_migrations_artifacts/joel-beck__readnext/8c71f3c7b1391fa42d554e97c61313e7d8f1907f/readnext__scripts__evaluation__run_evaluation_hybrid_scores.py.after.py,first_isolated_migrations_artifacts/joel-beck__readnext/8c71f3c7b1391fa42d554e97c61313e7d8f1907f/readnext__scripts__evaluation__run_evaluation_hybrid_scores.py.patch,Yes,exact_match,complete,Aggregation & joins,Aggregation & joins;Core dataframe transforms,
joel-beck__readnext__8c71f3c7b1391fa42d554e97c61313e7d8f1907f__030,joel-beck/readnext,8c71f3c7b1391fa42d554e97c61313e7d8f1907f,readnext/utils/aliases.py,readnext__utils__aliases.py,first_isolated_migrations_artifacts/joel-beck__readnext/8c71f3c7b1391fa42d554e97c61313e7d8f1907f/readnext__utils__aliases.py.before.py,first_isolated_migrations_artifacts/joel-beck__readnext/8c71f3c7b1391fa42d554e97c61313e7d8f1907f/readnext__utils__aliases.py.after.py,first_isolated_migrations_artifacts/joel-beck__readnext/8c71f3c7b1391fa42d554e97c61313e7d8f1907f/readnext__utils__aliases.py.patch,Yes,exact_match,complete,Core dataframe transforms,Core dataframe transforms,
joel-beck__readnext__8c71f3c7b1391fa42d554e97c61313e7d8f1907f__031,joel-beck/readnext,8c71f3c7b1391fa42d554e97c61313e7d8f1907f,readnext/utils/decorators.py,readnext__utils__decorators.py,first_isolated_migrations_artifacts/joel-beck__readnext/8c71f3c7b1391fa42d554e97c61313e7d8f1907f/readnext__utils__decorators.py.before.py,first_isolated_migrations_artifacts/joel-beck__readnext/8c71f3c7b1391fa42d554e97c61313e7d8f1907f/readnext__utils__decorators.py.after.py,first_isolated_migrations_artifacts/joel-beck__readnext/8c71f3c7b1391fa42d554e97c61313e7d8f1907f/readnext__utils__decorators.py.patch,Yes,exact_match,complete,Core dataframe transforms,Core dataframe transforms,
joel-beck__readnext__8c71f3c7b1391fa42d554e97c61313e7d8f1907f__032,joel-beck/readnext,8c71f3c7b1391fa42d554e97c61313e7d8f1907f,readnext/utils/io.py,readnext__utils__io.py,first_isolated_migrations_artifacts/joel-beck__readnext/8c71f3c7b1391fa42d554e97c61313e7d8f1907f/readnext__utils__io.py.before.py,first_isolated_migrations_artifacts/joel-beck__readnext/8c71f3c7b1391fa42d554e97c61313e7d8f1907f/readnext__utils__io.py.after.py,first_isolated_migrations_artifacts/joel-beck__readnext/8c71f3c7b1391fa42d554e97c61313e7d8f1907f/readnext__utils__io.py.patch,Yes,exact_match,complete,IO boundary,IO boundary;Core dataframe transforms,
joel-beck__readnext__8c71f3c7b1391fa42d554e97c61313e7d8f1907f__033,joel-beck/readnext,8c71f3c7b1391fa42d554e97c61313e7d8f1907f,readnext/utils/preprocessing.py,readnext__utils__preprocessing.py,first_isolated_migrations_artifacts/joel-beck__readnext/8c71f3c7b1391fa42d554e97c61313e7d8f1907f/readnext__utils__preprocessing.py.before.py,first_isolated_migrations_artifacts/joel-beck__readnext/8c71f3c7b1391fa42d554e97c61313e7d8f1907f/readnext__utils__preprocessing.py.after.py,first_isolated_migrations_artifacts/joel-beck__readnext/8c71f3c7b1391fa42d554e97c61313e7d8f1907f/readnext__utils__preprocessing.py.patch,Yes,exact_match,complete,Core dataframe transforms,Core dataframe transforms,
limebit__medmodels__0ac0c8625ca8bde33fdce39b955ff6628afe27f8__001,limebit/medmodels,0ac0c8625ca8bde33fdce39b955ff6628afe27f8,medmodels/matching/algorithms/classic_distance_models.py,medmodels__matching__algorithms__classic_distance_models.py,first_isolated_migrations_artifacts/limebit__medmodels/0ac0c8625ca8bde33fdce39b955ff6628afe27f8/medmodels__matching__algorithms__classic_distance_models.py.before.py,first_isolated_migrations_artifacts/limebit__medmodels/0ac0c8625ca8bde33fdce39b955ff6628afe27f8/medmodels__matching__algorithms__classic_distance_models.py.after.py,first_isolated_migrations_artifacts/limebit__medmodels/0ac0c8625ca8bde33fdce39b955ff6628afe27f8/medmodels__matching__algorithms__classic_distance_models.py.patch,Yes,exact_match,complete,Aggregation & joins,Aggregation & joins;Core dataframe transforms;Index & pandas-specific semantics,
limebit__medmodels__0ac0c8625ca8bde33fdce39b955ff6628afe27f8__002,limebit/medmodels,0ac0c8625ca8bde33fdce39b955ff6628afe27f8,medmodels/matching/algorithms/propensity_score.py,medmodels__matching__algorithms__propensity_score.py,first_isolated_migrations_artifacts/limebit__medmodels/0ac0c8625ca8bde33fdce39b955ff6628afe27f8/medmodels__matching__algorithms__propensity_score.py.before.py,first_isolated_migrations_artifacts/limebit__medmodels/0ac0c8625ca8bde33fdce39b955ff6628afe27f8/medmodels__matching__algorithms__propensity_score.py.after.py,first_isolated_migrations_artifacts/limebit__medmodels/0ac0c8625ca8bde33fdce39b955ff6628afe27f8/medmodels__matching__algorithms__propensity_score.py.patch,Yes,exact_match,complete,Core dataframe transforms,Core dataframe transforms;Index & pandas-specific semantics,
limebit__medmodels__0ac0c8625ca8bde33fdce39b955ff6628afe27f8__003,limebit/medmodels,0ac0c8625ca8bde33fdce39b955ff6628afe27f8,medmodels/matching/tests/test_classic_distance_models.py,medmodels__matching__tests__test_classic_distance_models.py,first_isolated_migrations_artifacts/limebit__medmodels/0ac0c8625ca8bde33fdce39b955ff6628afe27f8/medmodels__matching__tests__test_classic_distance_models.py.before.py,first_isolated_migrations_artifacts/limebit__medmodels/0ac0c8625ca8bde33fdce39b955ff6628afe27f8/medmodels__matching__tests__test_classic_distance_models.py.after.py,first_isolated_migrations_artifacts/limebit__medmodels/0ac0c8625ca8bde33fdce39b955ff6628afe27f8/medmodels__matching__tests__test_classic_distance_models.py.patch,Yes,exact_match,complete,Core dataframe transforms,Core dataframe transforms,
limebit__medmodels__0ac0c8625ca8bde33fdce39b955ff6628afe27f8__004,limebit/medmodels,0ac0c8625ca8bde33fdce39b955ff6628afe27f8,medmodels/matching/tests/test_propensity_score.py,medmodels__matching__tests__test_propensity_score.py,first_isolated_migrations_artifacts/limebit__medmodels/0ac0c8625ca8bde33fdce39b955ff6628afe27f8/medmodels__matching__tests__test_propensity_score.py.before.py,first_isolated_migrations_artifacts/limebit__medmodels/0ac0c8625ca8bde33fdce39b955ff6628afe27f8/medmodels__matching__tests__test_propensity_score.py.after.py,first_isolated_migrations_artifacts/limebit__medmodels/0ac0c8625ca8bde33fdce39b955ff6628afe27f8/medmodels__matching__tests__test_propensity_score.py.patch,Yes,exact_match,complete,Core dataframe transforms,Core dataframe transforms,
limebit__medmodels__4eb9b7ff22348b86e57c21877a86b5264d478d82__001,limebit/medmodels,4eb9b7ff22348b86e57c21877a86b5264d478d82,medmodels/medrecord/medrecord.py,medmodels__medrecord__medrecord.py,first_isolated_migrations_artifacts/limebit__medmodels/4eb9b7ff22348b86e57c21877a86b5264d478d82/medmodels__medrecord__medrecord.py.before.py,first_isolated_migrations_artifacts/limebit__medmodels/4eb9b7ff22348b86e57c21877a86b5264d478d82/medmodels__medrecord__medrecord.py.after.py,first_isolated_migrations_artifacts/limebit__medmodels/4eb9b7ff22348b86e57c21877a86b5264d478d82/medmodels__medrecord__medrecord.py.patch,Yes,exact_match,complete,Core dataframe transforms,Core dataframe transforms;Index & pandas-specific semantics,
marimo-team__marimo__7e604334698168d0b0a6f59d960924ac2982548b__001,marimo-team/marimo,7e604334698168d0b0a6f59d960924ac2982548b,marimo/_sql/engines/clickhouse.py,marimo___sql__engines__clickhouse.py,first_isolated_migrations_artifacts/marimo-team__marimo/7e604334698168d0b0a6f59d960924ac2982548b/marimo___sql__engines__clickhouse.py.before.py,first_isolated_migrations_artifacts/marimo-team__marimo/7e604334698168d0b0a6f59d960924ac2982548b/marimo___sql__engines__clickhouse.py.after.py,first_isolated_migrations_artifacts/marimo-team__marimo/7e604334698168d0b0a6f59d960924ac2982548b/marimo___sql__engines__clickhouse.py.patch,Yes,exact_match,complete,IO boundary,IO boundary;Core dataframe transforms,
marimo-team__marimo__7e604334698168d0b0a6f59d960924ac2982548b__002,marimo-team/marimo,7e604334698168d0b0a6f59d960924ac2982548b,tests/_sql/test_clickhouse.py,tests___sql__test_clickhouse.py,first_isolated_migrations_artifacts/marimo-team__marimo/7e604334698168d0b0a6f59d960924ac2982548b/tests___sql__test_clickhouse.py.before.py,first_isolated_migrations_artifacts/marimo-team__marimo/7e604334698168d0b0a6f59d960924ac2982548b/tests___sql__test_clickhouse.py.after.py,first_isolated_migrations_artifacts/marimo-team__marimo/7e604334698168d0b0a6f59d960924ac2982548b/tests___sql__test_clickhouse.py.patch,Yes,exact_match,complete,Core dataframe transforms,Core dataframe transforms,
marimo-team__marimo__a90a37e32b5f1408d245922a1ef2658e76db5c55__001,marimo-team/marimo,a90a37e32b5f1408d245922a1ef2658e76db5c55,marimo/_plugins/ui/_impl/altair_chart.py,marimo___plugins__ui___impl__altair_chart.py,first_isolated_migrations_artifacts/marimo-team__marimo/a90a37e32b5f1408d245922a1ef2658e76db5c55/marimo___plugins__ui___impl__altair_chart.py.before.py,first_isolated_migrations_artifacts/marimo-team__marimo/a90a37e32b5f1408d245922a1ef2658e76db5c55/marimo___plugins__ui___impl__altair_chart.py.after.py,first_isolated_migrations_artifacts/marimo-team__marimo/a90a37e32b5f1408d245922a1ef2658e76db5c55/marimo___plugins__ui___impl__altair_chart.py.patch,Yes,exact_match,complete,IO boundary,IO boundary;Aggregation & joins;Core dataframe transforms,
marimo-team__marimo__a90a37e32b5f1408d245922a1ef2658e76db5c55__002,marimo-team/marimo,a90a37e32b5f1408d245922a1ef2658e76db5c55,tests/_plugins/ui/_impl/test_altair_chart.py,tests___plugins__ui___impl__test_altair_chart.py,first_isolated_migrations_artifacts/marimo-team__marimo/a90a37e32b5f1408d245922a1ef2658e76db5c55/tests___plugins__ui___impl__test_altair_chart.py.before.py,first_isolated_migrations_artifacts/marimo-team__marimo/a90a37e32b5f1408d245922a1ef2658e76db5c55/tests___plugins__ui___impl__test_altair_chart.py.after.py,first_isolated_migrations_artifacts/marimo-team__marimo/a90a37e32b5f1408d245922a1ef2658e76db5c55/tests___plugins__ui___impl__test_altair_chart.py.patch,Yes,exact_match,complete,Aggregation & joins,Aggregation & joins;Core dataframe transforms,
mattheaphy__actxpspy__142b5bcbbb85ee3d73a17e6951d199ddd1681721__001,mattheaphy/actxpspy,142b5bcbbb85ee3d73a17e6951d199ddd1681721,actxps/expose_split.py,actxps__expose_split.py,first_isolated_migrations_artifacts/mattheaphy__actxpspy/142b5bcbbb85ee3d73a17e6951d199ddd1681721/actxps__expose_split.py.before.py,first_isolated_migrations_artifacts/mattheaphy__actxpspy/142b5bcbbb85ee3d73a17e6951d199ddd1681721/actxps__expose_split.py.after.py,first_isolated_migrations_artifacts/mattheaphy__actxpspy/142b5bcbbb85ee3d73a17e6951d199ddd1681721/actxps__expose_split.py.patch,Yes,exact_match,complete,Aggregation & joins,Aggregation & joins;Time series & window;Missing values;Core dataframe transforms;Types & schema,
mattheaphy__actxpspy__142b5bcbbb85ee3d73a17e6951d199ddd1681721__002,mattheaphy/actxpspy,142b5bcbbb85ee3d73a17e6951d199ddd1681721,actxps/tools.py,actxps__tools.py,first_isolated_migrations_artifacts/mattheaphy__actxpspy/142b5bcbbb85ee3d73a17e6951d199ddd1681721/actxps__tools.py.before.py,first_isolated_migrations_artifacts/mattheaphy__actxpspy/142b5bcbbb85ee3d73a17e6951d199ddd1681721/actxps__tools.py.after.py,first_isolated_migrations_artifacts/mattheaphy__actxpspy/142b5bcbbb85ee3d73a17e6951d199ddd1681721/actxps__tools.py.patch,Yes,exact_match,complete,Core dataframe transforms,Core dataframe transforms,
mattheaphy__actxpspy__166453829b92a9e481bf1d292c58ca40e47ab9c3__001,mattheaphy/actxpspy,166453829b92a9e481bf1d292c58ca40e47ab9c3,actxps/exp_stats.py,actxps__exp_stats.py,first_isolated_migrations_artifacts/mattheaphy__actxpspy/166453829b92a9e481bf1d292c58ca40e47ab9c3/actxps__exp_stats.py.before.py,first_isolated_migrations_artifacts/mattheaphy__actxpspy/166453829b92a9e481bf1d292c58ca40e47ab9c3/actxps__exp_stats.py.after.py,first_isolated_migrations_artifacts/mattheaphy__actxpspy/166453829b92a9e481bf1d292c58ca40e47ab9c3/actxps__exp_stats.py.patch,Yes,exact_match,complete,Core dataframe transforms,Core dataframe transforms,
mattheaphy__actxpspy__287a28d84daa8086ce828fbbfd657e4a77a974cc__001,mattheaphy/actxpspy,287a28d84daa8086ce828fbbfd657e4a77a974cc,actxps/col_select.py,actxps__col_select.py,first_isolated_migrations_artifacts/mattheaphy__actxpspy/287a28d84daa8086ce828fbbfd657e4a77a974cc/actxps__col_select.py.before.py,first_isolated_migrations_artifacts/mattheaphy__actxpspy/287a28d84daa8086ce828fbbfd657e4a77a974cc/actxps__col_select.py.after.py,first_isolated_migrations_artifacts/mattheaphy__actxpspy/287a28d84daa8086ce828fbbfd657e4a77a974cc/actxps__col_select.py.patch,Yes,exact_match,complete,Core dataframe transforms,Core dataframe transforms,
mattheaphy__actxpspy__2ed5d698be6a587dcb6b7f31a0c6329e84f16ebc__001,mattheaphy/actxpspy,2ed5d698be6a587dcb6b7f31a0c6329e84f16ebc,actxps/exp_stats.py,actxps__exp_stats.py,first_isolated_migrations_artifacts/mattheaphy__actxpspy/2ed5d698be6a587dcb6b7f31a0c6329e84f16ebc/actxps__exp_stats.py.before.py,first_isolated_migrations_artifacts/mattheaphy__actxpspy/2ed5d698be6a587dcb6b7f31a0c6329e84f16ebc/actxps__exp_stats.py.after.py,first_isolated_migrations_artifacts/mattheaphy__actxpspy/2ed5d698be6a587dcb6b7f31a0c6329e84f16ebc/actxps__exp_stats.py.patch,Yes,exact_match,complete,Core dataframe transforms,Core dataframe transforms,
mattheaphy__actxpspy__325e7c2b78869dcad4e2ab1d57f75f9762769332__001,mattheaphy/actxpspy,325e7c2b78869dcad4e2ab1d57f75f9762769332,actxps/dates.py,actxps__dates.py,first_isolated_migrations_artifacts/mattheaphy__actxpspy/325e7c2b78869dcad4e2ab1d57f75f9762769332/actxps__dates.py.before.py,first_isolated_migrations_artifacts/mattheaphy__actxpspy/325e7c2b78869dcad4e2ab1d57f75f9762769332/actxps__dates.py.after.py,first_isolated_migrations_artifacts/mattheaphy__actxpspy/325e7c2b78869dcad4e2ab1d57f75f9762769332/actxps__dates.py.patch,Yes,exact_match,complete,Core dataframe transforms,Core dataframe transforms,
mattheaphy__actxpspy__4bb33aa814e7bfcb5ebf6c5bd288c8c08fa6aa73__001,mattheaphy/actxpspy,4bb33aa814e7bfcb5ebf6c5bd288c8c08fa6aa73,actxps/trx_stats.py,actxps__trx_stats.py,first_isolated_migrations_artifacts/mattheaphy__actxpspy/4bb33aa814e7bfcb5ebf6c5bd288c8c08fa6aa73/actxps__trx_stats.py.before.py,first_isolated_migrations_artifacts/mattheaphy__actxpspy/4bb33aa814e7bfcb5ebf6c5bd288c8c08fa6aa73/actxps__trx_stats.py.after.py,first_isolated_migrations_artifacts/mattheaphy__actxpspy/4bb33aa814e7bfcb5ebf6c5bd288c8c08fa6aa73/actxps__trx_stats.py.patch,Yes,exact_match,complete,Core dataframe transforms,Core dataframe transforms,
mattheaphy__actxpspy__6f1c26848868bb93c232d2816cf80bc681992c79__001,mattheaphy/actxpspy,6f1c26848868bb93c232d2816cf80bc681992c79,actxps/datasets.py,actxps__datasets.py,first_isolated_migrations_artifacts/mattheaphy__actxpspy/6f1c26848868bb93c232d2816cf80bc681992c79/actxps__datasets.py.before.py,first_isolated_migrations_artifacts/mattheaphy__actxpspy/6f1c26848868bb93c232d2816cf80bc681992c79/actxps__datasets.py.after.py,first_isolated_migrations_artifacts/mattheaphy__actxpspy/6f1c26848868bb93c232d2816cf80bc681992c79/actxps__datasets.py.patch,Yes,exact_match,complete,IO boundary,IO boundary;Core dataframe transforms,
mattheaphy__actxpspy__8bb7bc3a887f204e71cd944d7b3d7e8df19dcfbc__001,mattheaphy/actxpspy,8bb7bc3a887f204e71cd944d7b3d7e8df19dcfbc,actxps/expose.py,actxps__expose.py,first_isolated_migrations_artifacts/mattheaphy__actxpspy/8bb7bc3a887f204e71cd944d7b3d7e8df19dcfbc/actxps__expose.py.before.py,first_isolated_migrations_artifacts/mattheaphy__actxpspy/8bb7bc3a887f204e71cd944d7b3d7e8df19dcfbc/actxps__expose.py.after.py,first_isolated_migrations_artifacts/mattheaphy__actxpspy/8bb7bc3a887f204e71cd944d7b3d7e8df19dcfbc/actxps__expose.py.patch,Yes,exact_match,complete,Core dataframe transforms,Core dataframe transforms,
mattheaphy__actxpspy__a39f452774c88ad6e5648cf8fac1beaccd173375__001,mattheaphy/actxpspy,a39f452774c88ad6e5648cf8fac1beaccd173375,actxps/expose.py,actxps__expose.py,first_isolated_migrations_artifacts/mattheaphy__actxpspy/a39f452774c88ad6e5648cf8fac1beaccd173375/actxps__expose.py.before.py,first_isolated_migrations_artifacts/mattheaphy__actxpspy/a39f452774c88ad6e5648cf8fac1beaccd173375/actxps__expose.py.after.py,first_isolated_migrations_artifacts/mattheaphy__actxpspy/a39f452774c88ad6e5648cf8fac1beaccd173375/actxps__expose.py.patch,Yes,exact_match,complete,Aggregation & joins,Aggregation & joins;Core dataframe transforms,
mattheaphy__actxpspy__bbe5d7e5b73688b5b198d7790ea80b5d7a3bbd73__001,mattheaphy/actxpspy,bbe5d7e5b73688b5b198d7790ea80b5d7a3bbd73,actxps/data/create_data.py,actxps__data__create_data.py,first_isolated_migrations_artifacts/mattheaphy__actxpspy/bbe5d7e5b73688b5b198d7790ea80b5d7a3bbd73/actxps__data__create_data.py.before.py,first_isolated_migrations_artifacts/mattheaphy__actxpspy/bbe5d7e5b73688b5b198d7790ea80b5d7a3bbd73/actxps__data__create_data.py.after.py,first_isolated_migrations_artifacts/mattheaphy__actxpspy/bbe5d7e5b73688b5b198d7790ea80b5d7a3bbd73/actxps__data__create_data.py.patch,Yes,exact_match,complete,Aggregation & joins,Aggregation & joins;Core dataframe transforms;Types & schema,
mattheaphy__actxpspy__bbe5d7e5b73688b5b198d7790ea80b5d7a3bbd73__002,mattheaphy/actxpspy,bbe5d7e5b73688b5b198d7790ea80b5d7a3bbd73,actxps/datasets.py,actxps__datasets.py,first_isolated_migrations_artifacts/mattheaphy__actxpspy/bbe5d7e5b73688b5b198d7790ea80b5d7a3bbd73/actxps__datasets.py.before.py,first_isolated_migrations_artifacts/mattheaphy__actxpspy/bbe5d7e5b73688b5b198d7790ea80b5d7a3bbd73/actxps__datasets.py.after.py,first_isolated_migrations_artifacts/mattheaphy__actxpspy/bbe5d7e5b73688b5b198d7790ea80b5d7a3bbd73/actxps__datasets.py.patch,Yes,exact_match,complete,IO boundary,IO boundary;Core dataframe transforms;Types & schema,
mattheaphy__actxpspy__db5fc12b38b80b4997aab257c6997caaecd061dc__001,mattheaphy/actxpspy,db5fc12b38b80b4997aab257c6997caaecd061dc,actxps/expose.py,actxps__expose.py,first_isolated_migrations_artifacts/mattheaphy__actxpspy/db5fc12b38b80b4997aab257c6997caaecd061dc/actxps__expose.py.before.py,first_isolated_migrations_artifacts/mattheaphy__actxpspy/db5fc12b38b80b4997aab257c6997caaecd061dc/actxps__expose.py.after.py,first_isolated_migrations_artifacts/mattheaphy__actxpspy/db5fc12b38b80b4997aab257c6997caaecd061dc/actxps__expose.py.patch,Yes,exact_match,complete,Aggregation & joins,Aggregation & joins;Core dataframe transforms,
mattheaphy__actxpspy__e600f705658309e6ef83e4c814cc5297c75c9bf9__001,mattheaphy/actxpspy,e600f705658309e6ef83e4c814cc5297c75c9bf9,actxps/trx_stats.py,actxps__trx_stats.py,first_isolated_migrations_artifacts/mattheaphy__actxpspy/e600f705658309e6ef83e4c814cc5297c75c9bf9/actxps__trx_stats.py.before.py,first_isolated_migrations_artifacts/mattheaphy__actxpspy/e600f705658309e6ef83e4c814cc5297c75c9bf9/actxps__trx_stats.py.after.py,first_isolated_migrations_artifacts/mattheaphy__actxpspy/e600f705658309e6ef83e4c814cc5297c75c9bf9/actxps__trx_stats.py.patch,Yes,exact_match,complete,Core dataframe transforms,Core dataframe transforms,
mexca__mexca__397aab66500bb644331c93773cbb5db6a9fa9c27__001,mexca/mexca,397aab66500bb644331c93773cbb5db6a9fa9c27,mexca/data.py,mexca__data.py,first_isolated_migrations_artifacts/mexca__mexca/397aab66500bb644331c93773cbb5db6a9fa9c27/mexca__data.py.before.py,first_isolated_migrations_artifacts/mexca__mexca/397aab66500bb644331c93773cbb5db6a9fa9c27/mexca__data.py.after.py,first_isolated_migrations_artifacts/mexca__mexca/397aab66500bb644331c93773cbb5db6a9fa9c27/mexca__data.py.patch,Yes,exact_match,complete,Aggregation & joins,Aggregation & joins;Core dataframe transforms,
mexca__mexca__397aab66500bb644331c93773cbb5db6a9fa9c27__002,mexca/mexca,397aab66500bb644331c93773cbb5db6a9fa9c27,mexca/pipeline.py,mexca__pipeline.py,first_isolated_migrations_artifacts/mexca__mexca/397aab66500bb644331c93773cbb5db6a9fa9c27/mexca__pipeline.py.before.py,first_isolated_migrations_artifacts/mexca__mexca/397aab66500bb644331c93773cbb5db6a9fa9c27/mexca__pipeline.py.after.py,first_isolated_migrations_artifacts/mexca__mexca/397aab66500bb644331c93773cbb5db6a9fa9c27/mexca__pipeline.py.patch,Yes,exact_match,complete,Core dataframe transforms,Core dataframe transforms,
mexca__mexca__397aab66500bb644331c93773cbb5db6a9fa9c27__003,mexca/mexca,397aab66500bb644331c93773cbb5db6a9fa9c27,mexca/utils.py,mexca__utils.py,first_isolated_migrations_artifacts/mexca__mexca/397aab66500bb644331c93773cbb5db6a9fa9c27/mexca__utils.py.before.py,first_isolated_migrations_artifacts/mexca__mexca/397aab66500bb644331c93773cbb5db6a9fa9c27/mexca__utils.py.after.py,first_isolated_migrations_artifacts/mexca__mexca/397aab66500bb644331c93773cbb5db6a9fa9c27/mexca__utils.py.patch,Yes,exact_match,complete,Core dataframe transforms,Core dataframe transforms;Types & schema,
narwhals-dev__narwhals__116962d4192ae5cbc3c359ffd29f53c2e4d7a8ed__001,narwhals-dev/narwhals,116962d4192ae5cbc3c359ffd29f53c2e4d7a8ed,narwhals/_utils.py,narwhals___utils.py,first_isolated_migrations_artifacts/narwhals-dev__narwhals/116962d4192ae5cbc3c359ffd29f53c2e4d7a8ed/narwhals___utils.py.before.py,first_isolated_migrations_artifacts/narwhals-dev__narwhals/116962d4192ae5cbc3c359ffd29f53c2e4d7a8ed/narwhals___utils.py.after.py,first_isolated_migrations_artifacts/narwhals-dev__narwhals/116962d4192ae5cbc3c359ffd29f53c2e4d7a8ed/narwhals___utils.py.patch,Yes,exact_match,complete,Other / Manual,Other / Manual,
narwhals-dev__narwhals__3da5392ced80002cd4150b548bc5c4713f5f2a53__001,narwhals-dev/narwhals,3da5392ced80002cd4150b548bc5c4713f5f2a53,tests/frame/test_common.py,tests__frame__test_common.py,first_isolated_migrations_artifacts/narwhals-dev__narwhals/3da5392ced80002cd4150b548bc5c4713f5f2a53/tests__frame__test_common.py.before.py,first_isolated_migrations_artifacts/narwhals-dev__narwhals/3da5392ced80002cd4150b548bc5c4713f5f2a53/tests__frame__test_common.py.after.py,first_isolated_migrations_artifacts/narwhals-dev__narwhals/3da5392ced80002cd4150b548bc5c4713f5f2a53/tests__frame__test_common.py.patch,Yes,exact_match,complete,Core dataframe transforms,Core dataframe transforms,
narwhals-dev__narwhals__54bf3d3ec77092d4babc970f245efc2185274e96__001,narwhals-dev/narwhals,54bf3d3ec77092d4babc970f245efc2185274e96,narwhals/schema.py,narwhals__schema.py,first_isolated_migrations_artifacts/narwhals-dev__narwhals/54bf3d3ec77092d4babc970f245efc2185274e96/narwhals__schema.py.before.py,first_isolated_migrations_artifacts/narwhals-dev__narwhals/54bf3d3ec77092d4babc970f245efc2185274e96/narwhals__schema.py.after.py,first_isolated_migrations_artifacts/narwhals-dev__narwhals/54bf3d3ec77092d4babc970f245efc2185274e96/narwhals__schema.py.patch,Yes,exact_match,complete,Other / Manual,Other / Manual,
narwhals-dev__narwhals__635ec46272da81f157d9d20879c402954ca5df55__001,narwhals-dev/narwhals,635ec46272da81f157d9d20879c402954ca5df55,narwhals/dataframe.py,narwhals__dataframe.py,first_isolated_migrations_artifacts/narwhals-dev__narwhals/635ec46272da81f157d9d20879c402954ca5df55/narwhals__dataframe.py.before.py,first_isolated_migrations_artifacts/narwhals-dev__narwhals/635ec46272da81f157d9d20879c402954ca5df55/narwhals__dataframe.py.after.py,first_isolated_migrations_artifacts/narwhals-dev__narwhals/635ec46272da81f157d9d20879c402954ca5df55/narwhals__dataframe.py.patch,Yes,exact_match,complete,Core dataframe transforms,Core dataframe transforms,
narwhals-dev__narwhals__6e0672d891e0940a7e5739eacb3b1fd13ab75040__001,narwhals-dev/narwhals,6e0672d891e0940a7e5739eacb3b1fd13ab75040,tests/conftest.py,tests__conftest.py,first_isolated_migrations_artifacts/narwhals-dev__narwhals/6e0672d891e0940a7e5739eacb3b1fd13ab75040/tests__conftest.py.before.py,first_isolated_migrations_artifacts/narwhals-dev__narwhals/6e0672d891e0940a7e5739eacb3b1fd13ab75040/tests__conftest.py.after.py,first_isolated_migrations_artifacts/narwhals-dev__narwhals/6e0672d891e0940a7e5739eacb3b1fd13ab75040/tests__conftest.py.patch,Yes,exact_match,complete,Import/setup-only,Import/setup-only,
narwhals-dev__narwhals__6e0672d891e0940a7e5739eacb3b1fd13ab75040__002,narwhals-dev/narwhals,6e0672d891e0940a7e5739eacb3b1fd13ab75040,tests/dependencies/is_into_dataframe_test.py,tests__dependencies__is_into_dataframe_test.py,first_isolated_migrations_artifacts/narwhals-dev__narwhals/6e0672d891e0940a7e5739eacb3b1fd13ab75040/tests__dependencies__is_into_dataframe_test.py.before.py,first_isolated_migrations_artifacts/narwhals-dev__narwhals/6e0672d891e0940a7e5739eacb3b1fd13ab75040/tests__dependencies__is_into_dataframe_test.py.after.py,first_isolated_migrations_artifacts/narwhals-dev__narwhals/6e0672d891e0940a7e5739eacb3b1fd13ab75040/tests__dependencies__is_into_dataframe_test.py.patch,Yes,exact_match,complete,Core dataframe transforms,Core dataframe transforms,
narwhals-dev__narwhals__6e0672d891e0940a7e5739eacb3b1fd13ab75040__003,narwhals-dev/narwhals,6e0672d891e0940a7e5739eacb3b1fd13ab75040,tests/frame/lazy_test.py,tests__frame__lazy_test.py,first_isolated_migrations_artifacts/narwhals-dev__narwhals/6e0672d891e0940a7e5739eacb3b1fd13ab75040/tests__frame__lazy_test.py.before.py,first_isolated_migrations_artifacts/narwhals-dev__narwhals/6e0672d891e0940a7e5739eacb3b1fd13ab75040/tests__frame__lazy_test.py.after.py,first_isolated_migrations_artifacts/narwhals-dev__narwhals/6e0672d891e0940a7e5739eacb3b1fd13ab75040/tests__frame__lazy_test.py.patch,Yes,exact_match,complete,Import/setup-only,Import/setup-only,
narwhals-dev__narwhals__7844555fe3f5b90b6da327e6915138e4c27d6b1a__001,narwhals-dev/narwhals,7844555fe3f5b90b6da327e6915138e4c27d6b1a,narwhals/pandas_like/group_by.py,narwhals__pandas_like__group_by.py,first_isolated_migrations_artifacts/narwhals-dev__narwhals/7844555fe3f5b90b6da327e6915138e4c27d6b1a/narwhals__pandas_like__group_by.py.before.py,first_isolated_migrations_artifacts/narwhals-dev__narwhals/7844555fe3f5b90b6da327e6915138e4c27d6b1a/narwhals__pandas_like__group_by.py.after.py,first_isolated_migrations_artifacts/narwhals-dev__narwhals/7844555fe3f5b90b6da327e6915138e4c27d6b1a/narwhals__pandas_like__group_by.py.patch,Yes,exact_match,complete,Other / Manual,Other / Manual,
narwhals-dev__narwhals__79373f9944c296c2a5b4fa47a24ed8e96d640663__001,narwhals-dev/narwhals,79373f9944c296c2a5b4fa47a24ed8e96d640663,tests/series_only/hist_test.py,tests__series_only__hist_test.py,first_isolated_migrations_artifacts/narwhals-dev__narwhals/79373f9944c296c2a5b4fa47a24ed8e96d640663/tests__series_only__hist_test.py.before.py,first_isolated_migrations_artifacts/narwhals-dev__narwhals/79373f9944c296c2a5b4fa47a24ed8e96d640663/tests__series_only__hist_test.py.after.py,first_isolated_migrations_artifacts/narwhals-dev__narwhals/79373f9944c296c2a5b4fa47a24ed8e96d640663/tests__series_only__hist_test.py.patch,Yes,exact_match,complete,Core dataframe transforms,Core dataframe transforms,
narwhals-dev__narwhals__82da0892732e4c1058d769c93cc3b6a424282cde__001,narwhals-dev/narwhals,82da0892732e4c1058d769c93cc3b6a424282cde,tests/conftest.py,tests__conftest.py,first_isolated_migrations_artifacts/narwhals-dev__narwhals/82da0892732e4c1058d769c93cc3b6a424282cde/tests__conftest.py.before.py,first_isolated_migrations_artifacts/narwhals-dev__narwhals/82da0892732e4c1058d769c93cc3b6a424282cde/tests__conftest.py.after.py,first_isolated_migrations_artifacts/narwhals-dev__narwhals/82da0892732e4c1058d769c93cc3b6a424282cde/tests__conftest.py.patch,Yes,exact_match,complete,Core dataframe transforms,Core dataframe transforms,
narwhals-dev__narwhals__8c255d2c067e9bb1e07e4d8a974423f9bd95ac30__001,narwhals-dev/narwhals,8c255d2c067e9bb1e07e4d8a974423f9bd95ac30,tests/expr_and_series/arithmetic_test.py,tests__expr_and_series__arithmetic_test.py,first_isolated_migrations_artifacts/narwhals-dev__narwhals/8c255d2c067e9bb1e07e4d8a974423f9bd95ac30/tests__expr_and_series__arithmetic_test.py.before.py,first_isolated_migrations_artifacts/narwhals-dev__narwhals/8c255d2c067e9bb1e07e4d8a974423f9bd95ac30/tests__expr_and_series__arithmetic_test.py.after.py,first_isolated_migrations_artifacts/narwhals-dev__narwhals/8c255d2c067e9bb1e07e4d8a974423f9bd95ac30/tests__expr_and_series__arithmetic_test.py.patch,Yes,exact_match,complete,Import/setup-only,Import/setup-only,
narwhals-dev__narwhals__8c255d2c067e9bb1e07e4d8a974423f9bd95ac30__002,narwhals-dev/narwhals,8c255d2c067e9bb1e07e4d8a974423f9bd95ac30,tests/expr_and_series/dt/ordinal_day_test.py,tests__expr_and_series__dt__ordinal_day_test.py,first_isolated_migrations_artifacts/narwhals-dev__narwhals/8c255d2c067e9bb1e07e4d8a974423f9bd95ac30/tests__expr_and_series__dt__ordinal_day_test.py.before.py,first_isolated_migrations_artifacts/narwhals-dev__narwhals/8c255d2c067e9bb1e07e4d8a974423f9bd95ac30/tests__expr_and_series__dt__ordinal_day_test.py.after.py,first_isolated_migrations_artifacts/narwhals-dev__narwhals/8c255d2c067e9bb1e07e4d8a974423f9bd95ac30/tests__expr_and_series__dt__ordinal_day_test.py.patch,Yes,exact_match,complete,Import/setup-only,Import/setup-only,
narwhals-dev__narwhals__8c255d2c067e9bb1e07e4d8a974423f9bd95ac30__003,narwhals-dev/narwhals,8c255d2c067e9bb1e07e4d8a974423f9bd95ac30,tests/expr_and_series/dt/total_minutes_test.py,tests__expr_and_series__dt__total_minutes_test.py,first_isolated_migrations_artifacts/narwhals-dev__narwhals/8c255d2c067e9bb1e07e4d8a974423f9bd95ac30/tests__expr_and_series__dt__total_minutes_test.py.before.py,first_isolated_migrations_artifacts/narwhals-dev__narwhals/8c255d2c067e9bb1e07e4d8a974423f9bd95ac30/tests__expr_and_series__dt__total_minutes_test.py.after.py,first_isolated_migrations_artifacts/narwhals-dev__narwhals/8c255d2c067e9bb1e07e4d8a974423f9bd95ac30/tests__expr_and_series__dt__total_minutes_test.py.patch,Yes,exact_match,complete,Import/setup-only,Import/setup-only,
narwhals-dev__narwhals__8c255d2c067e9bb1e07e4d8a974423f9bd95ac30__004,narwhals-dev/narwhals,8c255d2c067e9bb1e07e4d8a974423f9bd95ac30,tests/expr_and_series/rolling_var_test.py,tests__expr_and_series__rolling_var_test.py,first_isolated_migrations_artifacts/narwhals-dev__narwhals/8c255d2c067e9bb1e07e4d8a974423f9bd95ac30/tests__expr_and_series__rolling_var_test.py.before.py,first_isolated_migrations_artifacts/narwhals-dev__narwhals/8c255d2c067e9bb1e07e4d8a974423f9bd95ac30/tests__expr_and_series__rolling_var_test.py.after.py,first_isolated_migrations_artifacts/narwhals-dev__narwhals/8c255d2c067e9bb1e07e4d8a974423f9bd95ac30/tests__expr_and_series__rolling_var_test.py.patch,Yes,exact_match,complete,Import/setup-only,Import/setup-only,
narwhals-dev__narwhals__8c255d2c067e9bb1e07e4d8a974423f9bd95ac30__005,narwhals-dev/narwhals,8c255d2c067e9bb1e07e4d8a974423f9bd95ac30,tests/frame/collect_test.py,tests__frame__collect_test.py,first_isolated_migrations_artifacts/narwhals-dev__narwhals/8c255d2c067e9bb1e07e4d8a974423f9bd95ac30/tests__frame__collect_test.py.before.py,first_isolated_migrations_artifacts/narwhals-dev__narwhals/8c255d2c067e9bb1e07e4d8a974423f9bd95ac30/tests__frame__collect_test.py.after.py,first_isolated_migrations_artifacts/narwhals-dev__narwhals/8c255d2c067e9bb1e07e4d8a974423f9bd95ac30/tests__frame__collect_test.py.patch,Yes,exact_match,complete,Core dataframe transforms,Core dataframe transforms,
narwhals-dev__narwhals__8c255d2c067e9bb1e07e4d8a974423f9bd95ac30__006,narwhals-dev/narwhals,8c255d2c067e9bb1e07e4d8a974423f9bd95ac30,tests/translate/from_native_test.py,tests__translate__from_native_test.py,first_isolated_migrations_artifacts/narwhals-dev__narwhals/8c255d2c067e9bb1e07e4d8a974423f9bd95ac30/tests__translate__from_native_test.py.before.py,first_isolated_migrations_artifacts/narwhals-dev__narwhals/8c255d2c067e9bb1e07e4d8a974423f9bd95ac30/tests__translate__from_native_test.py.after.py,first_isolated_migrations_artifacts/narwhals-dev__narwhals/8c255d2c067e9bb1e07e4d8a974423f9bd95ac30/tests__translate__from_native_test.py.patch,Yes,exact_match,complete,Core dataframe transforms,Core dataframe transforms,
narwhals-dev__narwhals__b35ef0758c393843dd4be7d172b7f64feff4673d__001,narwhals-dev/narwhals,b35ef0758c393843dd4be7d172b7f64feff4673d,narwhals/dataframe.py,narwhals__dataframe.py,first_isolated_migrations_artifacts/narwhals-dev__narwhals/b35ef0758c393843dd4be7d172b7f64feff4673d/narwhals__dataframe.py.before.py,first_isolated_migrations_artifacts/narwhals-dev__narwhals/b35ef0758c393843dd4be7d172b7f64feff4673d/narwhals__dataframe.py.after.py,first_isolated_migrations_artifacts/narwhals-dev__narwhals/b35ef0758c393843dd4be7d172b7f64feff4673d/narwhals__dataframe.py.patch,Yes,exact_match,complete,Core dataframe transforms,Core dataframe transforms,
narwhals-dev__narwhals__bfce451d7c7b3e519b4ec8223de47df7d9aca639__001,narwhals-dev/narwhals,bfce451d7c7b3e519b4ec8223de47df7d9aca639,tests/frame/invalid_test.py,tests__frame__invalid_test.py,first_isolated_migrations_artifacts/narwhals-dev__narwhals/bfce451d7c7b3e519b4ec8223de47df7d9aca639/tests__frame__invalid_test.py.before.py,first_isolated_migrations_artifacts/narwhals-dev__narwhals/bfce451d7c7b3e519b4ec8223de47df7d9aca639/tests__frame__invalid_test.py.after.py,first_isolated_migrations_artifacts/narwhals-dev__narwhals/bfce451d7c7b3e519b4ec8223de47df7d9aca639/tests__frame__invalid_test.py.patch,Yes,exact_match,complete,Core dataframe transforms,Core dataframe transforms,
narwhals-dev__narwhals__bfce451d7c7b3e519b4ec8223de47df7d9aca639__002,narwhals-dev/narwhals,bfce451d7c7b3e519b4ec8223de47df7d9aca639,tests/group_by_test.py,tests__group_by_test.py,first_isolated_migrations_artifacts/narwhals-dev__narwhals/bfce451d7c7b3e519b4ec8223de47df7d9aca639/tests__group_by_test.py.before.py,first_isolated_migrations_artifacts/narwhals-dev__narwhals/bfce451d7c7b3e519b4ec8223de47df7d9aca639/tests__group_by_test.py.after.py,first_isolated_migrations_artifacts/narwhals-dev__narwhals/bfce451d7c7b3e519b4ec8223de47df7d9aca639/tests__group_by_test.py.patch,Yes,exact_match,complete,Other / Manual,Other / Manual,
narwhals-dev__narwhals__bfce451d7c7b3e519b4ec8223de47df7d9aca639__003,narwhals-dev/narwhals,bfce451d7c7b3e519b4ec8223de47df7d9aca639,tests/hypothesis/basic_arithmetic_test.py,tests__hypothesis__basic_arithmetic_test.py,first_isolated_migrations_artifacts/narwhals-dev__narwhals/bfce451d7c7b3e519b4ec8223de47df7d9aca639/tests__hypothesis__basic_arithmetic_test.py.before.py,first_isolated_migrations_artifacts/narwhals-dev__narwhals/bfce451d7c7b3e519b4ec8223de47df7d9aca639/tests__hypothesis__basic_arithmetic_test.py.after.py,first_isolated_migrations_artifacts/narwhals-dev__narwhals/bfce451d7c7b3e519b4ec8223de47df7d9aca639/tests__hypothesis__basic_arithmetic_test.py.patch,Yes,exact_match,complete,Import/setup-only,Import/setup-only,
narwhals-dev__narwhals__bfce451d7c7b3e519b4ec8223de47df7d9aca639__004,narwhals-dev/narwhals,bfce451d7c7b3e519b4ec8223de47df7d9aca639,tests/hypothesis/join_test.py,tests__hypothesis__join_test.py,first_isolated_migrations_artifacts/narwhals-dev__narwhals/bfce451d7c7b3e519b4ec8223de47df7d9aca639/tests__hypothesis__join_test.py.before.py,first_isolated_migrations_artifacts/narwhals-dev__narwhals/bfce451d7c7b3e519b4ec8223de47df7d9aca639/tests__hypothesis__join_test.py.after.py,first_isolated_migrations_artifacts/narwhals-dev__narwhals/bfce451d7c7b3e519b4ec8223de47df7d9aca639/tests__hypothesis__join_test.py.patch,Yes,exact_match,complete,Import/setup-only,Import/setup-only,
narwhals-dev__narwhals__bfce451d7c7b3e519b4ec8223de47df7d9aca639__005,narwhals-dev/narwhals,bfce451d7c7b3e519b4ec8223de47df7d9aca639,tests/implementation_test.py,tests__implementation_test.py,first_isolated_migrations_artifacts/narwhals-dev__narwhals/bfce451d7c7b3e519b4ec8223de47df7d9aca639/tests__implementation_test.py.before.py,first_isolated_migrations_artifacts/narwhals-dev__narwhals/bfce451d7c7b3e519b4ec8223de47df7d9aca639/tests__implementation_test.py.after.py,first_isolated_migrations_artifacts/narwhals-dev__narwhals/bfce451d7c7b3e519b4ec8223de47df7d9aca639/tests__implementation_test.py.patch,Yes,exact_match,complete,Import/setup-only,Import/setup-only,
narwhals-dev__narwhals__bfce451d7c7b3e519b4ec8223de47df7d9aca639__006,narwhals-dev/narwhals,bfce451d7c7b3e519b4ec8223de47df7d9aca639,tests/pickle_test.py,tests__pickle_test.py,first_isolated_migrations_artifacts/narwhals-dev__narwhals/bfce451d7c7b3e519b4ec8223de47df7d9aca639/tests__pickle_test.py.before.py,first_isolated_migrations_artifacts/narwhals-dev__narwhals/bfce451d7c7b3e519b4ec8223de47df7d9aca639/tests__pickle_test.py.after.py,first_isolated_migrations_artifacts/narwhals-dev__narwhals/bfce451d7c7b3e519b4ec8223de47df7d9aca639/tests__pickle_test.py.patch,Yes,exact_match,complete,Core dataframe transforms,Core dataframe transforms,
narwhals-dev__narwhals__bfce451d7c7b3e519b4ec8223de47df7d9aca639__007,narwhals-dev/narwhals,bfce451d7c7b3e519b4ec8223de47df7d9aca639,tests/series_only/cast_test.py,tests__series_only__cast_test.py,first_isolated_migrations_artifacts/narwhals-dev__narwhals/bfce451d7c7b3e519b4ec8223de47df7d9aca639/tests__series_only__cast_test.py.before.py,first_isolated_migrations_artifacts/narwhals-dev__narwhals/bfce451d7c7b3e519b4ec8223de47df7d9aca639/tests__series_only__cast_test.py.after.py,first_isolated_migrations_artifacts/narwhals-dev__narwhals/bfce451d7c7b3e519b4ec8223de47df7d9aca639/tests__series_only__cast_test.py.patch,Yes,exact_match,complete,Other / Manual,Other / Manual,
narwhals-dev__narwhals__bfce451d7c7b3e519b4ec8223de47df7d9aca639__008,narwhals-dev/narwhals,bfce451d7c7b3e519b4ec8223de47df7d9aca639,tests/series_only/is_ordered_categorical_test.py,tests__series_only__is_ordered_categorical_test.py,first_isolated_migrations_artifacts/narwhals-dev__narwhals/bfce451d7c7b3e519b4ec8223de47df7d9aca639/tests__series_only__is_ordered_categorical_test.py.before.py,first_isolated_migrations_artifacts/narwhals-dev__narwhals/bfce451d7c7b3e519b4ec8223de47df7d9aca639/tests__series_only__is_ordered_categorical_test.py.after.py,first_isolated_migrations_artifacts/narwhals-dev__narwhals/bfce451d7c7b3e519b4ec8223de47df7d9aca639/tests__series_only__is_ordered_categorical_test.py.patch,Yes,exact_match,complete,Import/setup-only,Import/setup-only,
narwhals-dev__narwhals__bfce451d7c7b3e519b4ec8223de47df7d9aca639__009,narwhals-dev/narwhals,bfce451d7c7b3e519b4ec8223de47df7d9aca639,tests/translate/get_native_namespace_test.py,tests__translate__get_native_namespace_test.py,first_isolated_migrations_artifacts/narwhals-dev__narwhals/bfce451d7c7b3e519b4ec8223de47df7d9aca639/tests__translate__get_native_namespace_test.py.before.py,first_isolated_migrations_artifacts/narwhals-dev__narwhals/bfce451d7c7b3e519b4ec8223de47df7d9aca639/tests__translate__get_native_namespace_test.py.after.py,first_isolated_migrations_artifacts/narwhals-dev__narwhals/bfce451d7c7b3e519b4ec8223de47df7d9aca639/tests__translate__get_native_namespace_test.py.patch,Yes,exact_match,complete,Core dataframe transforms,Core dataframe transforms,
narwhals-dev__narwhals__bfce451d7c7b3e519b4ec8223de47df7d9aca639__010,narwhals-dev/narwhals,bfce451d7c7b3e519b4ec8223de47df7d9aca639,tests/translate/narwhalify_test.py,tests__translate__narwhalify_test.py,first_isolated_migrations_artifacts/narwhals-dev__narwhals/bfce451d7c7b3e519b4ec8223de47df7d9aca639/tests__translate__narwhalify_test.py.before.py,first_isolated_migrations_artifacts/narwhals-dev__narwhals/bfce451d7c7b3e519b4ec8223de47df7d9aca639/tests__translate__narwhalify_test.py.after.py,first_isolated_migrations_artifacts/narwhals-dev__narwhals/bfce451d7c7b3e519b4ec8223de47df7d9aca639/tests__translate__narwhalify_test.py.patch,Yes,exact_match,complete,Core dataframe transforms,Core dataframe transforms,
narwhals-dev__narwhals__bfce451d7c7b3e519b4ec8223de47df7d9aca639__011,narwhals-dev/narwhals,bfce451d7c7b3e519b4ec8223de47df7d9aca639,tests/translate/stable_narwhalify_test.py,tests__translate__stable_narwhalify_test.py,first_isolated_migrations_artifacts/narwhals-dev__narwhals/bfce451d7c7b3e519b4ec8223de47df7d9aca639/tests__translate__stable_narwhalify_test.py.before.py,first_isolated_migrations_artifacts/narwhals-dev__narwhals/bfce451d7c7b3e519b4ec8223de47df7d9aca639/tests__translate__stable_narwhalify_test.py.after.py,first_isolated_migrations_artifacts/narwhals-dev__narwhals/bfce451d7c7b3e519b4ec8223de47df7d9aca639/tests__translate__stable_narwhalify_test.py.patch,Yes,exact_match,complete,Core dataframe transforms,Core dataframe transforms,
narwhals-dev__narwhals__d2d55da6c07b4aafdd4f8f9f0c466bc5ddcc90c0__001,narwhals-dev/narwhals,d2d55da6c07b4aafdd4f8f9f0c466bc5ddcc90c0,tests/frame/invalid_test.py,tests__frame__invalid_test.py,first_isolated_migrations_artifacts/narwhals-dev__narwhals/d2d55da6c07b4aafdd4f8f9f0c466bc5ddcc90c0/tests__frame__invalid_test.py.before.py,first_isolated_migrations_artifacts/narwhals-dev__narwhals/d2d55da6c07b4aafdd4f8f9f0c466bc5ddcc90c0/tests__frame__invalid_test.py.after.py,first_isolated_migrations_artifacts/narwhals-dev__narwhals/d2d55da6c07b4aafdd4f8f9f0c466bc5ddcc90c0/tests__frame__invalid_test.py.patch,Yes,exact_match,complete,Core dataframe transforms,Core dataframe transforms,
narwhals-dev__narwhals__d2d55da6c07b4aafdd4f8f9f0c466bc5ddcc90c0__002,narwhals-dev/narwhals,d2d55da6c07b4aafdd4f8f9f0c466bc5ddcc90c0,tests/hypothesis/basic_arithmetic_test.py,tests__hypothesis__basic_arithmetic_test.py,first_isolated_migrations_artifacts/narwhals-dev__narwhals/d2d55da6c07b4aafdd4f8f9f0c466bc5ddcc90c0/tests__hypothesis__basic_arithmetic_test.py.before.py,first_isolated_migrations_artifacts/narwhals-dev__narwhals/d2d55da6c07b4aafdd4f8f9f0c466bc5ddcc90c0/tests__hypothesis__basic_arithmetic_test.py.after.py,first_isolated_migrations_artifacts/narwhals-dev__narwhals/d2d55da6c07b4aafdd4f8f9f0c466bc5ddcc90c0/tests__hypothesis__basic_arithmetic_test.py.patch,Yes,exact_match,complete,Core dataframe transforms,Core dataframe transforms,
narwhals-dev__narwhals__d2d55da6c07b4aafdd4f8f9f0c466bc5ddcc90c0__003,narwhals-dev/narwhals,d2d55da6c07b4aafdd4f8f9f0c466bc5ddcc90c0,tests/series_only/cast_test.py,tests__series_only__cast_test.py,first_isolated_migrations_artifacts/narwhals-dev__narwhals/d2d55da6c07b4aafdd4f8f9f0c466bc5ddcc90c0/tests__series_only__cast_test.py.before.py,first_isolated_migrations_artifacts/narwhals-dev__narwhals/d2d55da6c07b4aafdd4f8f9f0c466bc5ddcc90c0/tests__series_only__cast_test.py.after.py,first_isolated_migrations_artifacts/narwhals-dev__narwhals/d2d55da6c07b4aafdd4f8f9f0c466bc5ddcc90c0/tests__series_only__cast_test.py.patch,Yes,exact_match,complete,Core dataframe transforms,Core dataframe transforms;Types & schema,
narwhals-dev__narwhals__f124786b61a74af238160da441f31e07ec28db75__001,narwhals-dev/narwhals,f124786b61a74af238160da441f31e07ec28db75,narwhals/_polars/utils.py,narwhals___polars__utils.py,first_isolated_migrations_artifacts/narwhals-dev__narwhals/f124786b61a74af238160da441f31e07ec28db75/narwhals___polars__utils.py.before.py,first_isolated_migrations_artifacts/narwhals-dev__narwhals/f124786b61a74af238160da441f31e07ec28db75/narwhals___polars__utils.py.after.py,first_isolated_migrations_artifacts/narwhals-dev__narwhals/f124786b61a74af238160da441f31e07ec28db75/narwhals___polars__utils.py.patch,Yes,exact_match,complete,Types & schema,Types & schema;Index & pandas-specific semantics,
narwhals-dev__narwhals__f77cd214441ccd1cd4cce45a4782823794a2c93b__001,narwhals-dev/narwhals,f77cd214441ccd1cd4cce45a4782823794a2c93b,tests/test_group_by.py,tests__test_group_by.py,first_isolated_migrations_artifacts/narwhals-dev__narwhals/f77cd214441ccd1cd4cce45a4782823794a2c93b/tests__test_group_by.py.before.py,first_isolated_migrations_artifacts/narwhals-dev__narwhals/f77cd214441ccd1cd4cce45a4782823794a2c93b/tests__test_group_by.py.after.py,first_isolated_migrations_artifacts/narwhals-dev__narwhals/f77cd214441ccd1cd4cce45a4782823794a2c93b/tests__test_group_by.py.patch,Yes,exact_match,complete,Core dataframe transforms,Core dataframe transforms,
narwhals-dev__narwhals__fb80986ce7e530ca3ae82a64ece8624152a71eb9__001,narwhals-dev/narwhals,fb80986ce7e530ca3ae82a64ece8624152a71eb9,narwhals/translate.py,narwhals__translate.py,first_isolated_migrations_artifacts/narwhals-dev__narwhals/fb80986ce7e530ca3ae82a64ece8624152a71eb9/narwhals__translate.py.before.py,first_isolated_migrations_artifacts/narwhals-dev__narwhals/fb80986ce7e530ca3ae82a64ece8624152a71eb9/narwhals__translate.py.after.py,first_isolated_migrations_artifacts/narwhals-dev__narwhals/fb80986ce7e530ca3ae82a64ece8624152a71eb9/narwhals__translate.py.patch,Yes,exact_match,complete,Other / Manual,Other / Manual,
narwhals-dev__narwhals__ffce1b635811eb36c2a168d51309db20fc218493__001,narwhals-dev/narwhals,ffce1b635811eb36c2a168d51309db20fc218493,narwhals/series.py,narwhals__series.py,first_isolated_migrations_artifacts/narwhals-dev__narwhals/ffce1b635811eb36c2a168d51309db20fc218493/narwhals__series.py.before.py,first_isolated_migrations_artifacts/narwhals-dev__narwhals/ffce1b635811eb36c2a168d51309db20fc218493/narwhals__series.py.after.py,first_isolated_migrations_artifacts/narwhals-dev__narwhals/ffce1b635811eb36c2a168d51309db20fc218493/narwhals__series.py.patch,Yes,exact_match,complete,Core dataframe transforms,Core dataframe transforms,
pola-rs__polars__4cf70cb636cd1578f0acbc2cc93f7dd8a4f445f6__001,pola-rs/polars,4cf70cb636cd1578f0acbc2cc93f7dd8a4f445f6,py-polars/tests/test_df.py,py-polars__tests__test_df.py,first_isolated_migrations_artifacts/pola-rs__polars/4cf70cb636cd1578f0acbc2cc93f7dd8a4f445f6/py-polars__tests__test_df.py.before.py,first_isolated_migrations_artifacts/pola-rs__polars/4cf70cb636cd1578f0acbc2cc93f7dd8a4f445f6/py-polars__tests__test_df.py.after.py,first_isolated_migrations_artifacts/pola-rs__polars/4cf70cb636cd1578f0acbc2cc93f7dd8a4f445f6/py-polars__tests__test_df.py.patch,Yes,exact_match,complete,Core dataframe transforms,Core dataframe transforms,
pola-rs__polars__6013302ae524a59d48a7e2a6764469d17ba20822__001,pola-rs/polars,6013302ae524a59d48a7e2a6764469d17ba20822,py-polars/polars/convert.py,py-polars__polars__convert.py,first_isolated_migrations_artifacts/pola-rs__polars/6013302ae524a59d48a7e2a6764469d17ba20822/py-polars__polars__convert.py.before.py,first_isolated_migrations_artifacts/pola-rs__polars/6013302ae524a59d48a7e2a6764469d17ba20822/py-polars__polars__convert.py.after.py,first_isolated_migrations_artifacts/pola-rs__polars/6013302ae524a59d48a7e2a6764469d17ba20822/py-polars__polars__convert.py.patch,Yes,exact_match,complete,Other / Manual,Other / Manual,
pola-rs__polars__6013302ae524a59d48a7e2a6764469d17ba20822__002,pola-rs/polars,6013302ae524a59d48a7e2a6764469d17ba20822,py-polars/polars/internals/dataframe/frame.py,py-polars__polars__internals__dataframe__frame.py,first_isolated_migrations_artifacts/pola-rs__polars/6013302ae524a59d48a7e2a6764469d17ba20822/py-polars__polars__internals__dataframe__frame.py.before.py,first_isolated_migrations_artifacts/pola-rs__polars/6013302ae524a59d48a7e2a6764469d17ba20822/py-polars__polars__internals__dataframe__frame.py.after.py,first_isolated_migrations_artifacts/pola-rs__polars/6013302ae524a59d48a7e2a6764469d17ba20822/py-polars__polars__internals__dataframe__frame.py.patch,Yes,exact_match,complete,Core dataframe transforms,Core dataframe transforms,
pola-rs__polars__6013302ae524a59d48a7e2a6764469d17ba20822__003,pola-rs/polars,6013302ae524a59d48a7e2a6764469d17ba20822,py-polars/polars/internals/series/series.py,py-polars__polars__internals__series__series.py,first_isolated_migrations_artifacts/pola-rs__polars/6013302ae524a59d48a7e2a6764469d17ba20822/py-polars__polars__internals__series__series.py.before.py,first_isolated_migrations_artifacts/pola-rs__polars/6013302ae524a59d48a7e2a6764469d17ba20822/py-polars__polars__internals__series__series.py.after.py,first_isolated_migrations_artifacts/pola-rs__polars/6013302ae524a59d48a7e2a6764469d17ba20822/py-polars__polars__internals__series__series.py.patch,Yes,exact_match,complete,Core dataframe transforms,Core dataframe transforms;Index & pandas-specific semantics,
pola-rs__polars__6e325e722326cf8f6bfd643ace0def6d3fdf7492__001,pola-rs/polars,6e325e722326cf8f6bfd643ace0def6d3fdf7492,py-polars/tests/test_df.py,py-polars__tests__test_df.py,first_isolated_migrations_artifacts/pola-rs__polars/6e325e722326cf8f6bfd643ace0def6d3fdf7492/py-polars__tests__test_df.py.before.py,first_isolated_migrations_artifacts/pola-rs__polars/6e325e722326cf8f6bfd643ace0def6d3fdf7492/py-polars__tests__test_df.py.after.py,first_isolated_migrations_artifacts/pola-rs__polars/6e325e722326cf8f6bfd643ace0def6d3fdf7492/py-polars__tests__test_df.py.patch,Yes,exact_match,complete,Aggregation & joins,Aggregation & joins,
pola-rs__polars__7732483581c1f263578e106d38e0784af095cc1c__001,pola-rs/polars,7732483581c1f263578e106d38e0784af095cc1c,py-polars/polars/functions.py,py-polars__polars__functions.py,first_isolated_migrations_artifacts/pola-rs__polars/7732483581c1f263578e106d38e0784af095cc1c/py-polars__polars__functions.py.before.py,first_isolated_migrations_artifacts/pola-rs__polars/7732483581c1f263578e106d38e0784af095cc1c/py-polars__polars__functions.py.after.py,first_isolated_migrations_artifacts/pola-rs__polars/7732483581c1f263578e106d38e0784af095cc1c/py-polars__polars__functions.py.patch,Yes,exact_match,complete,IO boundary,IO boundary,
pola-rs__polars__79a0984df5d380dc2abdc3e8d9a2bdbf48c49b28__001,pola-rs/polars,79a0984df5d380dc2abdc3e8d9a2bdbf48c49b28,py-polars/polars/dataframe/frame.py,py-polars__polars__dataframe__frame.py,first_isolated_migrations_artifacts/pola-rs__polars/79a0984df5d380dc2abdc3e8d9a2bdbf48c49b28/py-polars__polars__dataframe__frame.py.before.py,first_isolated_migrations_artifacts/pola-rs__polars/79a0984df5d380dc2abdc3e8d9a2bdbf48c49b28/py-polars__polars__dataframe__frame.py.after.py,first_isolated_migrations_artifacts/pola-rs__polars/79a0984df5d380dc2abdc3e8d9a2bdbf48c49b28/py-polars__polars__dataframe__frame.py.patch,Yes,exact_match,complete,Core dataframe transforms,Core dataframe transforms,
pola-rs__polars__8d97a8d02b41f25efefa817b6da32f27d09743e6__001,pola-rs/polars,8d97a8d02b41f25efefa817b6da32f27d09743e6,py-polars/tests/test_interop.py,py-polars__tests__test_interop.py,first_isolated_migrations_artifacts/pola-rs__polars/8d97a8d02b41f25efefa817b6da32f27d09743e6/py-polars__tests__test_interop.py.before.py,first_isolated_migrations_artifacts/pola-rs__polars/8d97a8d02b41f25efefa817b6da32f27d09743e6/py-polars__tests__test_interop.py.after.py,first_isolated_migrations_artifacts/pola-rs__polars/8d97a8d02b41f25efefa817b6da32f27d09743e6/py-polars__tests__test_interop.py.patch,Yes,exact_match,complete,Core dataframe transforms,Core dataframe transforms;Types & schema,
pola-rs__polars__9381381874eb2075c6942ceef960955eb59040fb__001,pola-rs/polars,9381381874eb2075c6942ceef960955eb59040fb,py-polars/polars/dataframe/frame.py,py-polars__polars__dataframe__frame.py,first_isolated_migrations_artifacts/pola-rs__polars/9381381874eb2075c6942ceef960955eb59040fb/py-polars__polars__dataframe__frame.py.before.py,first_isolated_migrations_artifacts/pola-rs__polars/9381381874eb2075c6942ceef960955eb59040fb/py-polars__polars__dataframe__frame.py.after.py,first_isolated_migrations_artifacts/pola-rs__polars/9381381874eb2075c6942ceef960955eb59040fb/py-polars__polars__dataframe__frame.py.patch,Yes,exact_match,complete,Other / Manual,Other / Manual,
pola-rs__polars__d9a683a94819551753c691b9f2e7646a1fc47b79__001,pola-rs/polars,d9a683a94819551753c691b9f2e7646a1fc47b79,py-polars/tests/unit/test_interop.py,py-polars__tests__unit__test_interop.py,first_isolated_migrations_artifacts/pola-rs__polars/d9a683a94819551753c691b9f2e7646a1fc47b79/py-polars__tests__unit__test_interop.py.before.py,first_isolated_migrations_artifacts/pola-rs__polars/d9a683a94819551753c691b9f2e7646a1fc47b79/py-polars__tests__unit__test_interop.py.after.py,first_isolated_migrations_artifacts/pola-rs__polars/d9a683a94819551753c691b9f2e7646a1fc47b79/py-polars__tests__unit__test_interop.py.patch,Yes,exact_match,complete,Aggregation & joins,Aggregation & joins;Core dataframe transforms,
pola-rs__polars__f18c306049e4246d55285218e6c31c9243c4ce3f__001,pola-rs/polars,f18c306049e4246d55285218e6c31c9243c4ce3f,py-polars/tests/unit/series/test_series.py,py-polars__tests__unit__series__test_series.py,first_isolated_migrations_artifacts/pola-rs__polars/f18c306049e4246d55285218e6c31c9243c4ce3f/py-polars__tests__unit__series__test_series.py.before.py,first_isolated_migrations_artifacts/pola-rs__polars/f18c306049e4246d55285218e6c31c9243c4ce3f/py-polars__tests__unit__series__test_series.py.after.py,first_isolated_migrations_artifacts/pola-rs__polars/f18c306049e4246d55285218e6c31c9243c4ce3f/py-polars__tests__unit__series__test_series.py.patch,Yes,exact_match,complete,Core dataframe transforms,Core dataframe transforms;Types & schema,
pola-rs__polars__f44a9ccf9113cc1c63ad6b86465b254c264eb57c__001,pola-rs/polars,f44a9ccf9113cc1c63ad6b86465b254c264eb57c,py-polars/polars/convert.py,py-polars__polars__convert.py,first_isolated_migrations_artifacts/pola-rs__polars/f44a9ccf9113cc1c63ad6b86465b254c264eb57c/py-polars__polars__convert.py.before.py,first_isolated_migrations_artifacts/pola-rs__polars/f44a9ccf9113cc1c63ad6b86465b254c264eb57c/py-polars__polars__convert.py.after.py,first_isolated_migrations_artifacts/pola-rs__polars/f44a9ccf9113cc1c63ad6b86465b254c264eb57c/py-polars__polars__convert.py.patch,Yes,exact_match,complete,Core dataframe transforms,Core dataframe transforms;Index & pandas-specific semantics,
pola-rs__polars__f44a9ccf9113cc1c63ad6b86465b254c264eb57c__002,pola-rs/polars,f44a9ccf9113cc1c63ad6b86465b254c264eb57c,py-polars/polars/internals/construction.py,py-polars__polars__internals__construction.py,first_isolated_migrations_artifacts/pola-rs__polars/f44a9ccf9113cc1c63ad6b86465b254c264eb57c/py-polars__polars__internals__construction.py.before.py,first_isolated_migrations_artifacts/pola-rs__polars/f44a9ccf9113cc1c63ad6b86465b254c264eb57c/py-polars__polars__internals__construction.py.after.py,first_isolated_migrations_artifacts/pola-rs__polars/f44a9ccf9113cc1c63ad6b86465b254c264eb57c/py-polars__polars__internals__construction.py.patch,Yes,exact_match,complete,Core dataframe transforms,Core dataframe transforms,
pola-rs__polars__f6d7a185fdf3b9cc9e3ace3114082e3368191c22__001,pola-rs/polars,f6d7a185fdf3b9cc9e3ace3114082e3368191c22,py-polars/tests/test_interop.py,py-polars__tests__test_interop.py,first_isolated_migrations_artifacts/pola-rs__polars/f6d7a185fdf3b9cc9e3ace3114082e3368191c22/py-polars__tests__test_interop.py.before.py,first_isolated_migrations_artifacts/pola-rs__polars/f6d7a185fdf3b9cc9e3ace3114082e3368191c22/py-polars__tests__test_interop.py.after.py,first_isolated_migrations_artifacts/pola-rs__polars/f6d7a185fdf3b9cc9e3ace3114082e3368191c22/py-polars__tests__test_interop.py.patch,Yes,exact_match,complete,Core dataframe transforms,Core dataframe transforms,
posit-dev__positron__06723e14b478de4afd79c88066001fc3cc89bfab__001,posit-dev/positron,06723e14b478de4afd79c88066001fc3cc89bfab,extensions/positron-python/python_files/posit/positron/tests/test_inspectors.py,extensions__positron-python__python_files__posit__positron__tests__test_inspectors.py,first_isolated_migrations_artifacts/posit-dev__positron/06723e14b478de4afd79c88066001fc3cc89bfab/extensions__positron-python__python_files__posit__positron__tests__test_inspectors.py.before.py,first_isolated_migrations_artifacts/posit-dev__positron/06723e14b478de4afd79c88066001fc3cc89bfab/extensions__positron-python__python_files__posit__positron__tests__test_inspectors.py.after.py,first_isolated_migrations_artifacts/posit-dev__positron/06723e14b478de4afd79c88066001fc3cc89bfab/extensions__positron-python__python_files__posit__positron__tests__test_inspectors.py.patch,Yes,exact_match,complete,Core dataframe transforms,Core dataframe transforms,
posit-dev__positron__06d3a022bf0a830e02a533c598f895b606c50077__001,posit-dev/positron,06d3a022bf0a830e02a533c598f895b606c50077,extensions/positron-python/python_files/positron/positron_ipykernel/tests/test_data_explorer.py,extensions__positron-python__python_files__positron__positron_ipykernel__tests__test_data_explorer.py,first_isolated_migrations_artifacts/posit-dev__positron/06d3a022bf0a830e02a533c598f895b606c50077/extensions__positron-python__python_files__positron__positron_ipykernel__tests__test_data_explorer.py.before.py,first_isolated_migrations_artifacts/posit-dev__positron/06d3a022bf0a830e02a533c598f895b606c50077/extensions__positron-python__python_files__positron__positron_ipykernel__tests__test_data_explorer.py.after.py,first_isolated_migrations_artifacts/posit-dev__positron/06d3a022bf0a830e02a533c598f895b606c50077/extensions__positron-python__python_files__positron__positron_ipykernel__tests__test_data_explorer.py.patch,Yes,exact_match,complete,Core dataframe transforms,Core dataframe transforms;Index & pandas-specific semantics,
posit-dev__positron__08d4f2ef0b9e72a3a5633e7059c2d950c8bd80c2__001,posit-dev/positron,08d4f2ef0b9e72a3a5633e7059c2d950c8bd80c2,extensions/positron-python/python_files/positron/positron_ipykernel/inspectors.py,extensions__positron-python__python_files__positron__positron_ipykernel__inspectors.py,first_isolated_migrations_artifacts/posit-dev__positron/08d4f2ef0b9e72a3a5633e7059c2d950c8bd80c2/extensions__positron-python__python_files__positron__positron_ipykernel__inspectors.py.before.py,first_isolated_migrations_artifacts/posit-dev__positron/08d4f2ef0b9e72a3a5633e7059c2d950c8bd80c2/extensions__positron-python__python_files__positron__positron_ipykernel__inspectors.py.after.py,first_isolated_migrations_artifacts/posit-dev__positron/08d4f2ef0b9e72a3a5633e7059c2d950c8bd80c2/extensions__positron-python__python_files__positron__positron_ipykernel__inspectors.py.patch,Yes,exact_match,complete,Core dataframe transforms,Core dataframe transforms,
posit-dev__positron__08d4f2ef0b9e72a3a5633e7059c2d950c8bd80c2__002,posit-dev/positron,08d4f2ef0b9e72a3a5633e7059c2d950c8bd80c2,extensions/positron-python/python_files/positron/positron_ipykernel/tests/test_inspectors.py,extensions__positron-python__python_files__positron__positron_ipykernel__tests__test_inspectors.py,first_isolated_migrations_artifacts/posit-dev__positron/08d4f2ef0b9e72a3a5633e7059c2d950c8bd80c2/extensions__positron-python__python_files__positron__positron_ipykernel__tests__test_inspectors.py.before.py,first_isolated_migrations_artifacts/posit-dev__positron/08d4f2ef0b9e72a3a5633e7059c2d950c8bd80c2/extensions__positron-python__python_files__positron__positron_ipykernel__tests__test_inspectors.py.after.py,first_isolated_migrations_artifacts/posit-dev__positron/08d4f2ef0b9e72a3a5633e7059c2d950c8bd80c2/extensions__positron-python__python_files__positron__positron_ipykernel__tests__test_inspectors.py.patch,Yes,exact_match,complete,Core dataframe transforms,Core dataframe transforms,
posit-dev__positron__08d4f2ef0b9e72a3a5633e7059c2d950c8bd80c2__003,posit-dev/positron,08d4f2ef0b9e72a3a5633e7059c2d950c8bd80c2,extensions/positron-python/python_files/positron/positron_ipykernel/tests/test_variables.py,extensions__positron-python__python_files__positron__positron_ipykernel__tests__test_variables.py,first_isolated_migrations_artifacts/posit-dev__positron/08d4f2ef0b9e72a3a5633e7059c2d950c8bd80c2/extensions__positron-python__python_files__positron__positron_ipykernel__tests__test_variables.py.before.py,first_isolated_migrations_artifacts/posit-dev__positron/08d4f2ef0b9e72a3a5633e7059c2d950c8bd80c2/extensions__positron-python__python_files__positron__positron_ipykernel__tests__test_variables.py.after.py,first_isolated_migrations_artifacts/posit-dev__positron/08d4f2ef0b9e72a3a5633e7059c2d950c8bd80c2/extensions__positron-python__python_files__positron__positron_ipykernel__tests__test_variables.py.patch,Yes,exact_match,complete,Core dataframe transforms,Core dataframe transforms,
posit-dev__positron__19caff4f584a675cb66699040dba061d66d0dde9__001,posit-dev/positron,19caff4f584a675cb66699040dba061d66d0dde9,extensions/positron-python/pythonFiles/positron/inspectors.py,extensions__positron-python__pythonFiles__positron__inspectors.py,first_isolated_migrations_artifacts/posit-dev__positron/19caff4f584a675cb66699040dba061d66d0dde9/extensions__positron-python__pythonFiles__positron__inspectors.py.before.py,first_isolated_migrations_artifacts/posit-dev__positron/19caff4f584a675cb66699040dba061d66d0dde9/extensions__positron-python__pythonFiles__positron__inspectors.py.after.py,first_isolated_migrations_artifacts/posit-dev__positron/19caff4f584a675cb66699040dba061d66d0dde9/extensions__positron-python__pythonFiles__positron__inspectors.py.patch,Yes,exact_match,complete,Core dataframe transforms,Core dataframe transforms;Index & pandas-specific semantics,
posit-dev__positron__305df01497d1fc25e70ec5c14ee96924db711b70__001,posit-dev/positron,305df01497d1fc25e70ec5c14ee96924db711b70,extensions/positron-python/pythonFiles/tests/positron/test_variables.py,extensions__positron-python__pythonFiles__tests__positron__test_variables.py,first_isolated_migrations_artifacts/posit-dev__positron/305df01497d1fc25e70ec5c14ee96924db711b70/extensions__positron-python__pythonFiles__tests__positron__test_variables.py.before.py,first_isolated_migrations_artifacts/posit-dev__positron/305df01497d1fc25e70ec5c14ee96924db711b70/extensions__positron-python__pythonFiles__tests__positron__test_variables.py.after.py,first_isolated_migrations_artifacts/posit-dev__positron/305df01497d1fc25e70ec5c14ee96924db711b70/extensions__positron-python__pythonFiles__tests__positron__test_variables.py.patch,Yes,exact_match,complete,Core dataframe transforms,Core dataframe transforms,
posit-dev__positron__47d689f16b26f48407f2a347e99ebc97228f76a4__001,posit-dev/positron,47d689f16b26f48407f2a347e99ebc97228f76a4,extensions/positron-python/python_files/posit/positron/tests/test_positron_jedilsp.py,extensions__positron-python__python_files__posit__positron__tests__test_positron_jedilsp.py,first_isolated_migrations_artifacts/posit-dev__positron/47d689f16b26f48407f2a347e99ebc97228f76a4/extensions__positron-python__python_files__posit__positron__tests__test_positron_jedilsp.py.before.py,first_isolated_migrations_artifacts/posit-dev__positron/47d689f16b26f48407f2a347e99ebc97228f76a4/extensions__positron-python__python_files__posit__positron__tests__test_positron_jedilsp.py.after.py,first_isolated_migrations_artifacts/posit-dev__positron/47d689f16b26f48407f2a347e99ebc97228f76a4/extensions__positron-python__python_files__posit__positron__tests__test_positron_jedilsp.py.patch,Yes,exact_match,complete,Core dataframe transforms,Core dataframe transforms,
posit-dev__positron__4845cccf4fdf7405dcb7810051239d7e356f0a2d__001,posit-dev/positron,4845cccf4fdf7405dcb7810051239d7e356f0a2d,extensions/positron-python/pythonFiles/positron_ipkernel.py,extensions__positron-python__pythonFiles__positron_ipkernel.py,first_isolated_migrations_artifacts/posit-dev__positron/4845cccf4fdf7405dcb7810051239d7e356f0a2d/extensions__positron-python__pythonFiles__positron_ipkernel.py.before.py,first_isolated_migrations_artifacts/posit-dev__positron/4845cccf4fdf7405dcb7810051239d7e356f0a2d/extensions__positron-python__pythonFiles__positron_ipkernel.py.after.py,first_isolated_migrations_artifacts/posit-dev__positron/4845cccf4fdf7405dcb7810051239d7e356f0a2d/extensions__positron-python__pythonFiles__positron_ipkernel.py.patch,Yes,exact_match,complete,Other / Manual,Other / Manual,
posit-dev__positron__4d8266f3bbf8488768230f91a5c82b273f0732da__001,posit-dev/positron,4d8266f3bbf8488768230f91a5c82b273f0732da,extensions/positron-python/python_files/positron/positron_ipykernel/data_explorer.py,extensions__positron-python__python_files__positron__positron_ipykernel__data_explorer.py,first_isolated_migrations_artifacts/posit-dev__positron/4d8266f3bbf8488768230f91a5c82b273f0732da/extensions__positron-python__python_files__positron__positron_ipykernel__data_explorer.py.before.py,first_isolated_migrations_artifacts/posit-dev__positron/4d8266f3bbf8488768230f91a5c82b273f0732da/extensions__positron-python__python_files__positron__positron_ipykernel__data_explorer.py.after.py,first_isolated_migrations_artifacts/posit-dev__positron/4d8266f3bbf8488768230f91a5c82b273f0732da/extensions__positron-python__python_files__positron__positron_ipykernel__data_explorer.py.patch,Yes,exact_match,complete,Other / Manual,Other / Manual,
posit-dev__positron__4d8266f3bbf8488768230f91a5c82b273f0732da__002,posit-dev/positron,4d8266f3bbf8488768230f91a5c82b273f0732da,extensions/positron-python/python_files/positron/positron_ipykernel/tests/test_data_explorer.py,extensions__positron-python__python_files__positron__positron_ipykernel__tests__test_data_explorer.py,first_isolated_migrations_artifacts/posit-dev__positron/4d8266f3bbf8488768230f91a5c82b273f0732da/extensions__positron-python__python_files__positron__positron_ipykernel__tests__test_data_explorer.py.before.py,first_isolated_migrations_artifacts/posit-dev__positron/4d8266f3bbf8488768230f91a5c82b273f0732da/extensions__positron-python__python_files__positron__positron_ipykernel__tests__test_data_explorer.py.after.py,first_isolated_migrations_artifacts/posit-dev__positron/4d8266f3bbf8488768230f91a5c82b273f0732da/extensions__positron-python__python_files__positron__positron_ipykernel__tests__test_data_explorer.py.patch,Yes,exact_match,complete,Aggregation & joins,Aggregation & joins;Core dataframe transforms;Types & schema,
posit-dev__positron__70ff9be527e1a7e14b55497668736e9b09117c41__001,posit-dev/positron,70ff9be527e1a7e14b55497668736e9b09117c41,extensions/positron-python/python_files/positron/positron_ipykernel/tests/test_inspectors.py,extensions__positron-python__python_files__positron__positron_ipykernel__tests__test_inspectors.py,first_isolated_migrations_artifacts/posit-dev__positron/70ff9be527e1a7e14b55497668736e9b09117c41/extensions__positron-python__python_files__positron__positron_ipykernel__tests__test_inspectors.py.before.py,first_isolated_migrations_artifacts/posit-dev__positron/70ff9be527e1a7e14b55497668736e9b09117c41/extensions__positron-python__python_files__positron__positron_ipykernel__tests__test_inspectors.py.after.py,first_isolated_migrations_artifacts/posit-dev__positron/70ff9be527e1a7e14b55497668736e9b09117c41/extensions__positron-python__python_files__positron__positron_ipykernel__tests__test_inspectors.py.patch,Yes,exact_match,complete,Core dataframe transforms,Core dataframe transforms,
posit-dev__positron__80ecfa6f6f4ea8671c5d76807a3fbdb00d82965d__001,posit-dev/positron,80ecfa6f6f4ea8671c5d76807a3fbdb00d82965d,extensions/positron-python/python_files/posit/positron/inspectors.py,extensions__positron-python__python_files__posit__positron__inspectors.py,first_isolated_migrations_artifacts/posit-dev__positron/80ecfa6f6f4ea8671c5d76807a3fbdb00d82965d/extensions__positron-python__python_files__posit__positron__inspectors.py.before.py,first_isolated_migrations_artifacts/posit-dev__positron/80ecfa6f6f4ea8671c5d76807a3fbdb00d82965d/extensions__positron-python__python_files__posit__positron__inspectors.py.after.py,first_isolated_migrations_artifacts/posit-dev__positron/80ecfa6f6f4ea8671c5d76807a3fbdb00d82965d/extensions__positron-python__python_files__posit__positron__inspectors.py.patch,Yes,exact_match,complete,Core dataframe transforms,Core dataframe transforms;Index & pandas-specific semantics,
posit-dev__positron__a02c561fd7b8ed2bfa344f8feb3693e14bdf4ea1__001,posit-dev/positron,a02c561fd7b8ed2bfa344f8feb3693e14bdf4ea1,extensions/positron-python/python_files/posit/positron/data_explorer.py,extensions__positron-python__python_files__posit__positron__data_explorer.py,first_isolated_migrations_artifacts/posit-dev__positron/a02c561fd7b8ed2bfa344f8feb3693e14bdf4ea1/extensions__positron-python__python_files__posit__positron__data_explorer.py.before.py,first_isolated_migrations_artifacts/posit-dev__positron/a02c561fd7b8ed2bfa344f8feb3693e14bdf4ea1/extensions__positron-python__python_files__posit__positron__data_explorer.py.after.py,first_isolated_migrations_artifacts/posit-dev__positron/a02c561fd7b8ed2bfa344f8feb3693e14bdf4ea1/extensions__positron-python__python_files__posit__positron__data_explorer.py.patch,Yes,exact_match,complete,Core dataframe transforms,Core dataframe transforms;Types & schema,
posit-dev__positron__a28877b9552fa86984e3463ee5ea183770dd787f__001,posit-dev/positron,a28877b9552fa86984e3463ee5ea183770dd787f,extensions/positron-python/python_files/positron/positron_ipykernel/tests/test_data_explorer.py,extensions__positron-python__python_files__positron__positron_ipykernel__tests__test_data_explorer.py,first_isolated_migrations_artifacts/posit-dev__positron/a28877b9552fa86984e3463ee5ea183770dd787f/extensions__positron-python__python_files__positron__positron_ipykernel__tests__test_data_explorer.py.before.py,first_isolated_migrations_artifacts/posit-dev__positron/a28877b9552fa86984e3463ee5ea183770dd787f/extensions__positron-python__python_files__positron__positron_ipykernel__tests__test_data_explorer.py.after.py,first_isolated_migrations_artifacts/posit-dev__positron/a28877b9552fa86984e3463ee5ea183770dd787f/extensions__positron-python__python_files__positron__positron_ipykernel__tests__test_data_explorer.py.patch,Yes,exact_match,complete,Aggregation & joins,Aggregation & joins;Types & schema,
posit-dev__positron__b0ad1b05a2af0dfa848300c7de0a4b77a5cb5597__001,posit-dev/positron,b0ad1b05a2af0dfa848300c7de0a4b77a5cb5597,extensions/positron-python/python_files/posit/positron/tests/test_convert.py,extensions__positron-python__python_files__posit__positron__tests__test_convert.py,first_isolated_migrations_artifacts/posit-dev__positron/b0ad1b05a2af0dfa848300c7de0a4b77a5cb5597/extensions__positron-python__python_files__posit__positron__tests__test_convert.py.before.py,first_isolated_migrations_artifacts/posit-dev__positron/b0ad1b05a2af0dfa848300c7de0a4b77a5cb5597/extensions__positron-python__python_files__posit__positron__tests__test_convert.py.after.py,first_isolated_migrations_artifacts/posit-dev__positron/b0ad1b05a2af0dfa848300c7de0a4b77a5cb5597/extensions__positron-python__python_files__posit__positron__tests__test_convert.py.patch,Yes,exact_match,complete,Core dataframe transforms,Core dataframe transforms,
posit-dev__positron__bd62a61e9ea6063c1d793c911ddc148701e6df31__001,posit-dev/positron,bd62a61e9ea6063c1d793c911ddc148701e6df31,extensions/positron-python/python_files/positron/positron_ipykernel/data_explorer.py,extensions__positron-python__python_files__positron__positron_ipykernel__data_explorer.py,first_isolated_migrations_artifacts/posit-dev__positron/bd62a61e9ea6063c1d793c911ddc148701e6df31/extensions__positron-python__python_files__positron__positron_ipykernel__data_explorer.py.before.py,first_isolated_migrations_artifacts/posit-dev__positron/bd62a61e9ea6063c1d793c911ddc148701e6df31/extensions__positron-python__python_files__positron__positron_ipykernel__data_explorer.py.after.py,first_isolated_migrations_artifacts/posit-dev__positron/bd62a61e9ea6063c1d793c911ddc148701e6df31/extensions__positron-python__python_files__positron__positron_ipykernel__data_explorer.py.patch,Yes,exact_match,complete,Other / Manual,Other / Manual,
posit-dev__positron__bd62a61e9ea6063c1d793c911ddc148701e6df31__002,posit-dev/positron,bd62a61e9ea6063c1d793c911ddc148701e6df31,extensions/positron-python/python_files/positron/positron_ipykernel/tests/test_data_explorer.py,extensions__positron-python__python_files__positron__positron_ipykernel__tests__test_data_explorer.py,first_isolated_migrations_artifacts/posit-dev__positron/bd62a61e9ea6063c1d793c911ddc148701e6df31/extensions__positron-python__python_files__positron__positron_ipykernel__tests__test_data_explorer.py.before.py,first_isolated_migrations_artifacts/posit-dev__positron/bd62a61e9ea6063c1d793c911ddc148701e6df31/extensions__positron-python__python_files__positron__positron_ipykernel__tests__test_data_explorer.py.after.py,first_isolated_migrations_artifacts/posit-dev__positron/bd62a61e9ea6063c1d793c911ddc148701e6df31/extensions__positron-python__python_files__positron__positron_ipykernel__tests__test_data_explorer.py.patch,Yes,exact_match,complete,Core dataframe transforms,Core dataframe transforms,
posit-dev__positron__c68ab28752b9ba894ca42c0d1418d08a4e23af51__001,posit-dev/positron,c68ab28752b9ba894ca42c0d1418d08a4e23af51,extensions/positron-python/python_files/positron/positron_ipykernel/data_explorer.py,extensions__positron-python__python_files__positron__positron_ipykernel__data_explorer.py,first_isolated_migrations_artifacts/posit-dev__positron/c68ab28752b9ba894ca42c0d1418d08a4e23af51/extensions__positron-python__python_files__positron__positron_ipykernel__data_explorer.py.before.py,first_isolated_migrations_artifacts/posit-dev__positron/c68ab28752b9ba894ca42c0d1418d08a4e23af51/extensions__positron-python__python_files__positron__positron_ipykernel__data_explorer.py.after.py,first_isolated_migrations_artifacts/posit-dev__positron/c68ab28752b9ba894ca42c0d1418d08a4e23af51/extensions__positron-python__python_files__positron__positron_ipykernel__data_explorer.py.patch,Yes,exact_match,complete,Core dataframe transforms,Core dataframe transforms,
posit-dev__positron__de4823ecbc2f8ec326483affca1f1b5dd6fc5d39__001,posit-dev/positron,de4823ecbc2f8ec326483affca1f1b5dd6fc5d39,extensions/positron-python/pythonFiles/positron/inspectors.py,extensions__positron-python__pythonFiles__positron__inspectors.py,first_isolated_migrations_artifacts/posit-dev__positron/de4823ecbc2f8ec326483affca1f1b5dd6fc5d39/extensions__positron-python__pythonFiles__positron__inspectors.py.before.py,first_isolated_migrations_artifacts/posit-dev__positron/de4823ecbc2f8ec326483affca1f1b5dd6fc5d39/extensions__positron-python__pythonFiles__positron__inspectors.py.after.py,first_isolated_migrations_artifacts/posit-dev__positron/de4823ecbc2f8ec326483affca1f1b5dd6fc5d39/extensions__positron-python__pythonFiles__positron__inspectors.py.patch,Yes,exact_match,complete,Core dataframe transforms,Core dataframe transforms,
posit-dev__positron__de4823ecbc2f8ec326483affca1f1b5dd6fc5d39__002,posit-dev/positron,de4823ecbc2f8ec326483affca1f1b5dd6fc5d39,extensions/positron-python/pythonFiles/tests/positron/test_environment.py,extensions__positron-python__pythonFiles__tests__positron__test_environment.py,first_isolated_migrations_artifacts/posit-dev__positron/de4823ecbc2f8ec326483affca1f1b5dd6fc5d39/extensions__positron-python__pythonFiles__tests__positron__test_environment.py.before.py,first_isolated_migrations_artifacts/posit-dev__positron/de4823ecbc2f8ec326483affca1f1b5dd6fc5d39/extensions__positron-python__pythonFiles__tests__positron__test_environment.py.after.py,first_isolated_migrations_artifacts/posit-dev__positron/de4823ecbc2f8ec326483affca1f1b5dd6fc5d39/extensions__positron-python__pythonFiles__tests__positron__test_environment.py.patch,Yes,exact_match,complete,Core dataframe transforms,Core dataframe transforms,
pyjanitor-devs__pyjanitor__05effaf490caac1866d37d69d90357856a8d36eb__001,pyjanitor-devs/pyjanitor,05effaf490caac1866d37d69d90357856a8d36eb,janitor/io.py,janitor__io.py,first_isolated_migrations_artifacts/pyjanitor-devs__pyjanitor/05effaf490caac1866d37d69d90357856a8d36eb/janitor__io.py.before.py,first_isolated_migrations_artifacts/pyjanitor-devs__pyjanitor/05effaf490caac1866d37d69d90357856a8d36eb/janitor__io.py.after.py,first_isolated_migrations_artifacts/pyjanitor-devs__pyjanitor/05effaf490caac1866d37d69d90357856a8d36eb/janitor__io.py.patch,Yes,exact_match,complete,Core dataframe transforms,Core dataframe transforms;Types & schema,
pyjanitor-devs__pyjanitor__2dff4f6efa67edf6827fe99df8bc290fede963b6__001,pyjanitor-devs/pyjanitor,2dff4f6efa67edf6827fe99df8bc290fede963b6,janitor/io.py,janitor__io.py,first_isolated_migrations_artifacts/pyjanitor-devs__pyjanitor/2dff4f6efa67edf6827fe99df8bc290fede963b6/janitor__io.py.before.py,first_isolated_migrations_artifacts/pyjanitor-devs__pyjanitor/2dff4f6efa67edf6827fe99df8bc290fede963b6/janitor__io.py.after.py,first_isolated_migrations_artifacts/pyjanitor-devs__pyjanitor/2dff4f6efa67edf6827fe99df8bc290fede963b6/janitor__io.py.patch,Yes,exact_match,complete,IO boundary,IO boundary;Core dataframe transforms,
pyjanitor-devs__pyjanitor__46ab4d8a5521305d45ff771184862d047959b1a1__001,pyjanitor-devs/pyjanitor,46ab4d8a5521305d45ff771184862d047959b1a1,janitor/io.py,janitor__io.py,first_isolated_migrations_artifacts/pyjanitor-devs__pyjanitor/46ab4d8a5521305d45ff771184862d047959b1a1/janitor__io.py.before.py,first_isolated_migrations_artifacts/pyjanitor-devs__pyjanitor/46ab4d8a5521305d45ff771184862d047959b1a1/janitor__io.py.after.py,first_isolated_migrations_artifacts/pyjanitor-devs__pyjanitor/46ab4d8a5521305d45ff771184862d047959b1a1/janitor__io.py.patch,Yes,exact_match,complete,Core dataframe transforms,Core dataframe transforms,
scikit-learn__scikit-learn__831c49aca392997252081f87808368bd147eac24__001,scikit-learn/scikit-learn,831c49aca392997252081f87808368bd147eac24,sklearn/utils/_set_output.py,sklearn__utils___set_output.py,first_isolated_migrations_artifacts/scikit-learn__scikit-learn/831c49aca392997252081f87808368bd147eac24/sklearn__utils___set_output.py.before.py,first_isolated_migrations_artifacts/scikit-learn__scikit-learn/831c49aca392997252081f87808368bd147eac24/sklearn__utils___set_output.py.after.py,first_isolated_migrations_artifacts/scikit-learn__scikit-learn/831c49aca392997252081f87808368bd147eac24/sklearn__utils___set_output.py.patch,Yes,exact_match,complete,Core dataframe transforms,Core dataframe transforms,
scikit-learn__scikit-learn__831c49aca392997252081f87808368bd147eac24__002,scikit-learn/scikit-learn,831c49aca392997252081f87808368bd147eac24,sklearn/utils/estimator_checks.py,sklearn__utils__estimator_checks.py,first_isolated_migrations_artifacts/scikit-learn__scikit-learn/831c49aca392997252081f87808368bd147eac24/sklearn__utils__estimator_checks.py.before.py,first_isolated_migrations_artifacts/scikit-learn__scikit-learn/831c49aca392997252081f87808368bd147eac24/sklearn__utils__estimator_checks.py.after.py,first_isolated_migrations_artifacts/scikit-learn__scikit-learn/831c49aca392997252081f87808368bd147eac24/sklearn__utils__estimator_checks.py.patch,Yes,exact_match,complete,Core dataframe transforms,Core dataframe transforms,
scikit-learn__scikit-learn__831c49aca392997252081f87808368bd147eac24__003,scikit-learn/scikit-learn,831c49aca392997252081f87808368bd147eac24,sklearn/utils/tests/test_set_output.py,sklearn__utils__tests__test_set_output.py,first_isolated_migrations_artifacts/scikit-learn__scikit-learn/831c49aca392997252081f87808368bd147eac24/sklearn__utils__tests__test_set_output.py.before.py,first_isolated_migrations_artifacts/scikit-learn__scikit-learn/831c49aca392997252081f87808368bd147eac24/sklearn__utils__tests__test_set_output.py.after.py,first_isolated_migrations_artifacts/scikit-learn__scikit-learn/831c49aca392997252081f87808368bd147eac24/sklearn__utils__tests__test_set_output.py.patch,Yes,exact_match,complete,Core dataframe transforms,Core dataframe transforms,
skrub-data__skrub__7fe0f27144515c99bfc31466c7563c5b022196aa__001,skrub-data/skrub,7fe0f27144515c99bfc31466c7563c5b022196aa,skrub/tests/test_join_utils.py,skrub__tests__test_join_utils.py,first_isolated_migrations_artifacts/skrub-data__skrub/7fe0f27144515c99bfc31466c7563c5b022196aa/skrub__tests__test_join_utils.py.before.py,first_isolated_migrations_artifacts/skrub-data__skrub/7fe0f27144515c99bfc31466c7563c5b022196aa/skrub__tests__test_join_utils.py.after.py,first_isolated_migrations_artifacts/skrub-data__skrub/7fe0f27144515c99bfc31466c7563c5b022196aa/skrub__tests__test_join_utils.py.patch,Yes,exact_match,complete,Core dataframe transforms,Core dataframe transforms,
skrub-data__skrub__b787db99475948d94c600a90503a07e1afee9239__001,skrub-data/skrub,b787db99475948d94c600a90503a07e1afee9239,skrub/tests/test_datetime_encoder.py,skrub__tests__test_datetime_encoder.py,first_isolated_migrations_artifacts/skrub-data__skrub/b787db99475948d94c600a90503a07e1afee9239/skrub__tests__test_datetime_encoder.py.before.py,first_isolated_migrations_artifacts/skrub-data__skrub/b787db99475948d94c600a90503a07e1afee9239/skrub__tests__test_datetime_encoder.py.after.py,first_isolated_migrations_artifacts/skrub-data__skrub/b787db99475948d94c600a90503a07e1afee9239/skrub__tests__test_datetime_encoder.py.patch,Yes,exact_match,complete,Core dataframe transforms,Core dataframe transforms;Other / Manual,
skrub-data__skrub__b787db99475948d94c600a90503a07e1afee9239__002,skrub-data/skrub,b787db99475948d94c600a90503a07e1afee9239,skrub/tests/test_fuzzy_join.py,skrub__tests__test_fuzzy_join.py,first_isolated_migrations_artifacts/skrub-data__skrub/b787db99475948d94c600a90503a07e1afee9239/skrub__tests__test_fuzzy_join.py.before.py,first_isolated_migrations_artifacts/skrub-data__skrub/b787db99475948d94c600a90503a07e1afee9239/skrub__tests__test_fuzzy_join.py.after.py,first_isolated_migrations_artifacts/skrub-data__skrub/b787db99475948d94c600a90503a07e1afee9239/skrub__tests__test_fuzzy_join.py.patch,Yes,exact_match,complete,Aggregation & joins,Aggregation & joins;Core dataframe transforms,
skrub-data__skrub__b787db99475948d94c600a90503a07e1afee9239__003,skrub-data/skrub,b787db99475948d94c600a90503a07e1afee9239,skrub/tests/test_gap_encoder.py,skrub__tests__test_gap_encoder.py,first_isolated_migrations_artifacts/skrub-data__skrub/b787db99475948d94c600a90503a07e1afee9239/skrub__tests__test_gap_encoder.py.before.py,first_isolated_migrations_artifacts/skrub-data__skrub/b787db99475948d94c600a90503a07e1afee9239/skrub__tests__test_gap_encoder.py.after.py,first_isolated_migrations_artifacts/skrub-data__skrub/b787db99475948d94c600a90503a07e1afee9239/skrub__tests__test_gap_encoder.py.patch,Yes,exact_match,complete,Core dataframe transforms,Core dataframe transforms,
skrub-data__skrub__b787db99475948d94c600a90503a07e1afee9239__004,skrub-data/skrub,b787db99475948d94c600a90503a07e1afee9239,skrub/tests/test_interpolation_join.py,skrub__tests__test_interpolation_join.py,first_isolated_migrations_artifacts/skrub-data__skrub/b787db99475948d94c600a90503a07e1afee9239/skrub__tests__test_interpolation_join.py.before.py,first_isolated_migrations_artifacts/skrub-data__skrub/b787db99475948d94c600a90503a07e1afee9239/skrub__tests__test_interpolation_join.py.after.py,first_isolated_migrations_artifacts/skrub-data__skrub/b787db99475948d94c600a90503a07e1afee9239/skrub__tests__test_interpolation_join.py.patch,Yes,exact_match,complete,Core dataframe transforms,Core dataframe transforms,
skrub-data__skrub__b787db99475948d94c600a90503a07e1afee9239__005,skrub-data/skrub,b787db99475948d94c600a90503a07e1afee9239,skrub/tests/test_joiner.py,skrub__tests__test_joiner.py,first_isolated_migrations_artifacts/skrub-data__skrub/b787db99475948d94c600a90503a07e1afee9239/skrub__tests__test_joiner.py.before.py,first_isolated_migrations_artifacts/skrub-data__skrub/b787db99475948d94c600a90503a07e1afee9239/skrub__tests__test_joiner.py.after.py,first_isolated_migrations_artifacts/skrub-data__skrub/b787db99475948d94c600a90503a07e1afee9239/skrub__tests__test_joiner.py.patch,Yes,exact_match,complete,Aggregation & joins,Aggregation & joins;Core dataframe transforms,
skrub-data__skrub__b787db99475948d94c600a90503a07e1afee9239__006,skrub-data/skrub,b787db99475948d94c600a90503a07e1afee9239,skrub/tests/test_minhash_encoder.py,skrub__tests__test_minhash_encoder.py,first_isolated_migrations_artifacts/skrub-data__skrub/b787db99475948d94c600a90503a07e1afee9239/skrub__tests__test_minhash_encoder.py.before.py,first_isolated_migrations_artifacts/skrub-data__skrub/b787db99475948d94c600a90503a07e1afee9239/skrub__tests__test_minhash_encoder.py.after.py,first_isolated_migrations_artifacts/skrub-data__skrub/b787db99475948d94c600a90503a07e1afee9239/skrub__tests__test_minhash_encoder.py.patch,Yes,exact_match,complete,Core dataframe transforms,Core dataframe transforms,
skrub-data__skrub__d21f5e4d704b9c8f5b663b10550a078070cd755a__001,skrub-data/skrub,d21f5e4d704b9c8f5b663b10550a078070cd755a,skrub/_agg_joiner.py,skrub___agg_joiner.py,first_isolated_migrations_artifacts/skrub-data__skrub/d21f5e4d704b9c8f5b663b10550a078070cd755a/skrub___agg_joiner.py.before.py,first_isolated_migrations_artifacts/skrub-data__skrub/d21f5e4d704b9c8f5b663b10550a078070cd755a/skrub___agg_joiner.py.after.py,first_isolated_migrations_artifacts/skrub-data__skrub/d21f5e4d704b9c8f5b663b10550a078070cd755a/skrub___agg_joiner.py.patch,Yes,exact_match,complete,Core dataframe transforms,Core dataframe transforms,
sodascience__metasyn__d967358d99aa0c9982a7183869c9782b68eaf445__001,sodascience/metasyn,d967358d99aa0c9982a7183869c9782b68eaf445,metasyn/distribution/base.py,metasyn__distribution__base.py,first_isolated_migrations_artifacts/sodascience__metasyn/d967358d99aa0c9982a7183869c9782b68eaf445/metasyn__distribution__base.py.before.py,first_isolated_migrations_artifacts/sodascience__metasyn/d967358d99aa0c9982a7183869c9782b68eaf445/metasyn__distribution__base.py.after.py,first_isolated_migrations_artifacts/sodascience__metasyn/d967358d99aa0c9982a7183869c9782b68eaf445/metasyn__distribution__base.py.patch,Yes,exact_match,complete,Core dataframe transforms,Core dataframe transforms,
sodascience__metasyn__d967358d99aa0c9982a7183869c9782b68eaf445__002,sodascience/metasyn,d967358d99aa0c9982a7183869c9782b68eaf445,metasyn/distribution/categorical.py,metasyn__distribution__categorical.py,first_isolated_migrations_artifacts/sodascience__metasyn/d967358d99aa0c9982a7183869c9782b68eaf445/metasyn__distribution__categorical.py.before.py,first_isolated_migrations_artifacts/sodascience__metasyn/d967358d99aa0c9982a7183869c9782b68eaf445/metasyn__distribution__categorical.py.after.py,first_isolated_migrations_artifacts/sodascience__metasyn/d967358d99aa0c9982a7183869c9782b68eaf445/metasyn__distribution__categorical.py.patch,Yes,exact_match,complete,Core dataframe transforms,Core dataframe transforms,
sodascience__metasyn__d967358d99aa0c9982a7183869c9782b68eaf445__003,sodascience/metasyn,d967358d99aa0c9982a7183869c9782b68eaf445,metasyn/metaframe.py,metasyn__metaframe.py,first_isolated_migrations_artifacts/sodascience__metasyn/d967358d99aa0c9982a7183869c9782b68eaf445/metasyn__metaframe.py.before.py,first_isolated_migrations_artifacts/sodascience__metasyn/d967358d99aa0c9982a7183869c9782b68eaf445/metasyn__metaframe.py.after.py,first_isolated_migrations_artifacts/sodascience__metasyn/d967358d99aa0c9982a7183869c9782b68eaf445/metasyn__metaframe.py.patch,Yes,exact_match,complete,Core dataframe transforms,Core dataframe transforms,
sodascience__metasyn__d967358d99aa0c9982a7183869c9782b68eaf445__004,sodascience/metasyn,d967358d99aa0c9982a7183869c9782b68eaf445,metasyn/var.py,metasyn__var.py,first_isolated_migrations_artifacts/sodascience__metasyn/d967358d99aa0c9982a7183869c9782b68eaf445/metasyn__var.py.before.py,first_isolated_migrations_artifacts/sodascience__metasyn/d967358d99aa0c9982a7183869c9782b68eaf445/metasyn__var.py.after.py,first_isolated_migrations_artifacts/sodascience__metasyn/d967358d99aa0c9982a7183869c9782b68eaf445/metasyn__var.py.patch,Yes,exact_match,complete,Core dataframe transforms,Core dataframe transforms,
the-alchemists-formerly-5__scratch_repository__c12cbad614d6edfd7c43af3cd88308403a8edfed__001,the-alchemists-formerly-5/scratch_repository,c12cbad614d6edfd7c43af3cd88308403a8edfed,tests/test_data_split.py,tests__test_data_split.py,first_isolated_migrations_artifacts/the-alchemists-formerly-5__scratch_repository/c12cbad614d6edfd7c43af3cd88308403a8edfed/tests__test_data_split.py.before.py,first_isolated_migrations_artifacts/the-alchemists-formerly-5__scratch_repository/c12cbad614d6edfd7c43af3cd88308403a8edfed/tests__test_data_split.py.after.py,first_isolated_migrations_artifacts/the-alchemists-formerly-5__scratch_repository/c12cbad614d6edfd7c43af3cd88308403a8edfed/tests__test_data_split.py.patch,Yes,exact_match,complete,Core dataframe transforms,Core dataframe transforms,
xavctn__img2table__9e09c99f8d1da22eade363c8e64936dc4d02e789__001,xavctn/img2table,9e09c99f8d1da22eade363c8e64936dc4d02e789,src/img2table/tables/processing/cells/deduplication.py,src__img2table__tables__processing__cells__deduplication.py,first_isolated_migrations_artifacts/xavctn__img2table/9e09c99f8d1da22eade363c8e64936dc4d02e789/src__img2table__tables__processing__cells__deduplication.py.before.py,first_isolated_migrations_artifacts/xavctn__img2table/9e09c99f8d1da22eade363c8e64936dc4d02e789/src__img2table__tables__processing__cells__deduplication.py.after.py,first_isolated_migrations_artifacts/xavctn__img2table/9e09c99f8d1da22eade363c8e64936dc4d02e789/src__img2table__tables__processing__cells__deduplication.py.patch,Yes,exact_match,complete,Aggregation & joins,Aggregation & joins;Core dataframe transforms,
xavctn__img2table__9e09c99f8d1da22eade363c8e64936dc4d02e789__002,xavctn/img2table,9e09c99f8d1da22eade363c8e64936dc4d02e789,src/img2table/tables/processing/cells/identification.py,src__img2table__tables__processing__cells__identification.py,first_isolated_migrations_artifacts/xavctn__img2table/9e09c99f8d1da22eade363c8e64936dc4d02e789/src__img2table__tables__processing__cells__identification.py.before.py,first_isolated_migrations_artifacts/xavctn__img2table/9e09c99f8d1da22eade363c8e64936dc4d02e789/src__img2table__tables__processing__cells__identification.py.after.py,first_isolated_migrations_artifacts/xavctn__img2table/9e09c99f8d1da22eade363c8e64936dc4d02e789/src__img2table__tables__processing__cells__identification.py.patch,Yes,exact_match,complete,Aggregation & joins,Aggregation & joins;Core dataframe transforms,
xavctn__img2table__9e09c99f8d1da22eade363c8e64936dc4d02e789__003,xavctn/img2table,9e09c99f8d1da22eade363c8e64936dc4d02e789,src/img2table/tables/processing/lines.py,src__img2table__tables__processing__lines.py,first_isolated_migrations_artifacts/xavctn__img2table/9e09c99f8d1da22eade363c8e64936dc4d02e789/src__img2table__tables__processing__lines.py.before.py,first_isolated_migrations_artifacts/xavctn__img2table/9e09c99f8d1da22eade363c8e64936dc4d02e789/src__img2table__tables__processing__lines.py.after.py,first_isolated_migrations_artifacts/xavctn__img2table/9e09c99f8d1da22eade363c8e64936dc4d02e789/src__img2table__tables__processing__lines.py.patch,Yes,exact_match,complete,Aggregation & joins,Aggregation & joins;Core dataframe transforms;Types & schema,
xavctn__img2table__beda90bdfa856e09205803f8a2170eeb7b9a31b4__001,xavctn/img2table,beda90bdfa856e09205803f8a2170eeb7b9a31b4,src/img2table/ocr/aws_textract.py,src__img2table__ocr__aws_textract.py,first_isolated_migrations_artifacts/xavctn__img2table/beda90bdfa856e09205803f8a2170eeb7b9a31b4/src__img2table__ocr__aws_textract.py.before.py,first_isolated_migrations_artifacts/xavctn__img2table/beda90bdfa856e09205803f8a2170eeb7b9a31b4/src__img2table__ocr__aws_textract.py.after.py,first_isolated_migrations_artifacts/xavctn__img2table/beda90bdfa856e09205803f8a2170eeb7b9a31b4/src__img2table__ocr__aws_textract.py.patch,Yes,exact_match,complete,Aggregation & joins,Aggregation & joins;Core dataframe transforms,
xavctn__img2table__beda90bdfa856e09205803f8a2170eeb7b9a31b4__002,xavctn/img2table,beda90bdfa856e09205803f8a2170eeb7b9a31b4,src/img2table/ocr/azure.py,src__img2table__ocr__azure.py,first_isolated_migrations_artifacts/xavctn__img2table/beda90bdfa856e09205803f8a2170eeb7b9a31b4/src__img2table__ocr__azure.py.before.py,first_isolated_migrations_artifacts/xavctn__img2table/beda90bdfa856e09205803f8a2170eeb7b9a31b4/src__img2table__ocr__azure.py.after.py,first_isolated_migrations_artifacts/xavctn__img2table/beda90bdfa856e09205803f8a2170eeb7b9a31b4/src__img2table__ocr__azure.py.patch,Yes,exact_match,complete,Aggregation & joins,Aggregation & joins;Core dataframe transforms,
xavctn__img2table__beda90bdfa856e09205803f8a2170eeb7b9a31b4__003,xavctn/img2table,beda90bdfa856e09205803f8a2170eeb7b9a31b4,src/img2table/ocr/data.py,src__img2table__ocr__data.py,first_isolated_migrations_artifacts/xavctn__img2table/beda90bdfa856e09205803f8a2170eeb7b9a31b4/src__img2table__ocr__data.py.before.py,first_isolated_migrations_artifacts/xavctn__img2table/beda90bdfa856e09205803f8a2170eeb7b9a31b4/src__img2table__ocr__data.py.after.py,first_isolated_migrations_artifacts/xavctn__img2table/beda90bdfa856e09205803f8a2170eeb7b9a31b4/src__img2table__ocr__data.py.patch,Yes,exact_match,complete,Core dataframe transforms,Core dataframe transforms,
xavctn__img2table__beda90bdfa856e09205803f8a2170eeb7b9a31b4__004,xavctn/img2table,beda90bdfa856e09205803f8a2170eeb7b9a31b4,src/img2table/ocr/google_vision.py,src__img2table__ocr__google_vision.py,first_isolated_migrations_artifacts/xavctn__img2table/beda90bdfa856e09205803f8a2170eeb7b9a31b4/src__img2table__ocr__google_vision.py.before.py,first_isolated_migrations_artifacts/xavctn__img2table/beda90bdfa856e09205803f8a2170eeb7b9a31b4/src__img2table__ocr__google_vision.py.after.py,first_isolated_migrations_artifacts/xavctn__img2table/beda90bdfa856e09205803f8a2170eeb7b9a31b4/src__img2table__ocr__google_vision.py.patch,Yes,exact_match,complete,Aggregation & joins,Aggregation & joins;Core dataframe transforms,
xavctn__img2table__beda90bdfa856e09205803f8a2170eeb7b9a31b4__005,xavctn/img2table,beda90bdfa856e09205803f8a2170eeb7b9a31b4,src/img2table/ocr/pdf.py,src__img2table__ocr__pdf.py,first_isolated_migrations_artifacts/xavctn__img2table/beda90bdfa856e09205803f8a2170eeb7b9a31b4/src__img2table__ocr__pdf.py.before.py,first_isolated_migrations_artifacts/xavctn__img2table/beda90bdfa856e09205803f8a2170eeb7b9a31b4/src__img2table__ocr__pdf.py.after.py,first_isolated_migrations_artifacts/xavctn__img2table/beda90bdfa856e09205803f8a2170eeb7b9a31b4/src__img2table__ocr__pdf.py.patch,Yes,exact_match,complete,Aggregation & joins,Aggregation & joins;Core dataframe transforms,
xavctn__img2table__beda90bdfa856e09205803f8a2170eeb7b9a31b4__006,xavctn/img2table,beda90bdfa856e09205803f8a2170eeb7b9a31b4,src/img2table/ocr/tesseract.py,src__img2table__ocr__tesseract.py,first_isolated_migrations_artifacts/xavctn__img2table/beda90bdfa856e09205803f8a2170eeb7b9a31b4/src__img2table__ocr__tesseract.py.before.py,first_isolated_migrations_artifacts/xavctn__img2table/beda90bdfa856e09205803f8a2170eeb7b9a31b4/src__img2table__ocr__tesseract.py.after.py,first_isolated_migrations_artifacts/xavctn__img2table/beda90bdfa856e09205803f8a2170eeb7b9a31b4/src__img2table__ocr__tesseract.py.patch,Yes,exact_match,complete,Aggregation & joins,Aggregation & joins;Core dataframe transforms,
xavctn__img2table__d5e84c0fc93c7d90ed0743e1153bb140389eafd6__001,xavctn/img2table,d5e84c0fc93c7d90ed0743e1153bb140389eafd6,tests/tables/processing/cells/test_identification_cells.py,tests__tables__processing__cells__test_identification_cells.py,first_isolated_migrations_artifacts/xavctn__img2table/d5e84c0fc93c7d90ed0743e1153bb140389eafd6/tests__tables__processing__cells__test_identification_cells.py.before.py,first_isolated_migrations_artifacts/xavctn__img2table/d5e84c0fc93c7d90ed0743e1153bb140389eafd6/tests__tables__processing__cells__test_identification_cells.py.after.py,first_isolated_migrations_artifacts/xavctn__img2table/d5e84c0fc93c7d90ed0743e1153bb140389eafd6/tests__tables__processing__cells__test_identification_cells.py.patch,Yes,exact_match,complete,IO boundary,IO boundary,
xavctn__img2table__efc0581f054361f0920b6a0f8ffe5d790358c8ad__001,xavctn/img2table,efc0581f054361f0920b6a0f8ffe5d790358c8ad,src/img2table/ocr/aws_textract.py,src__img2table__ocr__aws_textract.py,first_isolated_migrations_artifacts/xavctn__img2table/efc0581f054361f0920b6a0f8ffe5d790358c8ad/src__img2table__ocr__aws_textract.py.before.py,first_isolated_migrations_artifacts/xavctn__img2table/efc0581f054361f0920b6a0f8ffe5d790358c8ad/src__img2table__ocr__aws_textract.py.after.py,first_isolated_migrations_artifacts/xavctn__img2table/efc0581f054361f0920b6a0f8ffe5d790358c8ad/src__img2table__ocr__aws_textract.py.patch,Yes,exact_match,complete,Aggregation & joins,Aggregation & joins;Core dataframe transforms,
xavctn__img2table__efc0581f054361f0920b6a0f8ffe5d790358c8ad__002,xavctn/img2table,efc0581f054361f0920b6a0f8ffe5d790358c8ad,src/img2table/ocr/azure.py,src__img2table__ocr__azure.py,first_isolated_migrations_artifacts/xavctn__img2table/efc0581f054361f0920b6a0f8ffe5d790358c8ad/src__img2table__ocr__azure.py.before.py,first_isolated_migrations_artifacts/xavctn__img2table/efc0581f054361f0920b6a0f8ffe5d790358c8ad/src__img2table__ocr__azure.py.after.py,first_isolated_migrations_artifacts/xavctn__img2table/efc0581f054361f0920b6a0f8ffe5d790358c8ad/src__img2table__ocr__azure.py.patch,Yes,exact_match,complete,Aggregation & joins,Aggregation & joins;Core dataframe transforms,
xavctn__img2table__efc0581f054361f0920b6a0f8ffe5d790358c8ad__003,xavctn/img2table,efc0581f054361f0920b6a0f8ffe5d790358c8ad,src/img2table/ocr/data.py,src__img2table__ocr__data.py,first_isolated_migrations_artifacts/xavctn__img2table/efc0581f054361f0920b6a0f8ffe5d790358c8ad/src__img2table__ocr__data.py.before.py,first_isolated_migrations_artifacts/xavctn__img2table/efc0581f054361f0920b6a0f8ffe5d790358c8ad/src__img2table__ocr__data.py.after.py,first_isolated_migrations_artifacts/xavctn__img2table/efc0581f054361f0920b6a0f8ffe5d790358c8ad/src__img2table__ocr__data.py.patch,Yes,exact_match,complete,Core dataframe transforms,Core dataframe transforms,
xavctn__img2table__efc0581f054361f0920b6a0f8ffe5d790358c8ad__004,xavctn/img2table,efc0581f054361f0920b6a0f8ffe5d790358c8ad,src/img2table/ocr/google_vision.py,src__img2table__ocr__google_vision.py,first_isolated_migrations_artifacts/xavctn__img2table/efc0581f054361f0920b6a0f8ffe5d790358c8ad/src__img2table__ocr__google_vision.py.before.py,first_isolated_migrations_artifacts/xavctn__img2table/efc0581f054361f0920b6a0f8ffe5d790358c8ad/src__img2table__ocr__google_vision.py.after.py,first_isolated_migrations_artifacts/xavctn__img2table/efc0581f054361f0920b6a0f8ffe5d790358c8ad/src__img2table__ocr__google_vision.py.patch,Yes,exact_match,complete,Aggregation & joins,Aggregation & joins;Core dataframe transforms,
xavctn__img2table__efc0581f054361f0920b6a0f8ffe5d790358c8ad__005,xavctn/img2table,efc0581f054361f0920b6a0f8ffe5d790358c8ad,src/img2table/ocr/pdf.py,src__img2table__ocr__pdf.py,first_isolated_migrations_artifacts/xavctn__img2table/efc0581f054361f0920b6a0f8ffe5d790358c8ad/src__img2table__ocr__pdf.py.before.py,first_isolated_migrations_artifacts/xavctn__img2table/efc0581f054361f0920b6a0f8ffe5d790358c8ad/src__img2table__ocr__pdf.py.after.py,first_isolated_migrations_artifacts/xavctn__img2table/efc0581f054361f0920b6a0f8ffe5d790358c8ad/src__img2table__ocr__pdf.py.patch,Yes,exact_match,complete,Aggregation & joins,Aggregation & joins;Core dataframe transforms,
xavctn__img2table__efc0581f054361f0920b6a0f8ffe5d790358c8ad__006,xavctn/img2table,efc0581f054361f0920b6a0f8ffe5d790358c8ad,src/img2table/ocr/tesseract.py,src__img2table__ocr__tesseract.py,first_isolated_migrations_artifacts/xavctn__img2table/efc0581f054361f0920b6a0f8ffe5d790358c8ad/src__img2table__ocr__tesseract.py.before.py,first_isolated_migrations_artifacts/xavctn__img2table/efc0581f054361f0920b6a0f8ffe5d790358c8ad/src__img2table__ocr__tesseract.py.after.py,first_isolated_migrations_artifacts/xavctn__img2table/efc0581f054361f0920b6a0f8ffe5d790358c8ad/src__img2table__ocr__tesseract.py.patch,Yes,exact_match,complete,Aggregation & joins,Aggregation & joins;Core dataframe transforms,
xavctn__img2table__efc0581f054361f0920b6a0f8ffe5d790358c8ad__007,xavctn/img2table,efc0581f054361f0920b6a0f8ffe5d790358c8ad,src/img2table/tables/processing/cells/deduplication.py,src__img2table__tables__processing__cells__deduplication.py,first_isolated_migrations_artifacts/xavctn__img2table/efc0581f054361f0920b6a0f8ffe5d790358c8ad/src__img2table__tables__processing__cells__deduplication.py.before.py,first_isolated_migrations_artifacts/xavctn__img2table/efc0581f054361f0920b6a0f8ffe5d790358c8ad/src__img2table__tables__processing__cells__deduplication.py.after.py,first_isolated_migrations_artifacts/xavctn__img2table/efc0581f054361f0920b6a0f8ffe5d790358c8ad/src__img2table__tables__processing__cells__deduplication.py.patch,Yes,exact_match,complete,Aggregation & joins,Aggregation & joins;Core dataframe transforms,
xavctn__img2table__efc0581f054361f0920b6a0f8ffe5d790358c8ad__008,xavctn/img2table,efc0581f054361f0920b6a0f8ffe5d790358c8ad,src/img2table/tables/processing/cells/identification.py,src__img2table__tables__processing__cells__identification.py,first_isolated_migrations_artifacts/xavctn__img2table/efc0581f054361f0920b6a0f8ffe5d790358c8ad/src__img2table__tables__processing__cells__identification.py.before.py,first_isolated_migrations_artifacts/xavctn__img2table/efc0581f054361f0920b6a0f8ffe5d790358c8ad/src__img2table__tables__processing__cells__identification.py.after.py,first_isolated_migrations_artifacts/xavctn__img2table/efc0581f054361f0920b6a0f8ffe5d790358c8ad/src__img2table__tables__processing__cells__identification.py.patch,Yes,exact_match,complete,Aggregation & joins,Aggregation & joins;Core dataframe transforms,
xavctn__img2table__efc0581f054361f0920b6a0f8ffe5d790358c8ad__009,xavctn/img2table,efc0581f054361f0920b6a0f8ffe5d790358c8ad,src/img2table/tables/processing/lines.py,src__img2table__tables__processing__lines.py,first_isolated_migrations_artifacts/xavctn__img2table/efc0581f054361f0920b6a0f8ffe5d790358c8ad/src__img2table__tables__processing__lines.py.before.py,first_isolated_migrations_artifacts/xavctn__img2table/efc0581f054361f0920b6a0f8ffe5d790358c8ad/src__img2table__tables__processing__lines.py.after.py,first_isolated_migrations_artifacts/xavctn__img2table/efc0581f054361f0920b6a0f8ffe5d790358c8ad/src__img2table__tables__processing__lines.py.patch,Yes,exact_match,complete,Aggregation & joins,Aggregation & joins;Core dataframe transforms,
xavctn__img2table__efc0581f054361f0920b6a0f8ffe5d790358c8ad__010,xavctn/img2table,efc0581f054361f0920b6a0f8ffe5d790358c8ad,tests/ocr/aws_textract/test_aws_textract.py,tests__ocr__aws_textract__test_aws_textract.py,first_isolated_migrations_artifacts/xavctn__img2table/efc0581f054361f0920b6a0f8ffe5d790358c8ad/tests__ocr__aws_textract__test_aws_textract.py.before.py,first_isolated_migrations_artifacts/xavctn__img2table/efc0581f054361f0920b6a0f8ffe5d790358c8ad/tests__ocr__aws_textract__test_aws_textract.py.after.py,first_isolated_migrations_artifacts/xavctn__img2table/efc0581f054361f0920b6a0f8ffe5d790358c8ad/tests__ocr__aws_textract__test_aws_textract.py.patch,Yes,exact_match,complete,IO boundary,IO boundary,
xavctn__img2table__efc0581f054361f0920b6a0f8ffe5d790358c8ad__011,xavctn/img2table,efc0581f054361f0920b6a0f8ffe5d790358c8ad,tests/ocr/azure/test_azure.py,tests__ocr__azure__test_azure.py,first_isolated_migrations_artifacts/xavctn__img2table/efc0581f054361f0920b6a0f8ffe5d790358c8ad/tests__ocr__azure__test_azure.py.before.py,first_isolated_migrations_artifacts/xavctn__img2table/efc0581f054361f0920b6a0f8ffe5d790358c8ad/tests__ocr__azure__test_azure.py.after.py,first_isolated_migrations_artifacts/xavctn__img2table/efc0581f054361f0920b6a0f8ffe5d790358c8ad/tests__ocr__azure__test_azure.py.patch,Yes,exact_match,complete,IO boundary,IO boundary,
xavctn__img2table__efc0581f054361f0920b6a0f8ffe5d790358c8ad__012,xavctn/img2table,efc0581f054361f0920b6a0f8ffe5d790358c8ad,tests/ocr/data/test_ocr_data.py,tests__ocr__data__test_ocr_data.py,first_isolated_migrations_artifacts/xavctn__img2table/efc0581f054361f0920b6a0f8ffe5d790358c8ad/tests__ocr__data__test_ocr_data.py.before.py,first_isolated_migrations_artifacts/xavctn__img2table/efc0581f054361f0920b6a0f8ffe5d790358c8ad/tests__ocr__data__test_ocr_data.py.after.py,first_isolated_migrations_artifacts/xavctn__img2table/efc0581f054361f0920b6a0f8ffe5d790358c8ad/tests__ocr__data__test_ocr_data.py.patch,Yes,exact_match,complete,IO boundary,IO boundary,
xavctn__img2table__efc0581f054361f0920b6a0f8ffe5d790358c8ad__013,xavctn/img2table,efc0581f054361f0920b6a0f8ffe5d790358c8ad,tests/ocr/google_vision/test_google_vision.py,tests__ocr__google_vision__test_google_vision.py,first_isolated_migrations_artifacts/xavctn__img2table/efc0581f054361f0920b6a0f8ffe5d790358c8ad/tests__ocr__google_vision__test_google_vision.py.before.py,first_isolated_migrations_artifacts/xavctn__img2table/efc0581f054361f0920b6a0f8ffe5d790358c8ad/tests__ocr__google_vision__test_google_vision.py.after.py,first_isolated_migrations_artifacts/xavctn__img2table/efc0581f054361f0920b6a0f8ffe5d790358c8ad/tests__ocr__google_vision__test_google_vision.py.patch,Yes,exact_match,complete,IO boundary,IO boundary,
xavctn__img2table__efc0581f054361f0920b6a0f8ffe5d790358c8ad__014,xavctn/img2table,efc0581f054361f0920b6a0f8ffe5d790358c8ad,tests/ocr/pdf/test_pdf_ocr.py,tests__ocr__pdf__test_pdf_ocr.py,first_isolated_migrations_artifacts/xavctn__img2table/efc0581f054361f0920b6a0f8ffe5d790358c8ad/tests__ocr__pdf__test_pdf_ocr.py.before.py,first_isolated_migrations_artifacts/xavctn__img2table/efc0581f054361f0920b6a0f8ffe5d790358c8ad/tests__ocr__pdf__test_pdf_ocr.py.after.py,first_isolated_migrations_artifacts/xavctn__img2table/efc0581f054361f0920b6a0f8ffe5d790358c8ad/tests__ocr__pdf__test_pdf_ocr.py.patch,Yes,exact_match,complete,IO boundary,IO boundary,
xavctn__img2table__efc0581f054361f0920b6a0f8ffe5d790358c8ad__015,xavctn/img2table,efc0581f054361f0920b6a0f8ffe5d790358c8ad,tests/ocr/tesseract/test_tesseract.py,tests__ocr__tesseract__test_tesseract.py,first_isolated_migrations_artifacts/xavctn__img2table/efc0581f054361f0920b6a0f8ffe5d790358c8ad/tests__ocr__tesseract__test_tesseract.py.before.py,first_isolated_migrations_artifacts/xavctn__img2table/efc0581f054361f0920b6a0f8ffe5d790358c8ad/tests__ocr__tesseract__test_tesseract.py.after.py,first_isolated_migrations_artifacts/xavctn__img2table/efc0581f054361f0920b6a0f8ffe5d790358c8ad/tests__ocr__tesseract__test_tesseract.py.patch,Yes,exact_match,complete,IO boundary,IO boundary,
xavctn__img2table__efc0581f054361f0920b6a0f8ffe5d790358c8ad__016,xavctn/img2table,efc0581f054361f0920b6a0f8ffe5d790358c8ad,tests/tables/image/test_image.py,tests__tables__image__test_image.py,first_isolated_migrations_artifacts/xavctn__img2table/efc0581f054361f0920b6a0f8ffe5d790358c8ad/tests__tables__image__test_image.py.before.py,first_isolated_migrations_artifacts/xavctn__img2table/efc0581f054361f0920b6a0f8ffe5d790358c8ad/tests__tables__image__test_image.py.after.py,first_isolated_migrations_artifacts/xavctn__img2table/efc0581f054361f0920b6a0f8ffe5d790358c8ad/tests__tables__image__test_image.py.patch,Yes,exact_match,complete,IO boundary,IO boundary,
xavctn__img2table__efc0581f054361f0920b6a0f8ffe5d790358c8ad__017,xavctn/img2table,efc0581f054361f0920b6a0f8ffe5d790358c8ad,tests/tables/objects/test_table.py,tests__tables__objects__test_table.py,first_isolated_migrations_artifacts/xavctn__img2table/efc0581f054361f0920b6a0f8ffe5d790358c8ad/tests__tables__objects__test_table.py.before.py,first_isolated_migrations_artifacts/xavctn__img2table/efc0581f054361f0920b6a0f8ffe5d790358c8ad/tests__tables__objects__test_table.py.after.py,first_isolated_migrations_artifacts/xavctn__img2table/efc0581f054361f0920b6a0f8ffe5d790358c8ad/tests__tables__objects__test_table.py.patch,Yes,exact_match,complete,IO boundary,IO boundary,
xavctn__img2table__efc0581f054361f0920b6a0f8ffe5d790358c8ad__018,xavctn/img2table,efc0581f054361f0920b6a0f8ffe5d790358c8ad,tests/tables/processing/cells/test_cells.py,tests__tables__processing__cells__test_cells.py,first_isolated_migrations_artifacts/xavctn__img2table/efc0581f054361f0920b6a0f8ffe5d790358c8ad/tests__tables__processing__cells__test_cells.py.before.py,first_isolated_migrations_artifacts/xavctn__img2table/efc0581f054361f0920b6a0f8ffe5d790358c8ad/tests__tables__processing__cells__test_cells.py.after.py,first_isolated_migrations_artifacts/xavctn__img2table/efc0581f054361f0920b6a0f8ffe5d790358c8ad/tests__tables__processing__cells__test_cells.py.patch,Yes,exact_match,complete,IO boundary,IO boundary,
xavctn__img2table__efc0581f054361f0920b6a0f8ffe5d790358c8ad__019,xavctn/img2table,efc0581f054361f0920b6a0f8ffe5d790358c8ad,tests/tables/processing/cells/test_deduplication_cells.py,tests__tables__processing__cells__test_deduplication_cells.py,first_isolated_migrations_artifacts/xavctn__img2table/efc0581f054361f0920b6a0f8ffe5d790358c8ad/tests__tables__processing__cells__test_deduplication_cells.py.before.py,first_isolated_migrations_artifacts/xavctn__img2table/efc0581f054361f0920b6a0f8ffe5d790358c8ad/tests__tables__processing__cells__test_deduplication_cells.py.after.py,first_isolated_migrations_artifacts/xavctn__img2table/efc0581f054361f0920b6a0f8ffe5d790358c8ad/tests__tables__processing__cells__test_deduplication_cells.py.patch,Yes,exact_match,complete,IO boundary,IO boundary,
xavctn__img2table__efc0581f054361f0920b6a0f8ffe5d790358c8ad__020,xavctn/img2table,efc0581f054361f0920b6a0f8ffe5d790358c8ad,tests/tables/processing/cells/test_identification_cells.py,tests__tables__processing__cells__test_identification_cells.py,first_isolated_migrations_artifacts/xavctn__img2table/efc0581f054361f0920b6a0f8ffe5d790358c8ad/tests__tables__processing__cells__test_identification_cells.py.before.py,first_isolated_migrations_artifacts/xavctn__img2table/efc0581f054361f0920b6a0f8ffe5d790358c8ad/tests__tables__processing__cells__test_identification_cells.py.after.py,first_isolated_migrations_artifacts/xavctn__img2table/efc0581f054361f0920b6a0f8ffe5d790358c8ad/tests__tables__processing__cells__test_identification_cells.py.patch,Yes,exact_match,complete,IO boundary,IO boundary,
xavctn__img2table__efc0581f054361f0920b6a0f8ffe5d790358c8ad__021,xavctn/img2table,efc0581f054361f0920b6a0f8ffe5d790358c8ad,tests/tables/processing/lines/test_lines.py,tests__tables__processing__lines__test_lines.py,first_isolated_migrations_artifacts/xavctn__img2table/efc0581f054361f0920b6a0f8ffe5d790358c8ad/tests__tables__processing__lines__test_lines.py.before.py,first_isolated_migrations_artifacts/xavctn__img2table/efc0581f054361f0920b6a0f8ffe5d790358c8ad/tests__tables__processing__lines__test_lines.py.after.py,first_isolated_migrations_artifacts/xavctn__img2table/efc0581f054361f0920b6a0f8ffe5d790358c8ad/tests__tables__processing__lines__test_lines.py.patch,Yes,exact_match,complete,IO boundary,IO boundary,
xavctn__img2table__efc0581f054361f0920b6a0f8ffe5d790358c8ad__022,xavctn/img2table,efc0581f054361f0920b6a0f8ffe5d790358c8ad,tests/tables/processing/tables/test_implicit_rows.py,tests__tables__processing__tables__test_implicit_rows.py,first_isolated_migrations_artifacts/xavctn__img2table/efc0581f054361f0920b6a0f8ffe5d790358c8ad/tests__tables__processing__tables__test_implicit_rows.py.before.py,first_isolated_migrations_artifacts/xavctn__img2table/efc0581f054361f0920b6a0f8ffe5d790358c8ad/tests__tables__processing__tables__test_implicit_rows.py.after.py,first_isolated_migrations_artifacts/xavctn__img2table/efc0581f054361f0920b6a0f8ffe5d790358c8ad/tests__tables__processing__tables__test_implicit_rows.py.patch,Yes,exact_match,complete,IO boundary,IO boundary,
xavctn__img2table__efc0581f054361f0920b6a0f8ffe5d790358c8ad__023,xavctn/img2table,efc0581f054361f0920b6a0f8ffe5d790358c8ad,tests/tables/processing/text/test_titles.py,tests__tables__processing__text__test_titles.py,first_isolated_migrations_artifacts/xavctn__img2table/efc0581f054361f0920b6a0f8ffe5d790358c8ad/tests__tables__processing__text__test_titles.py.before.py,first_isolated_migrations_artifacts/xavctn__img2table/efc0581f054361f0920b6a0f8ffe5d790358c8ad/tests__tables__processing__text__test_titles.py.after.py,first_isolated_migrations_artifacts/xavctn__img2table/efc0581f054361f0920b6a0f8ffe5d790358c8ad/tests__tables__processing__text__test_titles.py.patch,Yes,exact_match,complete,IO boundary,IO boundary,
