pair_id,repo,sha,file_path,pair_stem,before_path,after_path,patch_path,test_label,match_status,file_status,macro_primary_old,macro_all_old,patch_lines_file_old
DeepGroundwater__ddr__d7f33d8f43aafda0ef6f4c0f63526e5dbedd84c7__001,DeepGroundwater/ddr,d7f33d8f43aafda0ef6f4c0f63526e5dbedd84c7,engine/adjacency.py,engine__adjacency.py,second_isolated_migrations_artifacts/DeepGroundwater__ddr/d7f33d8f43aafda0ef6f4c0f63526e5dbedd84c7/engine__adjacency.py.before.py,second_isolated_migrations_artifacts/DeepGroundwater__ddr/d7f33d8f43aafda0ef6f4c0f63526e5dbedd84c7/engine__adjacency.py.after.py,second_isolated_migrations_artifacts/DeepGroundwater__ddr/d7f33d8f43aafda0ef6f4c0f63526e5dbedd84c7/engine__adjacency.py.patch,Yes,exact_match,complete,Other / Manual,Other / Manual,109
MaastrichtU-CDS__Flyover__b36214f9eff9cfca16dbeccdf9b454287a7d0325__001,MaastrichtU-CDS/Flyover,b36214f9eff9cfca16dbeccdf9b454287a7d0325,triplifier/data_descriptor/data_descriptor_main.py,triplifier__data_descriptor__data_descriptor_main.py,second_isolated_migrations_artifacts/MaastrichtU-CDS__Flyover/b36214f9eff9cfca16dbeccdf9b454287a7d0325/triplifier__data_descriptor__data_descriptor_main.py.before.py,second_isolated_migrations_artifacts/MaastrichtU-CDS__Flyover/b36214f9eff9cfca16dbeccdf9b454287a7d0325/triplifier__data_descriptor__data_descriptor_main.py.after.py,second_isolated_migrations_artifacts/MaastrichtU-CDS__Flyover/b36214f9eff9cfca16dbeccdf9b454287a7d0325/triplifier__data_descriptor__data_descriptor_main.py.patch,Yes,exact_match,complete,IO boundary,IO boundary;Missing values,143
MaastrichtU-CDS__Flyover__b36214f9eff9cfca16dbeccdf9b454287a7d0325__002,MaastrichtU-CDS/Flyover,b36214f9eff9cfca16dbeccdf9b454287a7d0325,triplifier/data_descriptor/utils/data_preprocessing.py,triplifier__data_descriptor__utils__data_preprocessing.py,second_isolated_migrations_artifacts/MaastrichtU-CDS__Flyover/b36214f9eff9cfca16dbeccdf9b454287a7d0325/triplifier__data_descriptor__utils__data_preprocessing.py.before.py,second_isolated_migrations_artifacts/MaastrichtU-CDS__Flyover/b36214f9eff9cfca16dbeccdf9b454287a7d0325/triplifier__data_descriptor__utils__data_preprocessing.py.after.py,second_isolated_migrations_artifacts/MaastrichtU-CDS__Flyover/b36214f9eff9cfca16dbeccdf9b454287a7d0325/triplifier__data_descriptor__utils__data_preprocessing.py.patch,Yes,exact_match,complete,Aggregation & joins,Aggregation & joins;Missing values,84
MaastrichtU-CDS__Flyover__b36214f9eff9cfca16dbeccdf9b454287a7d0325__003,MaastrichtU-CDS/Flyover,b36214f9eff9cfca16dbeccdf9b454287a7d0325,triplifier/data_descriptor/utils/session_helpers.py,triplifier__data_descriptor__utils__session_helpers.py,second_isolated_migrations_artifacts/MaastrichtU-CDS__Flyover/b36214f9eff9cfca16dbeccdf9b454287a7d0325/triplifier__data_descriptor__utils__session_helpers.py.before.py,second_isolated_migrations_artifacts/MaastrichtU-CDS__Flyover/b36214f9eff9cfca16dbeccdf9b454287a7d0325/triplifier__data_descriptor__utils__session_helpers.py.after.py,second_isolated_migrations_artifacts/MaastrichtU-CDS__Flyover/b36214f9eff9cfca16dbeccdf9b454287a7d0325/triplifier__data_descriptor__utils__session_helpers.py.patch,Yes,exact_match,complete,IO boundary,IO boundary,49
NeLy-EPFL__vnc_networks__04dc43a8e7bf22bd46b8608cb98705ad319a7ad2__001,NeLy-EPFL/vnc_networks,04dc43a8e7bf22bd46b8608cb98705ad319a7ad2,vnc_networks/cmatrix.py,vnc_networks__cmatrix.py,second_isolated_migrations_artifacts/NeLy-EPFL__vnc_networks/04dc43a8e7bf22bd46b8608cb98705ad319a7ad2/vnc_networks__cmatrix.py.before.py,second_isolated_migrations_artifacts/NeLy-EPFL__vnc_networks/04dc43a8e7bf22bd46b8608cb98705ad319a7ad2/vnc_networks__cmatrix.py.after.py,second_isolated_migrations_artifacts/NeLy-EPFL__vnc_networks/04dc43a8e7bf22bd46b8608cb98705ad319a7ad2/vnc_networks__cmatrix.py.patch,Yes,exact_match,complete,Aggregation & joins,Aggregation & joins;Missing values,242
NeLy-EPFL__vnc_networks__04dc43a8e7bf22bd46b8608cb98705ad319a7ad2__002,NeLy-EPFL/vnc_networks,04dc43a8e7bf22bd46b8608cb98705ad319a7ad2,vnc_networks/connections.py,vnc_networks__connections.py,second_isolated_migrations_artifacts/NeLy-EPFL__vnc_networks/04dc43a8e7bf22bd46b8608cb98705ad319a7ad2/vnc_networks__connections.py.before.py,second_isolated_migrations_artifacts/NeLy-EPFL__vnc_networks/04dc43a8e7bf22bd46b8608cb98705ad319a7ad2/vnc_networks__connections.py.after.py,second_isolated_migrations_artifacts/NeLy-EPFL__vnc_networks/04dc43a8e7bf22bd46b8608cb98705ad319a7ad2/vnc_networks__connections.py.patch,Yes,exact_match,complete,Aggregation & joins,Aggregation & joins,692
NeLy-EPFL__vnc_networks__04dc43a8e7bf22bd46b8608cb98705ad319a7ad2__003,NeLy-EPFL/vnc_networks,04dc43a8e7bf22bd46b8608cb98705ad319a7ad2,vnc_networks/connectome_reader.py,vnc_networks__connectome_reader.py,second_isolated_migrations_artifacts/NeLy-EPFL__vnc_networks/04dc43a8e7bf22bd46b8608cb98705ad319a7ad2/vnc_networks__connectome_reader.py.before.py,second_isolated_migrations_artifacts/NeLy-EPFL__vnc_networks/04dc43a8e7bf22bd46b8608cb98705ad319a7ad2/vnc_networks__connectome_reader.py.after.py,second_isolated_migrations_artifacts/NeLy-EPFL__vnc_networks/04dc43a8e7bf22bd46b8608cb98705ad319a7ad2/vnc_networks__connectome_reader.py.patch,Yes,exact_match,complete,IO boundary,IO boundary;Aggregation & joins,998
NeLy-EPFL__vnc_networks__04dc43a8e7bf22bd46b8608cb98705ad319a7ad2__004,NeLy-EPFL/vnc_networks,04dc43a8e7bf22bd46b8608cb98705ad319a7ad2,vnc_networks/neuron.py,vnc_networks__neuron.py,second_isolated_migrations_artifacts/NeLy-EPFL__vnc_networks/04dc43a8e7bf22bd46b8608cb98705ad319a7ad2/vnc_networks__neuron.py.before.py,second_isolated_migrations_artifacts/NeLy-EPFL__vnc_networks/04dc43a8e7bf22bd46b8608cb98705ad319a7ad2/vnc_networks__neuron.py.after.py,second_isolated_migrations_artifacts/NeLy-EPFL__vnc_networks/04dc43a8e7bf22bd46b8608cb98705ad319a7ad2/vnc_networks__neuron.py.patch,Yes,exact_match,complete,Other / Manual,Other / Manual,234
YuriNakayama__cate__1e52b4e74b3b012dfc012cc6e81870d78acafb05__001,YuriNakayama/cate,1e52b4e74b3b012dfc012cc6e81870d78acafb05,cate/dataset.py,cate__dataset.py,second_isolated_migrations_artifacts/YuriNakayama__cate/1e52b4e74b3b012dfc012cc6e81870d78acafb05/cate__dataset.py.before.py,second_isolated_migrations_artifacts/YuriNakayama__cate/1e52b4e74b3b012dfc012cc6e81870d78acafb05/cate__dataset.py.after.py,second_isolated_migrations_artifacts/YuriNakayama__cate/1e52b4e74b3b012dfc012cc6e81870d78acafb05/cate__dataset.py.patch,Yes,exact_match,complete,Aggregation & joins,Aggregation & joins,7
YuriNakayama__cate__1ec015da449437e671577625f2ecaa9a1670f9f9__001,YuriNakayama/cate,1ec015da449437e671577625f2ecaa9a1670f9f9,cate/dataset.py,cate__dataset.py,second_isolated_migrations_artifacts/YuriNakayama__cate/1ec015da449437e671577625f2ecaa9a1670f9f9/cate__dataset.py.before.py,second_isolated_migrations_artifacts/YuriNakayama__cate/1ec015da449437e671577625f2ecaa9a1670f9f9/cate__dataset.py.after.py,second_isolated_migrations_artifacts/YuriNakayama__cate/1ec015da449437e671577625f2ecaa9a1670f9f9/cate__dataset.py.patch,Yes,exact_match,complete,Other / Manual,Other / Manual,24
YuriNakayama__cate__29097c0c9df7d244ff5a7de3611b64bf806b09ab__001,YuriNakayama/cate,29097c0c9df7d244ff5a7de3611b64bf806b09ab,process/model/biased_data/scripts/train.py,process__model__biased_data__scripts__train.py,second_isolated_migrations_artifacts/YuriNakayama__cate/29097c0c9df7d244ff5a7de3611b64bf806b09ab/process__model__biased_data__scripts__train.py.before.py,second_isolated_migrations_artifacts/YuriNakayama__cate/29097c0c9df7d244ff5a7de3611b64bf806b09ab/process__model__biased_data__scripts__train.py.after.py,second_isolated_migrations_artifacts/YuriNakayama__cate/29097c0c9df7d244ff5a7de3611b64bf806b09ab/process__model__biased_data__scripts__train.py.patch,Yes,exact_match,complete,Aggregation & joins,Aggregation & joins,142
YuriNakayama__cate__29097c0c9df7d244ff5a7de3611b64bf806b09ab__002,YuriNakayama/cate,29097c0c9df7d244ff5a7de3611b64bf806b09ab,process/model/small_data/scripts/train.py,process__model__small_data__scripts__train.py,second_isolated_migrations_artifacts/YuriNakayama__cate/29097c0c9df7d244ff5a7de3611b64bf806b09ab/process__model__small_data__scripts__train.py.before.py,second_isolated_migrations_artifacts/YuriNakayama__cate/29097c0c9df7d244ff5a7de3611b64bf806b09ab/process__model__small_data__scripts__train.py.after.py,second_isolated_migrations_artifacts/YuriNakayama__cate/29097c0c9df7d244ff5a7de3611b64bf806b09ab/process__model__small_data__scripts__train.py.patch,Yes,exact_match,complete,Aggregation & joins,Aggregation & joins,85
YuriNakayama__cate__29097c0c9df7d244ff5a7de3611b64bf806b09ab__003,YuriNakayama/cate,29097c0c9df7d244ff5a7de3611b64bf806b09ab,process/preprocess/to_dataset.py,process__preprocess__to_dataset.py,second_isolated_migrations_artifacts/YuriNakayama__cate/29097c0c9df7d244ff5a7de3611b64bf806b09ab/process__preprocess__to_dataset.py.before.py,second_isolated_migrations_artifacts/YuriNakayama__cate/29097c0c9df7d244ff5a7de3611b64bf806b09ab/process__preprocess__to_dataset.py.after.py,second_isolated_migrations_artifacts/YuriNakayama__cate/29097c0c9df7d244ff5a7de3611b64bf806b09ab/process__preprocess__to_dataset.py.patch,Yes,exact_match,complete,IO boundary,IO boundary,54
YuriNakayama__cate__539757327018fb0ac9507581d28fa9a0584dacf8__001,YuriNakayama/cate,539757327018fb0ac9507581d28fa9a0584dacf8,tests/dataset/test_to_rank.py,tests__dataset__test_to_rank.py,second_isolated_migrations_artifacts/YuriNakayama__cate/539757327018fb0ac9507581d28fa9a0584dacf8/tests__dataset__test_to_rank.py.before.py,second_isolated_migrations_artifacts/YuriNakayama__cate/539757327018fb0ac9507581d28fa9a0584dacf8/tests__dataset__test_to_rank.py.after.py,second_isolated_migrations_artifacts/YuriNakayama__cate/539757327018fb0ac9507581d28fa9a0584dacf8/tests__dataset__test_to_rank.py.patch,Yes,exact_match,complete,Other / Manual,Other / Manual,63
YuriNakayama__cate__7e55b00bbfcb2310701839dade699c9ef6a87c93__001,YuriNakayama/cate,7e55b00bbfcb2310701839dade699c9ef6a87c93,cate/dataset.py,cate__dataset.py,second_isolated_migrations_artifacts/YuriNakayama__cate/7e55b00bbfcb2310701839dade699c9ef6a87c93/cate__dataset.py.before.py,second_isolated_migrations_artifacts/YuriNakayama__cate/7e55b00bbfcb2310701839dade699c9ef6a87c93/cate__dataset.py.after.py,second_isolated_migrations_artifacts/YuriNakayama__cate/7e55b00bbfcb2310701839dade699c9ef6a87c93/cate__dataset.py.patch,Yes,exact_match,complete,Other / Manual,Other / Manual,12
YuriNakayama__cate__a297a3ee0adfbeb48093876e2f7ecdba1c85a6e8__001,YuriNakayama/cate,a297a3ee0adfbeb48093876e2f7ecdba1c85a6e8,cate/dataset.py,cate__dataset.py,second_isolated_migrations_artifacts/YuriNakayama__cate/a297a3ee0adfbeb48093876e2f7ecdba1c85a6e8/cate__dataset.py.before.py,second_isolated_migrations_artifacts/YuriNakayama__cate/a297a3ee0adfbeb48093876e2f7ecdba1c85a6e8/cate__dataset.py.after.py,second_isolated_migrations_artifacts/YuriNakayama__cate/a297a3ee0adfbeb48093876e2f7ecdba1c85a6e8/cate__dataset.py.patch,Yes,exact_match,complete,Other / Manual,Other / Manual,7
YuriNakayama__cate__dcff23d0d7204eafd421ecacfe7e6218533dfb27__001,YuriNakayama/cate,dcff23d0d7204eafd421ecacfe7e6218533dfb27,cate/dataset.py,cate__dataset.py,second_isolated_migrations_artifacts/YuriNakayama__cate/dcff23d0d7204eafd421ecacfe7e6218533dfb27/cate__dataset.py.before.py,second_isolated_migrations_artifacts/YuriNakayama__cate/dcff23d0d7204eafd421ecacfe7e6218533dfb27/cate__dataset.py.after.py,second_isolated_migrations_artifacts/YuriNakayama__cate/dcff23d0d7204eafd421ecacfe7e6218533dfb27/cate__dataset.py.patch,Yes,exact_match,complete,Aggregation & joins,Aggregation & joins,9
YuriNakayama__cate__e3227f4fa812adb6545baf204631c74e705234c6__001,YuriNakayama/cate,e3227f4fa812adb6545baf204631c74e705234c6,cate/dataset.py,cate__dataset.py,second_isolated_migrations_artifacts/YuriNakayama__cate/e3227f4fa812adb6545baf204631c74e705234c6/cate__dataset.py.before.py,second_isolated_migrations_artifacts/YuriNakayama__cate/e3227f4fa812adb6545baf204631c74e705234c6/cate__dataset.py.after.py,second_isolated_migrations_artifacts/YuriNakayama__cate/e3227f4fa812adb6545baf204631c74e705234c6/cate__dataset.py.patch,Yes,exact_match,complete,Other / Manual,Other / Manual,21
YuriNakayama__cate__ed3b46c08e0d274cae49860e6391b45d4d03a18b__001,YuriNakayama/cate,ed3b46c08e0d274cae49860e6391b45d4d03a18b,process/model/base_pattern/scripts/train.py,process__model__base_pattern__scripts__train.py,second_isolated_migrations_artifacts/YuriNakayama__cate/ed3b46c08e0d274cae49860e6391b45d4d03a18b/process__model__base_pattern__scripts__train.py.before.py,second_isolated_migrations_artifacts/YuriNakayama__cate/ed3b46c08e0d274cae49860e6391b45d4d03a18b/process__model__base_pattern__scripts__train.py.after.py,second_isolated_migrations_artifacts/YuriNakayama__cate/ed3b46c08e0d274cae49860e6391b45d4d03a18b/process__model__base_pattern__scripts__train.py.patch,Yes,exact_match,complete,Aggregation & joins,Aggregation & joins,45
YuriNakayama__cate__ed3b46c08e0d274cae49860e6391b45d4d03a18b__002,YuriNakayama/cate,ed3b46c08e0d274cae49860e6391b45d4d03a18b,process/model/classification/scripts/train.py,process__model__classification__scripts__train.py,second_isolated_migrations_artifacts/YuriNakayama__cate/ed3b46c08e0d274cae49860e6391b45d4d03a18b/process__model__classification__scripts__train.py.before.py,second_isolated_migrations_artifacts/YuriNakayama__cate/ed3b46c08e0d274cae49860e6391b45d4d03a18b/process__model__classification__scripts__train.py.after.py,second_isolated_migrations_artifacts/YuriNakayama__cate/ed3b46c08e0d274cae49860e6391b45d4d03a18b/process__model__classification__scripts__train.py.patch,Yes,exact_match,complete,Aggregation & joins,Aggregation & joins,61
YuriNakayama__cate__f11c29aece42e2a62be6379ee2eeb7175bb7ad66__001,YuriNakayama/cate,f11c29aece42e2a62be6379ee2eeb7175bb7ad66,cate/dataset.py,cate__dataset.py,second_isolated_migrations_artifacts/YuriNakayama__cate/f11c29aece42e2a62be6379ee2eeb7175bb7ad66/cate__dataset.py.before.py,second_isolated_migrations_artifacts/YuriNakayama__cate/f11c29aece42e2a62be6379ee2eeb7175bb7ad66/cate__dataset.py.after.py,second_isolated_migrations_artifacts/YuriNakayama__cate/f11c29aece42e2a62be6379ee2eeb7175bb7ad66/cate__dataset.py.patch,Yes,exact_match,complete,IO boundary,IO boundary,64
biodatageeks__polars-bio__246017fa22746ef68237b4fb71b4c749b5635697__001,biodatageeks/polars-bio,246017fa22746ef68237b4fb71b4c749b5635697,polars_bio/range_op_helpers.py,polars_bio__range_op_helpers.py,second_isolated_migrations_artifacts/biodatageeks__polars-bio/246017fa22746ef68237b4fb71b4c749b5635697/polars_bio__range_op_helpers.py.before.py,second_isolated_migrations_artifacts/biodatageeks__polars-bio/246017fa22746ef68237b4fb71b4c749b5635697/polars_bio__range_op_helpers.py.after.py,second_isolated_migrations_artifacts/biodatageeks__polars-bio/246017fa22746ef68237b4fb71b4c749b5635697/polars_bio__range_op_helpers.py.patch,Yes,exact_match,complete,Other / Manual,Other / Manual,66
biodatageeks__polars-bio__246017fa22746ef68237b4fb71b4c749b5635697__002,biodatageeks/polars-bio,246017fa22746ef68237b4fb71b4c749b5635697,polars_bio/range_op_io.py,polars_bio__range_op_io.py,second_isolated_migrations_artifacts/biodatageeks__polars-bio/246017fa22746ef68237b4fb71b4c749b5635697/polars_bio__range_op_io.py.before.py,second_isolated_migrations_artifacts/biodatageeks__polars-bio/246017fa22746ef68237b4fb71b4c749b5635697/polars_bio__range_op_io.py.after.py,second_isolated_migrations_artifacts/biodatageeks__polars-bio/246017fa22746ef68237b4fb71b4c749b5635697/polars_bio__range_op_io.py.patch,Yes,exact_match,complete,Other / Manual,Other / Manual,54
biodatageeks__polars-bio__2ae3f74905a7adffe28a301590f36c22f254da22__001,biodatageeks/polars-bio,2ae3f74905a7adffe28a301590f36c22f254da22,polars_bio/interval_op_helpers.py,polars_bio__interval_op_helpers.py,second_isolated_migrations_artifacts/biodatageeks__polars-bio/2ae3f74905a7adffe28a301590f36c22f254da22/polars_bio__interval_op_helpers.py.before.py,second_isolated_migrations_artifacts/biodatageeks__polars-bio/2ae3f74905a7adffe28a301590f36c22f254da22/polars_bio__interval_op_helpers.py.after.py,second_isolated_migrations_artifacts/biodatageeks__polars-bio/2ae3f74905a7adffe28a301590f36c22f254da22/polars_bio__interval_op_helpers.py.patch,Yes,exact_match,complete,Other / Manual,Other / Manual,65
biodatageeks__polars-bio__99aff9e079cb61dc655298c193b6f96254bf9b21__001,biodatageeks/polars-bio,99aff9e079cb61dc655298c193b6f96254bf9b21,polars_bio/range_op_helpers.py,polars_bio__range_op_helpers.py,second_isolated_migrations_artifacts/biodatageeks__polars-bio/99aff9e079cb61dc655298c193b6f96254bf9b21/polars_bio__range_op_helpers.py.before.py,second_isolated_migrations_artifacts/biodatageeks__polars-bio/99aff9e079cb61dc655298c193b6f96254bf9b21/polars_bio__range_op_helpers.py.after.py,second_isolated_migrations_artifacts/biodatageeks__polars-bio/99aff9e079cb61dc655298c193b6f96254bf9b21/polars_bio__range_op_helpers.py.patch,Yes,exact_match,complete,Other / Manual,Other / Manual,205
biodatageeks__polars-bio__99aff9e079cb61dc655298c193b6f96254bf9b21__002,biodatageeks/polars-bio,99aff9e079cb61dc655298c193b6f96254bf9b21,polars_bio/range_op_io.py,polars_bio__range_op_io.py,second_isolated_migrations_artifacts/biodatageeks__polars-bio/99aff9e079cb61dc655298c193b6f96254bf9b21/polars_bio__range_op_io.py.before.py,second_isolated_migrations_artifacts/biodatageeks__polars-bio/99aff9e079cb61dc655298c193b6f96254bf9b21/polars_bio__range_op_io.py.after.py,second_isolated_migrations_artifacts/biodatageeks__polars-bio/99aff9e079cb61dc655298c193b6f96254bf9b21/polars_bio__range_op_io.py.patch,Yes,exact_match,complete,Other / Manual,Other / Manual,69
biodatageeks__polars-bio__e382f954c37e6e65280539e88cee50c1f99b12d5__001,biodatageeks/polars-bio,e382f954c37e6e65280539e88cee50c1f99b12d5,polars_bio/range_op_helpers.py,polars_bio__range_op_helpers.py,second_isolated_migrations_artifacts/biodatageeks__polars-bio/e382f954c37e6e65280539e88cee50c1f99b12d5/polars_bio__range_op_helpers.py.before.py,second_isolated_migrations_artifacts/biodatageeks__polars-bio/e382f954c37e6e65280539e88cee50c1f99b12d5/polars_bio__range_op_helpers.py.after.py,second_isolated_migrations_artifacts/biodatageeks__polars-bio/e382f954c37e6e65280539e88cee50c1f99b12d5/polars_bio__range_op_helpers.py.patch,Yes,exact_match,complete,Other / Manual,Other / Manual,150
biodatageeks__polars-bio__f8c39fbdc04443f0228b3ddcc5678baa4749e52e__001,biodatageeks/polars-bio,f8c39fbdc04443f0228b3ddcc5678baa4749e52e,polars_bio/interval_op_helpers.py,polars_bio__interval_op_helpers.py,second_isolated_migrations_artifacts/biodatageeks__polars-bio/f8c39fbdc04443f0228b3ddcc5678baa4749e52e/polars_bio__interval_op_helpers.py.before.py,second_isolated_migrations_artifacts/biodatageeks__polars-bio/f8c39fbdc04443f0228b3ddcc5678baa4749e52e/polars_bio__interval_op_helpers.py.after.py,second_isolated_migrations_artifacts/biodatageeks__polars-bio/f8c39fbdc04443f0228b3ddcc5678baa4749e52e/polars_bio__interval_op_helpers.py.patch,Yes,exact_match,complete,Other / Manual,Other / Manual,26
biodatageeks__polars-bio__f8c39fbdc04443f0228b3ddcc5678baa4749e52e__002,biodatageeks/polars-bio,f8c39fbdc04443f0228b3ddcc5678baa4749e52e,polars_bio/range_op.py,polars_bio__range_op.py,second_isolated_migrations_artifacts/biodatageeks__polars-bio/f8c39fbdc04443f0228b3ddcc5678baa4749e52e/polars_bio__range_op.py.before.py,second_isolated_migrations_artifacts/biodatageeks__polars-bio/f8c39fbdc04443f0228b3ddcc5678baa4749e52e/polars_bio__range_op.py.after.py,second_isolated_migrations_artifacts/biodatageeks__polars-bio/f8c39fbdc04443f0228b3ddcc5678baa4749e52e/polars_bio__range_op.py.patch,Yes,exact_match,complete,Other / Manual,Other / Manual,51
biodatageeks__polars-bio__f8c39fbdc04443f0228b3ddcc5678baa4749e52e__003,biodatageeks/polars-bio,f8c39fbdc04443f0228b3ddcc5678baa4749e52e,polars_bio/range_op_helpers.py,polars_bio__range_op_helpers.py,second_isolated_migrations_artifacts/biodatageeks__polars-bio/f8c39fbdc04443f0228b3ddcc5678baa4749e52e/polars_bio__range_op_helpers.py.before.py,second_isolated_migrations_artifacts/biodatageeks__polars-bio/f8c39fbdc04443f0228b3ddcc5678baa4749e52e/polars_bio__range_op_helpers.py.after.py,second_isolated_migrations_artifacts/biodatageeks__polars-bio/f8c39fbdc04443f0228b3ddcc5678baa4749e52e/polars_bio__range_op_helpers.py.patch,Yes,exact_match,complete,Other / Manual,Other / Manual,30
biodatageeks__polars-bio__f8c39fbdc04443f0228b3ddcc5678baa4749e52e__004,biodatageeks/polars-bio,f8c39fbdc04443f0228b3ddcc5678baa4749e52e,polars_bio/range_op_io.py,polars_bio__range_op_io.py,second_isolated_migrations_artifacts/biodatageeks__polars-bio/f8c39fbdc04443f0228b3ddcc5678baa4749e52e/polars_bio__range_op_io.py.before.py,second_isolated_migrations_artifacts/biodatageeks__polars-bio/f8c39fbdc04443f0228b3ddcc5678baa4749e52e/polars_bio__range_op_io.py.after.py,second_isolated_migrations_artifacts/biodatageeks__polars-bio/f8c39fbdc04443f0228b3ddcc5678baa4749e52e/polars_bio__range_op_io.py.patch,Yes,exact_match,complete,Other / Manual,Other / Manual,31
biodatageeks__polars-bio__f8c39fbdc04443f0228b3ddcc5678baa4749e52e__005,biodatageeks/polars-bio,f8c39fbdc04443f0228b3ddcc5678baa4749e52e,polars_bio/range_utils.py,polars_bio__range_utils.py,second_isolated_migrations_artifacts/biodatageeks__polars-bio/f8c39fbdc04443f0228b3ddcc5678baa4749e52e/polars_bio__range_utils.py.before.py,second_isolated_migrations_artifacts/biodatageeks__polars-bio/f8c39fbdc04443f0228b3ddcc5678baa4749e52e/polars_bio__range_utils.py.after.py,second_isolated_migrations_artifacts/biodatageeks__polars-bio/f8c39fbdc04443f0228b3ddcc5678baa4749e52e/polars_bio__range_utils.py.patch,Yes,exact_match,complete,Other / Manual,Other / Manual,29
equinor__ert__a21c6bbdb345d20c471b9469bb20264a21dd70f0__001,equinor/ert,a21c6bbdb345d20c471b9469bb20264a21dd70f0,tests/ert/ui_tests/cli/test_cli.py,tests__ert__ui_tests__cli__test_cli.py,second_isolated_migrations_artifacts/equinor__ert/a21c6bbdb345d20c471b9469bb20264a21dd70f0/tests__ert__ui_tests__cli__test_cli.py.before.py,second_isolated_migrations_artifacts/equinor__ert/a21c6bbdb345d20c471b9469bb20264a21dd70f0/tests__ert__ui_tests__cli__test_cli.py.after.py,second_isolated_migrations_artifacts/equinor__ert/a21c6bbdb345d20c471b9469bb20264a21dd70f0/tests__ert__ui_tests__cli__test_cli.py.patch,Yes,exact_match,complete,Aggregation & joins,Aggregation & joins,49
equinor__ert__a52cebfe34f58d25adabd0d42219ae5467833cce__001,equinor/ert,a52cebfe34f58d25adabd0d42219ae5467833cce,src/ert/analysis/_es_update.py,src__ert__analysis___es_update.py,second_isolated_migrations_artifacts/equinor__ert/a52cebfe34f58d25adabd0d42219ae5467833cce/src__ert__analysis___es_update.py.before.py,second_isolated_migrations_artifacts/equinor__ert/a52cebfe34f58d25adabd0d42219ae5467833cce/src__ert__analysis___es_update.py.after.py,second_isolated_migrations_artifacts/equinor__ert/a52cebfe34f58d25adabd0d42219ae5467833cce/src__ert__analysis___es_update.py.patch,Yes,exact_match,complete,Aggregation & joins,Aggregation & joins,136
equinor__ert__a52cebfe34f58d25adabd0d42219ae5467833cce__002,equinor/ert,a52cebfe34f58d25adabd0d42219ae5467833cce,src/ert/dark_storage/common.py,src__ert__dark_storage__common.py,second_isolated_migrations_artifacts/equinor__ert/a52cebfe34f58d25adabd0d42219ae5467833cce/src__ert__dark_storage__common.py.before.py,second_isolated_migrations_artifacts/equinor__ert/a52cebfe34f58d25adabd0d42219ae5467833cce/src__ert__dark_storage__common.py.after.py,second_isolated_migrations_artifacts/equinor__ert/a52cebfe34f58d25adabd0d42219ae5467833cce/src__ert__dark_storage__common.py.patch,Yes,exact_match,complete,Index & pandas-specific semantics,Index & pandas-specific semantics,213
equinor__ert__a52cebfe34f58d25adabd0d42219ae5467833cce__003,equinor/ert,a52cebfe34f58d25adabd0d42219ae5467833cce,src/ert/data/_measured_data.py,src__ert__data___measured_data.py,second_isolated_migrations_artifacts/equinor__ert/a52cebfe34f58d25adabd0d42219ae5467833cce/src__ert__data___measured_data.py.before.py,second_isolated_migrations_artifacts/equinor__ert/a52cebfe34f58d25adabd0d42219ae5467833cce/src__ert__data___measured_data.py.after.py,second_isolated_migrations_artifacts/equinor__ert/a52cebfe34f58d25adabd0d42219ae5467833cce/src__ert__data___measured_data.py.patch,Yes,exact_match,complete,Aggregation & joins,Aggregation & joins;Index & pandas-specific semantics,156
equinor__ert__a52cebfe34f58d25adabd0d42219ae5467833cce__004,equinor/ert,a52cebfe34f58d25adabd0d42219ae5467833cce,src/ert/resources/workflows/jobs/internal-gui/scripts/gen_data_rft_export.py,src__ert__resources__workflows__jobs__internal-gui__scripts__gen_data_rft_export.py,second_isolated_migrations_artifacts/equinor__ert/a52cebfe34f58d25adabd0d42219ae5467833cce/src__ert__resources__workflows__jobs__internal-gui__scripts__gen_data_rft_export.py.before.py,second_isolated_migrations_artifacts/equinor__ert/a52cebfe34f58d25adabd0d42219ae5467833cce/src__ert__resources__workflows__jobs__internal-gui__scripts__gen_data_rft_export.py.after.py,second_isolated_migrations_artifacts/equinor__ert/a52cebfe34f58d25adabd0d42219ae5467833cce/src__ert__resources__workflows__jobs__internal-gui__scripts__gen_data_rft_export.py.patch,Yes,exact_match,complete,Aggregation & joins,Aggregation & joins;Index & pandas-specific semantics,134
equinor__ert__cd916ddcfd4203563f740ae6b4dd33c5063343d6__001,equinor/ert,cd916ddcfd4203563f740ae6b4dd33c5063343d6,src/ert/config/design_matrix.py,src__ert__config__design_matrix.py,second_isolated_migrations_artifacts/equinor__ert/cd916ddcfd4203563f740ae6b4dd33c5063343d6/src__ert__config__design_matrix.py.before.py,second_isolated_migrations_artifacts/equinor__ert/cd916ddcfd4203563f740ae6b4dd33c5063343d6/src__ert__config__design_matrix.py.after.py,second_isolated_migrations_artifacts/equinor__ert/cd916ddcfd4203563f740ae6b4dd33c5063343d6/src__ert__config__design_matrix.py.patch,Yes,exact_match,complete,IO boundary,IO boundary;Aggregation & joins;Missing values;Other / Manual,304
equinor__ert__cd916ddcfd4203563f740ae6b4dd33c5063343d6__002,equinor/ert,cd916ddcfd4203563f740ae6b4dd33c5063343d6,tests/ert/conftest.py,tests__ert__conftest.py,second_isolated_migrations_artifacts/equinor__ert/cd916ddcfd4203563f740ae6b4dd33c5063343d6/tests__ert__conftest.py.before.py,second_isolated_migrations_artifacts/equinor__ert/cd916ddcfd4203563f740ae6b4dd33c5063343d6/tests__ert__conftest.py.after.py,second_isolated_migrations_artifacts/equinor__ert/cd916ddcfd4203563f740ae6b4dd33c5063343d6/tests__ert__conftest.py.patch,Yes,exact_match,complete,IO boundary,IO boundary,24
equinor__ert__cd916ddcfd4203563f740ae6b4dd33c5063343d6__003,equinor/ert,cd916ddcfd4203563f740ae6b4dd33c5063343d6,tests/ert/ui_tests/cli/analysis/test_design_matrix.py,tests__ert__ui_tests__cli__analysis__test_design_matrix.py,second_isolated_migrations_artifacts/equinor__ert/cd916ddcfd4203563f740ae6b4dd33c5063343d6/tests__ert__ui_tests__cli__analysis__test_design_matrix.py.before.py,second_isolated_migrations_artifacts/equinor__ert/cd916ddcfd4203563f740ae6b4dd33c5063343d6/tests__ert__ui_tests__cli__analysis__test_design_matrix.py.after.py,second_isolated_migrations_artifacts/equinor__ert/cd916ddcfd4203563f740ae6b4dd33c5063343d6/tests__ert__ui_tests__cli__analysis__test_design_matrix.py.patch,Yes,exact_match,complete,IO boundary,IO boundary,40
equinor__ert__cd916ddcfd4203563f740ae6b4dd33c5063343d6__004,equinor/ert,cd916ddcfd4203563f740ae6b4dd33c5063343d6,tests/ert/unit_tests/config/test_ert_config.py,tests__ert__unit_tests__config__test_ert_config.py,second_isolated_migrations_artifacts/equinor__ert/cd916ddcfd4203563f740ae6b4dd33c5063343d6/tests__ert__unit_tests__config__test_ert_config.py.before.py,second_isolated_migrations_artifacts/equinor__ert/cd916ddcfd4203563f740ae6b4dd33c5063343d6/tests__ert__unit_tests__config__test_ert_config.py.after.py,second_isolated_migrations_artifacts/equinor__ert/cd916ddcfd4203563f740ae6b4dd33c5063343d6/tests__ert__unit_tests__config__test_ert_config.py.patch,Yes,exact_match,complete,Other / Manual,Other / Manual,66
equinor__ert__cd916ddcfd4203563f740ae6b4dd33c5063343d6__005,equinor/ert,cd916ddcfd4203563f740ae6b4dd33c5063343d6,tests/ert/unit_tests/sensitivity_analysis/test_design_matrix.py,tests__ert__unit_tests__sensitivity_analysis__test_design_matrix.py,second_isolated_migrations_artifacts/equinor__ert/cd916ddcfd4203563f740ae6b4dd33c5063343d6/tests__ert__unit_tests__sensitivity_analysis__test_design_matrix.py.before.py,second_isolated_migrations_artifacts/equinor__ert/cd916ddcfd4203563f740ae6b4dd33c5063343d6/tests__ert__unit_tests__sensitivity_analysis__test_design_matrix.py.after.py,second_isolated_migrations_artifacts/equinor__ert/cd916ddcfd4203563f740ae6b4dd33c5063343d6/tests__ert__unit_tests__sensitivity_analysis__test_design_matrix.py.patch,Yes,exact_match,complete,IO boundary,IO boundary;Missing values,258
equinor__ert__d39ed50ec4fd98ece54da276437987de0480f515__001,equinor/ert,d39ed50ec4fd98ece54da276437987de0480f515,src/ert/storage/local_ensemble.py,src__ert__storage__local_ensemble.py,second_isolated_migrations_artifacts/equinor__ert/d39ed50ec4fd98ece54da276437987de0480f515/src__ert__storage__local_ensemble.py.before.py,second_isolated_migrations_artifacts/equinor__ert/d39ed50ec4fd98ece54da276437987de0480f515/src__ert__storage__local_ensemble.py.after.py,second_isolated_migrations_artifacts/equinor__ert/d39ed50ec4fd98ece54da276437987de0480f515/src__ert__storage__local_ensemble.py.patch,Yes,exact_match,complete,Aggregation & joins,Aggregation & joins,281
equinor__ert__e8fa7691001de198dd767982cb5eb30d518725dd__001,equinor/ert,e8fa7691001de198dd767982cb5eb30d518725dd,src/ert/enkf_main.py,src__ert__enkf_main.py,second_isolated_migrations_artifacts/equinor__ert/e8fa7691001de198dd767982cb5eb30d518725dd/src__ert__enkf_main.py.before.py,second_isolated_migrations_artifacts/equinor__ert/e8fa7691001de198dd767982cb5eb30d518725dd/src__ert__enkf_main.py.after.py,second_isolated_migrations_artifacts/equinor__ert/e8fa7691001de198dd767982cb5eb30d518725dd/src__ert__enkf_main.py.patch,Yes,exact_match,complete,Other / Manual,Other / Manual,9
equinor__ert__e8fa7691001de198dd767982cb5eb30d518725dd__002,equinor/ert,e8fa7691001de198dd767982cb5eb30d518725dd,src/ert/gui/simulation/_design_matrix_panel.py,src__ert__gui__simulation___design_matrix_panel.py,second_isolated_migrations_artifacts/equinor__ert/e8fa7691001de198dd767982cb5eb30d518725dd/src__ert__gui__simulation___design_matrix_panel.py.before.py,second_isolated_migrations_artifacts/equinor__ert/e8fa7691001de198dd767982cb5eb30d518725dd/src__ert__gui__simulation___design_matrix_panel.py.after.py,second_isolated_migrations_artifacts/equinor__ert/e8fa7691001de198dd767982cb5eb30d518725dd/src__ert__gui__simulation___design_matrix_panel.py.patch,Yes,exact_match,complete,Other / Manual,Other / Manual,28
huggingface__datasets__5f42139a2c5583a55d34a2f60d537f5fba285c28__001,huggingface/datasets,5f42139a2c5583a55d34a2f60d537f5fba285c28,src/datasets/arrow_dataset.py,src__datasets__arrow_dataset.py,second_isolated_migrations_artifacts/huggingface__datasets/5f42139a2c5583a55d34a2f60d537f5fba285c28/src__datasets__arrow_dataset.py.before.py,second_isolated_migrations_artifacts/huggingface__datasets/5f42139a2c5583a55d34a2f60d537f5fba285c28/src__datasets__arrow_dataset.py.after.py,second_isolated_migrations_artifacts/huggingface__datasets/5f42139a2c5583a55d34a2f60d537f5fba285c28/src__datasets__arrow_dataset.py.patch,Yes,exact_match,complete,Other / Manual,Other / Manual,20
hugof38__pysnaptest__63fe3a8d7edb686fe4eb4a7e4b86387af02fafa3__001,hugof38/pysnaptest,63fe3a8d7edb686fe4eb4a7e4b86387af02fafa3,python/pysnaptest/snapshot.py,python__pysnaptest__snapshot.py,second_isolated_migrations_artifacts/hugof38__pysnaptest/63fe3a8d7edb686fe4eb4a7e4b86387af02fafa3/python__pysnaptest__snapshot.py.before.py,second_isolated_migrations_artifacts/hugof38__pysnaptest/63fe3a8d7edb686fe4eb4a7e4b86387af02fafa3/python__pysnaptest__snapshot.py.after.py,second_isolated_migrations_artifacts/hugof38__pysnaptest/63fe3a8d7edb686fe4eb4a7e4b86387af02fafa3/python__pysnaptest__snapshot.py.patch,Yes,exact_match,complete,Other / Manual,Other / Manual,55
hugof38__pysnaptest__63fe3a8d7edb686fe4eb4a7e4b86387af02fafa3__002,hugof38/pysnaptest,63fe3a8d7edb686fe4eb4a7e4b86387af02fafa3,tests/test_snapshots.py,tests__test_snapshots.py,second_isolated_migrations_artifacts/hugof38__pysnaptest/63fe3a8d7edb686fe4eb4a7e4b86387af02fafa3/tests__test_snapshots.py.before.py,second_isolated_migrations_artifacts/hugof38__pysnaptest/63fe3a8d7edb686fe4eb4a7e4b86387af02fafa3/tests__test_snapshots.py.after.py,second_isolated_migrations_artifacts/hugof38__pysnaptest/63fe3a8d7edb686fe4eb4a7e4b86387af02fafa3/tests__test_snapshots.py.patch,Yes,exact_match,complete,Import/setup-only,Import/setup-only,29
marimo-team__marimo__0e0b38dedb205713f221fae59bb3f99b61d9112f__001,marimo-team/marimo,0e0b38dedb205713f221fae59bb3f99b61d9112f,marimo/_sql/engines/duckdb.py,marimo___sql__engines__duckdb.py,second_isolated_migrations_artifacts/marimo-team__marimo/0e0b38dedb205713f221fae59bb3f99b61d9112f/marimo___sql__engines__duckdb.py.before.py,second_isolated_migrations_artifacts/marimo-team__marimo/0e0b38dedb205713f221fae59bb3f99b61d9112f/marimo___sql__engines__duckdb.py.after.py,second_isolated_migrations_artifacts/marimo-team__marimo/0e0b38dedb205713f221fae59bb3f99b61d9112f/marimo___sql__engines__duckdb.py.patch,Yes,exact_match,complete,Other / Manual,Other / Manual,27
marimo-team__marimo__0e0b38dedb205713f221fae59bb3f99b61d9112f__002,marimo-team/marimo,0e0b38dedb205713f221fae59bb3f99b61d9112f,marimo/_sql/engines/sqlalchemy.py,marimo___sql__engines__sqlalchemy.py,second_isolated_migrations_artifacts/marimo-team__marimo/0e0b38dedb205713f221fae59bb3f99b61d9112f/marimo___sql__engines__sqlalchemy.py.before.py,second_isolated_migrations_artifacts/marimo-team__marimo/0e0b38dedb205713f221fae59bb3f99b61d9112f/marimo___sql__engines__sqlalchemy.py.after.py,second_isolated_migrations_artifacts/marimo-team__marimo/0e0b38dedb205713f221fae59bb3f99b61d9112f/marimo___sql__engines__sqlalchemy.py.patch,Yes,exact_match,complete,Other / Manual,Other / Manual,25
marimo-team__marimo__181136b495acafce562fd691c6743be68489b0fd__001,marimo-team/marimo,181136b495acafce562fd691c6743be68489b0fd,tests/_plugins/ui/_impl/dataframes/test_dataframe.py,tests___plugins__ui___impl__dataframes__test_dataframe.py,second_isolated_migrations_artifacts/marimo-team__marimo/181136b495acafce562fd691c6743be68489b0fd/tests___plugins__ui___impl__dataframes__test_dataframe.py.before.py,second_isolated_migrations_artifacts/marimo-team__marimo/181136b495acafce562fd691c6743be68489b0fd/tests___plugins__ui___impl__dataframes__test_dataframe.py.after.py,second_isolated_migrations_artifacts/marimo-team__marimo/181136b495acafce562fd691c6743be68489b0fd/tests___plugins__ui___impl__dataframes__test_dataframe.py.patch,Yes,exact_match,complete,Other / Manual,Other / Manual,116
marimo-team__marimo__2014f45a3565fb645249336e2e6f58038366dd30__001,marimo-team/marimo,2014f45a3565fb645249336e2e6f58038366dd30,tests/_plugins/core/test_json_encoder.py,tests___plugins__core__test_json_encoder.py,second_isolated_migrations_artifacts/marimo-team__marimo/2014f45a3565fb645249336e2e6f58038366dd30/tests___plugins__core__test_json_encoder.py.before.py,second_isolated_migrations_artifacts/marimo-team__marimo/2014f45a3565fb645249336e2e6f58038366dd30/tests___plugins__core__test_json_encoder.py.after.py,second_isolated_migrations_artifacts/marimo-team__marimo/2014f45a3565fb645249336e2e6f58038366dd30/tests___plugins__core__test_json_encoder.py.patch,Yes,exact_match,complete,Other / Manual,Other / Manual,25
marimo-team__marimo__320894818235bb4338cef984543590948b952add__001,marimo-team/marimo,320894818235bb4338cef984543590948b952add,marimo/_sql/engines/clickhouse.py,marimo___sql__engines__clickhouse.py,second_isolated_migrations_artifacts/marimo-team__marimo/320894818235bb4338cef984543590948b952add/marimo___sql__engines__clickhouse.py.before.py,second_isolated_migrations_artifacts/marimo-team__marimo/320894818235bb4338cef984543590948b952add/marimo___sql__engines__clickhouse.py.after.py,second_isolated_migrations_artifacts/marimo-team__marimo/320894818235bb4338cef984543590948b952add/marimo___sql__engines__clickhouse.py.patch,Yes,exact_match,complete,Other / Manual,Other / Manual,159
marimo-team__marimo__320894818235bb4338cef984543590948b952add__002,marimo-team/marimo,320894818235bb4338cef984543590948b952add,marimo/_sql/engines/dbapi.py,marimo___sql__engines__dbapi.py,second_isolated_migrations_artifacts/marimo-team__marimo/320894818235bb4338cef984543590948b952add/marimo___sql__engines__dbapi.py.before.py,second_isolated_migrations_artifacts/marimo-team__marimo/320894818235bb4338cef984543590948b952add/marimo___sql__engines__dbapi.py.after.py,second_isolated_migrations_artifacts/marimo-team__marimo/320894818235bb4338cef984543590948b952add/marimo___sql__engines__dbapi.py.patch,Yes,exact_match,complete,Other / Manual,Other / Manual,55
marimo-team__marimo__320894818235bb4338cef984543590948b952add__003,marimo-team/marimo,320894818235bb4338cef984543590948b952add,marimo/_sql/engines/sqlalchemy.py,marimo___sql__engines__sqlalchemy.py,second_isolated_migrations_artifacts/marimo-team__marimo/320894818235bb4338cef984543590948b952add/marimo___sql__engines__sqlalchemy.py.before.py,second_isolated_migrations_artifacts/marimo-team__marimo/320894818235bb4338cef984543590948b952add/marimo___sql__engines__sqlalchemy.py.after.py,second_isolated_migrations_artifacts/marimo-team__marimo/320894818235bb4338cef984543590948b952add/marimo___sql__engines__sqlalchemy.py.patch,Yes,exact_match,complete,Other / Manual,Other / Manual,52
marimo-team__marimo__7ae245de4b8583729b03c437fe89b47e8fc375f3__001,marimo-team/marimo,7ae245de4b8583729b03c437fe89b47e8fc375f3,examples/sql/read_csv.py,examples__sql__read_csv.py,second_isolated_migrations_artifacts/marimo-team__marimo/7ae245de4b8583729b03c437fe89b47e8fc375f3/examples__sql__read_csv.py.before.py,second_isolated_migrations_artifacts/marimo-team__marimo/7ae245de4b8583729b03c437fe89b47e8fc375f3/examples__sql__read_csv.py.after.py,second_isolated_migrations_artifacts/marimo-team__marimo/7ae245de4b8583729b03c437fe89b47e8fc375f3/examples__sql__read_csv.py.patch,Yes,exact_match,complete,Other / Manual,Other / Manual,59
marimo-team__marimo__7ae245de4b8583729b03c437fe89b47e8fc375f3__002,marimo-team/marimo,7ae245de4b8583729b03c437fe89b47e8fc375f3,examples/sql/read_json.py,examples__sql__read_json.py,second_isolated_migrations_artifacts/marimo-team__marimo/7ae245de4b8583729b03c437fe89b47e8fc375f3/examples__sql__read_json.py.before.py,second_isolated_migrations_artifacts/marimo-team__marimo/7ae245de4b8583729b03c437fe89b47e8fc375f3/examples__sql__read_json.py.after.py,second_isolated_migrations_artifacts/marimo-team__marimo/7ae245de4b8583729b03c437fe89b47e8fc375f3/examples__sql__read_json.py.patch,Yes,exact_match,complete,Other / Manual,Other / Manual,60
marimo-team__marimo__7ae245de4b8583729b03c437fe89b47e8fc375f3__003,marimo-team/marimo,7ae245de4b8583729b03c437fe89b47e8fc375f3,examples/sql/read_parquet.py,examples__sql__read_parquet.py,second_isolated_migrations_artifacts/marimo-team__marimo/7ae245de4b8583729b03c437fe89b47e8fc375f3/examples__sql__read_parquet.py.before.py,second_isolated_migrations_artifacts/marimo-team__marimo/7ae245de4b8583729b03c437fe89b47e8fc375f3/examples__sql__read_parquet.py.after.py,second_isolated_migrations_artifacts/marimo-team__marimo/7ae245de4b8583729b03c437fe89b47e8fc375f3/examples__sql__read_parquet.py.patch,Yes,exact_match,complete,Other / Manual,Other / Manual,17
marimo-team__marimo__7e604334698168d0b0a6f59d960924ac2982548b__001,marimo-team/marimo,7e604334698168d0b0a6f59d960924ac2982548b,marimo/_sql/engines/clickhouse.py,marimo___sql__engines__clickhouse.py,second_isolated_migrations_artifacts/marimo-team__marimo/7e604334698168d0b0a6f59d960924ac2982548b/marimo___sql__engines__clickhouse.py.before.py,second_isolated_migrations_artifacts/marimo-team__marimo/7e604334698168d0b0a6f59d960924ac2982548b/marimo___sql__engines__clickhouse.py.after.py,second_isolated_migrations_artifacts/marimo-team__marimo/7e604334698168d0b0a6f59d960924ac2982548b/marimo___sql__engines__clickhouse.py.patch,Yes,exact_match,complete,Other / Manual,Other / Manual,179
marimo-team__marimo__7e604334698168d0b0a6f59d960924ac2982548b__002,marimo-team/marimo,7e604334698168d0b0a6f59d960924ac2982548b,tests/_sql/test_clickhouse.py,tests___sql__test_clickhouse.py,second_isolated_migrations_artifacts/marimo-team__marimo/7e604334698168d0b0a6f59d960924ac2982548b/tests___sql__test_clickhouse.py.before.py,second_isolated_migrations_artifacts/marimo-team__marimo/7e604334698168d0b0a6f59d960924ac2982548b/tests___sql__test_clickhouse.py.after.py,second_isolated_migrations_artifacts/marimo-team__marimo/7e604334698168d0b0a6f59d960924ac2982548b/tests___sql__test_clickhouse.py.patch,Yes,exact_match,complete,Other / Manual,Other / Manual,135
marimo-team__marimo__a90a37e32b5f1408d245922a1ef2658e76db5c55__001,marimo-team/marimo,a90a37e32b5f1408d245922a1ef2658e76db5c55,marimo/_plugins/ui/_impl/altair_chart.py,marimo___plugins__ui___impl__altair_chart.py,second_isolated_migrations_artifacts/marimo-team__marimo/a90a37e32b5f1408d245922a1ef2658e76db5c55/marimo___plugins__ui___impl__altair_chart.py.before.py,second_isolated_migrations_artifacts/marimo-team__marimo/a90a37e32b5f1408d245922a1ef2658e76db5c55/marimo___plugins__ui___impl__altair_chart.py.after.py,second_isolated_migrations_artifacts/marimo-team__marimo/a90a37e32b5f1408d245922a1ef2658e76db5c55/marimo___plugins__ui___impl__altair_chart.py.patch,Yes,exact_match,complete,IO boundary,IO boundary;Aggregation & joins,284
marimo-team__marimo__a90a37e32b5f1408d245922a1ef2658e76db5c55__002,marimo-team/marimo,a90a37e32b5f1408d245922a1ef2658e76db5c55,tests/_plugins/ui/_impl/test_altair_chart.py,tests___plugins__ui___impl__test_altair_chart.py,second_isolated_migrations_artifacts/marimo-team__marimo/a90a37e32b5f1408d245922a1ef2658e76db5c55/tests___plugins__ui___impl__test_altair_chart.py.before.py,second_isolated_migrations_artifacts/marimo-team__marimo/a90a37e32b5f1408d245922a1ef2658e76db5c55/tests___plugins__ui___impl__test_altair_chart.py.after.py,second_isolated_migrations_artifacts/marimo-team__marimo/a90a37e32b5f1408d245922a1ef2658e76db5c55/tests___plugins__ui___impl__test_altair_chart.py.patch,Yes,exact_match,complete,Aggregation & joins,Aggregation & joins,122
marimo-team__marimo__abb9ef60d2a4e89897f2d6aa1518cf36fbb60fe1__001,marimo-team/marimo,abb9ef60d2a4e89897f2d6aa1518cf36fbb60fe1,marimo/_output/data/data.py,marimo___output__data__data.py,second_isolated_migrations_artifacts/marimo-team__marimo/abb9ef60d2a4e89897f2d6aa1518cf36fbb60fe1/marimo___output__data__data.py.before.py,second_isolated_migrations_artifacts/marimo-team__marimo/abb9ef60d2a4e89897f2d6aa1518cf36fbb60fe1/marimo___output__data__data.py.after.py,second_isolated_migrations_artifacts/marimo-team__marimo/abb9ef60d2a4e89897f2d6aa1518cf36fbb60fe1/marimo___output__data__data.py.patch,Yes,exact_match,complete,Other / Manual,Other / Manual,34
marimo-team__marimo__abb9ef60d2a4e89897f2d6aa1518cf36fbb60fe1__002,marimo-team/marimo,abb9ef60d2a4e89897f2d6aa1518cf36fbb60fe1,marimo/_plugins/ui/_impl/table.py,marimo___plugins__ui___impl__table.py,second_isolated_migrations_artifacts/marimo-team__marimo/abb9ef60d2a4e89897f2d6aa1518cf36fbb60fe1/marimo___plugins__ui___impl__table.py.before.py,second_isolated_migrations_artifacts/marimo-team__marimo/abb9ef60d2a4e89897f2d6aa1518cf36fbb60fe1/marimo___plugins__ui___impl__table.py.after.py,second_isolated_migrations_artifacts/marimo-team__marimo/abb9ef60d2a4e89897f2d6aa1518cf36fbb60fe1/marimo___plugins__ui___impl__table.py.patch,Yes,exact_match,complete,Other / Manual,Other / Manual,130
marimo-team__marimo__abb9ef60d2a4e89897f2d6aa1518cf36fbb60fe1__003,marimo-team/marimo,abb9ef60d2a4e89897f2d6aa1518cf36fbb60fe1,marimo/_plugins/ui/_impl/utils/dataframe.py,marimo___plugins__ui___impl__utils__dataframe.py,second_isolated_migrations_artifacts/marimo-team__marimo/abb9ef60d2a4e89897f2d6aa1518cf36fbb60fe1/marimo___plugins__ui___impl__utils__dataframe.py.before.py,second_isolated_migrations_artifacts/marimo-team__marimo/abb9ef60d2a4e89897f2d6aa1518cf36fbb60fe1/marimo___plugins__ui___impl__utils__dataframe.py.after.py,second_isolated_migrations_artifacts/marimo-team__marimo/abb9ef60d2a4e89897f2d6aa1518cf36fbb60fe1/marimo___plugins__ui___impl__utils__dataframe.py.patch,Yes,exact_match,complete,Other / Manual,Other / Manual,23
marimo-team__marimo__c8d94210762d8f502fd05fff2c5deccb86a7fe01__001,marimo-team/marimo,c8d94210762d8f502fd05fff2c5deccb86a7fe01,marimo/_smoke_tests/tables/big_ints.py,marimo___smoke_tests__tables__big_ints.py,second_isolated_migrations_artifacts/marimo-team__marimo/c8d94210762d8f502fd05fff2c5deccb86a7fe01/marimo___smoke_tests__tables__big_ints.py.before.py,second_isolated_migrations_artifacts/marimo-team__marimo/c8d94210762d8f502fd05fff2c5deccb86a7fe01/marimo___smoke_tests__tables__big_ints.py.after.py,second_isolated_migrations_artifacts/marimo-team__marimo/c8d94210762d8f502fd05fff2c5deccb86a7fe01/marimo___smoke_tests__tables__big_ints.py.patch,Yes,exact_match,complete,Other / Manual,Other / Manual,24
marimo-team__marimo__dd3ad6db1244b0237aeb2cf25ac771cf57b1ff97__001,marimo-team/marimo,dd3ad6db1244b0237aeb2cf25ac771cf57b1ff97,marimo/_plugins/ui/_impl/charts/altair_transformer.py,marimo___plugins__ui___impl__charts__altair_transformer.py,second_isolated_migrations_artifacts/marimo-team__marimo/dd3ad6db1244b0237aeb2cf25ac771cf57b1ff97/marimo___plugins__ui___impl__charts__altair_transformer.py.before.py,second_isolated_migrations_artifacts/marimo-team__marimo/dd3ad6db1244b0237aeb2cf25ac771cf57b1ff97/marimo___plugins__ui___impl__charts__altair_transformer.py.after.py,second_isolated_migrations_artifacts/marimo-team__marimo/dd3ad6db1244b0237aeb2cf25ac771cf57b1ff97/marimo___plugins__ui___impl__charts__altair_transformer.py.patch,Yes,exact_match,complete,Other / Manual,Other / Manual,59
marimo-team__marimo__ebc0ac21b719384af86ef910f99f032c35e88742__001,marimo-team/marimo,ebc0ac21b719384af86ef910f99f032c35e88742,tests/_plugins/ui/_impl/dataframes/test_dataframe.py,tests___plugins__ui___impl__dataframes__test_dataframe.py,second_isolated_migrations_artifacts/marimo-team__marimo/ebc0ac21b719384af86ef910f99f032c35e88742/tests___plugins__ui___impl__dataframes__test_dataframe.py.before.py,second_isolated_migrations_artifacts/marimo-team__marimo/ebc0ac21b719384af86ef910f99f032c35e88742/tests___plugins__ui___impl__dataframes__test_dataframe.py.after.py,second_isolated_migrations_artifacts/marimo-team__marimo/ebc0ac21b719384af86ef910f99f032c35e88742/tests___plugins__ui___impl__dataframes__test_dataframe.py.patch,Yes,exact_match,complete,Other / Manual,Other / Manual,115
marimo-team__marimo__ebc0ac21b719384af86ef910f99f032c35e88742__002,marimo-team/marimo,ebc0ac21b719384af86ef910f99f032c35e88742,tests/_plugins/ui/_impl/test_table.py,tests___plugins__ui___impl__test_table.py,second_isolated_migrations_artifacts/marimo-team__marimo/ebc0ac21b719384af86ef910f99f032c35e88742/tests___plugins__ui___impl__test_table.py.before.py,second_isolated_migrations_artifacts/marimo-team__marimo/ebc0ac21b719384af86ef910f99f032c35e88742/tests___plugins__ui___impl__test_table.py.after.py,second_isolated_migrations_artifacts/marimo-team__marimo/ebc0ac21b719384af86ef910f99f032c35e88742/tests___plugins__ui___impl__test_table.py.patch,Yes,exact_match,complete,Other / Manual,Other / Manual,485
marimo-team__marimo__fdd5d8d3f0c1af145b91fc987287652d56cb7e18__001,marimo-team/marimo,fdd5d8d3f0c1af145b91fc987287652d56cb7e18,tests/_plugins/ui/_impl/dataframes/test_dataframe.py,tests___plugins__ui___impl__dataframes__test_dataframe.py,second_isolated_migrations_artifacts/marimo-team__marimo/fdd5d8d3f0c1af145b91fc987287652d56cb7e18/tests___plugins__ui___impl__dataframes__test_dataframe.py.before.py,second_isolated_migrations_artifacts/marimo-team__marimo/fdd5d8d3f0c1af145b91fc987287652d56cb7e18/tests___plugins__ui___impl__dataframes__test_dataframe.py.after.py,second_isolated_migrations_artifacts/marimo-team__marimo/fdd5d8d3f0c1af145b91fc987287652d56cb7e18/tests___plugins__ui___impl__dataframes__test_dataframe.py.patch,Yes,exact_match,complete,Other / Manual,Other / Manual,113
marimo-team__marimo__fdd5d8d3f0c1af145b91fc987287652d56cb7e18__002,marimo-team/marimo,fdd5d8d3f0c1af145b91fc987287652d56cb7e18,tests/_plugins/ui/_impl/dataframes/test_handlers.py,tests___plugins__ui___impl__dataframes__test_handlers.py,second_isolated_migrations_artifacts/marimo-team__marimo/fdd5d8d3f0c1af145b91fc987287652d56cb7e18/tests___plugins__ui___impl__dataframes__test_handlers.py.before.py,second_isolated_migrations_artifacts/marimo-team__marimo/fdd5d8d3f0c1af145b91fc987287652d56cb7e18/tests___plugins__ui___impl__dataframes__test_handlers.py.after.py,second_isolated_migrations_artifacts/marimo-team__marimo/fdd5d8d3f0c1af145b91fc987287652d56cb7e18/tests___plugins__ui___impl__dataframes__test_handlers.py.patch,Yes,exact_match,complete,Other / Manual,Other / Manual,733
mesa__mesa-frames__622cff642dc6eba242915605c67d8e845b81f2b8__001,mesa/mesa-frames,622cff642dc6eba242915605c67d8e845b81f2b8,mesa_frames/concrete/__init__.py,mesa_frames__concrete____init__.py,second_isolated_migrations_artifacts/mesa__mesa-frames/622cff642dc6eba242915605c67d8e845b81f2b8/mesa_frames__concrete____init__.py.before.py,second_isolated_migrations_artifacts/mesa__mesa-frames/622cff642dc6eba242915605c67d8e845b81f2b8/mesa_frames__concrete____init__.py.after.py,second_isolated_migrations_artifacts/mesa__mesa-frames/622cff642dc6eba242915605c67d8e845b81f2b8/mesa_frames__concrete____init__.py.patch,Yes,exact_match,complete,Other / Manual,Other / Manual,86
mesa__mesa-frames__622cff642dc6eba242915605c67d8e845b81f2b8__002,mesa/mesa-frames,622cff642dc6eba242915605c67d8e845b81f2b8,mesa_frames/types_.py,mesa_frames__types_.py,second_isolated_migrations_artifacts/mesa__mesa-frames/622cff642dc6eba242915605c67d8e845b81f2b8/mesa_frames__types_.py.before.py,second_isolated_migrations_artifacts/mesa__mesa-frames/622cff642dc6eba242915605c67d8e845b81f2b8/mesa_frames__types_.py.after.py,second_isolated_migrations_artifacts/mesa__mesa-frames/622cff642dc6eba242915605c67d8e845b81f2b8/mesa_frames__types_.py.patch,Yes,exact_match,complete,Index & pandas-specific semantics,Index & pandas-specific semantics,36
mesa__mesa-frames__622cff642dc6eba242915605c67d8e845b81f2b8__003,mesa/mesa-frames,622cff642dc6eba242915605c67d8e845b81f2b8,tests/test_agents.py,tests__test_agents.py,second_isolated_migrations_artifacts/mesa__mesa-frames/622cff642dc6eba242915605c67d8e845b81f2b8/tests__test_agents.py.before.py,second_isolated_migrations_artifacts/mesa__mesa-frames/622cff642dc6eba242915605c67d8e845b81f2b8/tests__test_agents.py.after.py,second_isolated_migrations_artifacts/mesa__mesa-frames/622cff642dc6eba242915605c67d8e845b81f2b8/tests__test_agents.py.patch,Yes,exact_match,complete,Other / Manual,Other / Manual,465
mesa__mesa-frames__bf1ccd9328f260a746c21a6bad7e15a7a6898dc3__001,mesa/mesa-frames,bf1ccd9328f260a746c21a6bad7e15a7a6898dc3,mesa_frames/types.py,mesa_frames__types.py,second_isolated_migrations_artifacts/mesa__mesa-frames/bf1ccd9328f260a746c21a6bad7e15a7a6898dc3/mesa_frames__types.py.before.py,second_isolated_migrations_artifacts/mesa__mesa-frames/bf1ccd9328f260a746c21a6bad7e15a7a6898dc3/mesa_frames__types.py.after.py,second_isolated_migrations_artifacts/mesa__mesa-frames/bf1ccd9328f260a746c21a6bad7e15a7a6898dc3/mesa_frames__types.py.patch,Yes,exact_match,complete,Other / Manual,Other / Manual,24
monarch-initiative__pheval__0badcb92ffda127491d17dd0ea37bc5616b417f5__001,monarch-initiative/pheval,0badcb92ffda127491d17dd0ea37bc5616b417f5,src/pheval/utils/phenopacket_utils.py,src__pheval__utils__phenopacket_utils.py,second_isolated_migrations_artifacts/monarch-initiative__pheval/0badcb92ffda127491d17dd0ea37bc5616b417f5/src__pheval__utils__phenopacket_utils.py.before.py,second_isolated_migrations_artifacts/monarch-initiative__pheval/0badcb92ffda127491d17dd0ea37bc5616b417f5/src__pheval__utils__phenopacket_utils.py.after.py,second_isolated_migrations_artifacts/monarch-initiative__pheval/0badcb92ffda127491d17dd0ea37bc5616b417f5/src__pheval__utils__phenopacket_utils.py.patch,Yes,exact_match,complete,IO boundary,IO boundary,197
monarch-initiative__pheval__4039f708fa30af0070245a47da2beba754eb5dff__001,monarch-initiative/pheval,4039f708fa30af0070245a47da2beba754eb5dff,src/pheval/analyse/generate_plots.py,src__pheval__analyse__generate_plots.py,second_isolated_migrations_artifacts/monarch-initiative__pheval/4039f708fa30af0070245a47da2beba754eb5dff/src__pheval__analyse__generate_plots.py.before.py,second_isolated_migrations_artifacts/monarch-initiative__pheval/4039f708fa30af0070245a47da2beba754eb5dff/src__pheval__analyse__generate_plots.py.after.py,second_isolated_migrations_artifacts/monarch-initiative__pheval/4039f708fa30af0070245a47da2beba754eb5dff/src__pheval__analyse__generate_plots.py.patch,Yes,exact_match,complete,Other / Manual,Other / Manual,681
monarch-initiative__pheval__7c3c63e6e689d9a0aa452718f20efb838e1b28cf__001,monarch-initiative/pheval,7c3c63e6e689d9a0aa452718f20efb838e1b28cf,src/pheval/post_processing/post_processing.py,src__pheval__post_processing__post_processing.py,second_isolated_migrations_artifacts/monarch-initiative__pheval/7c3c63e6e689d9a0aa452718f20efb838e1b28cf/src__pheval__post_processing__post_processing.py.before.py,second_isolated_migrations_artifacts/monarch-initiative__pheval/7c3c63e6e689d9a0aa452718f20efb838e1b28cf/src__pheval__post_processing__post_processing.py.after.py,second_isolated_migrations_artifacts/monarch-initiative__pheval/7c3c63e6e689d9a0aa452718f20efb838e1b28cf/src__pheval__post_processing__post_processing.py.patch,Yes,exact_match,complete,Other / Manual,Other / Manual,579
mpds-io__mpds-client__402f8a186e234d0cab103c74bfceaf7f5e50e292__001,mpds-io/mpds-client,402f8a186e234d0cab103c74bfceaf7f5e50e292,mpds_client/retrieve_MPDS.py,mpds_client__retrieve_MPDS.py,second_isolated_migrations_artifacts/mpds-io__mpds-client/402f8a186e234d0cab103c74bfceaf7f5e50e292/mpds_client__retrieve_MPDS.py.before.py,second_isolated_migrations_artifacts/mpds-io__mpds-client/402f8a186e234d0cab103c74bfceaf7f5e50e292/mpds_client__retrieve_MPDS.py.after.py,second_isolated_migrations_artifacts/mpds-io__mpds-client/402f8a186e234d0cab103c74bfceaf7f5e50e292/mpds_client__retrieve_MPDS.py.patch,Yes,exact_match,complete,Other / Manual,Other / Manual,45
mpds-io__mpds-client__402f8a186e234d0cab103c74bfceaf7f5e50e292__002,mpds-io/mpds-client,402f8a186e234d0cab103c74bfceaf7f5e50e292,mpds_client/test_retrieve_MPDS.py,mpds_client__test_retrieve_MPDS.py,second_isolated_migrations_artifacts/mpds-io__mpds-client/402f8a186e234d0cab103c74bfceaf7f5e50e292/mpds_client__test_retrieve_MPDS.py.before.py,second_isolated_migrations_artifacts/mpds-io__mpds-client/402f8a186e234d0cab103c74bfceaf7f5e50e292/mpds_client__test_retrieve_MPDS.py.after.py,second_isolated_migrations_artifacts/mpds-io__mpds-client/402f8a186e234d0cab103c74bfceaf7f5e50e292/mpds_client__test_retrieve_MPDS.py.patch,Yes,exact_match,complete,Aggregation & joins,Aggregation & joins,54
nanxstats__plaintext-sims__73a39d90508bbc470ff5bb0066106dd6f5b1c7d7__001,nanxstats/plaintext-sims,73a39d90508bbc470ff5bb0066106dd6f5b1c7d7,src/plaintext_sims/experiment.py,src__plaintext_sims__experiment.py,second_isolated_migrations_artifacts/nanxstats__plaintext-sims/73a39d90508bbc470ff5bb0066106dd6f5b1c7d7/src__plaintext_sims__experiment.py.before.py,second_isolated_migrations_artifacts/nanxstats__plaintext-sims/73a39d90508bbc470ff5bb0066106dd6f5b1c7d7/src__plaintext_sims__experiment.py.after.py,second_isolated_migrations_artifacts/nanxstats__plaintext-sims/73a39d90508bbc470ff5bb0066106dd6f5b1c7d7/src__plaintext_sims__experiment.py.patch,Yes,exact_match,complete,Other / Manual,Other / Manual,13
nanxstats__plaintext-sims__73a39d90508bbc470ff5bb0066106dd6f5b1c7d7__002,nanxstats/plaintext-sims,73a39d90508bbc470ff5bb0066106dd6f5b1c7d7,src/plaintext_sims/metrics.py,src__plaintext_sims__metrics.py,second_isolated_migrations_artifacts/nanxstats__plaintext-sims/73a39d90508bbc470ff5bb0066106dd6f5b1c7d7/src__plaintext_sims__metrics.py.before.py,second_isolated_migrations_artifacts/nanxstats__plaintext-sims/73a39d90508bbc470ff5bb0066106dd6f5b1c7d7/src__plaintext_sims__metrics.py.after.py,second_isolated_migrations_artifacts/nanxstats__plaintext-sims/73a39d90508bbc470ff5bb0066106dd6f5b1c7d7/src__plaintext_sims__metrics.py.patch,Yes,exact_match,complete,Other / Manual,Other / Manual,74
nanxstats__plaintext-sims__73a39d90508bbc470ff5bb0066106dd6f5b1c7d7__003,nanxstats/plaintext-sims,73a39d90508bbc470ff5bb0066106dd6f5b1c7d7,src/plaintext_sims/plot.py,src__plaintext_sims__plot.py,second_isolated_migrations_artifacts/nanxstats__plaintext-sims/73a39d90508bbc470ff5bb0066106dd6f5b1c7d7/src__plaintext_sims__plot.py.before.py,second_isolated_migrations_artifacts/nanxstats__plaintext-sims/73a39d90508bbc470ff5bb0066106dd6f5b1c7d7/src__plaintext_sims__plot.py.after.py,second_isolated_migrations_artifacts/nanxstats__plaintext-sims/73a39d90508bbc470ff5bb0066106dd6f5b1c7d7/src__plaintext_sims__plot.py.patch,Yes,exact_match,complete,Other / Manual,Other / Manual,15
nanxstats__plaintext-sims__73a39d90508bbc470ff5bb0066106dd6f5b1c7d7__004,nanxstats/plaintext-sims,73a39d90508bbc470ff5bb0066106dd6f5b1c7d7,src/plaintext_sims/run.py,src__plaintext_sims__run.py,second_isolated_migrations_artifacts/nanxstats__plaintext-sims/73a39d90508bbc470ff5bb0066106dd6f5b1c7d7/src__plaintext_sims__run.py.before.py,second_isolated_migrations_artifacts/nanxstats__plaintext-sims/73a39d90508bbc470ff5bb0066106dd6f5b1c7d7/src__plaintext_sims__run.py.after.py,second_isolated_migrations_artifacts/nanxstats__plaintext-sims/73a39d90508bbc470ff5bb0066106dd6f5b1c7d7/src__plaintext_sims__run.py.patch,Yes,exact_match,complete,Aggregation & joins,Aggregation & joins,20
nanxstats__plaintext-sims__73a39d90508bbc470ff5bb0066106dd6f5b1c7d7__005,nanxstats/plaintext-sims,73a39d90508bbc470ff5bb0066106dd6f5b1c7d7,tests/test_experiment.py,tests__test_experiment.py,second_isolated_migrations_artifacts/nanxstats__plaintext-sims/73a39d90508bbc470ff5bb0066106dd6f5b1c7d7/tests__test_experiment.py.before.py,second_isolated_migrations_artifacts/nanxstats__plaintext-sims/73a39d90508bbc470ff5bb0066106dd6f5b1c7d7/tests__test_experiment.py.after.py,second_isolated_migrations_artifacts/nanxstats__plaintext-sims/73a39d90508bbc470ff5bb0066106dd6f5b1c7d7/tests__test_experiment.py.patch,Yes,exact_match,complete,Other / Manual,Other / Manual,21
nanxstats__plaintext-sims__73a39d90508bbc470ff5bb0066106dd6f5b1c7d7__006,nanxstats/plaintext-sims,73a39d90508bbc470ff5bb0066106dd6f5b1c7d7,tests/test_metrics.py,tests__test_metrics.py,second_isolated_migrations_artifacts/nanxstats__plaintext-sims/73a39d90508bbc470ff5bb0066106dd6f5b1c7d7/tests__test_metrics.py.before.py,second_isolated_migrations_artifacts/nanxstats__plaintext-sims/73a39d90508bbc470ff5bb0066106dd6f5b1c7d7/tests__test_metrics.py.after.py,second_isolated_migrations_artifacts/nanxstats__plaintext-sims/73a39d90508bbc470ff5bb0066106dd6f5b1c7d7/tests__test_metrics.py.patch,Yes,exact_match,complete,Other / Manual,Other / Manual,28
nanxstats__plaintext-sims__73a39d90508bbc470ff5bb0066106dd6f5b1c7d7__007,nanxstats/plaintext-sims,73a39d90508bbc470ff5bb0066106dd6f5b1c7d7,tests/test_plot.py,tests__test_plot.py,second_isolated_migrations_artifacts/nanxstats__plaintext-sims/73a39d90508bbc470ff5bb0066106dd6f5b1c7d7/tests__test_plot.py.before.py,second_isolated_migrations_artifacts/nanxstats__plaintext-sims/73a39d90508bbc470ff5bb0066106dd6f5b1c7d7/tests__test_plot.py.after.py,second_isolated_migrations_artifacts/nanxstats__plaintext-sims/73a39d90508bbc470ff5bb0066106dd6f5b1c7d7/tests__test_plot.py.patch,Yes,exact_match,complete,Other / Manual,Other / Manual,10
narwhals-dev__narwhals__116962d4192ae5cbc3c359ffd29f53c2e4d7a8ed__001,narwhals-dev/narwhals,116962d4192ae5cbc3c359ffd29f53c2e4d7a8ed,narwhals/_utils.py,narwhals___utils.py,second_isolated_migrations_artifacts/narwhals-dev__narwhals/116962d4192ae5cbc3c359ffd29f53c2e4d7a8ed/narwhals___utils.py.before.py,second_isolated_migrations_artifacts/narwhals-dev__narwhals/116962d4192ae5cbc3c359ffd29f53c2e4d7a8ed/narwhals___utils.py.after.py,second_isolated_migrations_artifacts/narwhals-dev__narwhals/116962d4192ae5cbc3c359ffd29f53c2e4d7a8ed/narwhals___utils.py.patch,Yes,exact_match,complete,Other / Manual,Other / Manual,7
narwhals-dev__narwhals__3da5392ced80002cd4150b548bc5c4713f5f2a53__001,narwhals-dev/narwhals,3da5392ced80002cd4150b548bc5c4713f5f2a53,tests/frame/test_common.py,tests__frame__test_common.py,second_isolated_migrations_artifacts/narwhals-dev__narwhals/3da5392ced80002cd4150b548bc5c4713f5f2a53/tests__frame__test_common.py.before.py,second_isolated_migrations_artifacts/narwhals-dev__narwhals/3da5392ced80002cd4150b548bc5c4713f5f2a53/tests__frame__test_common.py.after.py,second_isolated_migrations_artifacts/narwhals-dev__narwhals/3da5392ced80002cd4150b548bc5c4713f5f2a53/tests__frame__test_common.py.patch,Yes,exact_match,complete,Other / Manual,Other / Manual,289
narwhals-dev__narwhals__54bf3d3ec77092d4babc970f245efc2185274e96__001,narwhals-dev/narwhals,54bf3d3ec77092d4babc970f245efc2185274e96,narwhals/schema.py,narwhals__schema.py,second_isolated_migrations_artifacts/narwhals-dev__narwhals/54bf3d3ec77092d4babc970f245efc2185274e96/narwhals__schema.py.before.py,second_isolated_migrations_artifacts/narwhals-dev__narwhals/54bf3d3ec77092d4babc970f245efc2185274e96/narwhals__schema.py.after.py,second_isolated_migrations_artifacts/narwhals-dev__narwhals/54bf3d3ec77092d4babc970f245efc2185274e96/narwhals__schema.py.patch,Yes,exact_match,complete,Other / Manual,Other / Manual,23
narwhals-dev__narwhals__635ec46272da81f157d9d20879c402954ca5df55__001,narwhals-dev/narwhals,635ec46272da81f157d9d20879c402954ca5df55,narwhals/dataframe.py,narwhals__dataframe.py,second_isolated_migrations_artifacts/narwhals-dev__narwhals/635ec46272da81f157d9d20879c402954ca5df55/narwhals__dataframe.py.before.py,second_isolated_migrations_artifacts/narwhals-dev__narwhals/635ec46272da81f157d9d20879c402954ca5df55/narwhals__dataframe.py.after.py,second_isolated_migrations_artifacts/narwhals-dev__narwhals/635ec46272da81f157d9d20879c402954ca5df55/narwhals__dataframe.py.patch,Yes,exact_match,complete,Other / Manual,Other / Manual,1063
narwhals-dev__narwhals__6e0672d891e0940a7e5739eacb3b1fd13ab75040__001,narwhals-dev/narwhals,6e0672d891e0940a7e5739eacb3b1fd13ab75040,tests/conftest.py,tests__conftest.py,second_isolated_migrations_artifacts/narwhals-dev__narwhals/6e0672d891e0940a7e5739eacb3b1fd13ab75040/tests__conftest.py.before.py,second_isolated_migrations_artifacts/narwhals-dev__narwhals/6e0672d891e0940a7e5739eacb3b1fd13ab75040/tests__conftest.py.after.py,second_isolated_migrations_artifacts/narwhals-dev__narwhals/6e0672d891e0940a7e5739eacb3b1fd13ab75040/tests__conftest.py.patch,Yes,exact_match,complete,Import/setup-only,Import/setup-only,34
narwhals-dev__narwhals__6e0672d891e0940a7e5739eacb3b1fd13ab75040__002,narwhals-dev/narwhals,6e0672d891e0940a7e5739eacb3b1fd13ab75040,tests/dependencies/is_into_dataframe_test.py,tests__dependencies__is_into_dataframe_test.py,second_isolated_migrations_artifacts/narwhals-dev__narwhals/6e0672d891e0940a7e5739eacb3b1fd13ab75040/tests__dependencies__is_into_dataframe_test.py.before.py,second_isolated_migrations_artifacts/narwhals-dev__narwhals/6e0672d891e0940a7e5739eacb3b1fd13ab75040/tests__dependencies__is_into_dataframe_test.py.after.py,second_isolated_migrations_artifacts/narwhals-dev__narwhals/6e0672d891e0940a7e5739eacb3b1fd13ab75040/tests__dependencies__is_into_dataframe_test.py.patch,Yes,exact_match,complete,Other / Manual,Other / Manual,41
narwhals-dev__narwhals__6e0672d891e0940a7e5739eacb3b1fd13ab75040__003,narwhals-dev/narwhals,6e0672d891e0940a7e5739eacb3b1fd13ab75040,tests/frame/lazy_test.py,tests__frame__lazy_test.py,second_isolated_migrations_artifacts/narwhals-dev__narwhals/6e0672d891e0940a7e5739eacb3b1fd13ab75040/tests__frame__lazy_test.py.before.py,second_isolated_migrations_artifacts/narwhals-dev__narwhals/6e0672d891e0940a7e5739eacb3b1fd13ab75040/tests__frame__lazy_test.py.after.py,second_isolated_migrations_artifacts/narwhals-dev__narwhals/6e0672d891e0940a7e5739eacb3b1fd13ab75040/tests__frame__lazy_test.py.patch,Yes,exact_match,complete,Import/setup-only,Import/setup-only,20
narwhals-dev__narwhals__7844555fe3f5b90b6da327e6915138e4c27d6b1a__001,narwhals-dev/narwhals,7844555fe3f5b90b6da327e6915138e4c27d6b1a,narwhals/pandas_like/group_by.py,narwhals__pandas_like__group_by.py,second_isolated_migrations_artifacts/narwhals-dev__narwhals/7844555fe3f5b90b6da327e6915138e4c27d6b1a/narwhals__pandas_like__group_by.py.before.py,second_isolated_migrations_artifacts/narwhals-dev__narwhals/7844555fe3f5b90b6da327e6915138e4c27d6b1a/narwhals__pandas_like__group_by.py.after.py,second_isolated_migrations_artifacts/narwhals-dev__narwhals/7844555fe3f5b90b6da327e6915138e4c27d6b1a/narwhals__pandas_like__group_by.py.patch,Yes,exact_match,complete,Other / Manual,Other / Manual,55
narwhals-dev__narwhals__79373f9944c296c2a5b4fa47a24ed8e96d640663__001,narwhals-dev/narwhals,79373f9944c296c2a5b4fa47a24ed8e96d640663,tests/series_only/hist_test.py,tests__series_only__hist_test.py,second_isolated_migrations_artifacts/narwhals-dev__narwhals/79373f9944c296c2a5b4fa47a24ed8e96d640663/tests__series_only__hist_test.py.before.py,second_isolated_migrations_artifacts/narwhals-dev__narwhals/79373f9944c296c2a5b4fa47a24ed8e96d640663/tests__series_only__hist_test.py.after.py,second_isolated_migrations_artifacts/narwhals-dev__narwhals/79373f9944c296c2a5b4fa47a24ed8e96d640663/tests__series_only__hist_test.py.patch,Yes,exact_match,complete,Other / Manual,Other / Manual,152
narwhals-dev__narwhals__82da0892732e4c1058d769c93cc3b6a424282cde__001,narwhals-dev/narwhals,82da0892732e4c1058d769c93cc3b6a424282cde,tests/conftest.py,tests__conftest.py,second_isolated_migrations_artifacts/narwhals-dev__narwhals/82da0892732e4c1058d769c93cc3b6a424282cde/tests__conftest.py.before.py,second_isolated_migrations_artifacts/narwhals-dev__narwhals/82da0892732e4c1058d769c93cc3b6a424282cde/tests__conftest.py.after.py,second_isolated_migrations_artifacts/narwhals-dev__narwhals/82da0892732e4c1058d769c93cc3b6a424282cde/tests__conftest.py.patch,Yes,exact_match,complete,Other / Manual,Other / Manual,63
narwhals-dev__narwhals__8c255d2c067e9bb1e07e4d8a974423f9bd95ac30__001,narwhals-dev/narwhals,8c255d2c067e9bb1e07e4d8a974423f9bd95ac30,tests/expr_and_series/arithmetic_test.py,tests__expr_and_series__arithmetic_test.py,second_isolated_migrations_artifacts/narwhals-dev__narwhals/8c255d2c067e9bb1e07e4d8a974423f9bd95ac30/tests__expr_and_series__arithmetic_test.py.before.py,second_isolated_migrations_artifacts/narwhals-dev__narwhals/8c255d2c067e9bb1e07e4d8a974423f9bd95ac30/tests__expr_and_series__arithmetic_test.py.after.py,second_isolated_migrations_artifacts/narwhals-dev__narwhals/8c255d2c067e9bb1e07e4d8a974423f9bd95ac30/tests__expr_and_series__arithmetic_test.py.patch,Yes,exact_match,complete,Import/setup-only,Import/setup-only,76
narwhals-dev__narwhals__8c255d2c067e9bb1e07e4d8a974423f9bd95ac30__002,narwhals-dev/narwhals,8c255d2c067e9bb1e07e4d8a974423f9bd95ac30,tests/expr_and_series/dt/ordinal_day_test.py,tests__expr_and_series__dt__ordinal_day_test.py,second_isolated_migrations_artifacts/narwhals-dev__narwhals/8c255d2c067e9bb1e07e4d8a974423f9bd95ac30/tests__expr_and_series__dt__ordinal_day_test.py.before.py,second_isolated_migrations_artifacts/narwhals-dev__narwhals/8c255d2c067e9bb1e07e4d8a974423f9bd95ac30/tests__expr_and_series__dt__ordinal_day_test.py.after.py,second_isolated_migrations_artifacts/narwhals-dev__narwhals/8c255d2c067e9bb1e07e4d8a974423f9bd95ac30/tests__expr_and_series__dt__ordinal_day_test.py.patch,Yes,exact_match,complete,Import/setup-only,Import/setup-only,34
narwhals-dev__narwhals__8c255d2c067e9bb1e07e4d8a974423f9bd95ac30__003,narwhals-dev/narwhals,8c255d2c067e9bb1e07e4d8a974423f9bd95ac30,tests/expr_and_series/dt/total_minutes_test.py,tests__expr_and_series__dt__total_minutes_test.py,second_isolated_migrations_artifacts/narwhals-dev__narwhals/8c255d2c067e9bb1e07e4d8a974423f9bd95ac30/tests__expr_and_series__dt__total_minutes_test.py.before.py,second_isolated_migrations_artifacts/narwhals-dev__narwhals/8c255d2c067e9bb1e07e4d8a974423f9bd95ac30/tests__expr_and_series__dt__total_minutes_test.py.after.py,second_isolated_migrations_artifacts/narwhals-dev__narwhals/8c255d2c067e9bb1e07e4d8a974423f9bd95ac30/tests__expr_and_series__dt__total_minutes_test.py.patch,Yes,exact_match,complete,Import/setup-only,Import/setup-only,38
narwhals-dev__narwhals__8c255d2c067e9bb1e07e4d8a974423f9bd95ac30__004,narwhals-dev/narwhals,8c255d2c067e9bb1e07e4d8a974423f9bd95ac30,tests/expr_and_series/rolling_var_test.py,tests__expr_and_series__rolling_var_test.py,second_isolated_migrations_artifacts/narwhals-dev__narwhals/8c255d2c067e9bb1e07e4d8a974423f9bd95ac30/tests__expr_and_series__rolling_var_test.py.before.py,second_isolated_migrations_artifacts/narwhals-dev__narwhals/8c255d2c067e9bb1e07e4d8a974423f9bd95ac30/tests__expr_and_series__rolling_var_test.py.after.py,second_isolated_migrations_artifacts/narwhals-dev__narwhals/8c255d2c067e9bb1e07e4d8a974423f9bd95ac30/tests__expr_and_series__rolling_var_test.py.patch,Yes,exact_match,complete,Import/setup-only,Import/setup-only,44
narwhals-dev__narwhals__8c255d2c067e9bb1e07e4d8a974423f9bd95ac30__005,narwhals-dev/narwhals,8c255d2c067e9bb1e07e4d8a974423f9bd95ac30,tests/frame/collect_test.py,tests__frame__collect_test.py,second_isolated_migrations_artifacts/narwhals-dev__narwhals/8c255d2c067e9bb1e07e4d8a974423f9bd95ac30/tests__frame__collect_test.py.before.py,second_isolated_migrations_artifacts/narwhals-dev__narwhals/8c255d2c067e9bb1e07e4d8a974423f9bd95ac30/tests__frame__collect_test.py.after.py,second_isolated_migrations_artifacts/narwhals-dev__narwhals/8c255d2c067e9bb1e07e4d8a974423f9bd95ac30/tests__frame__collect_test.py.patch,Yes,exact_match,complete,Other / Manual,Other / Manual,122
narwhals-dev__narwhals__8c255d2c067e9bb1e07e4d8a974423f9bd95ac30__006,narwhals-dev/narwhals,8c255d2c067e9bb1e07e4d8a974423f9bd95ac30,tests/translate/from_native_test.py,tests__translate__from_native_test.py,second_isolated_migrations_artifacts/narwhals-dev__narwhals/8c255d2c067e9bb1e07e4d8a974423f9bd95ac30/tests__translate__from_native_test.py.before.py,second_isolated_migrations_artifacts/narwhals-dev__narwhals/8c255d2c067e9bb1e07e4d8a974423f9bd95ac30/tests__translate__from_native_test.py.after.py,second_isolated_migrations_artifacts/narwhals-dev__narwhals/8c255d2c067e9bb1e07e4d8a974423f9bd95ac30/tests__translate__from_native_test.py.patch,Yes,exact_match,complete,Other / Manual,Other / Manual,129
narwhals-dev__narwhals__b35ef0758c393843dd4be7d172b7f64feff4673d__001,narwhals-dev/narwhals,b35ef0758c393843dd4be7d172b7f64feff4673d,narwhals/dataframe.py,narwhals__dataframe.py,second_isolated_migrations_artifacts/narwhals-dev__narwhals/b35ef0758c393843dd4be7d172b7f64feff4673d/narwhals__dataframe.py.before.py,second_isolated_migrations_artifacts/narwhals-dev__narwhals/b35ef0758c393843dd4be7d172b7f64feff4673d/narwhals__dataframe.py.after.py,second_isolated_migrations_artifacts/narwhals-dev__narwhals/b35ef0758c393843dd4be7d172b7f64feff4673d/narwhals__dataframe.py.patch,Yes,exact_match,complete,Other / Manual,Other / Manual,99
narwhals-dev__narwhals__bfce451d7c7b3e519b4ec8223de47df7d9aca639__001,narwhals-dev/narwhals,bfce451d7c7b3e519b4ec8223de47df7d9aca639,tests/frame/invalid_test.py,tests__frame__invalid_test.py,second_isolated_migrations_artifacts/narwhals-dev__narwhals/bfce451d7c7b3e519b4ec8223de47df7d9aca639/tests__frame__invalid_test.py.before.py,second_isolated_migrations_artifacts/narwhals-dev__narwhals/bfce451d7c7b3e519b4ec8223de47df7d9aca639/tests__frame__invalid_test.py.after.py,second_isolated_migrations_artifacts/narwhals-dev__narwhals/bfce451d7c7b3e519b4ec8223de47df7d9aca639/tests__frame__invalid_test.py.patch,Yes,exact_match,complete,Other / Manual,Other / Manual,39
narwhals-dev__narwhals__bfce451d7c7b3e519b4ec8223de47df7d9aca639__002,narwhals-dev/narwhals,bfce451d7c7b3e519b4ec8223de47df7d9aca639,tests/group_by_test.py,tests__group_by_test.py,second_isolated_migrations_artifacts/narwhals-dev__narwhals/bfce451d7c7b3e519b4ec8223de47df7d9aca639/tests__group_by_test.py.before.py,second_isolated_migrations_artifacts/narwhals-dev__narwhals/bfce451d7c7b3e519b4ec8223de47df7d9aca639/tests__group_by_test.py.after.py,second_isolated_migrations_artifacts/narwhals-dev__narwhals/bfce451d7c7b3e519b4ec8223de47df7d9aca639/tests__group_by_test.py.patch,Yes,exact_match,complete,Other / Manual,Other / Manual,20
narwhals-dev__narwhals__bfce451d7c7b3e519b4ec8223de47df7d9aca639__003,narwhals-dev/narwhals,bfce451d7c7b3e519b4ec8223de47df7d9aca639,tests/hypothesis/basic_arithmetic_test.py,tests__hypothesis__basic_arithmetic_test.py,second_isolated_migrations_artifacts/narwhals-dev__narwhals/bfce451d7c7b3e519b4ec8223de47df7d9aca639/tests__hypothesis__basic_arithmetic_test.py.before.py,second_isolated_migrations_artifacts/narwhals-dev__narwhals/bfce451d7c7b3e519b4ec8223de47df7d9aca639/tests__hypothesis__basic_arithmetic_test.py.after.py,second_isolated_migrations_artifacts/narwhals-dev__narwhals/bfce451d7c7b3e519b4ec8223de47df7d9aca639/tests__hypothesis__basic_arithmetic_test.py.patch,Yes,exact_match,complete,Import/setup-only,Import/setup-only,14
narwhals-dev__narwhals__bfce451d7c7b3e519b4ec8223de47df7d9aca639__004,narwhals-dev/narwhals,bfce451d7c7b3e519b4ec8223de47df7d9aca639,tests/hypothesis/join_test.py,tests__hypothesis__join_test.py,second_isolated_migrations_artifacts/narwhals-dev__narwhals/bfce451d7c7b3e519b4ec8223de47df7d9aca639/tests__hypothesis__join_test.py.before.py,second_isolated_migrations_artifacts/narwhals-dev__narwhals/bfce451d7c7b3e519b4ec8223de47df7d9aca639/tests__hypothesis__join_test.py.after.py,second_isolated_migrations_artifacts/narwhals-dev__narwhals/bfce451d7c7b3e519b4ec8223de47df7d9aca639/tests__hypothesis__join_test.py.patch,Yes,exact_match,complete,Import/setup-only,Import/setup-only,17
narwhals-dev__narwhals__bfce451d7c7b3e519b4ec8223de47df7d9aca639__005,narwhals-dev/narwhals,bfce451d7c7b3e519b4ec8223de47df7d9aca639,tests/implementation_test.py,tests__implementation_test.py,second_isolated_migrations_artifacts/narwhals-dev__narwhals/bfce451d7c7b3e519b4ec8223de47df7d9aca639/tests__implementation_test.py.before.py,second_isolated_migrations_artifacts/narwhals-dev__narwhals/bfce451d7c7b3e519b4ec8223de47df7d9aca639/tests__implementation_test.py.after.py,second_isolated_migrations_artifacts/narwhals-dev__narwhals/bfce451d7c7b3e519b4ec8223de47df7d9aca639/tests__implementation_test.py.patch,Yes,exact_match,complete,Import/setup-only,Import/setup-only,21
narwhals-dev__narwhals__bfce451d7c7b3e519b4ec8223de47df7d9aca639__006,narwhals-dev/narwhals,bfce451d7c7b3e519b4ec8223de47df7d9aca639,tests/pickle_test.py,tests__pickle_test.py,second_isolated_migrations_artifacts/narwhals-dev__narwhals/bfce451d7c7b3e519b4ec8223de47df7d9aca639/tests__pickle_test.py.before.py,second_isolated_migrations_artifacts/narwhals-dev__narwhals/bfce451d7c7b3e519b4ec8223de47df7d9aca639/tests__pickle_test.py.after.py,second_isolated_migrations_artifacts/narwhals-dev__narwhals/bfce451d7c7b3e519b4ec8223de47df7d9aca639/tests__pickle_test.py.patch,Yes,exact_match,complete,Other / Manual,Other / Manual,34
narwhals-dev__narwhals__bfce451d7c7b3e519b4ec8223de47df7d9aca639__007,narwhals-dev/narwhals,bfce451d7c7b3e519b4ec8223de47df7d9aca639,tests/series_only/cast_test.py,tests__series_only__cast_test.py,second_isolated_migrations_artifacts/narwhals-dev__narwhals/bfce451d7c7b3e519b4ec8223de47df7d9aca639/tests__series_only__cast_test.py.before.py,second_isolated_migrations_artifacts/narwhals-dev__narwhals/bfce451d7c7b3e519b4ec8223de47df7d9aca639/tests__series_only__cast_test.py.after.py,second_isolated_migrations_artifacts/narwhals-dev__narwhals/bfce451d7c7b3e519b4ec8223de47df7d9aca639/tests__series_only__cast_test.py.patch,Yes,exact_match,complete,Other / Manual,Other / Manual,43
narwhals-dev__narwhals__bfce451d7c7b3e519b4ec8223de47df7d9aca639__008,narwhals-dev/narwhals,bfce451d7c7b3e519b4ec8223de47df7d9aca639,tests/series_only/is_ordered_categorical_test.py,tests__series_only__is_ordered_categorical_test.py,second_isolated_migrations_artifacts/narwhals-dev__narwhals/bfce451d7c7b3e519b4ec8223de47df7d9aca639/tests__series_only__is_ordered_categorical_test.py.before.py,second_isolated_migrations_artifacts/narwhals-dev__narwhals/bfce451d7c7b3e519b4ec8223de47df7d9aca639/tests__series_only__is_ordered_categorical_test.py.after.py,second_isolated_migrations_artifacts/narwhals-dev__narwhals/bfce451d7c7b3e519b4ec8223de47df7d9aca639/tests__series_only__is_ordered_categorical_test.py.patch,Yes,exact_match,complete,Import/setup-only,Import/setup-only,36
narwhals-dev__narwhals__bfce451d7c7b3e519b4ec8223de47df7d9aca639__009,narwhals-dev/narwhals,bfce451d7c7b3e519b4ec8223de47df7d9aca639,tests/translate/get_native_namespace_test.py,tests__translate__get_native_namespace_test.py,second_isolated_migrations_artifacts/narwhals-dev__narwhals/bfce451d7c7b3e519b4ec8223de47df7d9aca639/tests__translate__get_native_namespace_test.py.before.py,second_isolated_migrations_artifacts/narwhals-dev__narwhals/bfce451d7c7b3e519b4ec8223de47df7d9aca639/tests__translate__get_native_namespace_test.py.after.py,second_isolated_migrations_artifacts/narwhals-dev__narwhals/bfce451d7c7b3e519b4ec8223de47df7d9aca639/tests__translate__get_native_namespace_test.py.patch,Yes,exact_match,complete,Other / Manual,Other / Manual,42
narwhals-dev__narwhals__bfce451d7c7b3e519b4ec8223de47df7d9aca639__010,narwhals-dev/narwhals,bfce451d7c7b3e519b4ec8223de47df7d9aca639,tests/translate/narwhalify_test.py,tests__translate__narwhalify_test.py,second_isolated_migrations_artifacts/narwhals-dev__narwhals/bfce451d7c7b3e519b4ec8223de47df7d9aca639/tests__translate__narwhalify_test.py.before.py,second_isolated_migrations_artifacts/narwhals-dev__narwhals/bfce451d7c7b3e519b4ec8223de47df7d9aca639/tests__translate__narwhalify_test.py.after.py,second_isolated_migrations_artifacts/narwhals-dev__narwhals/bfce451d7c7b3e519b4ec8223de47df7d9aca639/tests__translate__narwhalify_test.py.patch,Yes,exact_match,complete,Other / Manual,Other / Manual,107
narwhals-dev__narwhals__bfce451d7c7b3e519b4ec8223de47df7d9aca639__011,narwhals-dev/narwhals,bfce451d7c7b3e519b4ec8223de47df7d9aca639,tests/translate/stable_narwhalify_test.py,tests__translate__stable_narwhalify_test.py,second_isolated_migrations_artifacts/narwhals-dev__narwhals/bfce451d7c7b3e519b4ec8223de47df7d9aca639/tests__translate__stable_narwhalify_test.py.before.py,second_isolated_migrations_artifacts/narwhals-dev__narwhals/bfce451d7c7b3e519b4ec8223de47df7d9aca639/tests__translate__stable_narwhalify_test.py.after.py,second_isolated_migrations_artifacts/narwhals-dev__narwhals/bfce451d7c7b3e519b4ec8223de47df7d9aca639/tests__translate__stable_narwhalify_test.py.patch,Yes,exact_match,complete,Other / Manual,Other / Manual,107
narwhals-dev__narwhals__d2d55da6c07b4aafdd4f8f9f0c466bc5ddcc90c0__001,narwhals-dev/narwhals,d2d55da6c07b4aafdd4f8f9f0c466bc5ddcc90c0,tests/frame/invalid_test.py,tests__frame__invalid_test.py,second_isolated_migrations_artifacts/narwhals-dev__narwhals/d2d55da6c07b4aafdd4f8f9f0c466bc5ddcc90c0/tests__frame__invalid_test.py.before.py,second_isolated_migrations_artifacts/narwhals-dev__narwhals/d2d55da6c07b4aafdd4f8f9f0c466bc5ddcc90c0/tests__frame__invalid_test.py.after.py,second_isolated_migrations_artifacts/narwhals-dev__narwhals/d2d55da6c07b4aafdd4f8f9f0c466bc5ddcc90c0/tests__frame__invalid_test.py.patch,Yes,exact_match,complete,Other / Manual,Other / Manual,29
narwhals-dev__narwhals__d2d55da6c07b4aafdd4f8f9f0c466bc5ddcc90c0__002,narwhals-dev/narwhals,d2d55da6c07b4aafdd4f8f9f0c466bc5ddcc90c0,tests/hypothesis/basic_arithmetic_test.py,tests__hypothesis__basic_arithmetic_test.py,second_isolated_migrations_artifacts/narwhals-dev__narwhals/d2d55da6c07b4aafdd4f8f9f0c466bc5ddcc90c0/tests__hypothesis__basic_arithmetic_test.py.before.py,second_isolated_migrations_artifacts/narwhals-dev__narwhals/d2d55da6c07b4aafdd4f8f9f0c466bc5ddcc90c0/tests__hypothesis__basic_arithmetic_test.py.after.py,second_isolated_migrations_artifacts/narwhals-dev__narwhals/d2d55da6c07b4aafdd4f8f9f0c466bc5ddcc90c0/tests__hypothesis__basic_arithmetic_test.py.patch,Yes,exact_match,complete,Other / Manual,Other / Manual,14
narwhals-dev__narwhals__d2d55da6c07b4aafdd4f8f9f0c466bc5ddcc90c0__003,narwhals-dev/narwhals,d2d55da6c07b4aafdd4f8f9f0c466bc5ddcc90c0,tests/series_only/cast_test.py,tests__series_only__cast_test.py,second_isolated_migrations_artifacts/narwhals-dev__narwhals/d2d55da6c07b4aafdd4f8f9f0c466bc5ddcc90c0/tests__series_only__cast_test.py.before.py,second_isolated_migrations_artifacts/narwhals-dev__narwhals/d2d55da6c07b4aafdd4f8f9f0c466bc5ddcc90c0/tests__series_only__cast_test.py.after.py,second_isolated_migrations_artifacts/narwhals-dev__narwhals/d2d55da6c07b4aafdd4f8f9f0c466bc5ddcc90c0/tests__series_only__cast_test.py.patch,Yes,exact_match,complete,Other / Manual,Other / Manual,15
narwhals-dev__narwhals__f124786b61a74af238160da441f31e07ec28db75__001,narwhals-dev/narwhals,f124786b61a74af238160da441f31e07ec28db75,narwhals/_polars/utils.py,narwhals___polars__utils.py,second_isolated_migrations_artifacts/narwhals-dev__narwhals/f124786b61a74af238160da441f31e07ec28db75/narwhals___polars__utils.py.before.py,second_isolated_migrations_artifacts/narwhals-dev__narwhals/f124786b61a74af238160da441f31e07ec28db75/narwhals___polars__utils.py.after.py,second_isolated_migrations_artifacts/narwhals-dev__narwhals/f124786b61a74af238160da441f31e07ec28db75/narwhals___polars__utils.py.patch,Yes,exact_match,complete,Index & pandas-specific semantics,Index & pandas-specific semantics,45
narwhals-dev__narwhals__f77cd214441ccd1cd4cce45a4782823794a2c93b__001,narwhals-dev/narwhals,f77cd214441ccd1cd4cce45a4782823794a2c93b,tests/test_group_by.py,tests__test_group_by.py,second_isolated_migrations_artifacts/narwhals-dev__narwhals/f77cd214441ccd1cd4cce45a4782823794a2c93b/tests__test_group_by.py.before.py,second_isolated_migrations_artifacts/narwhals-dev__narwhals/f77cd214441ccd1cd4cce45a4782823794a2c93b/tests__test_group_by.py.after.py,second_isolated_migrations_artifacts/narwhals-dev__narwhals/f77cd214441ccd1cd4cce45a4782823794a2c93b/tests__test_group_by.py.patch,Yes,exact_match,complete,Other / Manual,Other / Manual,60
narwhals-dev__narwhals__fb80986ce7e530ca3ae82a64ece8624152a71eb9__001,narwhals-dev/narwhals,fb80986ce7e530ca3ae82a64ece8624152a71eb9,narwhals/translate.py,narwhals__translate.py,second_isolated_migrations_artifacts/narwhals-dev__narwhals/fb80986ce7e530ca3ae82a64ece8624152a71eb9/narwhals__translate.py.before.py,second_isolated_migrations_artifacts/narwhals-dev__narwhals/fb80986ce7e530ca3ae82a64ece8624152a71eb9/narwhals__translate.py.after.py,second_isolated_migrations_artifacts/narwhals-dev__narwhals/fb80986ce7e530ca3ae82a64ece8624152a71eb9/narwhals__translate.py.patch,Yes,exact_match,complete,Other / Manual,Other / Manual,73
narwhals-dev__narwhals__ffce1b635811eb36c2a168d51309db20fc218493__001,narwhals-dev/narwhals,ffce1b635811eb36c2a168d51309db20fc218493,narwhals/series.py,narwhals__series.py,second_isolated_migrations_artifacts/narwhals-dev__narwhals/ffce1b635811eb36c2a168d51309db20fc218493/narwhals__series.py.before.py,second_isolated_migrations_artifacts/narwhals-dev__narwhals/ffce1b635811eb36c2a168d51309db20fc218493/narwhals__series.py.after.py,second_isolated_migrations_artifacts/narwhals-dev__narwhals/ffce1b635811eb36c2a168d51309db20fc218493/narwhals__series.py.patch,Yes,exact_match,complete,Other / Manual,Other / Manual,68
nielsen-oss__nebula__ebf0f0b82d964a3f4c06c4d40913b9107f9a11a7__001,nielsen-oss/nebula,ebf0f0b82d964a3f4c06c4d40913b9107f9a11a7,nlsn/nebula/backend_util.py,nlsn__nebula__backend_util.py,second_isolated_migrations_artifacts/nielsen-oss__nebula/ebf0f0b82d964a3f4c06c4d40913b9107f9a11a7/nlsn__nebula__backend_util.py.before.py,second_isolated_migrations_artifacts/nielsen-oss__nebula/ebf0f0b82d964a3f4c06c4d40913b9107f9a11a7/nlsn__nebula__backend_util.py.after.py,second_isolated_migrations_artifacts/nielsen-oss__nebula/ebf0f0b82d964a3f4c06c4d40913b9107f9a11a7/nlsn__nebula__backend_util.py.patch,Yes,exact_match,complete,Import/setup-only,Import/setup-only,71
nielsen-oss__nebula__ebf0f0b82d964a3f4c06c4d40913b9107f9a11a7__002,nielsen-oss/nebula,ebf0f0b82d964a3f4c06c4d40913b9107f9a11a7,nlsn/nebula/df_types.py,nlsn__nebula__df_types.py,second_isolated_migrations_artifacts/nielsen-oss__nebula/ebf0f0b82d964a3f4c06c4d40913b9107f9a11a7/nlsn__nebula__df_types.py.before.py,second_isolated_migrations_artifacts/nielsen-oss__nebula/ebf0f0b82d964a3f4c06c4d40913b9107f9a11a7/nlsn__nebula__df_types.py.after.py,second_isolated_migrations_artifacts/nielsen-oss__nebula/ebf0f0b82d964a3f4c06c4d40913b9107f9a11a7/nlsn__nebula__df_types.py.patch,Yes,exact_match,complete,Other / Manual,Other / Manual,153
nielsen-oss__nebula__ebf0f0b82d964a3f4c06c4d40913b9107f9a11a7__003,nielsen-oss/nebula,ebf0f0b82d964a3f4c06c4d40913b9107f9a11a7,nlsn/nebula/pipelines/_df_funcs.py,nlsn__nebula__pipelines___df_funcs.py,second_isolated_migrations_artifacts/nielsen-oss__nebula/ebf0f0b82d964a3f4c06c4d40913b9107f9a11a7/nlsn__nebula__pipelines___df_funcs.py.before.py,second_isolated_migrations_artifacts/nielsen-oss__nebula/ebf0f0b82d964a3f4c06c4d40913b9107f9a11a7/nlsn__nebula__pipelines___df_funcs.py.after.py,second_isolated_migrations_artifacts/nielsen-oss__nebula/ebf0f0b82d964a3f4c06c4d40913b9107f9a11a7/nlsn__nebula__pipelines___df_funcs.py.patch,Yes,exact_match,complete,Aggregation & joins,Aggregation & joins,291
nielsen-oss__nebula__ebf0f0b82d964a3f4c06c4d40913b9107f9a11a7__004,nielsen-oss/nebula,ebf0f0b82d964a3f4c06c4d40913b9107f9a11a7,nlsn/nebula/shared_transformers/collection.py,nlsn__nebula__shared_transformers__collection.py,second_isolated_migrations_artifacts/nielsen-oss__nebula/ebf0f0b82d964a3f4c06c4d40913b9107f9a11a7/nlsn__nebula__shared_transformers__collection.py.before.py,second_isolated_migrations_artifacts/nielsen-oss__nebula/ebf0f0b82d964a3f4c06c4d40913b9107f9a11a7/nlsn__nebula__shared_transformers__collection.py.after.py,second_isolated_migrations_artifacts/nielsen-oss__nebula/ebf0f0b82d964a3f4c06c4d40913b9107f9a11a7/nlsn__nebula__shared_transformers__collection.py.patch,Yes,exact_match,complete,Other / Manual,Other / Manual,695
nielsen-oss__nebula__ebf0f0b82d964a3f4c06c4d40913b9107f9a11a7__005,nielsen-oss/nebula,ebf0f0b82d964a3f4c06c4d40913b9107f9a11a7,nlsn/tests/auxiliaries.py,nlsn__tests__auxiliaries.py,second_isolated_migrations_artifacts/nielsen-oss__nebula/ebf0f0b82d964a3f4c06c4d40913b9107f9a11a7/nlsn__tests__auxiliaries.py.before.py,second_isolated_migrations_artifacts/nielsen-oss__nebula/ebf0f0b82d964a3f4c06c4d40913b9107f9a11a7/nlsn__tests__auxiliaries.py.after.py,second_isolated_migrations_artifacts/nielsen-oss__nebula/ebf0f0b82d964a3f4c06c4d40913b9107f9a11a7/nlsn__tests__auxiliaries.py.patch,Yes,exact_match,complete,Other / Manual,Other / Manual,181
nielsen-oss__nebula__ebf0f0b82d964a3f4c06c4d40913b9107f9a11a7__006,nielsen-oss/nebula,ebf0f0b82d964a3f4c06c4d40913b9107f9a11a7,nlsn/tests/test_pipelines/test_pandas_polars_pipelines/auxiliaries.py,nlsn__tests__test_pipelines__test_pandas_polars_pipelines__auxiliaries.py,second_isolated_migrations_artifacts/nielsen-oss__nebula/ebf0f0b82d964a3f4c06c4d40913b9107f9a11a7/nlsn__tests__test_pipelines__test_pandas_polars_pipelines__auxiliaries.py.before.py,second_isolated_migrations_artifacts/nielsen-oss__nebula/ebf0f0b82d964a3f4c06c4d40913b9107f9a11a7/nlsn__tests__test_pipelines__test_pandas_polars_pipelines__auxiliaries.py.after.py,second_isolated_migrations_artifacts/nielsen-oss__nebula/ebf0f0b82d964a3f4c06c4d40913b9107f9a11a7/nlsn__tests__test_pipelines__test_pandas_polars_pipelines__auxiliaries.py.patch,Yes,exact_match,complete,Other / Manual,Other / Manual,255
nielsen-oss__nebula__ebf0f0b82d964a3f4c06c4d40913b9107f9a11a7__007,nielsen-oss/nebula,ebf0f0b82d964a3f4c06c4d40913b9107f9a11a7,nlsn/tests/test_pipelines/test_pandas_polars_pipelines/test_pandas_polars.py,nlsn__tests__test_pipelines__test_pandas_polars_pipelines__test_pandas_polars.py,second_isolated_migrations_artifacts/nielsen-oss__nebula/ebf0f0b82d964a3f4c06c4d40913b9107f9a11a7/nlsn__tests__test_pipelines__test_pandas_polars_pipelines__test_pandas_polars.py.before.py,second_isolated_migrations_artifacts/nielsen-oss__nebula/ebf0f0b82d964a3f4c06c4d40913b9107f9a11a7/nlsn__tests__test_pipelines__test_pandas_polars_pipelines__test_pandas_polars.py.after.py,second_isolated_migrations_artifacts/nielsen-oss__nebula/ebf0f0b82d964a3f4c06c4d40913b9107f9a11a7/nlsn__tests__test_pipelines__test_pandas_polars_pipelines__test_pandas_polars.py.patch,Yes,exact_match,complete,Aggregation & joins,Aggregation & joins,1093
nielsen-oss__nebula__ebf0f0b82d964a3f4c06c4d40913b9107f9a11a7__008,nielsen-oss/nebula,ebf0f0b82d964a3f4c06c4d40913b9107f9a11a7,nlsn/tests/test_pipelines/test_pandas_polars_pipelines/test_pandas_polars_skip.py,nlsn__tests__test_pipelines__test_pandas_polars_pipelines__test_pandas_polars_skip.py,second_isolated_migrations_artifacts/nielsen-oss__nebula/ebf0f0b82d964a3f4c06c4d40913b9107f9a11a7/nlsn__tests__test_pipelines__test_pandas_polars_pipelines__test_pandas_polars_skip.py.before.py,second_isolated_migrations_artifacts/nielsen-oss__nebula/ebf0f0b82d964a3f4c06c4d40913b9107f9a11a7/nlsn__tests__test_pipelines__test_pandas_polars_pipelines__test_pandas_polars_skip.py.after.py,second_isolated_migrations_artifacts/nielsen-oss__nebula/ebf0f0b82d964a3f4c06c4d40913b9107f9a11a7/nlsn__tests__test_pipelines__test_pandas_polars_pipelines__test_pandas_polars_skip.py.patch,Yes,exact_match,complete,Other / Manual,Other / Manual,111
nielsen-oss__nebula__ebf0f0b82d964a3f4c06c4d40913b9107f9a11a7__009,nielsen-oss/nebula,ebf0f0b82d964a3f4c06c4d40913b9107f9a11a7,nlsn/tests/test_pipelines/test_pandas_polars_pipelines/test_pandas_polars_split_function.py,nlsn__tests__test_pipelines__test_pandas_polars_pipelines__test_pandas_polars_split_function.py,second_isolated_migrations_artifacts/nielsen-oss__nebula/ebf0f0b82d964a3f4c06c4d40913b9107f9a11a7/nlsn__tests__test_pipelines__test_pandas_polars_pipelines__test_pandas_polars_split_function.py.before.py,second_isolated_migrations_artifacts/nielsen-oss__nebula/ebf0f0b82d964a3f4c06c4d40913b9107f9a11a7/nlsn__tests__test_pipelines__test_pandas_polars_pipelines__test_pandas_polars_split_function.py.after.py,second_isolated_migrations_artifacts/nielsen-oss__nebula/ebf0f0b82d964a3f4c06c4d40913b9107f9a11a7/nlsn__tests__test_pipelines__test_pandas_polars_pipelines__test_pandas_polars_split_function.py.patch,Yes,exact_match,complete,Other / Manual,Other / Manual,215
nielsen-oss__nebula__ebf0f0b82d964a3f4c06c4d40913b9107f9a11a7__010,nielsen-oss/nebula,ebf0f0b82d964a3f4c06c4d40913b9107f9a11a7,nlsn/tests/test_transformers/collection/test_pandas_polars_create_dataframe.py,nlsn__tests__test_transformers__collection__test_pandas_polars_create_dataframe.py,second_isolated_migrations_artifacts/nielsen-oss__nebula/ebf0f0b82d964a3f4c06c4d40913b9107f9a11a7/nlsn__tests__test_transformers__collection__test_pandas_polars_create_dataframe.py.before.py,second_isolated_migrations_artifacts/nielsen-oss__nebula/ebf0f0b82d964a3f4c06c4d40913b9107f9a11a7/nlsn__tests__test_transformers__collection__test_pandas_polars_create_dataframe.py.after.py,second_isolated_migrations_artifacts/nielsen-oss__nebula/ebf0f0b82d964a3f4c06c4d40913b9107f9a11a7/nlsn__tests__test_transformers__collection__test_pandas_polars_create_dataframe.py.patch,Yes,exact_match,complete,Other / Manual,Other / Manual,144
nielsen-oss__nebula__ebf0f0b82d964a3f4c06c4d40913b9107f9a11a7__011,nielsen-oss/nebula,ebf0f0b82d964a3f4c06c4d40913b9107f9a11a7,nlsn/tests/test_transformers/collection/test_pandas_polars_store_column_names.py,nlsn__tests__test_transformers__collection__test_pandas_polars_store_column_names.py,second_isolated_migrations_artifacts/nielsen-oss__nebula/ebf0f0b82d964a3f4c06c4d40913b9107f9a11a7/nlsn__tests__test_transformers__collection__test_pandas_polars_store_column_names.py.before.py,second_isolated_migrations_artifacts/nielsen-oss__nebula/ebf0f0b82d964a3f4c06c4d40913b9107f9a11a7/nlsn__tests__test_transformers__collection__test_pandas_polars_store_column_names.py.after.py,second_isolated_migrations_artifacts/nielsen-oss__nebula/ebf0f0b82d964a3f4c06c4d40913b9107f9a11a7/nlsn__tests__test_transformers__collection__test_pandas_polars_store_column_names.py.patch,Yes,exact_match,complete,Other / Manual,Other / Manual,55
nielsen-oss__nebula__ebf0f0b82d964a3f4c06c4d40913b9107f9a11a7__012,nielsen-oss/nebula,ebf0f0b82d964a3f4c06c4d40913b9107f9a11a7,nlsn/tests/test_transformers/collection/test_pandas_polars_store_column_values.py,nlsn__tests__test_transformers__collection__test_pandas_polars_store_column_values.py,second_isolated_migrations_artifacts/nielsen-oss__nebula/ebf0f0b82d964a3f4c06c4d40913b9107f9a11a7/nlsn__tests__test_transformers__collection__test_pandas_polars_store_column_values.py.before.py,second_isolated_migrations_artifacts/nielsen-oss__nebula/ebf0f0b82d964a3f4c06c4d40913b9107f9a11a7/nlsn__tests__test_transformers__collection__test_pandas_polars_store_column_values.py.after.py,second_isolated_migrations_artifacts/nielsen-oss__nebula/ebf0f0b82d964a3f4c06c4d40913b9107f9a11a7/nlsn__tests__test_transformers__collection__test_pandas_polars_store_column_values.py.patch,Yes,exact_match,complete,Other / Manual,Other / Manual,111
nielsen-oss__nebula__ebf0f0b82d964a3f4c06c4d40913b9107f9a11a7__013,nielsen-oss/nebula,ebf0f0b82d964a3f4c06c4d40913b9107f9a11a7,nlsn/tests/test_transformers/collection/test_pandas_polars_with_column.py,nlsn__tests__test_transformers__collection__test_pandas_polars_with_column.py,second_isolated_migrations_artifacts/nielsen-oss__nebula/ebf0f0b82d964a3f4c06c4d40913b9107f9a11a7/nlsn__tests__test_transformers__collection__test_pandas_polars_with_column.py.before.py,second_isolated_migrations_artifacts/nielsen-oss__nebula/ebf0f0b82d964a3f4c06c4d40913b9107f9a11a7/nlsn__tests__test_transformers__collection__test_pandas_polars_with_column.py.after.py,second_isolated_migrations_artifacts/nielsen-oss__nebula/ebf0f0b82d964a3f4c06c4d40913b9107f9a11a7/nlsn__tests__test_transformers__collection__test_pandas_polars_with_column.py.patch,Yes,exact_match,complete,Other / Manual,Other / Manual,107
nielsen-oss__nebula__ebf0f0b82d964a3f4c06c4d40913b9107f9a11a7__014,nielsen-oss/nebula,ebf0f0b82d964a3f4c06c4d40913b9107f9a11a7,nlsn/tests/test_transformers/debug/test_pandas_polars_miscellaneous.py,nlsn__tests__test_transformers__debug__test_pandas_polars_miscellaneous.py,second_isolated_migrations_artifacts/nielsen-oss__nebula/ebf0f0b82d964a3f4c06c4d40913b9107f9a11a7/nlsn__tests__test_transformers__debug__test_pandas_polars_miscellaneous.py.before.py,second_isolated_migrations_artifacts/nielsen-oss__nebula/ebf0f0b82d964a3f4c06c4d40913b9107f9a11a7/nlsn__tests__test_transformers__debug__test_pandas_polars_miscellaneous.py.after.py,second_isolated_migrations_artifacts/nielsen-oss__nebula/ebf0f0b82d964a3f4c06c4d40913b9107f9a11a7/nlsn__tests__test_transformers__debug__test_pandas_polars_miscellaneous.py.patch,Yes,exact_match,complete,Other / Manual,Other / Manual,111
nielsen-oss__nebula__ebf0f0b82d964a3f4c06c4d40913b9107f9a11a7__015,nielsen-oss/nebula,ebf0f0b82d964a3f4c06c4d40913b9107f9a11a7,nlsn/tests/test_transformers/filters/test_pandas_polars_drop_duplicates.py,nlsn__tests__test_transformers__filters__test_pandas_polars_drop_duplicates.py,second_isolated_migrations_artifacts/nielsen-oss__nebula/ebf0f0b82d964a3f4c06c4d40913b9107f9a11a7/nlsn__tests__test_transformers__filters__test_pandas_polars_drop_duplicates.py.before.py,second_isolated_migrations_artifacts/nielsen-oss__nebula/ebf0f0b82d964a3f4c06c4d40913b9107f9a11a7/nlsn__tests__test_transformers__filters__test_pandas_polars_drop_duplicates.py.after.py,second_isolated_migrations_artifacts/nielsen-oss__nebula/ebf0f0b82d964a3f4c06c4d40913b9107f9a11a7/nlsn__tests__test_transformers__filters__test_pandas_polars_drop_duplicates.py.patch,Yes,exact_match,complete,Other / Manual,Other / Manual,99
nielsen-oss__nebula__ebf0f0b82d964a3f4c06c4d40913b9107f9a11a7__016,nielsen-oss/nebula,ebf0f0b82d964a3f4c06c4d40913b9107f9a11a7,nlsn/tests/test_transformers/schema/test_pandas_polars_sort_column_names.py,nlsn__tests__test_transformers__schema__test_pandas_polars_sort_column_names.py,second_isolated_migrations_artifacts/nielsen-oss__nebula/ebf0f0b82d964a3f4c06c4d40913b9107f9a11a7/nlsn__tests__test_transformers__schema__test_pandas_polars_sort_column_names.py.before.py,second_isolated_migrations_artifacts/nielsen-oss__nebula/ebf0f0b82d964a3f4c06c4d40913b9107f9a11a7/nlsn__tests__test_transformers__schema__test_pandas_polars_sort_column_names.py.after.py,second_isolated_migrations_artifacts/nielsen-oss__nebula/ebf0f0b82d964a3f4c06c4d40913b9107f9a11a7/nlsn__tests__test_transformers__schema__test_pandas_polars_sort_column_names.py.patch,Yes,exact_match,complete,Other / Manual,Other / Manual,59
nielsen-oss__nebula__ebf0f0b82d964a3f4c06c4d40913b9107f9a11a7__017,nielsen-oss/nebula,ebf0f0b82d964a3f4c06c4d40913b9107f9a11a7,nlsn/tests/test_transformers/test_columns/test_pandas_polars_select_columns.py,nlsn__tests__test_transformers__test_columns__test_pandas_polars_select_columns.py,second_isolated_migrations_artifacts/nielsen-oss__nebula/ebf0f0b82d964a3f4c06c4d40913b9107f9a11a7/nlsn__tests__test_transformers__test_columns__test_pandas_polars_select_columns.py.before.py,second_isolated_migrations_artifacts/nielsen-oss__nebula/ebf0f0b82d964a3f4c06c4d40913b9107f9a11a7/nlsn__tests__test_transformers__test_columns__test_pandas_polars_select_columns.py.after.py,second_isolated_migrations_artifacts/nielsen-oss__nebula/ebf0f0b82d964a3f4c06c4d40913b9107f9a11a7/nlsn__tests__test_transformers__test_columns__test_pandas_polars_select_columns.py.patch,Yes,exact_match,complete,Other / Manual,Other / Manual,93
paucablop__chemotools__26ac41470d0a81ba46af54f6e202b922c6fb57e3__001,paucablop/chemotools,26ac41470d0a81ba46af54f6e202b922c6fb57e3,chemotools/datasets/_base.py,chemotools__datasets___base.py,second_isolated_migrations_artifacts/paucablop__chemotools/26ac41470d0a81ba46af54f6e202b922c6fb57e3/chemotools__datasets___base.py.before.py,second_isolated_migrations_artifacts/paucablop__chemotools/26ac41470d0a81ba46af54f6e202b922c6fb57e3/chemotools__datasets___base.py.after.py,second_isolated_migrations_artifacts/paucablop__chemotools/26ac41470d0a81ba46af54f6e202b922c6fb57e3/chemotools__datasets___base.py.patch,Yes,exact_match,complete,IO boundary,IO boundary,123
posit-dev__great-tables__cc6e783f5c7190f2d15c498f4d88ef2e30bb0159__001,posit-dev/great-tables,cc6e783f5c7190f2d15c498f4d88ef2e30bb0159,great_tables/_tbl_data.py,great_tables___tbl_data.py,second_isolated_migrations_artifacts/posit-dev__great-tables/cc6e783f5c7190f2d15c498f4d88ef2e30bb0159/great_tables___tbl_data.py.before.py,second_isolated_migrations_artifacts/posit-dev__great-tables/cc6e783f5c7190f2d15c498f4d88ef2e30bb0159/great_tables___tbl_data.py.after.py,second_isolated_migrations_artifacts/posit-dev__great-tables/cc6e783f5c7190f2d15c498f4d88ef2e30bb0159/great_tables___tbl_data.py.patch,Yes,exact_match,complete,Other / Manual,Other / Manual,19
posit-dev__positron__06723e14b478de4afd79c88066001fc3cc89bfab__001,posit-dev/positron,06723e14b478de4afd79c88066001fc3cc89bfab,extensions/positron-python/python_files/posit/positron/tests/test_inspectors.py,extensions__positron-python__python_files__posit__positron__tests__test_inspectors.py,second_isolated_migrations_artifacts/posit-dev__positron/06723e14b478de4afd79c88066001fc3cc89bfab/extensions__positron-python__python_files__posit__positron__tests__test_inspectors.py.before.py,second_isolated_migrations_artifacts/posit-dev__positron/06723e14b478de4afd79c88066001fc3cc89bfab/extensions__positron-python__python_files__posit__positron__tests__test_inspectors.py.after.py,second_isolated_migrations_artifacts/posit-dev__positron/06723e14b478de4afd79c88066001fc3cc89bfab/extensions__positron-python__python_files__posit__positron__tests__test_inspectors.py.patch,Yes,exact_match,complete,Other / Manual,Other / Manual,249
posit-dev__positron__06d3a022bf0a830e02a533c598f895b606c50077__001,posit-dev/positron,06d3a022bf0a830e02a533c598f895b606c50077,extensions/positron-python/python_files/positron/positron_ipykernel/tests/test_data_explorer.py,extensions__positron-python__python_files__positron__positron_ipykernel__tests__test_data_explorer.py,second_isolated_migrations_artifacts/posit-dev__positron/06d3a022bf0a830e02a533c598f895b606c50077/extensions__positron-python__python_files__positron__positron_ipykernel__tests__test_data_explorer.py.before.py,second_isolated_migrations_artifacts/posit-dev__positron/06d3a022bf0a830e02a533c598f895b606c50077/extensions__positron-python__python_files__positron__positron_ipykernel__tests__test_data_explorer.py.after.py,second_isolated_migrations_artifacts/posit-dev__positron/06d3a022bf0a830e02a533c598f895b606c50077/extensions__positron-python__python_files__positron__positron_ipykernel__tests__test_data_explorer.py.patch,Yes,exact_match,complete,Index & pandas-specific semantics,Index & pandas-specific semantics,136
posit-dev__positron__08d4f2ef0b9e72a3a5633e7059c2d950c8bd80c2__001,posit-dev/positron,08d4f2ef0b9e72a3a5633e7059c2d950c8bd80c2,extensions/positron-python/python_files/positron/positron_ipykernel/inspectors.py,extensions__positron-python__python_files__positron__positron_ipykernel__inspectors.py,second_isolated_migrations_artifacts/posit-dev__positron/08d4f2ef0b9e72a3a5633e7059c2d950c8bd80c2/extensions__positron-python__python_files__positron__positron_ipykernel__inspectors.py.before.py,second_isolated_migrations_artifacts/posit-dev__positron/08d4f2ef0b9e72a3a5633e7059c2d950c8bd80c2/extensions__positron-python__python_files__positron__positron_ipykernel__inspectors.py.after.py,second_isolated_migrations_artifacts/posit-dev__positron/08d4f2ef0b9e72a3a5633e7059c2d950c8bd80c2/extensions__positron-python__python_files__positron__positron_ipykernel__inspectors.py.patch,Yes,exact_match,complete,Other / Manual,Other / Manual,63
posit-dev__positron__08d4f2ef0b9e72a3a5633e7059c2d950c8bd80c2__002,posit-dev/positron,08d4f2ef0b9e72a3a5633e7059c2d950c8bd80c2,extensions/positron-python/python_files/positron/positron_ipykernel/tests/test_inspectors.py,extensions__positron-python__python_files__positron__positron_ipykernel__tests__test_inspectors.py,second_isolated_migrations_artifacts/posit-dev__positron/08d4f2ef0b9e72a3a5633e7059c2d950c8bd80c2/extensions__positron-python__python_files__positron__positron_ipykernel__tests__test_inspectors.py.before.py,second_isolated_migrations_artifacts/posit-dev__positron/08d4f2ef0b9e72a3a5633e7059c2d950c8bd80c2/extensions__positron-python__python_files__positron__positron_ipykernel__tests__test_inspectors.py.after.py,second_isolated_migrations_artifacts/posit-dev__positron/08d4f2ef0b9e72a3a5633e7059c2d950c8bd80c2/extensions__positron-python__python_files__positron__positron_ipykernel__tests__test_inspectors.py.patch,Yes,exact_match,complete,Other / Manual,Other / Manual,16
posit-dev__positron__08d4f2ef0b9e72a3a5633e7059c2d950c8bd80c2__003,posit-dev/positron,08d4f2ef0b9e72a3a5633e7059c2d950c8bd80c2,extensions/positron-python/python_files/positron/positron_ipykernel/tests/test_variables.py,extensions__positron-python__python_files__positron__positron_ipykernel__tests__test_variables.py,second_isolated_migrations_artifacts/posit-dev__positron/08d4f2ef0b9e72a3a5633e7059c2d950c8bd80c2/extensions__positron-python__python_files__positron__positron_ipykernel__tests__test_variables.py.before.py,second_isolated_migrations_artifacts/posit-dev__positron/08d4f2ef0b9e72a3a5633e7059c2d950c8bd80c2/extensions__positron-python__python_files__positron__positron_ipykernel__tests__test_variables.py.after.py,second_isolated_migrations_artifacts/posit-dev__positron/08d4f2ef0b9e72a3a5633e7059c2d950c8bd80c2/extensions__positron-python__python_files__positron__positron_ipykernel__tests__test_variables.py.patch,Yes,exact_match,complete,Other / Manual,Other / Manual,396
posit-dev__positron__19caff4f584a675cb66699040dba061d66d0dde9__001,posit-dev/positron,19caff4f584a675cb66699040dba061d66d0dde9,extensions/positron-python/pythonFiles/positron/inspectors.py,extensions__positron-python__pythonFiles__positron__inspectors.py,second_isolated_migrations_artifacts/posit-dev__positron/19caff4f584a675cb66699040dba061d66d0dde9/extensions__positron-python__pythonFiles__positron__inspectors.py.before.py,second_isolated_migrations_artifacts/posit-dev__positron/19caff4f584a675cb66699040dba061d66d0dde9/extensions__positron-python__pythonFiles__positron__inspectors.py.after.py,second_isolated_migrations_artifacts/posit-dev__positron/19caff4f584a675cb66699040dba061d66d0dde9/extensions__positron-python__pythonFiles__positron__inspectors.py.patch,Yes,exact_match,complete,Index & pandas-specific semantics,Index & pandas-specific semantics,28
posit-dev__positron__305df01497d1fc25e70ec5c14ee96924db711b70__001,posit-dev/positron,305df01497d1fc25e70ec5c14ee96924db711b70,extensions/positron-python/pythonFiles/tests/positron/test_variables.py,extensions__positron-python__pythonFiles__tests__positron__test_variables.py,second_isolated_migrations_artifacts/posit-dev__positron/305df01497d1fc25e70ec5c14ee96924db711b70/extensions__positron-python__pythonFiles__tests__positron__test_variables.py.before.py,second_isolated_migrations_artifacts/posit-dev__positron/305df01497d1fc25e70ec5c14ee96924db711b70/extensions__positron-python__pythonFiles__tests__positron__test_variables.py.after.py,second_isolated_migrations_artifacts/posit-dev__positron/305df01497d1fc25e70ec5c14ee96924db711b70/extensions__positron-python__pythonFiles__tests__positron__test_variables.py.patch,Yes,exact_match,complete,Other / Manual,Other / Manual,61
posit-dev__positron__47d689f16b26f48407f2a347e99ebc97228f76a4__001,posit-dev/positron,47d689f16b26f48407f2a347e99ebc97228f76a4,extensions/positron-python/python_files/posit/positron/tests/test_positron_jedilsp.py,extensions__positron-python__python_files__posit__positron__tests__test_positron_jedilsp.py,second_isolated_migrations_artifacts/posit-dev__positron/47d689f16b26f48407f2a347e99ebc97228f76a4/extensions__positron-python__python_files__posit__positron__tests__test_positron_jedilsp.py.before.py,second_isolated_migrations_artifacts/posit-dev__positron/47d689f16b26f48407f2a347e99ebc97228f76a4/extensions__positron-python__python_files__posit__positron__tests__test_positron_jedilsp.py.after.py,second_isolated_migrations_artifacts/posit-dev__positron/47d689f16b26f48407f2a347e99ebc97228f76a4/extensions__positron-python__python_files__posit__positron__tests__test_positron_jedilsp.py.patch,Yes,exact_match,complete,Other / Manual,Other / Manual,666
posit-dev__positron__4845cccf4fdf7405dcb7810051239d7e356f0a2d__001,posit-dev/positron,4845cccf4fdf7405dcb7810051239d7e356f0a2d,extensions/positron-python/pythonFiles/positron_ipkernel.py,extensions__positron-python__pythonFiles__positron_ipkernel.py,second_isolated_migrations_artifacts/posit-dev__positron/4845cccf4fdf7405dcb7810051239d7e356f0a2d/extensions__positron-python__pythonFiles__positron_ipkernel.py.before.py,second_isolated_migrations_artifacts/posit-dev__positron/4845cccf4fdf7405dcb7810051239d7e356f0a2d/extensions__positron-python__pythonFiles__positron_ipkernel.py.after.py,second_isolated_migrations_artifacts/posit-dev__positron/4845cccf4fdf7405dcb7810051239d7e356f0a2d/extensions__positron-python__pythonFiles__positron_ipkernel.py.patch,Yes,exact_match,complete,Other / Manual,Other / Manual,487
posit-dev__positron__4d8266f3bbf8488768230f91a5c82b273f0732da__001,posit-dev/positron,4d8266f3bbf8488768230f91a5c82b273f0732da,extensions/positron-python/python_files/positron/positron_ipykernel/data_explorer.py,extensions__positron-python__python_files__positron__positron_ipykernel__data_explorer.py,second_isolated_migrations_artifacts/posit-dev__positron/4d8266f3bbf8488768230f91a5c82b273f0732da/extensions__positron-python__python_files__positron__positron_ipykernel__data_explorer.py.before.py,second_isolated_migrations_artifacts/posit-dev__positron/4d8266f3bbf8488768230f91a5c82b273f0732da/extensions__positron-python__python_files__positron__positron_ipykernel__data_explorer.py.after.py,second_isolated_migrations_artifacts/posit-dev__positron/4d8266f3bbf8488768230f91a5c82b273f0732da/extensions__positron-python__python_files__positron__positron_ipykernel__data_explorer.py.patch,Yes,exact_match,complete,Other / Manual,Other / Manual,1047
posit-dev__positron__4d8266f3bbf8488768230f91a5c82b273f0732da__002,posit-dev/positron,4d8266f3bbf8488768230f91a5c82b273f0732da,extensions/positron-python/python_files/positron/positron_ipykernel/tests/test_data_explorer.py,extensions__positron-python__python_files__positron__positron_ipykernel__tests__test_data_explorer.py,second_isolated_migrations_artifacts/posit-dev__positron/4d8266f3bbf8488768230f91a5c82b273f0732da/extensions__positron-python__python_files__positron__positron_ipykernel__tests__test_data_explorer.py.before.py,second_isolated_migrations_artifacts/posit-dev__positron/4d8266f3bbf8488768230f91a5c82b273f0732da/extensions__positron-python__python_files__positron__positron_ipykernel__tests__test_data_explorer.py.after.py,second_isolated_migrations_artifacts/posit-dev__positron/4d8266f3bbf8488768230f91a5c82b273f0732da/extensions__positron-python__python_files__positron__positron_ipykernel__tests__test_data_explorer.py.patch,Yes,exact_match,complete,Aggregation & joins,Aggregation & joins,890
posit-dev__positron__70ff9be527e1a7e14b55497668736e9b09117c41__001,posit-dev/positron,70ff9be527e1a7e14b55497668736e9b09117c41,extensions/positron-python/python_files/positron/positron_ipykernel/tests/test_inspectors.py,extensions__positron-python__python_files__positron__positron_ipykernel__tests__test_inspectors.py,second_isolated_migrations_artifacts/posit-dev__positron/70ff9be527e1a7e14b55497668736e9b09117c41/extensions__positron-python__python_files__positron__positron_ipykernel__tests__test_inspectors.py.before.py,second_isolated_migrations_artifacts/posit-dev__positron/70ff9be527e1a7e14b55497668736e9b09117c41/extensions__positron-python__python_files__positron__positron_ipykernel__tests__test_inspectors.py.after.py,second_isolated_migrations_artifacts/posit-dev__positron/70ff9be527e1a7e14b55497668736e9b09117c41/extensions__positron-python__python_files__positron__positron_ipykernel__tests__test_inspectors.py.patch,Yes,exact_match,complete,Other / Manual,Other / Manual,31
posit-dev__positron__80ecfa6f6f4ea8671c5d76807a3fbdb00d82965d__001,posit-dev/positron,80ecfa6f6f4ea8671c5d76807a3fbdb00d82965d,extensions/positron-python/python_files/posit/positron/inspectors.py,extensions__positron-python__python_files__posit__positron__inspectors.py,second_isolated_migrations_artifacts/posit-dev__positron/80ecfa6f6f4ea8671c5d76807a3fbdb00d82965d/extensions__positron-python__python_files__posit__positron__inspectors.py.before.py,second_isolated_migrations_artifacts/posit-dev__positron/80ecfa6f6f4ea8671c5d76807a3fbdb00d82965d/extensions__positron-python__python_files__posit__positron__inspectors.py.after.py,second_isolated_migrations_artifacts/posit-dev__positron/80ecfa6f6f4ea8671c5d76807a3fbdb00d82965d/extensions__positron-python__python_files__posit__positron__inspectors.py.patch,Yes,exact_match,complete,Index & pandas-specific semantics,Index & pandas-specific semantics,81
posit-dev__positron__a02c561fd7b8ed2bfa344f8feb3693e14bdf4ea1__001,posit-dev/positron,a02c561fd7b8ed2bfa344f8feb3693e14bdf4ea1,extensions/positron-python/python_files/posit/positron/data_explorer.py,extensions__positron-python__python_files__posit__positron__data_explorer.py,second_isolated_migrations_artifacts/posit-dev__positron/a02c561fd7b8ed2bfa344f8feb3693e14bdf4ea1/extensions__positron-python__python_files__posit__positron__data_explorer.py.before.py,second_isolated_migrations_artifacts/posit-dev__positron/a02c561fd7b8ed2bfa344f8feb3693e14bdf4ea1/extensions__positron-python__python_files__posit__positron__data_explorer.py.after.py,second_isolated_migrations_artifacts/posit-dev__positron/a02c561fd7b8ed2bfa344f8feb3693e14bdf4ea1/extensions__positron-python__python_files__posit__positron__data_explorer.py.patch,Yes,exact_match,complete,Other / Manual,Other / Manual,89
posit-dev__positron__a28877b9552fa86984e3463ee5ea183770dd787f__001,posit-dev/positron,a28877b9552fa86984e3463ee5ea183770dd787f,extensions/positron-python/python_files/positron/positron_ipykernel/tests/test_data_explorer.py,extensions__positron-python__python_files__positron__positron_ipykernel__tests__test_data_explorer.py,second_isolated_migrations_artifacts/posit-dev__positron/a28877b9552fa86984e3463ee5ea183770dd787f/extensions__positron-python__python_files__positron__positron_ipykernel__tests__test_data_explorer.py.before.py,second_isolated_migrations_artifacts/posit-dev__positron/a28877b9552fa86984e3463ee5ea183770dd787f/extensions__positron-python__python_files__positron__positron_ipykernel__tests__test_data_explorer.py.after.py,second_isolated_migrations_artifacts/posit-dev__positron/a28877b9552fa86984e3463ee5ea183770dd787f/extensions__positron-python__python_files__positron__positron_ipykernel__tests__test_data_explorer.py.patch,Yes,exact_match,complete,Aggregation & joins,Aggregation & joins,36
posit-dev__positron__b0ad1b05a2af0dfa848300c7de0a4b77a5cb5597__001,posit-dev/positron,b0ad1b05a2af0dfa848300c7de0a4b77a5cb5597,extensions/positron-python/python_files/posit/positron/tests/test_convert.py,extensions__positron-python__python_files__posit__positron__tests__test_convert.py,second_isolated_migrations_artifacts/posit-dev__positron/b0ad1b05a2af0dfa848300c7de0a4b77a5cb5597/extensions__positron-python__python_files__posit__positron__tests__test_convert.py.before.py,second_isolated_migrations_artifacts/posit-dev__positron/b0ad1b05a2af0dfa848300c7de0a4b77a5cb5597/extensions__positron-python__python_files__posit__positron__tests__test_convert.py.after.py,second_isolated_migrations_artifacts/posit-dev__positron/b0ad1b05a2af0dfa848300c7de0a4b77a5cb5597/extensions__positron-python__python_files__posit__positron__tests__test_convert.py.patch,Yes,exact_match,complete,Other / Manual,Other / Manual,303
posit-dev__positron__bd62a61e9ea6063c1d793c911ddc148701e6df31__001,posit-dev/positron,bd62a61e9ea6063c1d793c911ddc148701e6df31,extensions/positron-python/python_files/positron/positron_ipykernel/data_explorer.py,extensions__positron-python__python_files__positron__positron_ipykernel__data_explorer.py,second_isolated_migrations_artifacts/posit-dev__positron/bd62a61e9ea6063c1d793c911ddc148701e6df31/extensions__positron-python__python_files__positron__positron_ipykernel__data_explorer.py.before.py,second_isolated_migrations_artifacts/posit-dev__positron/bd62a61e9ea6063c1d793c911ddc148701e6df31/extensions__positron-python__python_files__positron__positron_ipykernel__data_explorer.py.after.py,second_isolated_migrations_artifacts/posit-dev__positron/bd62a61e9ea6063c1d793c911ddc148701e6df31/extensions__positron-python__python_files__positron__positron_ipykernel__data_explorer.py.patch,Yes,exact_match,complete,Other / Manual,Other / Manual,606
posit-dev__positron__bd62a61e9ea6063c1d793c911ddc148701e6df31__002,posit-dev/positron,bd62a61e9ea6063c1d793c911ddc148701e6df31,extensions/positron-python/python_files/positron/positron_ipykernel/tests/test_data_explorer.py,extensions__positron-python__python_files__positron__positron_ipykernel__tests__test_data_explorer.py,second_isolated_migrations_artifacts/posit-dev__positron/bd62a61e9ea6063c1d793c911ddc148701e6df31/extensions__positron-python__python_files__positron__positron_ipykernel__tests__test_data_explorer.py.before.py,second_isolated_migrations_artifacts/posit-dev__positron/bd62a61e9ea6063c1d793c911ddc148701e6df31/extensions__positron-python__python_files__positron__positron_ipykernel__tests__test_data_explorer.py.after.py,second_isolated_migrations_artifacts/posit-dev__positron/bd62a61e9ea6063c1d793c911ddc148701e6df31/extensions__positron-python__python_files__positron__positron_ipykernel__tests__test_data_explorer.py.patch,Yes,exact_match,complete,Other / Manual,Other / Manual,128
posit-dev__positron__c68ab28752b9ba894ca42c0d1418d08a4e23af51__001,posit-dev/positron,c68ab28752b9ba894ca42c0d1418d08a4e23af51,extensions/positron-python/python_files/positron/positron_ipykernel/data_explorer.py,extensions__positron-python__python_files__positron__positron_ipykernel__data_explorer.py,second_isolated_migrations_artifacts/posit-dev__positron/c68ab28752b9ba894ca42c0d1418d08a4e23af51/extensions__positron-python__python_files__positron__positron_ipykernel__data_explorer.py.before.py,second_isolated_migrations_artifacts/posit-dev__positron/c68ab28752b9ba894ca42c0d1418d08a4e23af51/extensions__positron-python__python_files__positron__positron_ipykernel__data_explorer.py.after.py,second_isolated_migrations_artifacts/posit-dev__positron/c68ab28752b9ba894ca42c0d1418d08a4e23af51/extensions__positron-python__python_files__positron__positron_ipykernel__data_explorer.py.patch,Yes,exact_match,complete,Other / Manual,Other / Manual,435
posit-dev__positron__de4823ecbc2f8ec326483affca1f1b5dd6fc5d39__001,posit-dev/positron,de4823ecbc2f8ec326483affca1f1b5dd6fc5d39,extensions/positron-python/pythonFiles/positron/inspectors.py,extensions__positron-python__pythonFiles__positron__inspectors.py,second_isolated_migrations_artifacts/posit-dev__positron/de4823ecbc2f8ec326483affca1f1b5dd6fc5d39/extensions__positron-python__pythonFiles__positron__inspectors.py.before.py,second_isolated_migrations_artifacts/posit-dev__positron/de4823ecbc2f8ec326483affca1f1b5dd6fc5d39/extensions__positron-python__pythonFiles__positron__inspectors.py.after.py,second_isolated_migrations_artifacts/posit-dev__positron/de4823ecbc2f8ec326483affca1f1b5dd6fc5d39/extensions__positron-python__pythonFiles__positron__inspectors.py.patch,Yes,exact_match,complete,Other / Manual,Other / Manual,66
posit-dev__positron__de4823ecbc2f8ec326483affca1f1b5dd6fc5d39__002,posit-dev/positron,de4823ecbc2f8ec326483affca1f1b5dd6fc5d39,extensions/positron-python/pythonFiles/tests/positron/test_environment.py,extensions__positron-python__pythonFiles__tests__positron__test_environment.py,second_isolated_migrations_artifacts/posit-dev__positron/de4823ecbc2f8ec326483affca1f1b5dd6fc5d39/extensions__positron-python__pythonFiles__tests__positron__test_environment.py.before.py,second_isolated_migrations_artifacts/posit-dev__positron/de4823ecbc2f8ec326483affca1f1b5dd6fc5d39/extensions__positron-python__pythonFiles__tests__positron__test_environment.py.after.py,second_isolated_migrations_artifacts/posit-dev__positron/de4823ecbc2f8ec326483affca1f1b5dd6fc5d39/extensions__positron-python__pythonFiles__tests__positron__test_environment.py.patch,Yes,exact_match,complete,Other / Manual,Other / Manual,102
ultralytics__ultralytics__bcb1961a9b611380ac70e3e6f516fb5c794805bb__001,ultralytics/ultralytics,bcb1961a9b611380ac70e3e6f516fb5c794805bb,ultralytics/engine/trainer.py,ultralytics__engine__trainer.py,second_isolated_migrations_artifacts/ultralytics__ultralytics/bcb1961a9b611380ac70e3e6f516fb5c794805bb/ultralytics__engine__trainer.py.before.py,second_isolated_migrations_artifacts/ultralytics__ultralytics/bcb1961a9b611380ac70e3e6f516fb5c794805bb/ultralytics__engine__trainer.py.after.py,second_isolated_migrations_artifacts/ultralytics__ultralytics/bcb1961a9b611380ac70e3e6f516fb5c794805bb/ultralytics__engine__trainer.py.patch,Yes,exact_match,complete,IO boundary,IO boundary,12
ultralytics__ultralytics__bcb1961a9b611380ac70e3e6f516fb5c794805bb__002,ultralytics/ultralytics,bcb1961a9b611380ac70e3e6f516fb5c794805bb,ultralytics/utils/__init__.py,ultralytics__utils____init__.py,second_isolated_migrations_artifacts/ultralytics__ultralytics/bcb1961a9b611380ac70e3e6f516fb5c794805bb/ultralytics__utils____init__.py.before.py,second_isolated_migrations_artifacts/ultralytics__ultralytics/bcb1961a9b611380ac70e3e6f516fb5c794805bb/ultralytics__utils____init__.py.after.py,second_isolated_migrations_artifacts/ultralytics__ultralytics/bcb1961a9b611380ac70e3e6f516fb5c794805bb/ultralytics__utils____init__.py.patch,Yes,exact_match,complete,Other / Manual,Other / Manual,134
ultralytics__ultralytics__bcb1961a9b611380ac70e3e6f516fb5c794805bb__003,ultralytics/ultralytics,bcb1961a9b611380ac70e3e6f516fb5c794805bb,ultralytics/utils/benchmarks.py,ultralytics__utils__benchmarks.py,second_isolated_migrations_artifacts/ultralytics__ultralytics/bcb1961a9b611380ac70e3e6f516fb5c794805bb/ultralytics__utils__benchmarks.py.before.py,second_isolated_migrations_artifacts/ultralytics__ultralytics/bcb1961a9b611380ac70e3e6f516fb5c794805bb/ultralytics__utils__benchmarks.py.after.py,second_isolated_migrations_artifacts/ultralytics__ultralytics/bcb1961a9b611380ac70e3e6f516fb5c794805bb/ultralytics__utils__benchmarks.py.patch,Yes,exact_match,complete,Aggregation & joins,Aggregation & joins;Missing values;Other / Manual,28
ultralytics__ultralytics__bcb1961a9b611380ac70e3e6f516fb5c794805bb__004,ultralytics/ultralytics,bcb1961a9b611380ac70e3e6f516fb5c794805bb,ultralytics/utils/callbacks/wb.py,ultralytics__utils__callbacks__wb.py,second_isolated_migrations_artifacts/ultralytics__ultralytics/bcb1961a9b611380ac70e3e6f516fb5c794805bb/ultralytics__utils__callbacks__wb.py.before.py,second_isolated_migrations_artifacts/ultralytics__ultralytics/bcb1961a9b611380ac70e3e6f516fb5c794805bb/ultralytics__utils__callbacks__wb.py.after.py,second_isolated_migrations_artifacts/ultralytics__ultralytics/bcb1961a9b611380ac70e3e6f516fb5c794805bb/ultralytics__utils__callbacks__wb.py.patch,Yes,exact_match,complete,Other / Manual,Other / Manual,19
ultralytics__ultralytics__bcb1961a9b611380ac70e3e6f516fb5c794805bb__005,ultralytics/ultralytics,bcb1961a9b611380ac70e3e6f516fb5c794805bb,ultralytics/utils/plotting.py,ultralytics__utils__plotting.py,second_isolated_migrations_artifacts/ultralytics__ultralytics/bcb1961a9b611380ac70e3e6f516fb5c794805bb/ultralytics__utils__plotting.py.before.py,second_isolated_migrations_artifacts/ultralytics__ultralytics/bcb1961a9b611380ac70e3e6f516fb5c794805bb/ultralytics__utils__plotting.py.after.py,second_isolated_migrations_artifacts/ultralytics__ultralytics/bcb1961a9b611380ac70e3e6f516fb5c794805bb/ultralytics__utils__plotting.py.patch,Yes,exact_match,complete,IO boundary,IO boundary,46
vangberg__pdit__635cb8a0ac9e1facea06ef94a297339fc2ca1eea__001,vangberg/pdit,635cb8a0ac9e1facea06ef94a297339fc2ca1eea,rdit/executor.py,rdit__executor.py,second_isolated_migrations_artifacts/vangberg__pdit/635cb8a0ac9e1facea06ef94a297339fc2ca1eea/rdit__executor.py.before.py,second_isolated_migrations_artifacts/vangberg__pdit/635cb8a0ac9e1facea06ef94a297339fc2ca1eea/rdit__executor.py.after.py,second_isolated_migrations_artifacts/vangberg__pdit/635cb8a0ac9e1facea06ef94a297339fc2ca1eea/rdit__executor.py.patch,Yes,exact_match,complete,Aggregation & joins,Aggregation & joins;Missing values,82
vedantparikh__portfolia__ad8e199ff71035eb803c4287ae77f17128a8d33c__001,vedantparikh/portfolia,ad8e199ff71035eb803c4287ae77f17128a8d33c,portfolio/python/api/market/stock.py,portfolio__python__api__market__stock.py,second_isolated_migrations_artifacts/vedantparikh__portfolia/ad8e199ff71035eb803c4287ae77f17128a8d33c/portfolio__python__api__market__stock.py.before.py,second_isolated_migrations_artifacts/vedantparikh__portfolia/ad8e199ff71035eb803c4287ae77f17128a8d33c/portfolio__python__api__market__stock.py.after.py,second_isolated_migrations_artifacts/vedantparikh__portfolia/ad8e199ff71035eb803c4287ae77f17128a8d33c/portfolio__python__api__market__stock.py.patch,Yes,exact_match,complete,Other / Manual,Other / Manual,20
vedantparikh__portfolia__ad8e199ff71035eb803c4287ae77f17128a8d33c__002,vedantparikh/portfolia,ad8e199ff71035eb803c4287ae77f17128a8d33c,portfolio/python/api/statistical_indicators/base.py,portfolio__python__api__statistical_indicators__base.py,second_isolated_migrations_artifacts/vedantparikh__portfolia/ad8e199ff71035eb803c4287ae77f17128a8d33c/portfolio__python__api__statistical_indicators__base.py.before.py,second_isolated_migrations_artifacts/vedantparikh__portfolia/ad8e199ff71035eb803c4287ae77f17128a8d33c/portfolio__python__api__statistical_indicators__base.py.after.py,second_isolated_migrations_artifacts/vedantparikh__portfolia/ad8e199ff71035eb803c4287ae77f17128a8d33c/portfolio__python__api__statistical_indicators__base.py.patch,Yes,exact_match,complete,Other / Manual,Other / Manual,13
vedantparikh__portfolia__ad8e199ff71035eb803c4287ae77f17128a8d33c__003,vedantparikh/portfolia,ad8e199ff71035eb803c4287ae77f17128a8d33c,portfolio/python/api/statistical_indicators/momentum_indicators.py,portfolio__python__api__statistical_indicators__momentum_indicators.py,second_isolated_migrations_artifacts/vedantparikh__portfolia/ad8e199ff71035eb803c4287ae77f17128a8d33c/portfolio__python__api__statistical_indicators__momentum_indicators.py.before.py,second_isolated_migrations_artifacts/vedantparikh__portfolia/ad8e199ff71035eb803c4287ae77f17128a8d33c/portfolio__python__api__statistical_indicators__momentum_indicators.py.after.py,second_isolated_migrations_artifacts/vedantparikh__portfolia/ad8e199ff71035eb803c4287ae77f17128a8d33c/portfolio__python__api__statistical_indicators__momentum_indicators.py.patch,Yes,exact_match,complete,Other / Manual,Other / Manual,219
vedantparikh__portfolia__ad8e199ff71035eb803c4287ae77f17128a8d33c__004,vedantparikh/portfolia,ad8e199ff71035eb803c4287ae77f17128a8d33c,portfolio/python/api/statistical_indicators/trend_indicators.py,portfolio__python__api__statistical_indicators__trend_indicators.py,second_isolated_migrations_artifacts/vedantparikh__portfolia/ad8e199ff71035eb803c4287ae77f17128a8d33c/portfolio__python__api__statistical_indicators__trend_indicators.py.before.py,second_isolated_migrations_artifacts/vedantparikh__portfolia/ad8e199ff71035eb803c4287ae77f17128a8d33c/portfolio__python__api__statistical_indicators__trend_indicators.py.after.py,second_isolated_migrations_artifacts/vedantparikh__portfolia/ad8e199ff71035eb803c4287ae77f17128a8d33c/portfolio__python__api__statistical_indicators__trend_indicators.py.patch,Yes,exact_match,complete,Other / Manual,Other / Manual,354
vedantparikh__portfolia__ad8e199ff71035eb803c4287ae77f17128a8d33c__005,vedantparikh/portfolia,ad8e199ff71035eb803c4287ae77f17128a8d33c,portfolio/python/api/statistical_indicators/volatility_indicators.py,portfolio__python__api__statistical_indicators__volatility_indicators.py,second_isolated_migrations_artifacts/vedantparikh__portfolia/ad8e199ff71035eb803c4287ae77f17128a8d33c/portfolio__python__api__statistical_indicators__volatility_indicators.py.before.py,second_isolated_migrations_artifacts/vedantparikh__portfolia/ad8e199ff71035eb803c4287ae77f17128a8d33c/portfolio__python__api__statistical_indicators__volatility_indicators.py.after.py,second_isolated_migrations_artifacts/vedantparikh__portfolia/ad8e199ff71035eb803c4287ae77f17128a8d33c/portfolio__python__api__statistical_indicators__volatility_indicators.py.patch,Yes,exact_match,complete,Other / Manual,Other / Manual,260
vedantparikh__portfolia__ad8e199ff71035eb803c4287ae77f17128a8d33c__006,vedantparikh/portfolia,ad8e199ff71035eb803c4287ae77f17128a8d33c,portfolio/python/api/statistical_indicators/volume_indicators.py,portfolio__python__api__statistical_indicators__volume_indicators.py,second_isolated_migrations_artifacts/vedantparikh__portfolia/ad8e199ff71035eb803c4287ae77f17128a8d33c/portfolio__python__api__statistical_indicators__volume_indicators.py.before.py,second_isolated_migrations_artifacts/vedantparikh__portfolia/ad8e199ff71035eb803c4287ae77f17128a8d33c/portfolio__python__api__statistical_indicators__volume_indicators.py.after.py,second_isolated_migrations_artifacts/vedantparikh__portfolia/ad8e199ff71035eb803c4287ae77f17128a8d33c/portfolio__python__api__statistical_indicators__volume_indicators.py.patch,Yes,exact_match,complete,Other / Manual,Other / Manual,258
vedantparikh__portfolia__ad8e199ff71035eb803c4287ae77f17128a8d33c__007,vedantparikh/portfolia,ad8e199ff71035eb803c4287ae77f17128a8d33c,portfolio/python/api/trading_strategy/trend_strategy/gfs_strategy/gfs.py,portfolio__python__api__trading_strategy__trend_strategy__gfs_strategy__gfs.py,second_isolated_migrations_artifacts/vedantparikh__portfolia/ad8e199ff71035eb803c4287ae77f17128a8d33c/portfolio__python__api__trading_strategy__trend_strategy__gfs_strategy__gfs.py.before.py,second_isolated_migrations_artifacts/vedantparikh__portfolia/ad8e199ff71035eb803c4287ae77f17128a8d33c/portfolio__python__api__trading_strategy__trend_strategy__gfs_strategy__gfs.py.after.py,second_isolated_migrations_artifacts/vedantparikh__portfolia/ad8e199ff71035eb803c4287ae77f17128a8d33c/portfolio__python__api__trading_strategy__trend_strategy__gfs_strategy__gfs.py.patch,Yes,exact_match,complete,Other / Manual,Other / Manual,181
vedantparikh__portfolia__ad8e199ff71035eb803c4287ae77f17128a8d33c__008,vedantparikh/portfolia,ad8e199ff71035eb803c4287ae77f17128a8d33c,portfolio/python/api/trading_strategy/trend_strategy/macd_strategy.py,portfolio__python__api__trading_strategy__trend_strategy__macd_strategy.py,second_isolated_migrations_artifacts/vedantparikh__portfolia/ad8e199ff71035eb803c4287ae77f17128a8d33c/portfolio__python__api__trading_strategy__trend_strategy__macd_strategy.py.before.py,second_isolated_migrations_artifacts/vedantparikh__portfolia/ad8e199ff71035eb803c4287ae77f17128a8d33c/portfolio__python__api__trading_strategy__trend_strategy__macd_strategy.py.after.py,second_isolated_migrations_artifacts/vedantparikh__portfolia/ad8e199ff71035eb803c4287ae77f17128a8d33c/portfolio__python__api__trading_strategy__trend_strategy__macd_strategy.py.patch,Yes,exact_match,complete,Other / Manual,Other / Manual,158
vertti__daffy__072b09620585324840b570f908cfba3367702ef3__001,vertti/daffy,072b09620585324840b570f908cfba3367702ef3,daffy/decorators.py,daffy__decorators.py,second_isolated_migrations_artifacts/vertti__daffy/072b09620585324840b570f908cfba3367702ef3/daffy__decorators.py.before.py,second_isolated_migrations_artifacts/vertti__daffy/072b09620585324840b570f908cfba3367702ef3/daffy__decorators.py.after.py,second_isolated_migrations_artifacts/vertti__daffy/072b09620585324840b570f908cfba3367702ef3/daffy__decorators.py.patch,Yes,exact_match,complete,Other / Manual,Other / Manual,29
vertti__daffy__072b09620585324840b570f908cfba3367702ef3__002,vertti/daffy,072b09620585324840b570f908cfba3367702ef3,tests/test_decorators.py,tests__test_decorators.py,second_isolated_migrations_artifacts/vertti__daffy/072b09620585324840b570f908cfba3367702ef3/tests__test_decorators.py.before.py,second_isolated_migrations_artifacts/vertti__daffy/072b09620585324840b570f908cfba3367702ef3/tests__test_decorators.py.after.py,second_isolated_migrations_artifacts/vertti__daffy/072b09620585324840b570f908cfba3367702ef3/tests__test_decorators.py.patch,Yes,exact_match,complete,Other / Manual,Other / Manual,294
vertti__daffy__29a6c922edf55982ee9b5a704f806327a9dad62c__001,vertti/daffy,29a6c922edf55982ee9b5a704f806327a9dad62c,tests/test_df_log.py,tests__test_df_log.py,second_isolated_migrations_artifacts/vertti__daffy/29a6c922edf55982ee9b5a704f806327a9dad62c/tests__test_df_log.py.before.py,second_isolated_migrations_artifacts/vertti__daffy/29a6c922edf55982ee9b5a704f806327a9dad62c/tests__test_df_log.py.after.py,second_isolated_migrations_artifacts/vertti__daffy/29a6c922edf55982ee9b5a704f806327a9dad62c/tests__test_df_log.py.patch,Yes,exact_match,complete,Other / Manual,Other / Manual,7
vertti__daffy__4a0fe2f9d8a17c432d108c53db978e42c4ca2df9__001,vertti/daffy,4a0fe2f9d8a17c432d108c53db978e42c4ca2df9,daffy/decorators.py,daffy__decorators.py,second_isolated_migrations_artifacts/vertti__daffy/4a0fe2f9d8a17c432d108c53db978e42c4ca2df9/daffy__decorators.py.before.py,second_isolated_migrations_artifacts/vertti__daffy/4a0fe2f9d8a17c432d108c53db978e42c4ca2df9/daffy__decorators.py.after.py,second_isolated_migrations_artifacts/vertti__daffy/4a0fe2f9d8a17c432d108c53db978e42c4ca2df9/daffy__decorators.py.patch,Yes,exact_match,complete,Import/setup-only,Import/setup-only,27
vertti__daffy__4a0fe2f9d8a17c432d108c53db978e42c4ca2df9__002,vertti/daffy,4a0fe2f9d8a17c432d108c53db978e42c4ca2df9,daffy/utils.py,daffy__utils.py,second_isolated_migrations_artifacts/vertti__daffy/4a0fe2f9d8a17c432d108c53db978e42c4ca2df9/daffy__utils.py.before.py,second_isolated_migrations_artifacts/vertti__daffy/4a0fe2f9d8a17c432d108c53db978e42c4ca2df9/daffy__utils.py.after.py,second_isolated_migrations_artifacts/vertti__daffy/4a0fe2f9d8a17c432d108c53db978e42c4ca2df9/daffy__utils.py.patch,Yes,exact_match,complete,Other / Manual,Other / Manual,102
vertti__daffy__958b892541143a311ad9d7afe02963c5dcd352c6__001,vertti/daffy,958b892541143a311ad9d7afe02963c5dcd352c6,tests/test_nullable.py,tests__test_nullable.py,second_isolated_migrations_artifacts/vertti__daffy/958b892541143a311ad9d7afe02963c5dcd352c6/tests__test_nullable.py.before.py,second_isolated_migrations_artifacts/vertti__daffy/958b892541143a311ad9d7afe02963c5dcd352c6/tests__test_nullable.py.after.py,second_isolated_migrations_artifacts/vertti__daffy/958b892541143a311ad9d7afe02963c5dcd352c6/tests__test_nullable.py.patch,Yes,exact_match,complete,Other / Manual,Other / Manual,209
vertti__daffy__c50cb863f9e70e8c3b80c097f247f93e02863a93__001,vertti/daffy,c50cb863f9e70e8c3b80c097f247f93e02863a93,daffy/decorators.py,daffy__decorators.py,second_isolated_migrations_artifacts/vertti__daffy/c50cb863f9e70e8c3b80c097f247f93e02863a93/daffy__decorators.py.before.py,second_isolated_migrations_artifacts/vertti__daffy/c50cb863f9e70e8c3b80c097f247f93e02863a93/daffy__decorators.py.after.py,second_isolated_migrations_artifacts/vertti__daffy/c50cb863f9e70e8c3b80c097f247f93e02863a93/daffy__decorators.py.patch,Yes,exact_match,complete,Other / Manual,Other / Manual,16
vertti__daffy__c50cb863f9e70e8c3b80c097f247f93e02863a93__002,vertti/daffy,c50cb863f9e70e8c3b80c097f247f93e02863a93,tests/test_decorators.py,tests__test_decorators.py,second_isolated_migrations_artifacts/vertti__daffy/c50cb863f9e70e8c3b80c097f247f93e02863a93/tests__test_decorators.py.before.py,second_isolated_migrations_artifacts/vertti__daffy/c50cb863f9e70e8c3b80c097f247f93e02863a93/tests__test_decorators.py.after.py,second_isolated_migrations_artifacts/vertti__daffy/c50cb863f9e70e8c3b80c097f247f93e02863a93/tests__test_decorators.py.patch,Yes,exact_match,complete,Other / Manual,Other / Manual,39
vertti__daffy__cd14a33e51c08fa5e239224158cae2c2a1b61c40__001,vertti/daffy,cd14a33e51c08fa5e239224158cae2c2a1b61c40,daffy/dataframe_types.py,daffy__dataframe_types.py,second_isolated_migrations_artifacts/vertti__daffy/cd14a33e51c08fa5e239224158cae2c2a1b61c40/daffy__dataframe_types.py.before.py,second_isolated_migrations_artifacts/vertti__daffy/cd14a33e51c08fa5e239224158cae2c2a1b61c40/daffy__dataframe_types.py.after.py,second_isolated_migrations_artifacts/vertti__daffy/cd14a33e51c08fa5e239224158cae2c2a1b61c40/daffy__dataframe_types.py.patch,Yes,exact_match,complete,Other / Manual,Other / Manual,28
vertti__daffy__cd14a33e51c08fa5e239224158cae2c2a1b61c40__002,vertti/daffy,cd14a33e51c08fa5e239224158cae2c2a1b61c40,daffy/utils.py,daffy__utils.py,second_isolated_migrations_artifacts/vertti__daffy/cd14a33e51c08fa5e239224158cae2c2a1b61c40/daffy__utils.py.before.py,second_isolated_migrations_artifacts/vertti__daffy/cd14a33e51c08fa5e239224158cae2c2a1b61c40/daffy__utils.py.after.py,second_isolated_migrations_artifacts/vertti__daffy/cd14a33e51c08fa5e239224158cae2c2a1b61c40/daffy__utils.py.patch,Yes,exact_match,complete,Other / Manual,Other / Manual,27
vertti__daffy__d43cbdb2528f1f6ec0ff9395204e42f2a5660bd7__001,vertti/daffy,d43cbdb2528f1f6ec0ff9395204e42f2a5660bd7,tests/test_optional_columns.py,tests__test_optional_columns.py,second_isolated_migrations_artifacts/vertti__daffy/d43cbdb2528f1f6ec0ff9395204e42f2a5660bd7/tests__test_optional_columns.py.before.py,second_isolated_migrations_artifacts/vertti__daffy/d43cbdb2528f1f6ec0ff9395204e42f2a5660bd7/tests__test_optional_columns.py.after.py,second_isolated_migrations_artifacts/vertti__daffy/d43cbdb2528f1f6ec0ff9395204e42f2a5660bd7/tests__test_optional_columns.py.patch,Yes,exact_match,complete,Other / Manual,Other / Manual,279
visivo-io__visivo__79e5f0d813180c8c0893ef02c41fc05b6499076a__001,visivo-io/visivo,79e5f0d813180c8c0893ef02c41fc05b6499076a,tests/models/models/test_local_merge_model.py,tests__models__models__test_local_merge_model.py,second_isolated_migrations_artifacts/visivo-io__visivo/79e5f0d813180c8c0893ef02c41fc05b6499076a/tests__models__models__test_local_merge_model.py.before.py,second_isolated_migrations_artifacts/visivo-io__visivo/79e5f0d813180c8c0893ef02c41fc05b6499076a/tests__models__models__test_local_merge_model.py.after.py,second_isolated_migrations_artifacts/visivo-io__visivo/79e5f0d813180c8c0893ef02c41fc05b6499076a/tests__models__models__test_local_merge_model.py.patch,Yes,exact_match,complete,Other / Manual,Other / Manual,17
visivo-io__visivo__79e5f0d813180c8c0893ef02c41fc05b6499076a__002,visivo-io/visivo,79e5f0d813180c8c0893ef02c41fc05b6499076a,visivo/models/models/csv_script_model.py,visivo__models__models__csv_script_model.py,second_isolated_migrations_artifacts/visivo-io__visivo/79e5f0d813180c8c0893ef02c41fc05b6499076a/visivo__models__models__csv_script_model.py.before.py,second_isolated_migrations_artifacts/visivo-io__visivo/79e5f0d813180c8c0893ef02c41fc05b6499076a/visivo__models__models__csv_script_model.py.after.py,second_isolated_migrations_artifacts/visivo-io__visivo/79e5f0d813180c8c0893ef02c41fc05b6499076a/visivo__models__models__csv_script_model.py.patch,Yes,exact_match,complete,IO boundary,IO boundary,76
visivo-io__visivo__79e5f0d813180c8c0893ef02c41fc05b6499076a__003,visivo-io/visivo,79e5f0d813180c8c0893ef02c41fc05b6499076a,visivo/models/sources/sqlalchemy_source.py,visivo__models__sources__sqlalchemy_source.py,second_isolated_migrations_artifacts/visivo-io__visivo/79e5f0d813180c8c0893ef02c41fc05b6499076a/visivo__models__sources__sqlalchemy_source.py.before.py,second_isolated_migrations_artifacts/visivo-io__visivo/79e5f0d813180c8c0893ef02c41fc05b6499076a/visivo__models__sources__sqlalchemy_source.py.after.py,second_isolated_migrations_artifacts/visivo-io__visivo/79e5f0d813180c8c0893ef02c41fc05b6499076a/visivo__models__sources__sqlalchemy_source.py.patch,Yes,exact_match,complete,Other / Manual,Other / Manual,25
visivo-io__visivo__79e5f0d813180c8c0893ef02c41fc05b6499076a__004,visivo-io/visivo,79e5f0d813180c8c0893ef02c41fc05b6499076a,visivo/query/aggregator.py,visivo__query__aggregator.py,second_isolated_migrations_artifacts/visivo-io__visivo/79e5f0d813180c8c0893ef02c41fc05b6499076a/visivo__query__aggregator.py.before.py,second_isolated_migrations_artifacts/visivo-io__visivo/79e5f0d813180c8c0893ef02c41fc05b6499076a/visivo__query__aggregator.py.after.py,second_isolated_migrations_artifacts/visivo-io__visivo/79e5f0d813180c8c0893ef02c41fc05b6499076a/visivo__query__aggregator.py.patch,Yes,exact_match,complete,Other / Manual,Other / Manual,47
y9c__metagene__413a84a293cde0904d895c21f9f4481795abce35__001,y9c/metagene,413a84a293cde0904d895c21f9f4481795abce35,metagene/overlap.py,metagene__overlap.py,second_isolated_migrations_artifacts/y9c__metagene/413a84a293cde0904d895c21f9f4481795abce35/metagene__overlap.py.before.py,second_isolated_migrations_artifacts/y9c__metagene/413a84a293cde0904d895c21f9f4481795abce35/metagene__overlap.py.after.py,second_isolated_migrations_artifacts/y9c__metagene/413a84a293cde0904d895c21f9f4481795abce35/metagene__overlap.py.patch,Yes,exact_match,complete,Aggregation & joins,Aggregation & joins,246
