snippet_id,exclude,pandas_code,detected_pandas_apis,silver_target_polars_apis,gold_detected_pandas_apis,gold_target_polars_apis,num_silver_target,generated_polars_code,reference_polars_code,generated_polars_apis,reference_polars_apis,syntactically_valid,has_polars_import,no_pandas_leakage,code_not_empty,api_recall,api_precision,api_f1,silver_score,silver_label
05afd878_evaluate_coassembly_edges,,"import pandas as pd

    elusive_edges[""sample1""] = elusive_edges[""sample1""].apply(lambda x: re.sub(r""\.1$"", """", x))
    elusive_edges[""sample2""] = elusive_edges[""sample2""].apply(lambda x: re.sub(r""\.1$"", """", x))
    elusive_edges = (elusive_edges
        .set_index(""sample1"")
        .join(elusive_clusters)
        .reset_index()
        .rename(columns={""index"": ""sample1""})
        .set_index(""sample2"")
        .join(elusive_clusters, rsuffix=""2"")
        .reset_index()
        .rename(columns={""index"": ""sample2""})
        )
    coassembly_edges = elusive_edges[elusive_edges[""coassembly""] == elusive_edges[""coassembly2""]].copy()
    coassembly_edges[""target""] = coassembly_edges[""target_ids""].str.split("","")
    coassembly_edges = coassembly_edges.explode(""target"").drop_duplicates([""target"", ""coassembly""]).set_index(""target"")[[""coassembly""]]","pandas.DataFrame.copy,pandas.DataFrame.drop_duplicates,pandas.DataFrame.explode,pandas.DataFrame.join,pandas.DataFrame.rename,pandas.DataFrame.reset_index,pandas.DataFrame.set_index,pandas.Series.apply","polars.DataFrame.unique,polars.DataFrame.join,polars.DataFrame.rename,polars.Series.clone","pandas.DataFrame.drop_duplicates,pandas.DataFrame.explode,pandas.DataFrame.join,pandas.DataFrame.rename,pandas.DataFrame.reset_index,pandas.DataFrame.set_index,pandas.Series.apply,pandas.DataFrame.copy","polars.DataFrame.unique,polars.DataFrame.join,polars.DataFrame.rename,polars.Series.clone",4,"import re
import polars as pl

elusive_edges = elusive_edges.with_columns(
    pl.col(""sample1"").str.replace(r""\.1$"", """").alias(""sample1""),
    pl.col(""sample2"").str.replace(r""\.1$"", """").alias(""sample2""),
)

elusive_edges = (
    elusive_edges
    .join(elusive_clusters, left_on=""sample1"", right_on=""index"")
    .join(elusive_clusters, left_on=""sample2"", right_on=""index"", suffix=""2"")
)

coassembly_edges = elusive_edges.filter(
    pl.col(""coassembly"") == pl.col(""coassembly2"")
).clone()
coassembly_edges = coassembly_edges.with_columns(
    pl.col(""target_ids"").str.split("","").alias(""target"")
).explode(""target"").unique(subset=[""target"", ""coassembly""])
coassembly_edges = coassembly_edges.select([""target"", ""coassembly""])","    sample_coassemblies = elusive_clusters.select(
        pl.col(""samples"").str.split("",""),
        ""coassembly""
    ).explode(""samples"")

    coassembly_edges = elusive_edges.with_columns(
        pl.col(""sample1"").str.replace(r""\.1$"", """"),
        pl.col(""sample2"").str.replace(r""\.1$"", """"),
    ).join(
        sample_coassemblies, left_on=""sample1"", right_on=""samples"", how=""left""
    ).join(
        sample_coassemblies, left_on=""sample2"", right_on=""samples"", how=""left"", suffix=""2""
    ).filter(
        pl.col(""coassembly"") == pl.col(""coassembly2"")
    ).with_columns(
        pl.col(""target_ids"").str.split("","").alias(""target"")
    ).explode(""target""
    ).select([""target"", ""coassembly""]
    ).unique()",polars.col,polars.col,1,1,1,1,1.0,1.0,1.0,1.0,pass
05afd878_evaluate_combined,,"import pandas as pd

    combined_otu_table = recovered_otu_table.set_index([""coassembly"", ""gene"", ""sequence""])[[""genome"", ""taxonomy""]].join(haystack_otu_table, how=""outer"", rsuffix=""old"").reset_index()
    combined_otu_table[""taxonomy""] = combined_otu_table[""taxonomy""].combine(combined_otu_table[""taxonomyold""], lambda a,b: a if not pd.isna(a) else b)
    combined_otu_table = combined_otu_table.drop(""taxonomyold"", axis=1)
    combined_otu_table = combined_otu_table[combined_otu_table[""coassembly""].isin(recovered_coassemblies)]
    combined_otu_table = combined_otu_table[combined_otu_table[""genome""].notnull() | combined_otu_table[""target""].notnull()]","pandas.DataFrame.drop,pandas.DataFrame.join,pandas.DataFrame.reset_index,pandas.DataFrame.set_index,pandas.Series.combine,pandas.Series.isin,pandas.Series.notnull,pandas.isna","polars.DataFrame.join,polars.Series.is_in,polars.Series.is_not_null,polars.Expr.is_null","pandas.DataFrame.join,pandas.DataFrame.reset_index,pandas.Series.combine,pandas.Series.isin,pandas.Series.notnull,pandas.isna, pandas.DataFrame.set_index, pandas.DataFrame.drop","polars.DataFrame.join,polars.Series.is_in,polars.Series.is_not_null,polars.Expr.is_null",4,"import polars as pl

combined_otu_table = (
    recovered_otu_table.select([""coassembly"", ""gene"", ""sequence"", ""genome"", ""taxonomy""])
    .join(haystack_otu_table, on=[""coassembly"", ""gene"", ""sequence""], how=""outer"", suffix=""old"")
    .with_columns(
        pl.when(pl.col(""taxonomy"").is_not_null())
        .then(pl.col(""taxonomy""))
        .otherwise(pl.col(""taxonomyold""))
        .alias(""taxonomy"")
    )
    .drop(""taxonomyold"")
    .filter(pl.col(""coassembly"").is_in(recovered_coassemblies))
    .filter(pl.col(""genome"").is_not_null() | pl.col(""target"").is_not_null())
)","    combined_otu_table = recovered_otu_table.join(
        haystack_otu_table, on=[""coassembly"", ""gene"", ""sequence""], how=""outer"", suffix=""old""
    ).select(
        ""coassembly"", ""gene"", ""sequence"", ""genome"", ""target"", ""found_in"",
        pl.when(pl.col(""taxonomy"").is_null())
        .then(pl.col(""taxonomyold""))
        .otherwise(pl.col(""taxonomy""))
        .alias(""taxonomy""),
    ).filter(
        (pl.col(""coassembly"").is_in(pl.lit(recovered_otu_table[""coassembly""]))) &
        ((pl.col(""genome"").is_not_null()) | (pl.col(""target"").is_not_null()))
    )","polars.when,polars.col","polars.when,polars.col,polars.lit",1,1,1,1,0.667,1.0,0.8,0.834,pass
05afd878_evaluate_nontarget,,"import pandas as pd

    binned_otu_table[""sample""] = binned_otu_table[""sample""].apply(lambda x: re.sub(r""\.1$"", """", x))
    nontarget_otu_table = (binned_otu_table
        .set_index([""sample""])[[""gene"", ""sequence"", ""taxonomy"", ""found_in""]]
        .join(elusive_clusters)
        .dropna(subset=[""coassembly""])
        .drop_duplicates()
        .set_index([""coassembly"", ""gene"", ""sequence""])
        )
    nontarget_otu_table[""target""] = None

    haystack_otu_table = pd.concat([elusive_otu_table, nontarget_otu_table])","pandas.DataFrame.drop_duplicates,pandas.DataFrame.dropna,pandas.DataFrame.join,pandas.DataFrame.set_index,pandas.Series.apply,pandas.concat","polars.DataFrame.unique,polars.DataFrame.drop_nulls,polars.DataFrame.join,polars.concat","pandas.DataFrame.drop_duplicates,pandas.DataFrame.dropna,pandas.DataFrame.join,pandas.DataFrame.set_index,pandas.Series.apply,pandas.concat","polars.DataFrame.unique,polars.DataFrame.drop_nulls,polars.DataFrame.join,polars.concat",4,"import re
import polars as pl

binned_otu_table = binned_otu_table.with_columns(
    pl.col(""sample"").cast(pl.Utf8).str.replace(r""\.1$"", """").alias(""sample"")
)
nontarget_otu_table = (
    binned_otu_table.select([""sample"", ""gene"", ""sequence"", ""taxonomy"", ""found_in""])
    .join(elusive_clusters, on=""sample"")
    .drop_nulls(subset=[""coassembly""])
    .unique(maintain_order=True)
)
nontarget_otu_table = nontarget_otu_table.with_columns(pl.lit(None).alias(""target""))

haystack_otu_table = pl.concat([elusive_otu_table, nontarget_otu_table], how=""diagonal_relaxed"")","    nontarget_otu_table = binned_otu_table.select([
        pl.col(""sample"").str.replace(r""\.1$"", """"),
        ""gene"", ""sequence"", ""taxonomy"", ""found_in""
    ]).join(
        sample_coassemblies, left_on=""sample"", right_on=""samples"", how=""left""
    ).drop(""sample""
    ).drop_nulls(""coassembly""
    ).unique(
    ).with_columns(
        pl.lit(None).cast(str).alias(""target"")
    )

    haystack_otu_table = pl.concat([elusive_otu_table, nontarget_otu_table])","polars.col,polars.Utf8,polars.lit,polars.concat","polars.col,polars.lit,polars.concat",1,1,1,1,1.0,0.75,0.857,1.0,pass
05afd878_evaluate_unbinned,,"import pandas as pd

    unbinned_otu_table = unbinned_otu_table.groupby([""gene"", ""sequence""]).first()[[""target"", ""taxonomy""]].reset_index()
    unbinned_otu_table.dropna(inplace=True)
    unbinned_otu_table[""target""] = unbinned_otu_table[""target""].astype(str)","DataFrameGroupBy.first,pandas.DataFrame.dropna,pandas.DataFrame.groupby,pandas.DataFrame.reset_index,pandas.Series.astype",polars.Series.cast,"pandas.DataFrame.groupby,
DataFrameGroupBy.first,
pandas.DataFrame.reset_index,
pandas.DataFrame.dropna,
pandas.Series.astype",polars.Series.cast,1,"import polars as pl

unbinned_otu_table = (
    unbinned_otu_table.group_by([""gene"", ""sequence""]).agg(pl.all().first()).select([""gene"", ""sequence"", ""target"", ""taxonomy""])
)
unbinned_otu_table = unbinned_otu_table.drop_nulls()
unbinned_otu_table = unbinned_otu_table.with_columns(pl.col(""target"").cast(pl.Utf8))","    unbinned_otu_table = unbinned_otu_table.select([
        ""gene"", ""sequence"",
        pl.first(""target"").over([""gene"", ""sequence""]).cast(str),
        pl.first(""taxonomy"").over([""gene"", ""sequence""]),
    ]).unique().drop_nulls()","polars.all,polars.col,polars.Utf8",polars.first,1,1,1,1,0.0,0.0,0.0,0.5,partial
1f8af3a3_target_elusive_sample_pairs,,"import pandas as pd

    sample_pairs = (unbinned
        .groupby(""target"")
        .apply(find_pairs)
        .to_frame(""sample_pairs"")
        .explode(""sample_pairs"")
        .dropna(subset = ""sample_pairs"")
        .join(taxonomy)
        .reset_index()
        )
    sample_pairs[""taxa_group""] = sample_pairs[""taxonomy""].apply(get_taxa_group)
    sample_pairs = sample_pairs.dropna(subset = ""taxa_group"")","DataFrameGroupBy.apply,pandas.DataFrame.dropna,pandas.DataFrame.explode,pandas.DataFrame.groupby,pandas.DataFrame.join,pandas.DataFrame.reset_index,pandas.Series.apply,pandas.Series.to_frame","polars.DataFrame.drop_nulls,polars.DataFrame.explode,polars.DataFrame.join","pandas.DataFrame.groupby,
DataFrameGroupBy.apply,
pandas.Series.to_frame,
pandas.DataFrame.explode,
pandas.DataFrame.dropna,
pandas.DataFrame.join,
pandas.DataFrame.reset_index,
pandas.Series.apply","polars.DataFrame.drop_nulls,polars.DataFrame.explode,polars.DataFrame.join",3,"import polars as pl

sample_pairs = (
    unbinned
    .group_by(""target"")
    .map_groups(lambda df: pl.DataFrame({
        ""target"": [df[""target""][0]],
        ""sample_pairs"": [find_pairs(df.to_pandas())],
    }))
    .explode(""sample_pairs"")
    .drop_nulls(subset=[""sample_pairs""])
    .sort(""target"")
    .join(taxonomy, on=""target"", how=""left"")
)

sample_pairs = sample_pairs.with_columns(
    pl.col(""taxonomy"").map_elements(get_taxa_group).alias(""taxa_group"")
)

sample_pairs = sample_pairs.drop_nulls(subset=[""taxa_group""])","    sample_pairs = unbinned.join(unbinned, how=""cross"", suffix=""_2""
    ).filter(
        (pl.col(""target"") == pl.col(""target_2"")) &
        (pl.col(""sample"").str.encode(""hex"") < pl.col(""sample_2"").str.encode(""hex"")) &
        (pl.col(""coverage"") + pl.col(""coverage_2"") > MIN_COASSEMBLY_COVERAGE)
    ).with_columns(
        pl.col(""taxonomy"").str.split(TAXA_LEVEL_SEP).arr.get(TAXA_LEVEL_OF_INTEREST).alias(""taxa_group""),
    ).filter(
        (pl.col(""taxa_group"").is_not_null()) &
        ((TAXA_OF_INTEREST == """") |
        (pl.col(""taxa_group"") == TAXA_OF_INTEREST))
    )","polars.DataFrame,polars.col",polars.col,1,1,1,1,1.0,0.5,0.667,1.0,pass
1f8af3a3_target_elusive_sparse_edges,,"import pandas as pd

    sparse_edges = (sample_pairs
        .groupby([""taxa_group"", ""sample_pairs""])[""target""]
        .agg([""count"", lambda x: "","".join(sorted(x))])
        .reset_index()
        )
    sparse_edges.rename(columns = {""count"": ""weight"", ""<lambda_0>"": ""target_ids""}, inplace=True)","SeriesGroupBy.agg,pandas.DataFrame.groupby,pandas.DataFrame.rename,pandas.DataFrame.reset_index",,"pandas.DataFrame.groupby,
SeriesGroupBy.agg,
pandas.DataFrame.reset_index,
pandas.DataFrame.rename",,0,"import polars as pl

sparse_edges = (
    sample_pairs
    .group_by([""taxa_group"", ""sample_pairs""])
    .agg([
        pl.col(""target"").count().alias(""count""),
        pl.col(""target"").sort().map_elements(lambda x: "","".join(x), return_dtype=pl.Utf8).alias(""<lambda_0>"")
    ])
)
sparse_edges.rename({""count"": ""weight"", ""<lambda_0>"": ""target_ids""})","    sparse_edges = sample_pairs.groupby([
        ""taxa_group"", ""sample"", ""sample_2""
    ]).agg([
        pl.count().alias(""weight"").cast(int),
        pl.col(""target"").sort().str.concat("","").alias(""target_ids"")
    ]).select([
        ""taxa_group"", ""weight"", ""target_ids"",
        pl.col(""sample"").alias(""sample1""),
        pl.col(""sample_2"").alias(""sample2"")
    ])","polars.col,polars.Utf8","polars.count,polars.col",1,1,1,1,0.5,0.5,0.5,0.75,pass
1f8af3a3_target_elusive_unbinned,,"import pandas as pd

    unbinned.drop([""found_in""], axis=1, errors=""ignore"", inplace=True)
    unbinned[""target""] = unbinned.groupby([""gene"", ""sequence""]).ngroup()
    unbinned[""target""] = unbinned[""target""].astype(str)

    taxonomy = unbinned.groupby(""target"")[""taxonomy""].first()","DataFrameGroupBy.ngroup,pandas.DataFrame.drop,pandas.DataFrame.groupby,pandas.Series.astype,pandas.SeriesGroupBy.first",polars.Series.cast,"pandas.DataFrame.drop,
pandas.DataFrame.groupby,
DataFrameGroupBy.ngroup,
pandas.Series.astype,
SeriesGroupBy.first",polars.Series.cast,1,"import polars as pl

unbinned = unbinned.drop([""found_in""], strict=False)
unbinned = unbinned.with_columns(
    pl.int_range(0, unbinned.select(pl.struct([""gene"", ""sequence""]).n_unique()).item()).alias(""_target_id"")
)

_target_map = (
    unbinned.select([""gene"", ""sequence""])
    .unique()
    .sort([""gene"", ""sequence""])
    .with_row_index(""target"")
)

unbinned = (
    unbinned.drop(""_target_id"", strict=False)
    .join(_target_map, on=[""gene"", ""sequence""], how=""left"")
    .with_columns(pl.col(""target"").cast(pl.Utf8))
)

taxonomy = unbinned.group_by(""target"").agg(pl.col(""taxonomy"").first())","    unbinned = unbinned.drop(""found_in""
    ).with_row_count(""target""
    ).select(
        ""gene"", ""sample"", ""sequence"", ""num_hits"", ""coverage"", ""taxonomy"",
        pl.first(""target"").over([""gene"", ""sequence""]).rank(""dense"") - 1,
    ).with_columns(
        pl.col(""target"").cast(pl.Utf8)
    )","polars.int_range,polars.struct,polars.col,polars.Utf8","polars.first,polars.col,polars.Utf8",1,1,1,1,0.667,0.5,0.572,0.834,pass
83c12695_collect_filter,,"import pandas as pd

    appraise_binned[""sample""] = appraise_binned[""sample""].str.replace(""\.1$"", """", regex=True)
    appraise_binned = appraise_binned[appraise_binned[""sample""] == sample]",,,"pandas.Series.str.replace,
pandas.DataFrame.__getitem__",,0,"import polars as pl

appraise_binned = appraise_binned.with_columns(
    pl.col(""sample"").str.replace(r""\.1$"", """").alias(""sample"")
)
appraise_binned = appraise_binned.filter(pl.col(""sample"") == sample)","    appraise_binned = appraise_binned.with_columns(
        pl.col(""sample"").str.replace(""\.1$"", """")
    ).filter(
        pl.col(""sample"") == sample
    )",polars.col,polars.col,1,1,1,1,1.0,1.0,1.0,1.0,pass
83c12695_collect_pivot,,"import pandas as pd

    appraise_binned[""found_in""] = appraise_binned[""found_in""].str.split("","")
    appraise_binned = appraise_binned.explode(""found_in"")
    appraise_binned[""found_in""] = appraise_binned[""found_in""].str.replace(""_protein$"", """", regex=True)

    trimmed_binned = (appraise_binned.groupby([""gene"", ""found_in""])[""coverage""]
        .sum()
        .reset_index()
        .pivot(index=""gene"", columns=""found_in"", values=""coverage"")
        .reset_index()
        .melt(id_vars=""gene"")
        .fillna(0)
        .groupby(""found_in"")[""value""]
        .apply(trimmed_mean)
        .reset_index()
        )
    reference_bins = set(trimmed_binned[trimmed_binned[""value""] > 0][""found_in""].to_list())","SeriesGroupBy.apply,SeriesGroupBy.sum,pandas.DataFrame.fillna,pandas.DataFrame.groupby,pandas.DataFrame.melt,pandas.DataFrame.pivot,pandas.DataFrame.reset_index,pandas.Series.to_list","polars.DataFrame.group_by,polars.DataFrame.unpivot,polars.DataFrame.pivot,polars.Series.to_list","pandas.Series.str.split,
pandas.DataFrame.explode,
pandas.Series.str.replace,
pandas.DataFrame.groupby,
SeriesGroupBy.sum,
pandas.Series.reset_index,
pandas.DataFrame.pivot,
pandas.DataFrame.reset_index,
pandas.DataFrame.melt,
pandas.DataFrame.fillna,
SeriesGroupBy.apply,
pandas.Series.to_list","polars.DataFrame.group_by,polars.DataFrame.unpivot,polars.DataFrame.pivot,polars.Series.to_list",4,"import polars as pl

appraise_binned = appraise_binned.with_columns(
    pl.col(""found_in"").str.split("","")
).explode(""found_in"").with_columns(
    pl.col(""found_in"").str.replace(r""_protein$"", """")
)

trimmed_binned = (
    appraise_binned.group_by([""gene"", ""found_in""])
    .agg(pl.col(""coverage"").sum())
    .pivot(index=""gene"", on=""found_in"", values=""coverage"")
    .unpivot(index=""gene"")
    .fill_null(0)
    .group_by(""found_in"")
    .agg(
        pl.col(""value"")
        .implode()
        .map_elements(lambda x: trimmed_mean(pl.Series(x)))
        .alias(""value"")
    )
)

reference_bins = set(
    trimmed_binned.filter(pl.col(""value"") > 0)
    .get_column(""found_in"")
    .to_list()
)","    reference_bins = appraise_binned.with_columns(
        pl.col(""found_in"").str.split("","")
    ).explode(
        ""found_in""
    ).with_columns(
        pl.col(""found_in"").str.replace(""_protein$"", """")
    ).groupby(
        [""gene"", ""found_in""]
    ).agg(
        pl.col(""coverage"").sum()
    ).pivot(
        values=""coverage"", index=""gene"", columns=""found_in"",
    ).melt(
        id_vars=""gene"", variable_name=""found_in"", value_name=""coverage""
    ).fill_null(0
    ).groupby(
        ""found_in""
    ).agg(
        (pl.col(""coverage"").len() * TRIM_FRACTION).floor().cast(int).alias(""cut""),
        pl.col(""coverage"")
    ).with_columns(
        pl.col(""coverage"").arr.sort().arr.slice(
            pl.col(""cut""), pl.col(""coverage"").arr.lengths() - 2 * pl.col(""cut"")
        ).arr.mean()
    ).filter(
        pl.col(""coverage"") > 0
    ).get_column(""found_in""
    ).to_list()
    return set(reference_bins)","polars.col,polars.Series",polars.col,1,1,1,1,1.0,0.5,0.667,1.0,pass
92e35040_query_appraised,,"import pandas as pd

    appraised = (query_read
        .rename(columns = {""marker"": ""gene"", ""query_name"":""sample"", ""query_sequence"": ""sequence"", ""sample"": ""found_in""})
        .drop([""taxonomy"", ""num_hits"", ""coverage""], axis=1, errors=""ignore"")
        .set_index([""gene"", ""sample"", ""sequence""])
        .join(pipe_read.set_index([""gene"", ""sample"", ""sequence""]), on = [""gene"", ""sample"", ""sequence""], how = ""inner"")
        .reset_index()
        .groupby([""gene"", ""sample"", ""sequence"", ""num_hits"", ""coverage"", ""taxonomy"", ""divergence""])[""found_in""]
        .agg(lambda x: "","".join(sorted(x)))
        .reset_index()
        )","SeriesGroupBy.agg,pandas.DataFrame.drop,pandas.DataFrame.groupby,pandas.DataFrame.join,pandas.DataFrame.rename,pandas.DataFrame.reset_index,pandas.DataFrame.set_index","polars.DataFrame.drop,polars.DataFrame.group_by,polars.DataFrame.join","detected_pandas_apis =
pandas.DataFrame.rename,
pandas.DataFrame.drop,
pandas.DataFrame.set_index,
pandas.DataFrame.join,
pandas.DataFrame.reset_index,
pandas.DataFrame.groupby,
SeriesGroupBy.agg,
pandas.Series.reset_index","polars.DataFrame.drop,polars.DataFrame.group_by,polars.DataFrame.join",3,"import polars as pl

appraised = (
    query_read
    .rename({""marker"": ""gene"", ""query_name"": ""sample"", ""query_sequence"": ""sequence"", ""sample"": ""found_in""})
    .drop([""taxonomy"", ""num_hits"", ""coverage""], strict=False)
    .join(pipe_read, on=[""gene"", ""sample"", ""sequence""], how=""inner"")
    .group_by([""gene"", ""sample"", ""sequence"", ""num_hits"", ""coverage"", ""taxonomy"", ""divergence""])
    .agg(pl.col(""found_in"").sort().str.concat("",""))
)","    appraised = query_read.rename(
        {""marker"": ""gene"", ""query_name"":""sample"", ""query_sequence"": ""sequence"", ""sample"": ""found_in""}
    ).drop([
        ""taxonomy"", ""num_hits"", ""coverage""
    ]).join(
        pipe_read, on=[""gene"", ""sample"", ""sequence""], how=""inner""
    ).groupby(
        [""gene"", ""sample"", ""sequence"", ""num_hits"", ""coverage"", ""taxonomy"", ""divergence""]
    ).agg(
        pl.col(""found_in"").sort().str.concat("","")
    ).with_columns(
        pl.col(""divergence"").alias(""binned"") <= ((1 - SEQUENCE_IDENTITY) * WINDOW_SIZE)
    )",polars.col,polars.col,1,1,1,1,1.0,1.0,1.0,1.0,pass
92e35040_query_binned_unbinned,,"import pandas as pd

def before_binned_unbinned(
    appraised: pd.DataFrame,
    pipe_read: pd.DataFrame,
    output_columns: list,
) -> tuple:
    binned = (appraised[appraised[""binned""]]
              .drop([""divergence"",""binned""], axis=1)
              .reset_index(drop=True))
    unbinned = pipe_read.join(
        appraised.set_index(output_columns[0:-1]),
        on=output_columns[0:-1],
    )
    unbinned = (unbinned[~unbinned[""binned""].fillna(False)]
                .drop([""divergence"",""binned""], axis=1)
                .reset_index(drop=True))
    unbinned[""found_in""] = None
    return binned, unbinned
","pandas.DataFrame,pandas.DataFrame.drop,pandas.DataFrame.join,pandas.DataFrame.reset_index,pandas.DataFrame.set_index,pandas.Series.fillna","polars.DataFrame,polars.Series.fill_null","pandas.DataFrame,pandas.DataFrame.drop,pandas.DataFrame.join,pandas.DataFrame.reset_index,pandas.DataFrame.set_index,pandas.Series.fillna","polars.DataFrame,polars.Series.fill_null",2,"import polars as pl

def before_binned_unbinned(
    appraised: pl.DataFrame,
    pipe_read: pl.DataFrame,
    output_columns: list,
) -> tuple:
    binned = (
        appraised.filter(pl.col(""binned""))
        .drop([""divergence"", ""binned""])
    )
    unbinned = pipe_read.join(
        appraised,
        on=output_columns[0:-1],
    )
    unbinned = (
        unbinned.filter(~pl.col(""binned"").fill_null(False))
        .drop([""divergence"", ""binned""])
    )
    unbinned = unbinned.with_columns(pl.lit(None).alias(""found_in""))
    return binned, unbinned","    binned = appraised.filter(pl.col(""binned"")).drop([""divergence"", ""binned""])
    unbinned = pipe_read.join(
        appraised, on=[""gene"", ""sample"", ""sequence"", ""num_hits"", ""coverage"", ""taxonomy""], how=""left""
    ).filter(~pl.col(""binned"").fill_null(False)
    ).drop([""divergence"", ""binned""]
    ).with_columns(
        pl.lit(None).cast(str).alias(""found_in"")
    )","polars.DataFrame,polars.col,polars.lit","polars.col,polars.lit",1,1,1,1,1.0,0.667,0.8,1.0,pass
92e35040_query_write_csv,,"import pandas as pd

    first = True
    for binned, unbinned in outputs:
        binned.to_csv(binned_path, sep = ""\t"", mode = ""a"", header = first, index = False)
        unbinned.to_csv(unbinned_path, sep = ""\t"", mode = ""a"", header = first, index = False)
        first = False",pandas.DataFrame.to_csv,,pandas.DataFrame.to_csv,,0,"import polars as pl

first = True
for binned, unbinned in outputs:
    with open(binned_path, ""a"", encoding=""utf-8"") as f:
        binned.write_csv(f, include_header=first, separator=""\t"")
    with open(unbinned_path, ""a"", encoding=""utf-8"") as f:
        unbinned.write_csv(f, include_header=first, separator=""\t"")
    first = False","    with open(binned_path, ""ab"") as binned_file, open(unbinned_path, ""ab"") as unbinned_file:
        first = True
        for binned, unbinned in outputs:
            binned.write_csv(binned_file, sep=""\t"", has_header=first)
            unbinned.write_csv(unbinned_file, sep=""\t"", has_header=first)
            first = False",,,1,1,1,1,1.0,1.0,1.0,1.0,pass
a841955a_summarise_select,,"import pandas as pd

    summary = elusive_clusters[[""coassembly"", ""samples"", ""length"", ""total_targets"", ""total_size""]]",,,,,0,"import polars as pl

summary = elusive_clusters.select([""coassembly"", ""samples"", ""length"", ""total_targets"", ""total_size""])","    summary = (
        elusive_clusters
        .select(""coassembly"", ""samples"", ""length"", ""total_targets"", ""total_size"")
    )",,,1,1,1,1,1.0,1.0,1.0,1.0,pass
a841955a_summarise_unmapped,,"import pandas as pd

    read_size = pd.read_csv(snakemake.input.read_size, names = [""sample"", ""read_size""])
    read_sizes = read_size.set_index(""sample"").to_dict()[""read_size""]
    summary[""unmapped_size""] = summary[""samples""].apply(lambda x: sum([read_sizes[sample] for sample in x.split("","")]))","pandas.DataFrame.set_index,pandas.DataFrame.to_dict,pandas.Series.apply,pandas.read_csv","polars.DataFrame.to_dict,polars.read_csv","pandas.DataFrame.set_index,pandas.DataFrame.to_dict,pandas.Series.apply,pandas.read_csv","polars.DataFrame.to_dict,polars.read_csv",2,"import polars as pl

read_size = pl.read_csv(snakemake.input.read_size, columns=[""sample"", ""read_size""])
read_sizes = dict(zip(read_size[""sample""].to_list(), read_size[""read_size""].to_list()))
summary = summary.with_columns(
    pl.col(""samples"").map_elements(
        lambda x: sum([read_sizes[sample] for sample in x.split("","")]),
        return_dtype=pl.Int64,
    ).alias(""unmapped_size"")
)","    if read_size is not None:
        summary = (
            summary
            .with_columns(sample = pl.col(""samples"").str.split("",""))
            .explode(""sample"")
            .join(read_size, on=""sample"", how=""left"")
            .group_by(""coassembly"", ""samples"", ""length"", ""total_targets"", ""total_size"")
            .agg(unmapped_size = pl.sum(""read_size""))
        )","polars.read_csv,polars.col,polars.Int64","polars.col,polars.sum",1,1,1,1,0.5,0.333,0.4,0.75,pass
d90ed416_ibis_filter,,"import pandas as pd

        checkm_out = pd.read_csv(checkm_out_dict[coassembly], sep = ""\t"")
        passed_bins = checkm_out[(checkm_out[completeness_col] >= min_completeness) & (checkm_out[contamination_col] <= max_contamination)][""Bin Id""].to_list()","pandas.Series.to_list,pandas.read_csv","polars.Series.to_list,polars.read_csv","pandas.Series.to_list,pandas.read_csv","polars.Series.to_list,polars.read_csv",2,"import polars as pl

checkm_out = pl.read_csv(checkm_out_dict[coassembly], separator=""\t"")
passed_bins = checkm_out.filter(
    (pl.col(completeness_col) >= min_completeness)
    & (pl.col(contamination_col) <= max_contamination)
)[""Bin Id""].to_list()","        checkm_out = pl.read_csv(checkm_out_dict[coassembly], sep = ""\t"")
        passed_bins = checkm_out.filter(
            (pl.col(completeness_col) >= min_completeness) & (pl.col(contamination_col) <= max_contamination),
        ).get_column(""Bin Id""
        ).to_list()","polars.read_csv,polars.col","polars.read_csv,polars.col",1,1,1,1,1.0,1.0,1.0,1.0,pass
d90ed416_ibis_isin,,"import pandas as pd

        elusive_clusters = pd.read_csv(os.path.abspath(args.elusive_clusters), sep=""\t"")
        elusive_clusters = elusive_clusters[elusive_clusters[""coassembly""].isin(args.coassemblies)]","pandas.Series.isin,pandas.read_csv","polars.Series.is_in,polars.read_csv","pandas.Series.isin,pandas.read_csv","polars.Series.is_in,polars.read_csv",2,"import os
import polars as pl

elusive_clusters = pl.read_csv(os.path.abspath(args.elusive_clusters), separator=""\t"")
elusive_clusters = elusive_clusters.filter(pl.col(""coassembly"").is_in(args.coassemblies))","        elusive_clusters = pl.read_csv(os.path.abspath(args.elusive_clusters), sep=""\t"")
        elusive_clusters = elusive_clusters.filter(pl.col(""coassembly"").is_in(args.coassemblies))","polars.read_csv,polars.col","polars.read_csv,polars.col",1,1,1,1,1.0,1.0,1.0,1.0,pass
d90ed416_ibis_join,,"import pandas as pd

            old_cluster = pd.read_csv(cluster, sep=""\t"")
            comb_cluster = (
                new_cluster
                .set_index(""samples"")[[""coassembly""]]
                .join(old_cluster.set_index(""samples"")[[""length""]], how=""inner"")
                )
            if not comb_cluster.empty:
                comb_cluster.apply(lambda x: logging.warn(f""{x['coassembly']} has been previously suggested""), axis=1)","pandas.DataFrame.apply,pandas.DataFrame.empty,pandas.DataFrame.join,pandas.DataFrame.set_index,pandas.read_csv","polars.DataFrame.join,polars.read_csv","pandas.read_csv,
pandas.DataFrame.set_index,
pandas.DataFrame.join,
pandas.DataFrame.apply","polars.DataFrame.join,polars.read_csv",2,"import logging
import polars as pl

old_cluster = pl.read_csv(cluster, separator=""\t"")
comb_cluster = (
    new_cluster.select([""samples"", ""coassembly""])
    .join(old_cluster.select([""samples"", ""length""]), on=""samples"", how=""inner"")
)
if not comb_cluster.is_empty():
    for x in comb_cluster.iter_rows(named=True):
        logging.warn(f""{x['coassembly']} has been previously suggested"")","            old_cluster = pl.read_csv(cluster, sep=""\t"")
            comb_cluster = new_cluster.join(old_cluster, on=""samples"", how=""inner"")

            if comb_cluster.height > 0:
                _ = comb_cluster.select(
                    pl.col(""coassembly"").apply(lambda x: logging.warn(f""{x} has been previously suggested""))
                    )",polars.read_csv,"polars.read_csv,polars.col",1,1,1,1,0.5,1.0,0.667,0.75,pass
adjacency_create_matrix_loop,,"    for id in fp.index:
        nex = fp.loc[id][""toid""]
        try:
            ds_wb = network.loc[nex][""toid""]
        except KeyError:
            ...
        if isinstance(ds_wb, gpd.pd.Series):
            ds_wb = ds_wb.iloc[0]
        sorter.add(ds_wb, id)
        # mutations:
        network.loc[nex, ""toid""] = ds_wb
        network.loc[ds_wb, ""toid""] = np.nan
        fp.loc[ds_wb, ""toid""] = np.nan","pandas.DataFrame.index,pandas.DataFrame.loc,pandas.Series.iloc",,"pandas.DataFrame.index,
pandas.DataFrame.loc,
pandas.Series.iloc",,0,"import math
import polars as pl

fp_index = fp[""index""].to_list()
fp_toid = fp[""toid""].to_list()

network_index = network[""index""].to_list()
network_toid = network[""toid""].to_list()


def _first_match_toid(labels, values, label):
    for i, idx in enumerate(labels):
        if idx == label:
            return values[i]
    raise KeyError(label)


def _set_match_toid(labels, values, label, new_value):
    for i, idx in enumerate(labels):
        if idx == label:
            values[i] = new_value


for id in fp_index:
    nex = _first_match_toid(fp_index, fp_toid, id)
    try:
        ds_wb = _first_match_toid(network_index, network_toid, nex)
    except KeyError:
        ...
        continue
    if isinstance(ds_wb, list):
        ds_wb = ds_wb[0]
    sorter.add(ds_wb, id)
    # mutations:
    _set_match_toid(network_index, network_toid, nex, ds_wb)
    _set_match_toid(network_index, network_toid, ds_wb, math.nan)
    _set_match_toid(fp_index, fp_toid, ds_wb, math.nan)

fp = fp.with_columns(pl.Series(""toid"", fp_toid))
network = network.with_columns(pl.Series(""toid"", network_toid))","    fp_rows = fp.select([pl.col(""id""), pl.col(""toid"")]).collect()
    network_df = network.collect()
    network_lookup = dict(zip(network_df[""id""].to_list(), network_df[""toid""].to_list()))
    network_changes = []
    fp_changes = []
    for row in tqdm(fp_rows.iter_rows(), desc=""finding indices""):
        id_val = row[0]
        nex = row[1]
        ds_wb = network_lookup.get(nex)
        if ds_wb is None:
            ...
        network_changes.extend([(nex, ds_wb), (ds_wb, None)])
        fp_changes.append((ds_wb, None))
        sorter.add(ds_wb, id_val)
    # Apply all changes after loop
    if network_changes:
        network = network_df.with_columns([pl.col(""id"").map_elements(lambda x: changes_dict.get(x, ...), return_dtype=pl.String).alias(""toid"")])
    if fp_changes:
        fp = fp.with_columns([pl.col(""id"").map_elements(lambda x: fp_changes_dict.get(x, x), return_dtype=pl.String).alias(""toid"")]).collect()",polars.Series,"polars.col,polars.String",1,1,1,1,0.0,0.0,0.0,0.5,partial
adjacency_read_file_to_polars,,"    fp = gpd.read_file(args.pkg, layer=""flowpaths"").set_index(""id"")
    network = gpd.read_file(args.pkg, layer=""network"").set_index(""id"")",pandas.DataFrame.set_index,,pandas.DataFrame.set_index,,0,"import geopandas as gpd

fp = gpd.read_file(args.pkg, layer=""flowpaths"")
network = gpd.read_file(args.pkg, layer=""network"")","    namespace = ""hydrofabric""
    catalog = load_catalog(namespace)
    fp = catalog.load_table(""hydrofabric.flowpaths"").to_polars()
    network = catalog.load_table(""hydrofabric.network"").to_polars()",,,1,0,1,1,1.0,1.0,1.0,0.875,pass
774f17e7_mane_transcript_filter_row,,"import pandas as pd

        if df.empty:
            logger.warning(f""Unable to get transcripts from gene {gene}"")
            return None

        for tx_ac in prioritized_tx_acs:
            tmp_df = df.loc[df[""tx_ac""] == tx_ac].sort_values(""alt_ac"", ascending=False)
            row = tmp_df.iloc[0]
","pandas.DataFrame.empty,pandas.DataFrame.iloc,pandas.DataFrame.loc,pandas.DataFrame.sort_values","polars.DataFrame.is_empty,polars.DataFrame.filter,polars.Series.sort","pandas.DataFrame.empty,
pandas.DataFrame.loc,
pandas.DataFrame.sort_values,
pandas.DataFrame.iloc","polars.DataFrame.is_empty,polars.DataFrame.filter,polars.Series.sort",3,"import polars as pd

if df.is_empty():
    ...
tmp_df = df.filter(pd.col(""tx_ac"") == tx_ac).sort(""alt_ac"", descending=True)
row = tmp_df.row(0, named=True)","        if df.is_empty():
            ...
        tmp_df = df.filter(pl.col(""tx_ac"") == tx_ac).sort(
            by=""alt_ac"", descending=True
        )
        row = tmp_df[0].to_dicts()[0]",,polars.col,1,1,0,1,0.0,0.0,0.0,0.375,fail
774f17e7_mane_transcript_parse_ac,,"import pandas as pd

        copy_df[""ac_no_version_as_int""] = copy_df[""tx_ac""].apply(
            lambda x: int(x.split(""."")[0].split(""NM_"")[1])
        )
        copy_df[""ac_version""] = copy_df[""tx_ac""].apply(lambda x: x.split(""."")[1])
        copy_df = copy_df.sort_values(
            [""ac_no_version_as_int"", ""ac_version""], ascending=[False, False]
        )","pandas.DataFrame.sort_values,pandas.Series.apply",,"pandas.Series.apply,
pandas.DataFrame.sort_values",,0,"import polars as pl

copy_df = copy_df.with_columns(
    [
        pl.col(""tx_ac"")
        .str.split(""."")
        .list.get(0)
        .str.split(""NM_"")
        .list.get(1)
        .cast(pl.Int64)
        .alias(""ac_no_version_as_int""),
        pl.col(""tx_ac"")
        .str.split(""."")
        .list.get(1)
        .alias(""ac_version""),
    ]
)
copy_df = copy_df.sort(
    [""ac_no_version_as_int"", ""ac_version""], descending=[True, True]
)","        copy_df = copy_df.with_columns(
            [
                pl.col(""tx_ac"")
                .str.split(""."")
                .list.get(0)
                .str.split(""NM_"")
                .list.get(1)
                .cast(pl.Int64)
                .alias(""ac_no_version_as_int""),
                pl.col(""tx_ac"")
                .str.split(""."")
                .list.get(1)
                .cast(pl.Int16)
                .alias(""ac_version""),
            ]
        )
        copy_df = copy_df.sort(
            by=[""ac_no_version_as_int"", ""ac_version""], descending=[True, True]
        )","polars.col,polars.Int64","polars.col,polars.Int64,polars.Int16",1,1,1,1,0.667,1.0,0.8,0.834,pass
774f17e7_mane_mappings_filter_symbol,,"import pandas as pd

        data = self.df.loc[self.df[""symbol""] == gene_symbol.upper()]

        if len(data) == 0:
            logger.warning(f""Unable to get MANE Transcript data for gene: {gene_symbol}"")
            return None

        data = data.sort_values(""MANE_status"")
        return data.to_dict(""records"")
","pandas.DataFrame.loc,pandas.DataFrame.sort_values,pandas.DataFrame.to_dict","polars.DataFrame.sort,polars.DataFrame.to_dict","pandas.DataFrame.loc,pandas.DataFrame.sort_values,pandas.DataFrame.to_dict","polars.DataFrame.sort,polars.DataFrame.to_dict",2,"import polars as pl

data = self.df.filter(pl.col(""symbol"") == gene_symbol.upper())
...
data = data.sort(""MANE_status"")
return data.to_dicts()","        data = self.df.filter(pl.col(""symbol"") == gene_symbol.upper())
        ...
        data = data.sort(by=""MANE_status"", descending=False)
        return data.to_dicts()",polars.col,polars.col,1,1,1,1,1.0,1.0,1.0,1.0,pass
774f17e7_mane_mappings_genomic_filter,,"import pandas as pd

        mane_rows = self.df[
            (start >= self.df[""chr_start""].astype(int))
            & (end <= self.df[""chr_end""].astype(int))
            & (self.df[""GRCh38_chr""] == alt_ac)
        ]
        mane_rows = mane_rows.sort_values(""MANE_status"", ascending=False)
        return mane_rows.to_dict(""records"")","pandas.DataFrame.sort_values,pandas.Series.astype",polars.Series.cast,"pandas.Series.astype, 
pandas.DataFrame.sort_values,
pandas.DataFrame.to_dict",polars.Series.cast,1,"import polars as pl

mane_rows = self.df.filter(
    (start >= self.df[""chr_start""].cast(pl.Int64))
    & (end <= self.df[""chr_end""].cast(pl.Int64))
    & (self.df[""GRCh38_chr""] == alt_ac)
)
mane_rows = mane_rows.sort(""MANE_status"", descending=True)
return mane_rows.to_dicts()","        mane_rows = self.df.filter(
            (start >= pl.col(""chr_start""))
            & (end <= pl.col(""chr_end""))
            & (pl.col(""GRCh38_chr"") == alt_ac)
        )
        mane_rows = mane_rows.sort(by=""MANE_status"", descending=True)
        return mane_rows.to_dicts()",polars.Int64,polars.col,1,1,1,1,0.0,0.0,0.0,0.5,partial
774f17e7_mane_mappings_isin,,"import pandas as pd

    def get_mane_from_transcripts(self, transcripts: List[str]) -> List[Dict]:
        """"""Get mane transcripts from a list of transcripts

        :param List[str] transcripts: RefSeq transcripts on c. coordinate
        :return: MANE data
        """"""
        mane_rows = self.df[""RefSeq_nuc""].isin(transcripts)
        result = self.df[mane_rows]
        if len(result) == 0:
            return []
        return result.to_dict(""records"")
","pandas.DataFrame.to_dict,pandas.Series.isin","polars.DataFrame.to_dict,polars.Series.is_in","pandas.DataFrame.to_dict,pandas.Series.isin","polars.DataFrame.to_dict,polars.Series.is_in",2,"import polars as pl

mane_rows = self.df[""RefSeq_nuc""].is_in(transcripts)
result = self.df.filter(mane_rows)
if len(result) == 0:
    ...
return result.to_dicts()","        mane_rows = self.df.filter(pl.col(""RefSeq_nuc"").is_in(transcripts))
        if len(mane_rows) == 0:
            ...
        return mane_rows.to_dicts()",,polars.col,1,1,1,1,0.0,0.0,0.0,0.5,partial
774f17e7_mane_mappings_load,,"import pandas as pd

        return pd.read_csv(self.mane_data_path, delimiter=""\t"")",pandas.read_csv,polars.read_csv,pandas.read_csv,polars.read_csv,1,"import polars as pl

        return pl.read_csv(self.mane_data_path, separator=""\t"")","        return pl.read_csv(self.mane_data_path, separator=""\t"")",polars.read_csv,polars.read_csv,0,1,1,1,1.0,1.0,1.0,0.875,pass
774f17e7_uta_database_construct,,"import pandas as pd

        return pd.DataFrame(
            results, columns=[""pro_ac"", ""tx_ac"", ""alt_ac"", ""cds_start_i""]
        ).drop_duplicates()","pandas.DataFrame,pandas.DataFrame.drop_duplicates","polars.DataFrame,polars.DataFrame.unique","pandas.DataFrame,pandas.DataFrame.drop_duplicates","polars.DataFrame,polars.DataFrame.unique",2,"import polars as pl

        return pl.DataFrame(
            results, schema=[""pro_ac"", ""tx_ac"", ""alt_ac"", ""cds_start_i""]
        ).unique()","        results = [
            (r[""pro_ac""], r[""tx_ac""], r[""alt_ac""], r[""cds_start_i""]) for r in results
        ]
        return pl.DataFrame(
            results, schema=[""pro_ac"", ""tx_ac"", ""alt_ac"", ""cds_start_i""]
        ).unique()",polars.DataFrame,polars.DataFrame,0,1,1,1,1.0,1.0,1.0,0.875,pass
quant_trading_strategy_backtester_data_load_yfinance_data_two_tickers_migration,,"import pandas as pd

@st.cache_data
def load_yfinance_data_two_tickers(
    ticker1: str, ticker2: str, start_date: datetime.date, end_date: datetime.date
) -> pd.DataFrame:
    data1 = yf.download(ticker1, start=start_date, end=end_date)
    data2 = yf.download(ticker2, start=start_date, end=end_date)
    combined_data = pd.DataFrame({""Close_1"": data1[""Close""], ""Close_2"": data2[""Close""]})
    return combined_data
",pandas.DataFrame,polars.DataFrame,pandas.DataFrame,polars.DataFrame,1,"import polars as pl

@st.cache_data
def load_yfinance_data_two_tickers(
    ticker1: str, ticker2: str, start_date: datetime.date, end_date: datetime.date
) -> pl.DataFrame:
    data1 = yf.download(ticker1, start=start_date, end=end_date)
    data2 = yf.download(ticker2, start=start_date, end=end_date)
    combined_data = pl.DataFrame({""Close_1"": data1[""Close""].to_list(), ""Close_2"": data2[""Close""].to_list()})
    return combined_data","@st.cache_data
def load_yfinance_data_two_tickers(
    ticker1: str, ticker2: str, start_date: datetime.date, end_date: datetime.date
) -> pl.DataFrame:
    data1 = yf.download(ticker1, start=start_date, end=end_date)
    data2 = yf.download(ticker2, start=start_date, end=end_date)
    pl_data1 = pl.from_pandas(data1.reset_index()[[""Date"", ""Close""]])
    pl_data2 = pl.from_pandas(data2.reset_index()[[""Date"", ""Close""]])
    pl_data1 = pl_data1.rename({""Close"": ""Close_1""})
    pl_data2 = pl_data2.rename({""Close"": ""Close_2""})
    combined_data = pl_data1.join(pl_data2, on=""Date"", how=""outer"")
    return combined_data
",polars.DataFrame,"polars.DataFrame,polars.from_pandas",1,1,1,1,0.5,1.0,0.667,0.75,pass
quant_backtester_calculate_returns_migration,,"import pandas as pd

portfolio = pd.DataFrame(index=signals.index)
portfolio[""positions""] = signals[""positions""]

# Pairs trading
if ""Close_1"" in self.data.columns and ""Close_2"" in self.data.columns:
    portfolio[""asset_returns""] = (
        self.data[""Close_1""].pct_change() - self.data[""Close_2""].pct_change()
    )
# Single asset trading
elif ""Close"" in self.data.columns:
    portfolio[""asset_returns""] = self.data[""Close""].pct_change()
else:
    raise ValueError(""Data does not contain required 'Close' columns"")

portfolio[""strategy_returns""] = (
    portfolio[""positions""].shift(1) * portfolio[""asset_returns""]
)
# Handle potential NaN or inf values
portfolio[""strategy_returns""] = (
    portfolio[""strategy_returns""].replace([np.inf, -np.inf], np.nan).fillna(0)
)
portfolio[""cumulative_returns""] = (1 + portfolio[""strategy_returns""]).cumprod()
portfolio[""equity_curve""] = (
    self.initial_capital * portfolio[""cumulative_returns""]
)","pandas.DataFrame,pandas.DataFrame.columns,pandas.DataFrame.index,pandas.Series.cumprod,pandas.Series.fillna,pandas.Series.pct_change,pandas.Series.replace,pandas.Series.shift","polars.DataFrame,polars.Series.pct_change,polars.Series.replace,polars.Series.shift","pandas.DataFrame,
pandas.DataFrame.index,
pandas.DataFrame.columns,
pandas.Series.pct_change,
pandas.Series.shift,
pandas.Series.replace,
pandas.Series.fillna,
pandas.Series.cumprod","polars.DataFrame,polars.Series.pct_change,polars.Series.replace,polars.Series.shift",4,"import numpy as np
import polars as pl

portfolio = pl.DataFrame({""positions"": signals[""positions""]})

# Pairs trading
if ""Close_1"" in self.data.columns and ""Close_2"" in self.data.columns:
    portfolio = portfolio.with_columns(
        (
            self.data[""Close_1""].pct_change() - self.data[""Close_2""].pct_change()
        ).alias(""asset_returns"")
    )
# Single asset trading
elif ""Close"" in self.data.columns:
    portfolio = portfolio.with_columns(
        self.data[""Close""].pct_change().alias(""asset_returns"")
    )
else:
    raise ValueError(""Data does not contain required 'Close' columns"")

portfolio = portfolio.with_columns(
    (pl.col(""positions"").shift(1) * pl.col(""asset_returns"")).alias(""strategy_returns"")
)

# Handle potential NaN or inf values
portfolio = portfolio.with_columns(
    pl.col(""strategy_returns"")
    .replace({np.inf: np.nan, -np.inf: np.nan})
    .fill_nan(0)
    .alias(""strategy_returns"")
)

portfolio = portfolio.with_columns(
    (1 + pl.col(""strategy_returns"")).cum_prod().alias(""cumulative_returns"")
)

portfolio = portfolio.with_columns(
    (self.initial_capital * pl.col(""cumulative_returns"")).alias(""equity_curve"")
)","# Ensure 'Date' column is present in signals DataFrame
if ""Date"" not in signals.columns:
    raise ValueError(""'Date' column is missing from the signals DataFrame"")

# Pairs trading
if ""Close_1"" in self.data.columns and ""Close_2"" in self.data.columns:
    asset_returns = (
        self.data[""Close_1""] - self.data[""Close_1""].shift(1)
    ) / self.data[""Close_1""].shift(1) - (
        self.data[""Close_2""] - self.data[""Close_2""].shift(1)
    ) / self.data[""Close_2""].shift(1)
# Single asset trading
elif ""Close"" in self.data.columns:
    asset_returns = (
        self.data[""Close""] - self.data[""Close""].shift(1)
    ) / self.data[""Close""].shift(1)
else:
    raise ValueError(""Data does not contain required 'Close' columns"")

portfolio = signals.with_columns([
    pl.col(""positions""),
    asset_returns.alias(""asset_returns""),
    (pl.col(""positions"").shift(1) * asset_returns).alias(""strategy_returns""),
])

# Handle potential NaN or inf values
portfolio = portfolio.with_columns([
    pl.col(""strategy_returns"").replace({float(""inf""): None, float(""-inf""): None}).fill_null(0)
])

portfolio = portfolio.with_columns([
    (1 + pl.col(""strategy_returns"")).cum_prod().alias(""cumulative_returns""),
    (self.initial_capital * (1 + pl.col(""strategy_returns"")).cum_prod()).alias(""equity_curve""),
])","polars.DataFrame,polars.col",polars.col,1,1,1,1,1.0,0.5,0.667,1.0,pass
quant_backtester_performance_metrics_migration,,"import pandas as pd

total_return = self.results[""cumulative_returns""].iloc[-1] - 1

returns_mean = self.results[""strategy_returns""].mean()
returns_std = self.results[""strategy_returns""].std()
if returns_std != 0 and not np.isnan(returns_std):
    sharpe_ratio = np.sqrt(252) * returns_mean / returns_std
else:
    sharpe_ratio = np.nan

drawdowns = (
    self.results[""equity_curve""] / self.results[""equity_curve""].cummax() - 1
)
max_drawdown = drawdowns.min()","pandas.Series.cummax,pandas.Series.iloc,pandas.Series.mean,pandas.Series.min,pandas.Series.std","polars.Series.cum_max,polars.Series.mean,polars.Series.std","pandas.Series.iloc,
pandas.Series.mean,
pandas.Series.std,
pandas.Series.cummax,
pandas.Series.min","polars.Series.cum_max,polars.Series.mean,polars.Series.std",3,"import numpy as np
import polars as pl

total_return = self.results[""cumulative_returns""][-1] - 1

returns_mean = self.results[""strategy_returns""].mean()
returns_std = self.results[""strategy_returns""].std()
if returns_std != 0 and not np.isnan(returns_std):
    sharpe_ratio = np.sqrt(252) * returns_mean / returns_std
else:
    sharpe_ratio = np.nan

drawdowns = (
    self.results[""equity_curve""] / self.results[""equity_curve""].cum_max() - 1
)
max_drawdown = drawdowns.min()","total_return = self.results[""cumulative_returns""].tail(1)[0] - 1

returns_mean = self.results[""strategy_returns""].mean()
returns_std = self.results[""strategy_returns""].std()
if returns_std != 0 and not pl.Series([returns_std]).is_nan()[0]:
    sharpe_ratio = (252**0.5) * returns_mean / returns_std
else:
    sharpe_ratio = float(""nan"")

drawdowns = (
    self.results[""equity_curve""] / self.results[""equity_curve""].cum_max() - 1
)
max_drawdown = drawdowns.min()",,polars.Series,1,1,1,1,0.0,0.0,0.0,0.5,partial
b36214f9_preprocess_attrs_registry,,"import pandas as pd

def preprocess_dataframe(df: pd.DataFrame) -> pd.DataFrame:
    logger.info(
        f""Starting DataFrame preprocessing: {df.shape[0]} rows, {df.shape[1]} columns""
    )

    cleaned_columns, original_columns = clean_column_names(df)

    processed_df = df.copy()
    processed_df.columns = cleaned_columns

    processed_df.attrs[""original_columns""] = original_columns
    processed_df.attrs[""column_mapping""] = dict(zip(cleaned_columns, original_columns))

    logger.info(""DataFrame preprocessing completed successfully"")
    logger.debug(
        f""Column mapping created: {len(processed_df.attrs['column_mapping'])} entries""
    )

    return processed_df

def get_original_column_name(df: pd.DataFrame, cleaned_name: str) -> str:
    if hasattr(df, ""attrs"") and ""column_mapping"" in df.attrs:
        original_name = df.attrs[""column_mapping""].get(cleaned_name, cleaned_name)
        if original_name != cleaned_name:
            logger.debug(
                f""Retrieved original column name: '{cleaned_name}' -> '{original_name}'""
            )
        return original_name

    logger.debug(f""No column mapping found, returning cleaned name: '{cleaned_name}'"")
    return cleaned_name
","pandas.DataFrame,pandas.DataFrame.attrs,pandas.DataFrame.columns,pandas.DataFrame.copy,pandas.DataFrame.shape,pandas.Series.get",polars.Series.__getitem__,pandas.DataFrame.attrs,polars.Series.__getitem__,1,"import polars as pl

processed_df_metadata = {}
processed_df_metadata[""original_columns""] = original_columns
processed_df_metadata[""column_mapping""] = dict(zip(cleaned_columns, original_columns))
...
column_mapping = {}
if hasattr(df, ""attrs""):
    column_mapping = getattr(df, ""attrs"", {}).get(""column_mapping"", {})
if column_mapping:
    original_name = column_mapping.get(cleaned_name, cleaned_name)
else:
    original_name = cleaned_name","    _column_mapping_registry[id(processed_df)] = {
        ""original_columns"": original_columns,
        ""column_mapping"": dict(zip(cleaned_columns, original_columns)),
    }
    ...
    df_id = id(df)
    if df_id in _column_mapping_registry and ""column_mapping"" in _column_mapping_registry[df_id]:
        original_name = _column_mapping_registry[df_id][""column_mapping""].get(cleaned_name, cleaned_name)",,,1,1,1,1,1.0,1.0,1.0,1.0,pass
b36214f9_preprocess_columns_tolist,,"import pandas as pd

def clean_column_names(df: pd.DataFrame):
    original_columns = df.columns.tolist()
    cleaned_columns = []

    for i, col in enumerate(original_columns):
        if pd.isna(col) or col == """":
            cleaned_columns.append(f""column_{i}"")
        else:
            cleaned_columns.append(str(col))

    return cleaned_columns, original_columns
","pandas.DataFrame,pandas.DataFrame.columns,pandas.Index.to_list,pandas.isna",,"pandas.DataFrame,
pandas.DataFrame.columns,
pandas.Index.to_list,
pandas.isna",,0,"import polars as pl

original_columns = df.columns
...
pl.Series([col]).is_null()[0]","    original_columns = df.columns
    ...
            col is None",polars.Series,,1,1,1,1,1.0,1.0,1.0,1.0,pass
b36214f9_preprocess_shape_rename,,"import pandas as pd

def preprocess_dataframe(df: pd.DataFrame) -> pd.DataFrame:
    logger.info(
        f""Starting DataFrame preprocessing: {df.shape[0]} rows, {df.shape[1]} columns""
    )

    cleaned_columns, original_columns = clean_column_names(df)

    processed_df = df.copy()
    processed_df.columns = cleaned_columns

    processed_df.attrs[""original_columns""] = original_columns

    return processed_df
","pandas.DataFrame,pandas.DataFrame.attrs,pandas.DataFrame.columns,pandas.DataFrame.copy,pandas.DataFrame.shape",,"pandas.DataFrame,
pandas.DataFrame.shape,
pandas.DataFrame.copy,
pandas.DataFrame.columns,
pandas.DataFrame.attrs",,0,"import polars as pl

f""Starting DataFrame preprocessing: {df.height} rows, {df.width} columns""
processed_df = df.clone()
processed_df.columns = cleaned_columns","        f""Starting DataFrame preprocessing: {df.height} rows, {df.width} columns""
    ...
    column_mapping = dict(zip(original_columns, cleaned_columns))
    processed_df = df.rename(column_mapping)",,,1,1,1,1,1.0,1.0,1.0,1.0,pass
b36214f9_session_dropna_unique,,"import pandas as pd

        unique_values = database_info[""db""].dropna().unique()","pandas.Series.dropna,pandas.Series.unique","polars.Series.drop_nulls,polars.Series.unique","pandas.Series.dropna,pandas.Series.unique","polars.Series.drop_nulls,polars.Series.unique",2,"import polars as pl

unique_values = database_info[""db""].drop_nulls().unique(maintain_order=True)","        unique_values = (
            database_info.get_column(""db"")
            .drop_nulls()
            .unique()
            .to_list()
        )
        unique_values = [v for v in unique_values if v and str(v).strip()]",,,1,1,1,1,1.0,1.0,1.0,1.0,pass
b36214f9_session_read_csv,,"import pandas as pd
from io import StringIO

        database_info = pd.read_csv(StringIO(query_result))

        if database_info.empty or ""db"" not in database_info.columns:
            logger.warning(""No column information found in the RDF store"")
            return None

        unique_values = database_info[""db""].dropna().unique()
","pandas.DataFrame.columns,pandas.DataFrame.empty,pandas.Series.dropna,pandas.Series.unique,pandas.read_csv",,"pandas.read_csv,pandas.DataFrame.columns,pandas.DataFrame.empty,pandas.Series.dropna,pandas.Series.unique",,0,"import polars as pl
from io import StringIO

database_info = pl.read_csv(StringIO(query_result))
...
if database_info.is_empty() or ""db"" not in database_info.columns:","        database_info = pl.read_csv(
            StringIO(query_result),
            infer_schema_length=0,
            null_values=[],
            try_parse_dates=False,
        )
        ...
        if database_info.is_empty() or ""db"" not in database_info.columns:",polars.read_csv,polars.read_csv,0,1,1,1,1.0,1.0,1.0,0.875,pass
vnc_cmatrix_loc_filter_item,,"import pandas as pd

    def __convert_index_to_uid(
        self, index: int | list[int], axis: typing.Literal[""row"", ""column""] = ""row""
    ):
        if isinstance(index, int):
            index = [index]
        lookup = self.get_lookup()
        if axis == ""row"":
            uids = [lookup.loc[lookup[""row_index""] == id].uid.values[0] for id in index]
        elif axis == ""column"":
            uids = [
                lookup.loc[lookup[""column_index""] == id].uid.values[0] for id in index
            ]
        else:
            raise ValueError('The axis must be either ""row"" or ""column"".')
        return uids

    def __convert_index_to_bodyid(self, index, axis=""row""):
        if isinstance(index, int):
            index = [index]
        lookup = self.get_lookup()
        if axis == ""row"":
            body_ids = [
                lookup.loc[lookup[""row_index""] == id].body_id.values[0] for id in index
            ]
        elif axis == ""column"":
            body_ids = [
                lookup.loc[lookup[""column_index""] == id].body_id.values[0]
                for id in index
            ]
        else:
            raise ValueError('The axis must be either ""row"" or ""column"".')
        return body_ids

    def __get_uids_from_bodyids(self, body_ids: list[BodyId] | list[int]) -> list[UID]:
        lookup = self.get_lookup().copy()
        lookup = lookup[lookup[""body_id""].isin(body_ids)]
        missing = set(body_ids) - set(lookup[""body_id""].tolist())
        if len(missing) > 0:
            print(f""Warning: {len(missing)} body ids not found."")
        uids = lookup[""uid""].tolist()
        return uids
","pandas.DataFrame.copy,pandas.DataFrame.loc,pandas.Series.isin,pandas.Series.to_list,pandas.Series.values",,"pandas.DataFrame.loc,
pandas.Series.values,
pandas.DataFrame.copy,
pandas.Series.isin,
pandas.Series.to_list",,0,"import polars as pl

uids = [lookup.filter(pl.col(""row_index"") == id).select(""uid"").to_series()[0] for id in index]
...
lookup.filter(pl.col(""column_index"") == id).select(""uid"").to_series()[0] for id in index
...
body_ids = [lookup.filter(pl.col(""uid"") == id).select(""body_id"").to_series()[0] for id in uids]
...
lookup = self.get_lookup().clone()
lookup = lookup.filter(pl.col(""body_id"").is_in(body_ids))
missing = set(body_ids) - set(lookup[""body_id""].to_list())
uids = lookup[""uid""].to_list()","            uids = [lookup.filter(row_index=id).get_column(""uid"").item() for id in index]
            ...
            lookup.filter(column_index=id).get_column(""uid"").item() for id in index
            ...
        body_ids = [lookup.filter(uid=id)[0, ""body_id""] for id in uids]
        ...
        lookup = self.lookup.filter(pl.col(""body_id"").is_in(body_ids))
        missing = set(body_ids) - set(lookup[""body_id""].to_list())
        uids = lookup[""uid""].to_list()",polars.col,polars.col,0,1,1,1,1.0,1.0,1.0,0.875,pass
vnc_cmatrix_lookup_init,,"import pandas as pd

    def __init__(
        self,
        matrix: sc.sparse.csr_matrix,
        lookup: pd.DataFrame,
        CR: ConnectomeReader | None = None,
    ):
        if not sc.sparse.issparse(matrix):
            matrix = sc.sparse.csr_matrix(matrix)
        if not isinstance(matrix, sc.sparse.csr_matrix):
            matrix = matrix.tocsr()
        self.matrix = matrix

        if not isinstance(lookup, pd.DataFrame):
            raise ValueError(""The lookup must be a pandas dataframe."")

        lookup = lookup.copy()
        lookup[""row_index""] = lookup[""index""].values
        lookup[""column_index""] = lookup[""index""].values
        self.lookup = lookup.drop(columns=""index"")

        if not all(self.lookup[""row_index""].isin(range(self.matrix.shape[0]))):
            raise ValueError(
                ""The lookup must include row indices up to the length of the matrix.""
            )
        if not all(self.lookup[""column_index""].isin(range(self.matrix.shape[1]))):
            raise ValueError(
                ""The lookup must include column indices up to the length of the matrix.""
            )

        self.CR = CR or default_connectome_reader()
","pandas.DataFrame,pandas.DataFrame.copy,pandas.DataFrame.drop,pandas.DataFrame.shape,pandas.Series.isin,pandas.Series.values",,"pandas.DataFrame.copy,
pandas.Series.values, 
pandas.DataFrame.drop,
pandas.Series.isin ",,0,"import polars as pl

lookup = lookup.clone()
lookup = lookup.with_columns(
    [
        pl.col(""index"").alias(""row_index""),
        pl.col(""index"").alias(""column_index""),
    ]
)
self.lookup = lookup.drop(""index"")
...
if not self.lookup[""row_index""].is_in(range(self.matrix.shape[0])).all():
    ...
if not self.lookup[""column_index""].is_in(range(self.matrix.shape[1])).all():
    ...","        self.lookup = lookup.with_columns(
            row_index=pl.col(""index""),
            column_index=pl.col(""index""),
        ).drop(""index"")
        ...
        if not all(self.lookup[""row_index""].is_in(range(self.matrix.shape[0]))):
        ...
        if not all(self.lookup[""column_index""].is_in(range(self.matrix.shape[1]))):",polars.col,polars.col,1,1,1,1,1.0,1.0,1.0,1.0,pass
vnc_cmatrix_reindex,,"import pandas as pd

    def __update_indexing(self):
        lookup = self.get_lookup().copy()

        lookup.sort_values(by=""row_index"", inplace=True)
        n_rows = lookup[""row_index""].count()
        n_nan = len(lookup) - n_rows
        new_row_indices = list(range(n_rows))
        new_row_indices.extend(np.nan * np.ones(n_nan))
        lookup[""row_index""] = new_row_indices

        lookup = lookup.sort_values(by=""column_index"")
        n_columns = lookup[""column_index""].count()
        n_nan = len(lookup) - n_columns
        new_column_indices = list(range(n_columns))
        new_column_indices.extend(np.nan * np.ones(n_nan))
        lookup[""column_index""] = new_column_indices

        lookup.dropna(
            axis=""index"",
            subset=[""row_index"", ""column_index""],
            how=""all"",
            inplace=True,
        )
        if n_rows != self.matrix.shape[0]:
            raise ValueError(
                ""The lookup must include row indices up to the length of the matrix.""
            )
        if n_columns != self.matrix.shape[1]:
            raise ValueError(
                ""The lookup must include column indices up to the length of the matrix.""
            )
        self.lookup = lookup
        return
","pandas.DataFrame.copy,pandas.DataFrame.shape,pandas.DataFrame.sort_values,pandas.Series.count",,"pandas.DataFrame.sort_values,
pandas.DataFrame.dropna",,0,"import numpy as np
import polars as pl

lookup = lookup.sort(""row_index"")
n_nan = len(lookup) - n_rows
new_row_indices = list(range(n_rows))
new_row_indices.extend([None] * n_nan)
lookup = lookup.with_columns(pl.Series(""row_index"", new_row_indices))

...
lookup = lookup.sort(""column_index"")
n_nan = len(lookup) - n_columns
new_column_indices = list(range(n_columns))
new_column_indices.extend([None] * n_nan)
lookup = lookup.with_columns(pl.Series(""column_index"", new_column_indices))

...
lookup = lookup.filter(~(pl.col(""row_index"").is_null() & pl.col(""column_index"").is_null()))","        lookup = lookup.sort(by=""row_index"", nulls_last=True)
        n_null = len(lookup) - n_rows
        new_row_indices = list(range(n_rows)) + [None] * n_null
        lookup = lookup.with_columns(row_index=pl.Series(new_row_indices))
        ...
        lookup = lookup.sort(by=""column_index"", nulls_last=True)
        n_null = len(lookup) - n_columns
        new_column_indices = list(range(n_columns)) + [None] * n_null
        lookup = lookup.with_columns(column_index=pl.Series(new_column_indices))
        ...
        lookup = lookup.filter(
            ~pl.all_horizontal(pl.col(""row_index"", ""column_index"").is_null())
        )","polars.Series,polars.col","polars.Series,polars.all_horizontal,polars.col",1,1,1,1,0.667,1.0,0.8,0.834,pass
vnc_cmatrix_sort_tolist,,"import pandas as pd

    def get_uids(
        self,
        sub_indices: Optional[list[int]] = None,
        axis: typing.Literal[""row"", ""column""] = ""row"",
    ) -> list:
        if sub_indices is None:
            if axis == ""row"":
                self.lookup.sort_values(by=""row_index"", inplace=True)
            elif axis == ""column"":
                self.lookup.sort_values(by=""column_index"", inplace=True)
            return self.lookup[""uid""].tolist()
        return self.__convert_index_to_uid(sub_indices, axis=axis)

    def get_row_indices(
        self,
        sub_uid: Optional[list] = None,
        allow_empty: bool = True,
        input_type: typing.Literal[""uid"", ""body_id""] = ""uid"",
    ) -> list:
        if sub_uid is None:
            self.lookup.sort_values(by=""row_index"", inplace=True)
            return self.lookup[""row_index""].tolist()

        if input_type == ""body_id"":
            sub_uid = self.__get_uids_from_bodyids(sub_uid)
        rows, _ = self.__convert_uid_to_index(sub_uid, allow_empty=allow_empty)
        if not allow_empty and len(rows) != len(sub_uid):
            raise ValueError(""Some row body ids found only in the columns."")
        return rows

    def get_column_indices(
        self,
        sub_uid: Optional[list] = None,
        allow_empty: bool = True,
        input_type: typing.Literal[""uid"", ""body_id""] = ""uid"",
    ) -> list:
        if sub_uid is None:
            self.lookup.sort_values(by=""column_index"", inplace=True)
            return self.lookup[""column_index""].tolist()
        if input_type == ""body_id"":
            sub_uid = self.__get_uids_from_bodyids(sub_uid)
        _, columns = self.__convert_uid_to_index(sub_uid, allow_empty=allow_empty)
        if not allow_empty and len(columns) != len(sub_uid):
            raise ValueError(""Some row body ids found only in the columns."")
        return columns
","pandas.DataFrame.sort_values,pandas.Series.to_list",,"pandas.DataFrame.sort_values,
pandas.Series.to_list",,0,"import polars as pl

self.lookup = self.lookup.sort(""row_index"")
return self.lookup[""uid""].to_list()
...
self.lookup = self.lookup.sort(""row_index"")
return self.lookup[""row_index""].to_list()
...
self.lookup = self.lookup.sort(""column_index"")
return self.lookup[""column_index""].to_list()","                self.lookup = self.lookup.sort(by=""row_index"", nulls_last=True)
            return self.lookup[""uid""].to_list()
            ...
            self.lookup = self.lookup.sort(by=""row_index"")
            return self.lookup[""row_index""].to_list()
            ...
            self.lookup = self.lookup.sort(by=""column_index"")
            return self.lookup.get_column(""column_index"").to_list()",,,1,1,1,1,1.0,1.0,1.0,1.0,pass
vnc_cmatrix_uid_to_index,,"import pandas as pd

                row_indices.append(lookup.loc[lookup[""uid""] == id_].row_index.values[0])
                column_indices.append(
                    lookup.loc[lookup[""uid""] == id_].column_index.values[0]
                )
        row_indices = [i for i in row_indices if not pd.isna(i)]
        column_indices = [i for i in column_indices if not pd.isna(i)]",,,"pandas.DataFrame.loc,
pandas.Series.values,
pandas.isna",,0,"import math
import polars as pl

                row_indices.append(lookup.filter(pl.col(""uid"") == id_).get_column(""row_index"")[0])
                column_indices.append(
                    lookup.filter(pl.col(""uid"") == id_).get_column(""column_index"")[0]
                )
        row_indices = [i for i in row_indices if not (i is None or (isinstance(i, float) and math.isnan(i)))]
        column_indices = [i for i in column_indices if not (i is None or (isinstance(i, float) and math.isnan(i)))]","                row_indices.append(lookup.filter(uid=id_)[0, ""row_index""])
                column_indices.append(lookup.filter(uid=id_)[0, ""column_index""])
        row_indices = [i for i in row_indices if i is not None]
        column_indices = [i for i in column_indices if i is not None]",polars.col,,0,1,1,1,1.0,1.0,1.0,0.875,pass
scoring_compare_methylation_pattern_migration,,"import pandas as pd

# Define conditions and compute comparison scores using numpy.select
conditions = [
    (motif_binary_compare[""methylation_binary""] == 1) & (motif_binary_compare[""methylation_binary_compare""] == 1),
    (motif_binary_compare[""methylation_binary""] == 1) & (motif_binary_compare[""methylation_binary_compare""] == 0),
    (motif_binary_compare[""methylation_binary""] == 0) & (motif_binary_compare[""methylation_binary_compare""] == 1),
    (motif_binary_compare[""methylation_binary""] == 0) & (motif_binary_compare[""methylation_binary_compare""] == 0),
    (motif_binary_compare[""methylation_binary""] == 1) & (motif_binary_compare[""methylation_binary_compare""].isna()),
    (motif_binary_compare[""methylation_binary""] == 0) & (motif_binary_compare[""methylation_binary_compare""].isna()),
]
motif_binary_compare[""motif_comparison_score""] = np.select(conditions, choices, default=np.nan)
contig_bin_comparison_score = motif_binary_compare.groupby([""bin"", ""bin_compare""]).agg(
    binary_methylation_missmatch_score=pd.NamedAgg(column=""motif_comparison_score"", aggfunc=""sum""),
    non_na_comparisons=pd.NamedAgg(column=""motif_comparison_score"", aggfunc=""count"")
).reset_index()","DataFrameGroupBy.agg,pandas.DataFrame.groupby,pandas.DataFrame.reset_index,pandas.NamedAgg,pandas.Series.isna",polars.Series.is_null,"pandas.DataFrame.groupby,
DataFrameGroupBy.agg,
pandas.DataFrame.reset_index,
pandas.NamedAgg,
pandas.Series.isna",polars.Series.is_null,1,"import pandas as pd
import polars as pl
import numpy as np

# Define conditions and compute comparison scores using numpy.select
motif_binary_compare = motif_binary_compare.with_columns(
    pl.when((pl.col(""methylation_binary"") == 1) & (pl.col(""methylation_binary_compare"") == 1))
    .then(choices[0])
    .when((pl.col(""methylation_binary"") == 1) & (pl.col(""methylation_binary_compare"") == 0))
    .then(choices[1])
    .when((pl.col(""methylation_binary"") == 0) & (pl.col(""methylation_binary_compare"") == 1))
    .then(choices[2])
    .when((pl.col(""methylation_binary"") == 0) & (pl.col(""methylation_binary_compare"") == 0))
    .then(choices[3])
    .when((pl.col(""methylation_binary"") == 1) & (pl.col(""methylation_binary_compare"").is_null()))
    .then(choices[4])
    .when((pl.col(""methylation_binary"") == 0) & (pl.col(""methylation_binary_compare"").is_null()))
    .then(choices[5])
    .otherwise(np.nan)
    .alias(""motif_comparison_score"")
)

contig_bin_comparison_score = (
    motif_binary_compare.group_by([""bin"", ""bin_compare""])
    .agg(
        pl.col(""motif_comparison_score"").sum().alias(""binary_methylation_missmatch_score""),
        pl.col(""motif_comparison_score"").count().alias(""non_na_comparisons""),
    )
    .select([""bin"", ""bin_compare"", ""binary_methylation_missmatch_score"", ""non_na_comparisons""])
)","# Compute comparison scores using Polars expressions and group by with Polars
motif_comparison_score = (
    pl.when((motif_binary_compare['methylation_binary'] == 1) & (motif_binary_compare['methylation_binary_compare'] == 1))
    .then(0)
    .when((motif_binary_compare['methylation_binary'] == 1) & (motif_binary_compare['methylation_binary_compare'] == 0))
    .then(1)
    .when((motif_binary_compare['methylation_binary'] == 0) & (motif_binary_compare['methylation_binary_compare'] == 1))
    .then(1)
    .when((motif_binary_compare['methylation_binary'] == 0) & (motif_binary_compare['methylation_binary_compare'] == 0))
    .then(0)
    .when((motif_binary_compare['methylation_binary'] == 1) & (motif_binary_compare['methylation_binary_compare'].is_null()))
    .then(0)
    .when((motif_binary_compare['methylation_binary'] == 0) & (motif_binary_compare['methylation_binary_compare'].is_null()))
    .then(0)
    .otherwise(pl.lit(None))
)
motif_binary_compare = motif_binary_compare.with_columns(motif_comparison_score.alias(""motif_comparison_score""))
contig_bin_comparison_score = motif_binary_compare.group_by([""bin"", ""bin_compare""]).agg([
    pl.sum(""motif_comparison_score"").alias(""binary_methylation_missmatch_score""),
    pl.count(""motif_comparison_score"").alias(""non_na_comparisons"")
])","polars.when,polars.col","polars.when,polars.lit,polars.sum,polars.count",1,1,0,1,0.25,0.5,0.333,0.5,partial
scoring_compare_methylation_pattern_multiprocessed_migration,,"import pandas as pd

def compare_methylation_pattern_multiprocessed(motifs_scored_in_bins, bin_consensus, choices, args, num_processes=1):
    logger = logging.getLogger(__name__)
    logger.info(""Starting comparison of methylation patterns"")
    
    motifs_scored_in_contigs = motifs_scored_in_bins[motifs_scored_in_bins[""n_motifs""] >= args.n_motif_contig_cutoff]
    motifs_scored_in_contigs = motifs_scored_in_contigs[[""bin_contig"", ""motif_mod"", ""mean""]]
    motifs_scored_in_contigs.rename(columns={""bin_contig"": ""bin_compare""}, inplace=True)

    comparison_score = pd.DataFrame()
    contigs_w_no_methylation = []

    with Pool(processes=num_processes) as pool:
        results = pool.starmap(
            process_bin_contig,
            [
                (bin_contig, bin_consensus, motifs_scored_in_contigs, choices)
                for bin_contig in motifs_scored_in_contigs[""bin_compare""].unique()
            ]
        )

    for result, no_methylation in results:
        if result is not None:
            comparison_score = pd.concat([comparison_score, result])
        if no_methylation is not None:
            contigs_w_no_methylation.append(no_methylation)

    return comparison_score, contigs_w_no_methylation
","pandas.DataFrame,pandas.DataFrame.rename,pandas.Series.unique,pandas.concat","polars.DataFrame,polars.concat","pandas.DataFrame,
pandas.DataFrame.rename,
pandas.concat","polars.DataFrame,polars.concat",2,"import polars as pl

motifs_scored_in_contigs = motifs_scored_in_bins.filter(pl.col(""n_motifs"") >= args.n_motif_contig_cutoff)
motifs_scored_in_contigs = motifs_scored_in_contigs.select([""bin_contig"", ""motif_mod"", ""mean""])
motifs_scored_in_contigs = motifs_scored_in_contigs.rename({""bin_contig"": ""bin_compare""})
comparison_score = pl.DataFrame()
...
comparison_score = pl.concat([comparison_score, result], how=""vertical"")","motifs_scored_in_contigs = motifs_scored_in_bins                 .filter(pl.col(""n_motifs"") >= args.n_motif_contig_cutoff)                 .select([""bin_contig"", ""motif_mod"", ""mean""])                 .rename({""bin_contig"": ""bin_compare""})
comparison_score = pl.DataFrame()
...
comparison_score = pl.concat([comparison_score, result])","polars.col,polars.DataFrame,polars.concat","polars.col,polars.DataFrame,polars.concat",1,1,1,1,1.0,1.0,1.0,1.0,pass
scoring_define_mean_methylation_thresholds_migration,,"import pandas as pd

motif_binary_compare[""methylation_mean_threshold""] = np.where(
    motif_binary_compare[""methylation_binary""] == 1,
    np.maximum(motif_binary_compare[""mean_methylation""] - 4 * motif_binary_compare[""std_methylation_bin""], 0.1),
    np.nan
)
motif_binary_compare[""methylation_binary_compare""] = np.where(
    (motif_binary_compare[""methylation_binary""] == 1) & 
    ((motif_binary_compare[""mean""] >= motif_binary_compare[""methylation_mean_threshold""]) | 
    (motif_binary_compare[""mean""] > 0.4)),
    1,
    np.where(motif_binary_compare[""methylation_binary""] == 1, 0, np.nan)
)
motif_binary_compare[""methylation_mean_threshold""] = np.where(
    motif_binary_compare[""methylation_binary""] == 0,
    0.25,
    motif_binary_compare[""methylation_mean_threshold""]
)
motif_binary_compare[""methylation_binary_compare""] = np.where(
    motif_binary_compare[""methylation_binary""] == 0,
    (motif_binary_compare[""mean""] >= 0.25).astype(int),
    motif_binary_compare[""methylation_binary_compare""]
)",pandas.Series.astype,,pandas.Series.astype,,0,"import polars as pl

motif_binary_compare = motif_binary_compare.with_columns(
    pl.when(pl.col(""methylation_binary"") == 1)
    .then(pl.max_horizontal(pl.col(""mean_methylation"") - 4 * pl.col(""std_methylation_bin""), pl.lit(0.1)))
    .otherwise(pl.lit(float(""nan"")))
    .alias(""methylation_mean_threshold"")
).with_columns(
    pl.when(
        (pl.col(""methylation_binary"") == 1)
        & (
            (pl.col(""mean"") >= pl.col(""methylation_mean_threshold""))
            | (pl.col(""mean"") > 0.4)
        )
    )
    .then(pl.lit(1))
    .otherwise(pl.when(pl.col(""methylation_binary"") == 1).then(pl.lit(0)).otherwise(pl.lit(float(""nan""))))
    .alias(""methylation_binary_compare"")
).with_columns(
    pl.when(pl.col(""methylation_binary"") == 0)
    .then(pl.lit(0.25))
    .otherwise(pl.col(""methylation_mean_threshold""))
    .alias(""methylation_mean_threshold"")
).with_columns(
    pl.when(pl.col(""methylation_binary"") == 0)
    .then((pl.col(""mean"") >= 0.25).cast(pl.Int64))
    .otherwise(pl.col(""methylation_binary_compare""))
    .alias(""methylation_binary_compare"")
)","motif_binary_compare = motif_binary_compare.with_columns([
    pl.when(pl.col(""methylation_binary"") == 1)
      .then(
          pl.when(pl.col(""mean_methylation"") - 4 * pl.col(""std_methylation_bin"") > 0.1)
            .then(pl.col(""mean_methylation"") - 4 * pl.col(""std_methylation_bin""))
            .otherwise(0.1)
      )
      .otherwise(pl.lit(None))
      .alias(""methylation_mean_threshold""),
    pl.when((pl.col(""methylation_binary"") == 1) &
            ((pl.col(""mean"") >= pl.col(""methylation_mean_threshold"")) | (pl.col(""mean"") > 0.4)))
      .then(1)
      .when(pl.col(""methylation_binary"") == 1).then(0)
      .otherwise(pl.lit(None))
      .alias(""methylation_binary_compare""),
    pl.when(pl.col(""methylation_binary"") == 0)
      .then(0.25)
      .otherwise(pl.col(""methylation_mean_threshold""))
      .alias(""methylation_mean_threshold""),
    pl.when(pl.col(""methylation_binary"") == 0)
      .then((pl.col(""mean"") >= 0.25).cast(pl.Int32))
      .otherwise(pl.col(""methylation_binary_compare""))
      .alias(""methylation_binary_compare""),
])","polars.when,polars.col,polars.max_horizontal,polars.lit,polars.Int64","polars.when,polars.col,polars.lit,polars.Int32",1,1,1,1,0.75,0.6,0.667,0.875,pass
scoring_process_bin_contig_merge_migration,,"import pandas as pd

worker_setup_logging(log_queue)
motif_binary_compare = pd.merge(
    bin_motifs_from_motifs_scored_in_bins,
    motifs_scored_in_contigs[motifs_scored_in_contigs[""bin_compare""] == bin_contig],
    on=""motif_mod""
)
contigHasNMethylation = motif_binary_compare[""methylation_binary_compare""].sum()","pandas.Series.sum,pandas.merge","polars.Series.sum,polars.DataFrame.join","pandas.Series.sum,pandas.merge","polars.Series.sum,polars.DataFrame.join",2,"import polars as pl

worker_setup_logging(log_queue)
motif_binary_compare = bin_motifs_from_motifs_scored_in_bins.join(
    motifs_scored_in_contigs.filter(pl.col(""bin_compare"") == bin_contig),
    on=""motif_mod"",
)
contigHasNMethylation = motif_binary_compare[""methylation_binary_compare""].sum()","# worker_setup_logging(log_queue)
motif_binary_compare = bin_motifs_from_motifs_scored_in_bins.join(
    motifs_scored_in_contigs.filter(pl.col(""bin_compare"") == bin_contig),
    on=""motif_mod""
)
# contigHasNMethylation = motif_binary_compare[""methylation_binary_compare""].sum()
contigHasNMethylation = motif_binary_compare.filter(pl.col(""methylation_binary_compare"") == 1).height",polars.col,polars.col,1,1,1,1,1.0,1.0,1.0,1.0,pass
1e52b4e7_concat_to_frame,,"import pandas as pd

    df = pd.concat([ds.to_pandas() for ds in ds_list])",pandas.concat,polars.concat,pandas.concat,polars.concat,1,"import polars as pl

df = pl.concat([pl.from_pandas(ds.to_pandas()) for ds in ds_list])",    df = pl.concat([ds.to_frame() for ds in ds_list]),"polars.concat,polars.from_pandas",polars.concat,1,1,1,1,1.0,0.5,0.667,1.0,pass
1ec015da_to_rank,,"import pandas as pd

    df = pd.DataFrame({primary_key.name: primary_key, score.name: score}).set_index(
        primary_key.name, drop=True
    )
    df = df.sort_values(by=str(score.name), ascending=ascending)
    df[""rank""] = np.ceil(np.arange(1, len(df) + 1) / len(df) * k).astype(int)","pandas.DataFrame,pandas.DataFrame.astype,pandas.DataFrame.set_index,pandas.DataFrame.sort_values","polars.DataFrame,polars.DataFrame.cast,polars.DataFrame.sort","pandas.DataFrame,
pandas.DataFrame.set_index,
pandas.DataFrame.sort_values","polars.DataFrame,polars.DataFrame.cast,polars.DataFrame.sort",3,"import numpy as np
import polars as pl

df = pl.DataFrame({primary_key.name: primary_key, score.name: score})
df = df.sort(by=str(score.name), descending=not ascending)
df = df.with_row_index(""row_nr"")
df = df.with_columns(
    (pl.col(""row_nr"") + 1).cast(pl.Float64) / pl.len() * k
)
df = df.with_columns(pl.col(""row_nr"").select(pl.ceil()).cast(pl.Int64).alias(""rank""))
df = df.drop(""row_nr"")
","    df = pl.DataFrame({primary_key.name: primary_key, score.name: score})
    df = df.sort(by=str(score.name), descending=descending)
    df = df.with_columns(
        pl.Series(
            name=""rank"",
            values=np.ceil(np.arange(1, len(df) + 1) / len(df) * k),
            dtype=pl.Int64,
        )
    )","polars.DataFrame,polars.col,polars.Float64,polars.len,polars.ceil,polars.Int64","polars.DataFrame,polars.Series,polars.Int64",1,1,1,1,0.667,0.333,0.444,0.834,pass
29097c0c_train_iloc_filter,,"import pandas as pd

    base_dfs = []
    skf = StratifiedKFold(n_splits=5, shuffle=True, random_state=42)
    for epoch, (train_index, test_index) in enumerate(skf.split(ds.X, ds.y)):
        _train_ds = cds.Dataset(
            df=ds.to_pandas().iloc[train_index],
            x_columns=ds.x_columns,
            y_columns=ds.y_columns,
            w_columns=ds.w_columns,
        )
        test_ds = cds.Dataset(
            df=ds.to_pandas().iloc[test_index],
            x_columns=ds.x_columns,
            y_columns=ds.y_columns,
            w_columns=ds.w_columns,
        )
        _pred_df = pd.DataFrame(
            {""index"": test_ds.y.index, ""pred"": pred.reshape(-1)}
        ).set_index(""index"")
        _base_df = pd.merge(
            test_ds.y.rename(columns={test_ds.y_columns[0]: ""y""}),
            test_ds.w.rename(columns={test_ds.w_columns[0]: ""w""}),
            left_index=True,
            right_index=True,
        )
        _base_df = pd.merge(_base_df, _pred_df, left_index=True, right_index=True)
        base_dfs.append(_base_df)
    base_df = pd.concat(base_dfs)
","pandas.DataFrame,pandas.DataFrame.iloc,pandas.DataFrame.index,pandas.DataFrame.rename,pandas.DataFrame.set_index,pandas.concat,pandas.merge",,"pandas.DataFrame,pandas.DataFrame.iloc,pandas.DataFrame.set_index,pandas.Series.rename,pandas.Series.index,pandas.merge,pandas.concat",,0,"import polars as pl

df = ds.take(train_index)
...
df = ds.take(test_index)","            df=ds.to_frame()
            .with_row_index()
            .filter(pl.col(""index"").is_in(train_index))
            .drop(""index""),
    ...
            df=ds.to_frame()
            .with_row_index()
            .filter(pl.col(""index"").is_in(test_index))
            .drop(""index""),",,polars.col,1,1,1,1,0.0,0.0,0.0,0.5,partial
29097c0c_train_merge_concat,,"import pandas as pd

        _pred_df = pd.DataFrame(
            {""index"": test_ds.y.index, ""pred"": pred.reshape(-1)}
        ).set_index(""index"")
        _base_df = pd.merge(
            test_ds.y.rename(columns={test_ds.y_columns[0]: ""y""}),
            test_ds.w.rename(columns={test_ds.w_columns[0]: ""w""}),
            left_index=True,
            right_index=True,
        )
        _base_df = pd.merge(
            _base_df,
            _pred_df,
            left_index=True,
            right_index=True,
        )
        base_dfs.append(_base_df)
    base_df = pd.concat(base_dfs)
",,,"pandas.DataFrame,
pandas.DataFrame.index,
pandas.DataFrame.set_index,
pandas.DataFrame.rename,
pandas.merge,
pandas.concat",,0,"import polars as pl

_pred_df = pl.DataFrame(
    {""index"": test_ds.y.index, ""pred"": pred.reshape(-1)}
)
_base_df = pl.DataFrame(
    {
        ""index"": test_ds.y.index,
        ""y"": test_ds.y.iloc[:, 0].to_numpy(),
    }
).join(
    pl.DataFrame(
        {
            ""index"": test_ds.w.index,
            ""w"": test_ds.w.iloc[:, 0].to_numpy(),
        }
    ),
    on=""index"",
    how=""inner"",
)
_base_df = _base_df.join(_pred_df, on=""index"", how=""inner"")
...
base_df = pl.concat(base_dfs)","        _base_df = pl.DataFrame(
            {
                ""pred"": pred.reshape(-1),
                ""y"": test_ds.y,
                ""W"": test_ds.w,
            }
        )
    ...
    base_df = pl.concat(base_dfs)","polars.DataFrame,polars.concat","polars.DataFrame,polars.concat",1,1,1,1,1.0,1.0,1.0,1.0,pass
29097c0c_to_dataset_read_wrap,,"import pandas as pd

def make_lenta() -> None:
    pathlinker = path_linker(""lenta"")
    df = pd.read_csv(pathlinker.origin)
    df = onehot_encoding(df, [""gender""])
    df = df.fillna(0)
    df[""group""] = df[""group""].apply(lambda x: {""test"": 1, ""control"": 0}.get(x))
    y_columns = [""response_att""]
    w_columns = [""group""]
    x_columns = [column for column in df.columns if column not in y_columns + w_columns]
    ds = Dataset(df, x_columns, y_columns, w_columns)
    ds.save(pathlinker.base)
","pandas.DataFrame.columns,pandas.DataFrame.fillna,pandas.Series.apply,pandas.read_csv",polars.read_csv,"pandas.DataFrame.columns,pandas.DataFrame.fillna,pandas.Series.apply,pandas.read_csv",polars.read_csv,1,"import polars as pl

df = pl.read_csv(pathlinker.origin)
...
ds = Dataset(df, x_columns, y_columns, w_columns)
ds.save(pathlinker.base)","    df = pd.read_parquet(pathlinker.lake)
    ...
    ds = Dataset(pl.DataFrame(df), x_columns, y_columns, w_columns)
    ds.save(pathlinker.mart)",polars.read_csv,polars.DataFrame,1,1,1,1,0.0,0.0,0.0,0.5,partial
7e55b00b_sample_empty_df,,"import pandas as pd

def sample(
    ds: Dataset, n: int | None = None, frac: float | None = None, random_state: int = 42
) -> Dataset:
    if n == 0 or frac == 0:
        return Dataset(
            pd.DataFrame(columns=ds.to_pandas().columns),
            ds.x_columns,
            ds.y_columns,
            ds.w_columns,
        )

    df = ds.to_pandas().sample(n=n, frac=frac, random_state=random_state)
    return Dataset(df, ds.x_columns, ds.y_columns, ds.w_columns)
","pandas.DataFrame,pandas.DataFrame.columns,pandas.DataFrame.sample",,"pandas.DataFrame,
pandas.DataFrame.columns,
pandas.DataFrame.sample",,0,"import polars as pl

pl.DataFrame({0: ds.to_pandas().columns})
...
df = pl.from_pandas(ds.to_pandas()).sample(n=n, fraction=frac, seed=random_state)","            pl.DataFrame(schema=_df.schema),
    ...
    df = ds.to_frame().sample(n=n, fraction=frac, seed=random_state)","polars.DataFrame,polars.from_pandas",polars.DataFrame,1,1,1,1,1.0,0.5,0.667,1.0,pass
dcff23d0_filter_concat_all,,"import pandas as pd

    flg = pd.concat(flgs, axis=1).all(axis=1)
    df = ds.to_pandas().loc[flg]","pandas.DataFrame.all,pandas.DataFrame.loc,pandas.concat",polars.concat,"pandas.concat,
pandas.DataFrame.all,
pandas.DataFrame.loc",polars.concat,1,"import polars as pl

flg = pl.concat(flgs, how=""horizontal"").select(pl.all_horizontal(pl.all())).to_series()
df = ds.filter(flg)","    flg = pl.all_horizontal(flgs)
    df = ds.to_frame().filter(flg)","polars.concat,polars.all_horizontal,polars.all",polars.all_horizontal,1,1,1,1,1.0,0.333,0.5,1.0,pass
e3227f4f_split_empty_df,,"import pandas as pd

def split(
    ds: Dataset,
    test_frac: float | None = None,
    test_n: float | None = None,
    random_state: int = 42,
) -> tuple[Dataset, Dataset]:
    if test_frac == 0 or test_n == 0:
        return ds, Dataset(
            pd.DataFrame(columns=ds.to_pandas().columns),
            ds.x_columns,
            ds.y_columns,
            ds.w_columns,
        )
    if test_frac == 1 or test_n == 1:
        return Dataset(
            pd.DataFrame(columns=ds.to_pandas().columns),
            ds.x_columns,
            ds.y_columns,
            ds.w_columns,
        ), ds

    test_size = test_frac if test_frac is not None else test_n
    train_df, test_df = train_test_split(
        ds.to_pandas(), test_size=test_size, random_state=random_state
    )
    return (
        Dataset(train_df, ds.x_columns, ds.y_columns, ds.w_columns),
        Dataset(test_df, ds.x_columns, ds.y_columns, ds.w_columns),
    )
","pandas.DataFrame,pandas.DataFrame.columns",,"pandas.DataFrame,
pandas.DataFrame.columns",,0,"import polars as pl

pl.DataFrame(schema={col: pl.Null for col in ds.to_pandas().columns})
","            pl.DataFrame(schema=ds.to_frame().schema),
    ...
        ds.to_frame(), test_size=test_size, random_state=random_state","polars.DataFrame,polars.Null",polars.DataFrame,1,1,1,1,1.0,0.5,0.667,1.0,pass
ed3b46c0_base_pattern_iloc,,"import pandas as pd

        train_X = ds.X.iloc[train_idx]
        train_y = ds.y.iloc[train_idx].to_numpy().reshape(-1)
        train_w = ds.w.iloc[train_idx].to_numpy().reshape(-1)
        valid_X = ds.X.iloc[valid_idx]
        valid_y = ds.y.iloc[valid_idx].to_numpy().reshape(-1)
        valid_w = ds.w.iloc[valid_idx].to_numpy().reshape(-1)","pandas.DataFrame.iloc,pandas.Series.to_numpy",polars.Series.to_numpy,"pandas.DataFrame.iloc,
pandas.Series.iloc ,
pandas.Series.to_numpy",polars.Series.to_numpy,1,"import polars as pl

train_X = ds.X.take(train_idx)
train_y = ds.y.take(train_idx).to_numpy().reshape(-1)
train_w = ds.w.take(train_idx).to_numpy().reshape(-1)
valid_X = ds.X.take(valid_idx)
valid_y = ds.y.take(valid_idx).to_numpy().reshape(-1)
valid_w = ds.w.take(valid_idx).to_numpy().reshape(-1)","        train_X = ds.X[train_idx]
        train_y = ds.y[train_idx]
        train_w = ds.w[train_idx]
        valid_X = ds.X[valid_idx]
        valid_y = ds.y[valid_idx]
        valid_w = ds.w[valid_idx]",,,1,1,1,1,1.0,1.0,1.0,1.0,pass
ed3b46c0_base_pattern_pred_concat,,"import pandas as pd

        _pred_dfs.append(
            pd.DataFrame(
                {""index"": ds.y.index[valid_idx], ""pred"": pred.reshape(-1)}
            ).set_index(""index"")
        )
    pred_df = pd.concat(_pred_dfs, axis=0)
    base_df = pd.merge(ds.y.rename(...), ds.w.rename(...), left_index=True, right_index=True)
    output_df = pd.merge(base_df, pred_df, left_index=True, right_index=True)",,,"pandas.DataFrame,
pandas.Series.index,
pandas.DataFrame.set_index,
pandas.concat,
pandas.Series.rename,
pandas.merge",,0,"import polars as pl

_pred_dfs.append(
    pl.DataFrame(
        {""index"": ds.y.index[valid_idx], ""pred"": pred.reshape(-1)}
    )
)
pred_df = pl.concat(_pred_dfs, how=""vertical"")
base_df = ds.y.rename(...).to_frame().with_row_index(""index"").join(
    ds.w.rename(...).to_frame().with_row_index(""index""), on=""index"", how=""inner""
)
output_df = base_df.join(pred_df, on=""index"", how=""inner"")","        pred_dfs.append(pl.DataFrame({""pred"": pred, ""y"": valid_y, ""w"": valid_w}))
    pred_df = pl.concat(pred_dfs)","polars.DataFrame,polars.concat","polars.DataFrame,polars.concat",1,1,1,1,1.0,1.0,1.0,1.0,pass
ed3b46c0_classification_iloc,,"import pandas as pd

        train_X = ds.X.iloc[train_idx]
        train_y = ds.y.iloc[train_idx].to_numpy().reshape(-1)
        valid_X = ds.X.iloc[valid_idx]
        valid_w = ds.w.iloc[valid_idx].to_numpy().reshape(-1)
        valid_y = ds.y.iloc[valid_idx].to_numpy().reshape(-1)","pandas.DataFrame.iloc,pandas.Series.to_numpy",polars.Series.to_numpy,"pandas.DataFrame.iloc,
pandas.Series.iloc,
pandas.Series.to_numpy",polars.Series.to_numpy,1,"import polars as pl

train_X = ds.X.take(train_idx)
train_y = ds.y.take(train_idx).to_numpy().reshape(-1)
valid_X = ds.X.take(valid_idx)
valid_w = ds.w.take(valid_idx).to_numpy().reshape(-1)
valid_y = ds.y.take(valid_idx).to_numpy().reshape(-1)","        train_X = ds.X[train_idx]
        train_y = ds.y[train_idx]
        valid_X = ds.X[valid_idx]
        valid_w = ds.w[valid_idx]
        valid_y = ds.y[valid_idx]",,,1,1,1,1,1.0,1.0,1.0,1.0,pass
ed3b46c0_classification_pred_concat,,"import pandas as pd

        pred_df = pd.DataFrame(
            {""index"": ds.y.index[valid_idx], ""pred"": pred}
        ).set_index(""index"")
        base_dfs.append(
            pd.merge(
                pred_df,
                base_df,
                left_index=True,
                right_index=True,
            )
        )
    base_df = pd.concat(base_dfs)
    _metrics = {
        ""roc_auc"": roc_auc_score(base_df.y, base_df.pred),
        ""accuracy"": accuracy_score(base_df.y, base_df.pred > 0.5),
        ""precision"": precision_score(base_df.y, base_df.pred > 0.5),
        ""recall"": recall_score(base_df.y, base_df.pred > 0.5),
        ""f1"": f1_score(base_df.y, base_df.pred > 0.5),
    }
",,,"pandas.DataFrame,
pandas.Series.index,
pandas.DataFrame.set_index,
pandas.merge,
pandas.concat,
pandas.Series.to_numpy",,0,"import polars as pl

        pred_df = pl.DataFrame(
            {""index"": ds.y.index[valid_idx], ""pred"": pred}
        )
        pred_df = pred_df.set_sorted(""index"")
        base_dfs.append(pred_df.join(base_df, on=""index"", how=""inner""))
    base_df = pl.concat(base_dfs)
    ...
        ""roc_auc"": roc_auc_score(base_df[""y""], base_df[""pred""]),
    artifacts(base_df[""pred""].to_numpy(), base_df[""y""].to_numpy(), base_df[""w""].to_numpy())","        base_dfs.append(pl.DataFrame({""pred"": pred, ""y"": valid_y, ""w"": valid_w}))
    base_df = pl.concat(base_dfs)
    ...
        ""roc_auc"": roc_auc_score(base_df[""y""], base_df[""pred""]),
    artifacts(base_df[""pred""].to_numpy(), base_df[""y""].to_numpy(), base_df[""w""].to_numpy())","polars.DataFrame,polars.concat","polars.DataFrame,polars.concat",0,1,1,1,1.0,1.0,1.0,0.875,pass
f11c29ae_dataset_df_clone,,"import pandas as pd

class Dataset:
    def __init__(
        self,
        df: pd.DataFrame,
        x_columns: list[str],
        y_columns: list[str],
        w_columns: list[str],
    ) -> None:
        self.x_columns = x_columns
        self.y_columns = y_columns
        self.w_columns = w_columns
        self.__df = df.copy()
        self._validate(
            self.__df.columns.to_list(), self.x_columns, self.y_columns, self.w_columns
        )

    @property
    def X(self) -> pd.DataFrame:
        return self.__df.loc[:, self.x_columns].copy()

    @property
    def y(self) -> pd.DataFrame:
        return self.__df.loc[:, self.y_columns].copy()

    @property
    def w(self) -> pd.DataFrame:
        return self.__df.loc[:, self.w_columns].copy()

    def to_pandas(self) -> pd.DataFrame:
        return self.__df.copy()
","pandas.DataFrame,pandas.DataFrame.columns,pandas.DataFrame.copy,pandas.DataFrame.loc,pandas.Series.to_list",,"pandas.DataFrame,
pandas.DataFrame.copy,
pandas.DataFrame.columns,
pandas.Index.to_list",,0,"import polars as pd

self.__df = df.clone()
self.__df.columns ","        df: pl.DataFrame,
        ...
        self.__df = df.clone()
        ...
            self.__df.columns, ...",,polars.DataFrame,1,1,1,1,0.0,0.0,0.0,0.5,partial
f11c29ae_dataset_loc_select,,"import pandas as pd

    def X(self) -> pd.DataFrame:
        return self.__df.loc[:, self.x_columns].copy()
    def y(self) -> pd.DataFrame:
        return self.__df.loc[:, self.y_columns].copy()
    def w(self) -> pd.DataFrame:
        return self.__df.loc[:, self.w_columns].copy()","pandas.DataFrame,pandas.DataFrame.copy,pandas.DataFrame.loc","polars.DataFrame,polars.Series.clone","pandas.DataFrame,
pandas.DataFrame.loc,
pandas.DataFrame.copy","polars.DataFrame,polars.Series.clone",2,"import polars as pl


def X(self) -> pl.DataFrame:
    return self.__df.select(self.x_columns).clone()


def y(self) -> pl.DataFrame:
    return self.__df.select(self.y_columns).clone()


def w(self) -> pl.DataFrame:
    return self.__df.select(self.w_columns).clone()","    def X(self) -> pl.DataFrame:
        return self.__df.select(self.x_columns).clone()
    def y(self) -> pl.DataFrame:
        return self.__df.select(self.y_columns).clone()
    def w(self) -> pl.DataFrame:
        return self.__df.select(self.w_columns).clone()",polars.DataFrame,polars.DataFrame,1,1,1,1,1.0,1.0,1.0,1.0,pass
f11c29ae_dataset_save_load,,"import pandas as pd

    def save(self, path: Path) -> None:
        path.mkdir(exist_ok=True, parents=True)
        self.__df.to_csv(path / ""data.csv"", index=False)
        json.dump(
            {
                ""x_columns"": self.x_columns,
                ""y_columns"": self.y_columns,
                ""w_columns"": self.w_columns,
            },
            (path / ""meta.json"").open(""w""),
        )

    @classmethod
    def load(cls, path: Path) -> Dataset:
        data_path = path / ""data.csv""
        meta_path = path / ""meta.json""
        if (not data_path.exists()) or (not meta_path.exists()):
            raise FileNotFoundError()

        df = pd.read_csv(data_path)
        meta = json.load(meta_path.open(mode=""r""))
        return cls(df, **meta)
","pandas.DataFrame.to_csv,pandas.read_csv","polars.DataFrame.write_csv,polars.read_csv","pandas.DataFrame.to_csv,pandas.read_csv","polars.DataFrame.write_csv,polars.read_csv",2,"import json
from pathlib import Path

import polars as pl

        self.__df.write_csv(path / ""data.csv"")
        json.dump(
            {""x_columns"": self.x_columns, ""y_columns"": self.y_columns, ""w_columns"": self.w_columns},
            (path / ""meta.json"").open(""w""),
        )
        ...
        df = pl.read_csv(data_path)
        meta = json.load(meta_path.open(mode=""r""))","        self.__df.write_parquet(path / ""data.parquet"")
        with shelve.open(path / ""meta.shelve"") as shelf:
            shelf[""x_columns""] = self.x_columns
            shelf[""y_columns""] = self.y_columns
            shelf[""w_columns""] = self.w_columns
        ...
        df = pl.read_parquet(data_path)
        meta = shelve.open(path / ""meta.shelve"")",polars.read_csv,polars.read_parquet,0,1,1,1,0.0,0.0,0.0,0.375,fail
f11c29ae_dataset_to_pandas,,"import pandas as pd

    def to_pandas(self) -> pd.DataFrame:
        return self.__df.copy()","pandas.DataFrame,pandas.DataFrame.copy","polars.DataFrame,polars.DataFrame.clone","pandas.DataFrame,pandas.DataFrame.copy","polars.DataFrame,polars.DataFrame.clone",2,"import polars as pl

    def to_pandas(self) -> pl.DataFrame:
        return self.__df.clone()","    def to_frame(self) -> pl.DataFrame:
        return self.__df.clone()",polars.DataFrame,polars.DataFrame,0,1,1,1,1.0,1.0,1.0,0.875,pass
99aff9e0_rename_columns_empty_df,,        df = pl.from_pandas(pd.DataFrame(columns=df.columns)),"pandas.DataFrame,pandas.DataFrame.columns","polars.DataFrame,polars.DataFrame.columns","pandas.DataFrame,pandas.DataFrame.columns","polars.DataFrame,polars.DataFrame.columns",2,df = pl.DataFrame(schema={col: pl.Null for col in df.columns}),"        # Convert to polars while preserving dtypes, then create empty DataFrame with correct schema
        polars_df = pl.from_pandas(df)
        df = pl.DataFrame(schema=polars_df.schema)","polars.DataFrame,polars.Null","polars.from_pandas,polars.DataFrame",1,0,1,1,0.5,0.5,0.5,0.625,partial
0ffdf231_noaa_ghcn_inventory,,"import pandas as pd

        inventory_df = pd.read_fwf(inventory_file, header=None, colspecs=""infer"", infer_nrows=np.inf)
        inventory_df = pl.from_pandas(inventory_df)
        inventory_df = inventory_df[:, [0, 4, 5]]",pandas.read_fwf,,pandas.read_fwf,,0,"import numpy as np
import pandas as pd
import polars as pl

inventory_df = pd.read_fwf(inventory_file, header=None, colspecs=""infer"", infer_nrows=np.inf)
inventory_df = pl.from_pandas(inventory_df)
inventory_df = inventory_df[:, [0, 4, 5]]","        inventory_df = pl.read_csv(inventory_file, has_header=False, truncate_ragged_lines=True)
        column_specs = ((0, 10), (36, 39), (41, 44))
        inventory_df = read_fwf_from_df(inventory_df, column_specs)",polars.from_pandas,polars.read_csv,1,1,0,1,0.0,0.0,0.0,0.375,fail
0ffdf231_noaa_ghcn_stations,,"import pandas as pd

        df = pd.read_fwf(
            listings_file,
            dtype=str,
            header=None,
            colspecs=""infer"",
            infer_nrows=np.inf,
        )
        df = pl.from_pandas(df)
        df = df[:, [0, 1, 2, 3, 4, 5, 8]]",pandas.read_fwf,,pandas.read_fwf,,0,"import numpy as np
import pandas as pd
import polars as pl

df = pd.read_fwf(
    listings_file,
    dtype=str,
    header=None,
    colspecs=""infer"",
    infer_nrows=np.inf,
)
df = pl.from_pandas(df)
df = df[:, [0, 1, 2, 3, 4, 5, 8]]","        df = pl.read_csv(listings_file, has_header=False, truncate_ragged_lines=True)
        column_specs = ((0, 10), (12, 19), (21, 29), (31, 36), (38, 39), (41, 70), (80, 84))
        df = read_fwf_from_df(df, column_specs)",polars.from_pandas,polars.read_csv,1,1,0,1,0.0,0.0,0.0,0.375,fail
3c49cad1_bench_interp_cols,,"import pandas as pd

    station_ids = request.df[""station_id""].values.tolist()
    latitudes = request.df[""latitude""].values.tolist()
    longitudes = request.df[""longitude""].values.tolist()","pandas.Series.to_list,pandas.Series.values",polars.Series.to_list,pandas.Series.to_list,polars.Series.to_list,1,"station_ids = request.df[""station_id""].to_list()
latitudes = request.df[""latitude""].to_list()
longitudes = request.df[""longitude""].to_list()","    station_ids = request.df.get_column(""station_id"")
    latitudes = request.df.get_column(""latitude"")
    longitudes = request.df.get_column(""longitude"")",,,1,0,1,1,1.0,1.0,1.0,0.875,pass
3c49cad1_bench_interp_filter,,"import pandas as pd

    filtered_df = df[df[""date""].astype(str).str[:] == day_time.strftime(""%Y-%m-%d %H:%M:%S+00:00"")]
    values = filtered_df[""value""].values.tolist()","pandas.Series.astype,pandas.Series.to_list,pandas.Series.values","polars.Series.cast,polars.Series.to_list","pandas.Series.astype,
pandas.Series.values","polars.Series.cast,polars.Series.to_list",2,"import polars as pl

filtered_df = df.filter(pl.col(""date"").cast(pl.Utf8) == day_time.strftime(""%Y-%m-%d %H:%M:%S+00:00""))
values = filtered_df[""value""].to_list()","    filtered_df = df.filter(pl.col(""date"").eq(day_time))
    values = filtered_df.get_column(""value"").to_list()","polars.col,polars.Utf8",polars.col,1,1,1,1,1.0,0.5,0.667,1.0,pass
3c49cad1_bench_interp_time_regular,,"import pandas as pd

    df = df.dropna()
    station_ids = df.station_id.tolist()
    first_station_id = station_ids[0]
    return df[df[""station_id""] == first_station_id]
","pandas.DataFrame.dropna,pandas.Series.to_list","polars.DataFrame.drop_nulls,polars.Series.to_list","pandas.DataFrame.dropna,pandas.Series.to_list","polars.DataFrame.drop_nulls,polars.Series.to_list",2,"import polars as pl

df = df.drop_nulls().filter(~pl.any_horizontal(pl.all().is_null() | pl.all().is_nan()))
station_ids = df[""station_id""].to_list()
first_station_id = station_ids[0]
return df.filter(pl.col(""station_id"") == first_station_id)","    df = request.values.all().df.drop_nulls()
    station_ids = df.get_column(""station_id"")
    ...
    return df.filter(pl.col(""station_id"").eq(first_station_id))","polars.any_horizontal,polars.all,polars.col",polars.col,1,1,1,1,1.0,0.333,0.5,1.0,pass
3c49cad1_bench_interp_time_rmse,,"import pandas as pd

def get_rmse(regular_values: pd.Series, interpolated_values: pd.Series):
    diff = (regular_values.reset_index(drop=True) - interpolated_values.reset_index(drop=True)).dropna()
    n = diff.size
    return ((diff**2).sum() / n) ** 0.5","pandas.Series,pandas.Series.dropna,pandas.Series.reset_index,pandas.Series.size,pandas.Series.sum",polars.Series,"pandas.Series,
pandas.Series.reset_index,
pandas.Series.dropna,
pandas.Series.size,
pandas.Series.sum",polars.Series,1,"import polars as pl


def get_rmse(regular_values: pl.Series, interpolated_values: pl.Series):
    diff = (regular_values - interpolated_values).drop_nulls()
    if diff.dtype in (pl.Float32, pl.Float64):
        diff = diff.filter(~diff.is_nan())
    n = diff.len()
    return ((diff.pow(2).sum() / n) ** 0.5)","def get_rmse(regular_values: pl.Series, interpolated_values: pl.Series):
    n = regular_values.len()
    return (((regular_values - interpolated_values).drop_nulls() ** 2).sum() / n) ** 0.5","polars.Series,polars.Float32,polars.Float64",polars.Series,1,1,1,1,1.0,0.333,0.5,1.0,pass
3c49cad1_bench_precip_pct,,"import pandas as pd

    total_amount = len(df[""value""])
    zero_amount = len(df[df[""value""] == 0.0])",,,,,0,"import polars as pl

total_amount = len(df[""value""])
zero_amount = len(df.filter(pl.col(""value"") == 0.0))","    total_amount = df.get_column(""value"").len()
    zero_amount = df.filter(pl.col(""value"").eq(0.0)).height",polars.col,polars.col,1,1,1,1,1.0,1.0,1.0,1.0,pass
3c49cad1_bench_precip_regular,,"import pandas as pd

def get_regular_df(start_date, end_date, exclude_stations):
    request = stations.filter_by_distance(latlon=(50.0, 8.9), distance=30)
    df = request.values.all().df.dropna()
    station_ids = df.station_id.tolist()
    first_station_id = set(station_ids).difference(set(exclude_stations)).pop()
    return df[df[""station_id""] == first_station_id]
","pandas.DataFrame.all,pandas.DataFrame.dropna,pandas.DataFrame.pop,pandas.Series.to_list","polars.DataFrame.drop_nulls,polars.Series.to_list","pandas.DataFrame.dropna,
pandas.Series.to_list","polars.DataFrame.drop_nulls,polars.Series.to_list",2,"import polars as pl

df = request.values.all().df.drop_nulls()
station_ids = df[""station_id""].to_list()
...
return df.filter(pl.col(""station_id"") == first_station_id)","    df = request.values.all().df.drop_nulls()
    station_ids = df.get_column(""station_id"")
    ...
    return df.filter(pl.col(""station_id"").eq(first_station_id))",polars.col,polars.col,1,1,1,1,1.0,1.0,1.0,1.0,pass
3c49cad1_timeseries_extract,,"import pandas as pd

        param_data.values.loc[:, f""S{result_series_param.name}""] = result_series_param.values",pandas.DataFrame.loc,,"pandas.DataFrame.loc,
pandas.Series.name,
pandas.Series.values",,0,"import polars as pl

param_data = param_data.with_columns(
    pl.Series(f""S{result_series_param.name}"", result_series_param)
)","        param_data.values = param_data.values.with_columns(
            pl.lit(result_series_param).alias(f""S{result_series_param.name}"")
        )",polars.Series,polars.lit,1,1,1,1,0.0,0.0,0.0,0.5,partial
3c49cad1_timeseries_gain,,"import pandas as pd

def gain_of_value_pairs(old_values: pd.DataFrame, new_values: pd.Series) -> float:
    old_score = old_values.apply(lambda row: row.dropna().size >= 4).sum()  # 5: dates plus 4 values
    old_values.loc[:, f""S{new_values.name}""] = new_values.values  # Add new column
    new_score = old_values.apply(lambda row: row.dropna().size >= 4).sum()  # 5: dates plus 4 values","pandas.DataFrame,pandas.DataFrame.apply,pandas.DataFrame.loc,pandas.DataFrame.size,pandas.DataFrame.sum,pandas.Series,pandas.Series.name,pandas.Series.values","polars.DataFrame,polars.Series","pandas.DataFrame,
pandas.Series,
pandas.DataFrame.apply,
pandas.Series.dropna,
pandas.Series.size,
pandas.Series.sum,
pandas.DataFrame.loc,
pandas.Series.name,
pandas.Series.values","polars.DataFrame,polars.Series",2,"import polars as pl


def gain_of_value_pairs(old_values: pl.DataFrame, new_values: pl.Series) -> float:
    old_score = old_values.select(
        (pl.sum_horizontal(pl.all().is_not_null()) >= 4).sum()
    ).item()  # 5: dates plus 4 values
    old_values = old_values.with_columns(pl.Series(f""S{new_values.name}"", new_values.values))  # Add new column
    new_score = old_values.select(
        (pl.sum_horizontal(pl.all().is_not_null()) >= 4).sum()
    ).item()  # 5: dates plus 4 values","def gain_of_value_pairs(old_values: pl.DataFrame, new_values: pl.Series) -> float:
    old_score = (
        old_values.select(pl.fold(acc=0, function=lambda acc, s: acc + s.is_not_null(), exprs=pl.all()) >= 4)
        .sum()
        .item()
    )  # 5: dates plus 4 values
    old_values = old_values.with_columns(pl.lit(new_values).alias(f""S{new_values.name}""))
    new_score = (
        old_values.select(pl.fold(acc=0, function=lambda acc, s: acc + s.is_not_null(), exprs=pl.all()) >= 4)
        .sum()
        .item()
    )  # 5: dates plus 4 values","polars.DataFrame,polars.Series,polars.sum_horizontal,polars.all","polars.DataFrame,polars.Series,polars.fold,polars.all,polars.lit",1,1,1,1,0.6,0.75,0.667,0.8,pass
3c49cad1_mosmix_access_dataframe,,"import pandas as pd
from pandas import DatetimeIndex

            yield pd.DataFrame.from_dict(data_dict)","pandas.DataFrame,pandas.DataFrame.from_dict",polars.DataFrame,pandas.DataFrame.from_dict,polars.DataFrame,1,"import polars as pl
from pandas import DatetimeIndex

            yield pl.DataFrame(data_dict)",            yield pl.DataFrame(data_dict),polars.DataFrame,polars.DataFrame,0,1,1,1,1.0,1.0,1.0,0.875,pass
3c49cad1_mosmix_access_datetime,,"import pandas as pd
from pandas import DatetimeIndex

return pd.DatetimeIndex([pd.Timestamp(i.text) for i in timesteps.getchildren()])
","pandas.DatetimeIndex,pandas.Timestamp",,"pandas.DatetimeIndex,pandas.Timestamp",,0,"import polars as pl
from datetime import datetime

return pl.Series([datetime.fromisoformat(i.text.replace(""Z"", ""+00:00"")) for i in timesteps.getchildren()])",        self.timesteps = [dt.datetime.fromisoformat(i.text) for i in timesteps.getchildren()],polars.Series,,1,1,1,1,1.0,1.0,1.0,1.0,pass
3c49cad1_radar_index_radolan,,"import pandas as pd

    file_index = file_index[
        file_index[""filename""].str.contains(""/bin/"")
        & file_index[""filename""].str.endswith((Extension.GZ.value, Extension.TAR_GZ.value))
    ].copy()",pandas.DataFrame.copy,polars.Series.clone,"pandas.Series.str.contains,
pandas.Series.str.endswith,
pandas.DataFrame.copy",polars.Series.clone,1,"import polars as pl

file_index = file_index.filter(
    pl.col(""filename"").str.contains(""/bin/"")
    & pl.col(""filename"").str.ends_with((Extension.GZ.value, Extension.TAR_GZ.value))
).clone()","    df_fileindex = df_fileindex.filter(
        pl.col(""filename"").str.contains(""/bin/"", literal=True)
        & (pl.col(""filename"").str.ends_with(Extension.GZ.value) | pl.col(""filename"").str.ends_with(Extension.TAR.value))
    )",polars.col,polars.col,1,1,1,1,1.0,1.0,1.0,1.0,pass
3c49cad1_radar_index_sweeps,,"import pandas as pd

    if not all(files_server[""filename""].str.endswith("".bz2"")):
        files_server = files_server[~files_server[""filename""].str.endswith("".bz2"")]",,,pandas.Series.str.endswith,,0,"import polars as pl

if not files_server[""filename""].str.ends_with("".bz2"").all():
    files_server = files_server.filter(~pl.col(""filename"").str.ends_with("".bz2""))","    if not df_fileindex.get_column(""filename"").str.ends_with("".bz2"").all():
        df_fileindex = df_fileindex.filter(~pl.col(""filename"").str.ends_with("".bz2""))",polars.col,polars.col,1,1,1,1,1.0,1.0,1.0,1.0,pass
3c49cad1_radar_sites_cols,,"import pandas as pd

        data = data.drop(labels=[""coordinates_wgs84_text"", ""coordinates_gauss""], axis=""columns"")
        data = data.rename(columns={""coordinates_wgs84"": ""latitude""})
        data.insert(4, ""longitude"", seconds[""coordinates_wgs84""].values)
        data = data.reset_index(drop=True)
        for column in [""latitude"", ""longitude""]:
            data[column] = data[column].apply(lambda x: x.strip(""NE"").replace("","", ""."")).apply(float)
        for column in [""wmo_id"", ""altitude""]:
            data[column] = data[column].apply(int)","pandas.DataFrame.apply,pandas.DataFrame.drop,pandas.DataFrame.insert,pandas.DataFrame.rename,pandas.DataFrame.replace,pandas.DataFrame.reset_index,pandas.Series.apply,pandas.Series.values","polars.DataFrame.map_rows,polars.DataFrame.drop,polars.DataFrame.insert_column,polars.DataFrame.rename","pandas.DataFrame.drop,
pandas.DataFrame.rename,
pandas.DataFrame.insert,
pandas.Series.values,
pandas.DataFrame.reset_index,
pandas.Series.apply","polars.DataFrame.map_rows,polars.DataFrame.drop,polars.DataFrame.insert_column,polars.DataFrame.rename",4,"import polars as pl

data = data.drop([""coordinates_wgs84_text"", ""coordinates_gauss""])
data = data.rename({""coordinates_wgs84"": ""latitude""})
data = data.insert_column(4, pl.Series(""longitude"", seconds[""coordinates_wgs84""].to_list()))
for column in [""latitude"", ""longitude""]:
    data = data.with_columns(
        pl.col(column)
        .cast(pl.Utf8)
        .str.strip_chars(""NE"")
        .str.replace_all("","", ""."")
        .cast(pl.Float64)
    )
for column in [""wmo_id"", ""altitude""]:
    data = data.with_columns(pl.col(column).cast(pl.Int64))","        data = data.drop(columns=[""coordinates_wgs84_text"", ""coordinates_gauss""])
        data = data.rename(mapping={""coordinates_wgs84"": ""latitude""})
        data = data.with_columns(seconds.get_column(""coordinates_wgs84"").alias(""longitude""))
        data = data.with_columns(
            pl.col(""latitude"").apply(lambda x: x.strip(""NE"").replace("","", ""."")).cast(float),
            pl.col(""longitude"").apply(lambda x: x.strip(""NE"").replace("","", ""."")).cast(float),
            pl.col(""wmo_id"").cast(int),
            pl.col(""altitude"").cast(int),
        )","polars.Series,polars.col,polars.Utf8,polars.Float64,polars.Int64",polars.col,1,1,1,1,1.0,0.2,0.333,1.0,pass
3c49cad1_radar_sites_dicts,,"import pandas as pd

def all(df):
    result = {}
    for item in df.to_dict(orient=""records""):
        key = item[""dwd_id""]
        value = item
        result[key] = value
    return result
",,,pandas.DataFrame.to_dict,,0,"import polars as pl

for item in df.to_dicts():
    pass","import polars as pl

def all(df):
    result = {}
    for item in df.to_dicts():
        key = item[""dwd_id""]
        value = item
        result[key] = value
    return result
",,,1,1,1,1,1.0,1.0,1.0,1.0,pass
3c49cad1_geosphere_all,,"import pandas as pd

        df = pd.read_csv(response)
        return df.rename(
            columns={GEOSPHERE_RENAME_MAP}
        ).drop(columns=[""Sonnenschein"", ""Globalstrahlung""])
","pandas.DataFrame.drop,pandas.DataFrame.rename,pandas.read_csv","polars.DataFrame.drop,polars.DataFrame.rename,polars.read_csv","pandas.DataFrame.drop,pandas.DataFrame.rename,pandas.read_csv","polars.DataFrame.drop,polars.DataFrame.rename,polars.read_csv",3,"import polars as pl

df = pl.read_csv(response)
return df.rename(
    GEOSPHERE_RENAME_MAP
).drop([""Sonnenschein"", ""Globalstrahlung""])","        df = pl.read_csv(response).lazy()
        df = df.drop(columns=[""Sonnenschein"", ""Globalstrahlung""])
        df = df.rename(mapping={...})
        return df.with_columns(
            pl.col(Columns.FROM_DATE.value).str.strptime(pl.Datetime),
            pl.col(Columns.TO_DATE.value).str.strptime(pl.Datetime),
        )",polars.read_csv,"polars.read_csv,polars.col,polars.Datetime",1,1,1,1,0.333,1.0,0.5,0.666,partial
3c49cad1_geosphere_collect,,"import pandas as pd

        data = json.loads(response.read())
        timestamps = data.pop(""timestamps"")
        df = (
            pd.DataFrame(data[""features""])
            .pop(""properties"")
            .map(lambda x: x[""parameters""])
            .apply(_extract_parameter_values)
            .explode()
            .apply(pd.Series)
            .explode(""value"")
        )
        df.value = df.value.astype(float)
        df[Columns.DATE.value] = pd.to_datetime(pd.Series(timestamps).repeat(len(parameter)).values)
        return df","pandas.DataFrame,pandas.DataFrame.explode,pandas.DataFrame.pop,pandas.DataFrame.values,pandas.Series,pandas.Series.apply,pandas.Series.astype,pandas.Series.map,pandas.Series.repeat,pandas.to_datetime","polars.DataFrame,polars.DataFrame.map_rows,polars.DataFrame.cast,polars.DataFrame.explode,polars.Series,polars.Series.repeat_by,polars.Expr.str.to_datetime","pandas.DataFrame,
pandas.DataFrame.pop,
pandas.Series.map,
pandas.Series.apply,
pandas.Series.explode,
pandas.Series,
pandas.DataFrame.explode,
pandas.Series.astype,
pandas.Series.repeat,
pandas.Series.values,
pandas.to_datetime","polars.DataFrame,polars.DataFrame.map_rows,polars.DataFrame.cast,polars.DataFrame.explode,polars.Series,polars.Series.repeat_by,polars.Expr.str.to_datetime",7,"import json
import polars as pl

data = json.loads(response.read())
timestamps = data.pop(""timestamps"")
features_df = pl.DataFrame(data[""features""])
parameter = features_df[""properties""]
rows = []
for x in parameter:
    rows.extend(_extract_parameter_values(x[""parameters""]))
df = pl.DataFrame(rows).explode(""value"")
df = df.with_columns(
    pl.col(""value"").cast(pl.Float64),
    pl.Series(timestamps).repeat_by(len(parameter)).explode().cast(pl.Datetime(""ns"")).alias(Columns.DATE.value),
)
return df","        data_raw = json.loads(response.read())
        timestamps = data_raw.pop(""timestamps"")
        data = {Columns.DATE.value: timestamps}
        for par, par_dict in data_raw[""features""][0][""properties""][""parameters""].items():
            data[par] = par_dict[""data""]
        df = pl.DataFrame(data)
        df = df.melt(
            id_vars=[Columns.DATE.value], variable_name=Columns.PARAMETER.value, value_name=Columns.VALUE.value
        )
        return df.with_columns(
            pl.col(Columns.DATE.value)
            .str.strptime(pl.Datetime, fmt=""%Y-%m-%dT%H:%M+%H:%M"")
            .dt.replace_time_zone(""UTC""),
        )","polars.DataFrame,polars.col,polars.Float64,polars.Series,polars.Datetime","polars.DataFrame,polars.col,polars.Datetime",1,1,1,1,1.0,0.6,0.75,1.0,pass
cb25a1c5_wsv_pegel,,"import pandas as pd

        df = pd.read_json(response)
        df = pl.from_pandas(df).lazy()",pandas.read_json,polars.read_json,pandas.read_json,polars.read_json,1,"import polars as pl

df = pl.read_json(response).lazy()",        df = pl.read_json(response).lazy(),polars.read_json,polars.read_json,1,1,1,1,1.0,1.0,1.0,1.0,pass
a52cebfe_es_update_pivot_join,,"import pandas as pd

        oar = observation.merge(all_responses, on=[""realization""], how=""left"")
    return {
        ""obs_keys_count"": len(oar[""observations""]),
        ""obs_values"":     oar[""observations""].values.ravel(),
        ""obs_errors"":     oar[""std""].values.ravel(),
        ""n_reals"":        len(oar[""realization""]),
    }
",,,"pandas.DataFrame.merge,
pandas.Series.values",,0,"import polars as pl

        oar = observation.join(all_responses, on=[""realization""], how=""left"")
    return {
        ""obs_keys_count"": len(oar[""observations""]),
        ""obs_values"":     oar[""observations""].to_numpy().ravel(),
        ""obs_errors"":     oar[""std""].to_numpy().ravel(),
        ""n_reals"":        len(oar[""realization""]),
    }","        pivoted = responses_for_type.pivot(
            on=""realization"",
            index=[""response_key"", *response_cls.primary_key],
            aggregate_function=""mean"",
        )
        if ""time"" in pivoted:
            joined = observations_for_type.join_asof(
                pivoted,
                by=[""response_key"", *response_cls.primary_key],
                on=""time"",
            )
        else:
            joined = observations_for_type.join(
                pivoted, how=""left"", on=[""response_key"", *response_cls.primary_key],
            )
        obs_keys_1d = joined[""observation_key""].to_numpy()
        obs_values_1d = joined[""observations""].to_numpy()
        obs_errors_1d = joined[""std""].to_numpy()
        responses = joined.select(joined.columns[num_non_response_value_columns:]).to_numpy()
        filtered_responses.append(responses)
        observation_keys.append(obs_keys_1d)
        observation_values.append(obs_values_1d)
        observation_errors.append(obs_errors_1d)
        indexes.append(index_1d)",,,0,1,1,1,1.0,1.0,1.0,0.875,pass
a52cebfe_common_get_observations,,"import pandas as pd


    for key, dataset in experiment.observations.items():
        observation = {
            ""name"": key,
            ""values"": list(dataset[""observations""].values.flatten()),
            ""errors"": list(dataset[""std""].values.flatten()),
        }
        if ""time"" in dataset.coords:
            observation[""x_axis""] = _prepare_x_axis(dataset[""time""].values.flatten())
        else:
            observation[""x_axis""] = _prepare_x_axis(dataset[""index""].values.flatten())
        observations.append(observation)
    observations.sort(key=lambda x: x[""x_axis""])
","pandas.DataFrame.items,pandas.Series.values",polars.DataFrame.get_columns,,polars.DataFrame.get_columns,1,"for key, dataset in experiment.observations.items():
    observation = {
        ""name"": key,
        ""values"": list(dataset[""observations""].values.flatten()),
        ""errors"": list(dataset[""std""].values.flatten()),
    }
    if ""time"" in dataset.coords:
        observation[""x_axis""] = _prepare_x_axis(dataset[""time""].values.flatten())
    else:
        observation[""x_axis""] = _prepare_x_axis(dataset[""index""].values.flatten())
    observations.append(observation)
observations.sort(key=lambda x: x[""x_axis""])","    for response_type, df in experiment.observations.items():
        if observation_keys is not None:
            df = df.filter(polars.col(""observation_key"").is_in(observation_keys))
        if df.is_empty():
            continue
        df = df.rename({""observation_key"": ""name"", ""std"": ""errors"", ""observations"": ""values""})
        df = df.with_columns(polars.Series(name=""x_axis"", values=df.map_rows(x_axis_fn)))
        df = df.sort(""x_axis"")
        for obs_key, _obs_df in df.group_by(""name""):
            observations.append({
                ""name"": obs_key[0],
                ""values"": _obs_df[""values""].to_list(),
                ""errors"": _obs_df[""errors""].to_list(),
                ""x_axis"": _obs_df[""x_axis""].to_list(),
            })",,"polars.col,polars.Series",1,0,1,1,0.0,0.0,0.0,0.375,fail
a52cebfe_rft_concat_write,,"import pandas as pd

        frame = pd.concat(data)
        frame.set_index([""Realization"", ""Well"", ""Ensemble"", ""Iteration""], inplace=True)
        if drop_const_cols:
            frame = frame.loc[:, (frame != frame.iloc[0]).any()]
        frame.to_csv(output_file)","pandas.DataFrame.iloc,pandas.DataFrame.loc,pandas.DataFrame.set_index,pandas.DataFrame.to_csv,pandas.Series.any,pandas.concat","polars.DataFrame.slice,polars.DataFrame.filter,polars.DataFrame.write_csv,polars.concat","pandas.concat,
pandas.DataFrame.set_index,
pandas.DataFrame.iloc,
pandas.DataFrame.any,
pandas.DataFrame.loc,
pandas.DataFrame.to_csv","polars.DataFrame.slice,polars.DataFrame.filter,polars.DataFrame.write_csv,polars.concat",4,"import polars as pl

frame = pl.concat(data)
if drop_const_cols:
    first_row = frame.row(0)
    frame = frame.select(
        [
            col
            for col, first_value in zip(frame.columns, first_row)
            if (frame.get_column(col) != first_value).any()
        ]
    )
frame.write_csv(output_file)","        frame = polars.concat(data)
        columns_to_export = [""Realization"", *cols_index, ..., ""Pressure"", ...]
        to_export = frame.select(columns_to_export)
        to_export.write_csv(output_file, include_header=True)",polars.concat,polars.concat,1,1,1,1,1.0,1.0,1.0,1.0,pass
a52cebfe_rft_obs_join,,"import pandas as pd


                rft_data = pd.DataFrame(pressure_vals, index=range(len(tvd_arg)))
                ensemble_data = []
                for iens in realizations:
                    frame = pd.DataFrame(
                        data={""TVD"": tvd_arg, ""Pressure"": rft_data[iens],
                              ""ObsValue"": obs_node[""observations""].values[0],
                              ""ObsStd"": obs_node[""std""].values[0]},
                    )
                    realization_frame[""Realization""] = iens
                    realization_frame[""Well""] = well
                    ensemble_data.append(realization_frame)
                data.append(pd.concat(ensemble_data))
","pandas.DataFrame,pandas.Series.values,pandas.concat","polars.DataFrame,polars.concat","pandas.DataFrame,pandas.concat","polars.DataFrame,polars.concat",2,"import polars as pl


rft_data = pl.DataFrame(pressure_vals, schema=[str(i) for i in realizations])
ensemble_data = []
for iens in realizations:
    frame = pl.DataFrame(
        data={
            ""TVD"": tvd_arg,
            ""Pressure"": rft_data[str(iens)],
            ""ObsValue"": obs_node[""observations""][0],
            ""ObsStd"": obs_node[""std""][0],
        },
    )
    realization_frame = frame.with_columns(
        pl.lit(iens).alias(""Realization""),
        pl.lit(well).alias(""Well""),
    )
    ensemble_data.append(realization_frame)
data.append(pl.concat(ensemble_data))","                responses = ensemble.load_responses(response_key, tuple(realizations))
                joined = obs_df.join(
                    responses,
                    on=[""response_key"", ""report_step"", ""index""],
                    how=""left"",
                ).drop(""index"", ""report_step"")
                all_realization_frames = joined.rename(
                    {""realization"": ""Realization"", ""values"": ""Pressure"",
                     ""observations"": ""ObsValue"", ""std"": ""ObsStd""}
                ).with_columns(
                    [
                        polars.lit(well_key).alias(""Well"").cast(polars.String),
                        polars.lit(ensemble.name).alias(""Ensemble"").cast(polars.String),
                        polars.lit(ensemble.iteration).alias(""Iteration"").cast(polars.UInt8),
                        polars.lit(tvd_arg).alias(""TVD"").cast(polars.Float32),
                    ]
                )
                data.append(all_realization_frames)","polars.DataFrame,polars.lit,polars.concat","polars.lit,polars.String,polars.UInt8,polars.Float32",1,1,1,1,0.25,0.333,0.286,0.625,partial
e8fa7691_design_matrix_model,,"import pandas as pd

        header_labels = design_matrix_df.columns.astype(str).tolist()
        for index, _ in design_matrix_df.iterrows():
            model.appendRow([
                QStandardItem(str(design_matrix_df.at[index, col]))
                for col in design_matrix_df.columns
            ])
        model.setVerticalHeaderLabels(design_matrix_df.index.astype(str).tolist())
","pandas.DataFrame.astype,pandas.DataFrame.columns,pandas.DataFrame.index,pandas.DataFrame.iterrows,pandas.Series.to_list","polars.DataFrame.cast,polars.Series.to_list","pandas.DataFrame.columns,
pandas.DataFrame.index,
pandas.Index.astype,
pandas.Index.to_list,
pandas.DataFrame.iterrows,
pandas.DataFrame.at","polars.DataFrame.cast,polars.Series.to_list",2,"import polars as pl

header_labels = [str(col) for col in design_matrix_df.columns]
for _, row in enumerate(design_matrix_df.iter_rows()):
    model.appendRow([
        QStandardItem(str(value))
        for value in row
    ])
model.setVerticalHeaderLabels([str(i) for i in range(design_matrix_df.height)])","        header_labels = design_matrix_df.select(pl.exclude(""realization"")).columns
        ...
        for row_dict in design_matrix_df.iter_rows(named=True):
            model.appendRow([
                QStandardItem(str(row_dict[col]))
                for col in design_matrix_df.select(pl.exclude(""realization"")).columns
            ])
        model.setVerticalHeaderLabels(
            design_matrix_df.get_column(""realization"").cast(pl.String).to_list()
        )",,"polars.exclude,polars.String",1,1,1,1,0.0,0.0,0.0,0.5,partial
acryo_loader_corr_max_with_columns_migration,,"mole_aligned.features = pd.concat(
    [
        self.molecules.features,
        get_features(corr_max, local_shifts, rotator.as_rotvec()),
        pd.DataFrame({""labels"": labels}),
    ],
    axis=1,
)","pandas.DataFrame,pandas.concat","polars.DataFrame,polars.concat","pandas.DataFrame,pandas.concat","polars.DataFrame,polars.concat",2,"mole_aligned.features = pl.concat(
    [
        self.molecules.features,
        get_features(corr_max, local_shifts, rotator.as_rotvec()),
        pl.DataFrame({""labels"": labels}),
    ],
    how=""horizontal"",
)","feature_list = get_feature_list(corr_max, local_shifts, rotator.as_rotvec())
mole_aligned.features = self.molecules.features.with_columns(
    feature_list + pl.Series(""labels"", labels)
)","polars.concat,polars.DataFrame",polars.Series,1,0,1,1,0.0,0.0,0.0,0.375,fail
acryo_loader_get_features_migration,,"def get_features(corr_max, local_shifts, rotvec) -> pd.DataFrame:
    import pandas as pd

    features = {
        ""score"": corr_max,
        ""shift-z"": np.round(local_shifts[:, 0], 2),
        ""shift-y"": np.round(local_shifts[:, 1], 2),
        ""shift-x"": np.round(local_shifts[:, 2], 2),
        ""rotvec-z"": np.round(rotvec[:, 0], 5),
        ""rotvec-y"": np.round(rotvec[:, 1], 5),
        ""rotvec-x"": np.round(rotvec[:, 2], 5),
    }
    return pd.DataFrame(features)",pandas.DataFrame,polars.DataFrame,pandas.DataFrame,polars.DataFrame,1,"def get_features(corr_max, local_shifts, rotvec) -> pl.DataFrame:
    import polars as pl
    import numpy as np

    features = {
        ""score"": corr_max,
        ""shift-z"": np.round(local_shifts[:, 0], 2),
        ""shift-y"": np.round(local_shifts[:, 1], 2),
        ""shift-x"": np.round(local_shifts[:, 2], 2),
        ""rotvec-z"": np.round(rotvec[:, 0], 5),
        ""rotvec-y"": np.round(rotvec[:, 1], 5),
        ""rotvec-x"": np.round(rotvec[:, 2], 5),
    }
    return pl.DataFrame(features)","def get_features(corr_max, local_shifts, rotvec) -> pl.DataFrame:

    features = {
        ""score"": corr_max,
        ""shift-z"": np.round(local_shifts[:, 0], 2),
        ""shift-y"": np.round(local_shifts[:, 1], 2),
        ""shift-x"": np.round(local_shifts[:, 2], 2),
        ""rotvec-z"": np.round(rotvec[:, 0], 5),
        ""rotvec-y"": np.round(rotvec[:, 1], 5),
        ""rotvec-x"": np.round(rotvec[:, 2], 5),
    }
    return pl.DataFrame(features)


def get_feature_list(corr_max, local_shifts, rotvec) -> list[pl.Series]:

    features = [
        pl.Series(""score"", corr_max),
        pl.Series(""shift-z"", np.round(local_shifts[:, 0], 2)),
        pl.Series(""shift-y"", np.round(local_shifts[:, 1], 2)),
        pl.Series(""shift-x"", np.round(local_shifts[:, 2], 2)),
        pl.Series(""rotvec-z"", np.round(rotvec[:, 0], 5)),
        pl.Series(""rotvec-y"", np.round(rotvec[:, 1], 5)),
        pl.Series(""rotvec-x"", np.round(rotvec[:, 2], 5)),
    ]
    return features",polars.DataFrame,"polars.DataFrame,polars.Series",1,1,1,1,0.5,1.0,0.667,0.75,pass
acryo_loader_scores_with_columns_migration,,"mole_aligned.features = update_features(
    self.molecules.features.copy(),
    get_features(scores, local_shifts, rotator.as_rotvec()),
)",pandas.DataFrame.copy,polars.DataFrame.clone,pandas.DataFrame.copy,polars.DataFrame.clone,1,"mole_aligned.features = update_features(
    self.molecules.features.clone(),
    get_features(scores, local_shifts, rotator.as_rotvec()),
)","mole_aligned.features = self.molecules.features.with_columns(
    get_feature_list(scores, local_shifts, rotator.as_rotvec()),
)",,,1,0,1,1,1.0,1.0,1.0,0.875,pass
acryo_loader_update_features_migration,,"def update_features(
    features: pd.DataFrame,
    values: dict | pd.DataFrame,
):
    for name, value in values.items():
        features[name] = value
    return features",pandas.DataFrame,polars.DataFrame,pandas.DataFrame,polars.DataFrame,1,"import pandas as pd
import polars as pl


def update_features(
    features: pl.DataFrame,
    values: dict | pl.DataFrame,
):
    for name, value in values.items():
        if isinstance(value, pl.Series):
            features = features.with_columns(value.alias(name))
        elif isinstance(value, (list, tuple)):
            features = features.with_columns(pl.Series(name, value))
        else:
            features = features.with_columns(pl.lit(value).alias(name))
    return features","def update_features(
    features: pl.DataFrame,
    values: dict[str, Any] | pl.DataFrame | list[Any],
):
    """"""Update features with new values.""""""
    if isinstance(values, dict):
        _values = [pl.Series(k, v) for k, v in values.items()]
    else:
        _values = list(values)
    return features.with_columns(_values)","polars.DataFrame,polars.Series,polars.lit","polars.DataFrame,polars.Series",1,1,0,1,1.0,0.667,0.8,0.875,pass
acryo_molecules_concat_migration,,"@classmethod
def concat(cls, moles: Iterable[Molecules], concat_features: bool = True) -> Self:
    """"""Concatenate Molecules objects.""""""
    pos: list[np.ndarray] = []
    quat: list[np.ndarray] = []
    features: list[pd.DataFrame] = []
    for mol in moles:
        pos.append(mol.pos)
        quat.append(mol.quaternion())
        features.append(mol.features)

    all_pos = np.concatenate(pos, axis=0)
    all_quat = np.concatenate(quat, axis=0)
    if concat_features:
        import pandas as pd

        all_features = pd.concat(features, axis=0)
    else:
        all_features = None

    return cls(all_pos, Rotation(all_quat), features=all_features)","pandas.DataFrame,pandas.concat","polars.DataFrame,polars.concat","pandas.DataFrame,pandas.concat","polars.DataFrame,polars.concat",2,"import numpy as np
import polars as pl
from typing import Iterable, Self


@classmethod
def concat(cls, moles: Iterable[Molecules], concat_features: bool = True) -> Self:
    """"""Concatenate Molecules objects.""""""
    pos: list[np.ndarray] = []
    quat: list[np.ndarray] = []
    features: list[pl.DataFrame] = []
    for mol in moles:
        pos.append(mol.pos)
        quat.append(mol.quaternion())
        features.append(mol.features)

    all_pos = np.concatenate(pos, axis=0)
    all_quat = np.concatenate(quat, axis=0)
    if concat_features:
        all_features = pl.concat(features, how=""vertical"")
    else:
        all_features = None

    return cls(all_pos, Rotation(all_quat), features=all_features)","@classmethod
def concat(cls, moles: Iterable[Molecules], concat_features: bool = True) -> Self:
    """"""Concatenate Molecules objects.""""""
    pos: list[np.ndarray] = []
    quat: list[np.ndarray] = []
    features: list[pl.DataFrame] = []
    for mol in moles:
        pos.append(mol.pos)
        quat.append(mol.quaternion())
        features.append(mol.features)

    all_pos = np.concatenate(pos, axis=0)
    all_quat = np.concatenate(quat, axis=0)
    if concat_features:
        all_features = pl.concat(features, how=""horizontal"")
    else:
        all_features = None

    return cls(all_pos, Rotation(all_quat), features=all_features)","polars.DataFrame,polars.concat","polars.DataFrame,polars.concat",1,1,1,1,1.0,1.0,1.0,1.0,pass
acryo_molecules_from_csv_migration,,"def from_csv(
    cls,
    path: str,
    pos_cols: list[str] = [""z"", ""y"", ""x""],
    rot_cols: list[str] = [""zvec"", ""yvec"", ""xvec""],
    **pd_kwargs,
) -> Self:
    import pandas as pd
    pos_cols = pos_cols.copy()
    rot_cols = rot_cols.copy()
    df: pd.DataFrame = pd.read_csv(path, **pd_kwargs)  # type: ignore
    pos = df[pos_cols]
    rotvec = df[rot_cols]
    cols = pos + rotvec
    others = df.iloc[:, np.array([c not in cols for c in df.columns])]
    return cls(
        pos,
        Rotation.from_rotvec(rotvec),
        features=others,
    )","pandas.DataFrame,pandas.DataFrame.columns,pandas.DataFrame.iloc,pandas.read_csv","polars.DataFrame,polars.DataFrame.columns,polars.DataFrame.slice,polars.read_csv","pandas.DataFrame,pandas.DataFrame.columns,pandas.DataFrame.iloc,pandas.read_csv","polars.DataFrame,polars.DataFrame.columns,polars.DataFrame.slice,polars.read_csv",4,"import polars as pl
from scipy.spatial.transform import Rotation


def from_csv(
    cls,
    path: str,
    pos_cols: list[str] = [""z"", ""y"", ""x""],
    rot_cols: list[str] = [""zvec"", ""yvec"", ""xvec""],
    **pd_kwargs,
) -> Self:
    pos_cols = pos_cols.copy()
    rot_cols = rot_cols.copy()
    df: pl.DataFrame = pl.read_csv(path, **pd_kwargs)  # type: ignore
    pos = df.select(pos_cols)
    rotvec = df.select(rot_cols)
    cols = pos_cols + rot_cols
    others = df.select([c for c in df.columns if c not in cols])
    return cls(
        pos,
        Rotation.from_rotvec(rotvec.to_numpy()),
        features=others,
    )","def from_csv(
    cls,
    path: PathLike,
    pos_cols: list[str] = [""z"", ""y"", ""x""],
    rot_cols: list[str] = [""zvec"", ""yvec"", ""xvec""],
    **pl_kwargs,
) -> Self:
    import polars as pl
    pos_cols = pos_cols.copy()
    rot_cols = rot_cols.copy()
    df = pl.read_csv(path, **pl_kwargs)
    pos = df.select(pos_cols)
    rotvec = df.select(rot_cols)
    cols = pos.columns + rotvec.columns
    others = df.select([c for c in df.columns if c not in cols])
    return cls(
        np.asarray(pos).T,
        Rotation.from_rotvec(np.asarray(rotvec).T),
        features=others,
    )","polars.DataFrame,polars.read_csv",polars.read_csv,1,1,1,1,1.0,0.5,0.667,1.0,pass
acryo_molecules_rotation_copy_migration,,"if features is not None:
    features = features.copy()
out = self.__class__(self._pos, rot, features=features)",,,pandas.DataFrame.copy,,0,"if features is not None:
    features = features.clone()
out = self.__class__(self._pos, rot, features=features)","if features is not None:
    features = pl.DataFrame(list(features))
out = self.__class__(self._pos, rot, features=features)",,polars.DataFrame,1,0,1,1,0.0,0.0,0.0,0.375,fail
acryo_molecules_subset_migration,,"if self._features is None:
    return self.__class__(pos, Rotation(quat))
return self.__class__(pos, Rotation(quat), self._features.iloc[spec, :])",pandas.DataFrame.iloc,,pandas.DataFrame.iloc,,0,"if self._features is None:
    return self.__class__(pos, Rotation(quat))
return self.__class__(pos, Rotation(quat), self._features.row(spec, named=True))","if self._features is None:
    return self.__class__(pos, Rotation(quat))
return self.__class__(pos, Rotation(quat), self._features[spec])",,,1,0,1,1,1.0,1.0,1.0,0.875,pass
acryo_molecules_to_csv_migration,,"def to_csv(self, save_path: str) -> None:
    """"""
    Save molecules as a csv file.

    Parameters
    ----------
    save_path : str
        Save path.
    """"""
    return self.to_dataframe().to_csv(save_path, index=False)",pandas.DataFrame.to_csv,polars.DataFrame.write_csv,pandas.DataFrame.to_csv,polars.DataFrame.write_csv,1,"def to_csv(self, save_path: str) -> None:
    """"""
    Save molecules as a csv file.

    Parameters
    ----------
    save_path : str
        Save path.
    """"""
    return self.to_dataframe().write_csv(save_path)","def to_csv(self, save_path: PathLike) -> None:
    """"""
    Save molecules as a csv file.

    Parameters
    ----------
    save_path : PathLike
        Save path.
    """"""
    return self.to_dataframe().write_csv(str(save_path))",,,1,0,1,1,1.0,1.0,1.0,0.875,pass
acryo_molecules_to_dataframe_migration,,"def to_dataframe(self) -> pd.DataFrame:
    import pandas as pd
    rotvec = self.rotvec()
    data = np.concatenate([self.pos, rotvec], axis=1)
    df = pd.DataFrame(data, columns=_CSV_COLUMNS)
    if self._features is not None:
        df = pd.concat([df, self._features], axis=1)
    return df","pandas.DataFrame,pandas.concat","polars.DataFrame,polars.concat","pandas.DataFrame,pandas.concat","polars.DataFrame,polars.concat",2,"def to_dataframe(self) -> pl.DataFrame:
    import polars as pl
    rotvec = self.rotvec()
    data = np.concatenate([self.pos, rotvec], axis=1)
    df = pl.DataFrame(data, schema=_CSV_COLUMNS)
    if self._features is not None:
        df = pl.concat([df, self._features], how=""horizontal"")
    return df","def to_dataframe(self) -> pl.DataFrame:
    import polars as pl
    rotvec = self.rotvec()
    data = np.concatenate([self.pos, rotvec], axis=1)
    df = pl.DataFrame(data, columns=_CSV_COLUMNS)
    if self._features is not None:
        df = df.with_columns(list(self._features))
    return df","polars.DataFrame,polars.concat",polars.DataFrame,1,1,1,1,1.0,0.5,0.667,1.0,pass
src_onemod_utils_parameters_create_params_migration,,"from pandas import DataFrame

def create_params(config: ModelConfig) -> DataFrame | None:
    param_dict = extract_param_dict(config)
    if len(param_dict) == 0:
        return None
    crossby = list(param_dict.keys())
    params = DataFrame(
        [param_set for param_set in product(*param_dict.values())],
        columns=crossby,
    )
    params[""param_id""] = params.index
    return params[[""param_id"", *crossby]]
","pandas.DataFrame,pandas.DataFrame.index",polars.DataFrame,"pandas.DataFrame,pandas.DataFrame.index",polars.DataFrame,1,"from itertools import product

import polars as pl


def create_params(config: ModelConfig) -> pl.DataFrame | None:
    param_dict = extract_param_dict(config)
    if len(param_dict) == 0:
        return None
    crossby = list(param_dict.keys())
    params = pl.DataFrame(
        [param_set for param_set in product(*param_dict.values())],
        schema=crossby,
    )
    params = params.with_row_index(""param_id"")
    return params.select([""param_id"", *crossby])","import polars as pl

def create_params(config: ModelConfig) -> pl.DataFrame | None:
    crossby = list(param_dict.keys())
    params = pl.DataFrame(
        [list(param_set) for param_set in product(*param_dict.values())],
        schema=crossby,  # TODO: I think schema is incorrectly provided
    )
    params = params.with_row_index(name=""param_id"")
    return params.select([""param_id"", *crossby])
",polars.DataFrame,polars.DataFrame,1,1,1,1,1.0,1.0,1.0,1.0,pass
src_onemod_utils_parameters_get_params_migration,,"from pandas import DataFrame

def get_params(params: DataFrame, param_id: int) -> dict[str, Any]:
    params = params.query(""param_id == @param_id"").drop(columns=[""param_id""])
    return {
        str(param_name): param_value.item()
        for param_name, param_value in params.items()
    }
","pandas.DataFrame.drop,pandas.DataFrame.items,pandas.DataFrame.query",polars.DataFrame.drop,"pandas.DataFrame,
pandas.DataFrame.query,
pandas.DataFrame.drop,
pandas.DataFrame.items,
pandas.Series.item",polars.DataFrame.drop,1,"import polars as pl
from typing import Any


def get_params(params: pl.DataFrame, param_id: int) -> dict[str, Any]:
    params = params.filter(pl.col(""param_id"") == param_id).drop(""param_id"")
    return {
        str(param_name): param_value.item()
        for param_name, param_value in params.items()
    }","def get_params(params: pl.DataFrame, param_id: int) -> dict[str, Any]:
    params = params.filter(pl.col(""param_id"") == param_id).drop(""param_id"")
    return {str(col): params[col][0] for col in params.columns}
","polars.DataFrame,polars.col","polars.DataFrame,polars.col",1,1,1,1,1.0,1.0,1.0,1.0,pass
8017f91b_hybrid_score_concat,,"import pandas as pd

    return pd.concat([hybrid_score.to_frame() for hybrid_score in hybrid_scores], ignore_index=True)","pandas.Series.to_frame,pandas.concat",polars.concat,"pandas.Series.to_frame,
pandas.concat",polars.concat,1,"import polars as pl

return pl.concat([hybrid_score.to_frame() for hybrid_score in hybrid_scores], how=""vertical"")",    return pl.concat([hybrid_score.to_frame() for hybrid_score in hybrid_scores]),polars.concat,polars.concat,1,1,1,1,1.0,1.0,1.0,1.0,pass
8017f91b_precompute_cross_join,,"import pandas as pd

    return (
        pd.DataFrame(data=input_df.index, columns=[""document_id""])
        .assign(
            scores=lambda new_df: new_df[""document_id""].progress_apply(
                lambda query_d3_document_id: find_top_n_matches_single_document(
                    input_df, query_d3_document_id, pairwise_metric, n
                )
            )
        )
        .set_index(""document_id"")
    )","pandas.DataFrame,pandas.DataFrame.assign,pandas.DataFrame.index,pandas.DataFrame.set_index","polars.DataFrame,polars.DataFrame.with_columns","pandas.DataFrame,
pandas.DataFrame.index,
pandas.DataFrame.assign,
pandas.DataFrame.set_index","polars.DataFrame,polars.DataFrame.with_columns",2,"import polars as pl

return (
    pl.DataFrame(data={""document_id"": input_df.get_column(""document_id"")})
    .with_columns(
        pl.col(""document_id"")
        .map_elements(
            lambda query_d3_document_id: find_top_n_matches_single_document(
                input_df, query_d3_document_id, pairwise_metric, n
            ),
            return_dtype=pl.Object,
        )
        .alias(""scores"")
    )
)","    id_combinations_frame = generate_id_combinations_frame(documents_frame).pipe(
        remove_matching_id_rows
    )
    scores_frame = pairwise_scores_from_columns(
        documents_frame, id_combinations_frame, pairwise_metric
    ).sort(by=[""query_d3_document_id"", ""score""], descending=[False, True])
    return scores_frame.groupby(""query_d3_document_id"").head(n)","polars.DataFrame,polars.col,polars.Object",,1,1,1,1,1.0,1.0,1.0,1.0,pass
8017f91b_embedder_frame,,"import pandas as pd

    return (
        pd.Series(embeddings_mapping, name=""embedding"")
        .to_frame()
        .rename_axis(""document_id"", axis=""index"")
    )","pandas.DataFrame.rename_axis,pandas.Series,pandas.Series.to_frame",polars.Series,"pandas.Series,
pandas.Series.to_frame,
pandas.DataFrame.rename_axis",polars.Series,1,"import polars as pl

return (
    pl.Series(embeddings_mapping, name=""embedding"")
    .to_frame()
)","        return self.tokens_frame.with_columns(embedding=pl.Series(embeddings)).drop(""tokens"")",polars.Series,polars.Series,1,1,1,1,1.0,1.0,1.0,1.0,pass
8017f91b_eval_hybrid_concat_sort,,"import pandas as pd

average_precision_scores = pd.concat(frames)
    return (
        average_precision_scores
        .sort_values(""Best Score"", ascending=False)
        .reset_index(drop=False)
        .drop_duplicates(subset=""Query Document ID"")
        .reset_index(drop=True)
    )
",,,"pandas.concat,
pandas.DataFrame.sort_values,
pandas.DataFrame.reset_index,
pandas.DataFrame.drop_duplicates",,0,"import polars as pl

average_precision_scores = pl.concat(frames)
return (
    average_precision_scores
    .with_row_index(""index"")
    .sort(""Best Score"", descending=True)
    .drop_duplicates(subset=""Query Document ID"")
)","    average_precision_scores = pl.concat(
        [...]
    ).with_columns(pl.max(pl.exclude([""Query Document ID"", ""Language Model""])).alias(""Best Score""))
    average_precision_scores.sort(by=""Best Score"", descending=True).unique(
        subset=""Query Document ID""
    )",polars.concat,"polars.concat,polars.max,polars.exclude",1,1,1,1,0.333,1.0,0.5,0.666,partial
8017f91b_eval_hybrid_load,,"import pandas as pd

    tfidf_cosine_similarities_most_cited: pd.DataFrame = load_df_from_pickle(
        ResultsPaths.language_models.tfidf_cosine_similarities_most_cited_pkl
    )",pandas.DataFrame,polars.DataFrame,pandas.DataFrame,polars.DataFrame,1,"import polars as pl

tfidf_cosine_similarities_most_cited: pl.DataFrame = load_df_from_pickle(
    ResultsPaths.language_models.tfidf_cosine_similarities_most_cited_pkl
)","    tfidf_cosine_similarities: ScoresFrame = read_df_from_parquet(
        ResultsPaths.language_models.tfidf_cosine_similarities_parquet
    )",polars.DataFrame,,1,1,1,1,1.0,1.0,1.0,1.0,pass
8017f91b_io_parquet,,"import pandas as pd

def write_df_to_pickle(
    df: pd.DataFrame,
    path: Path,
) -> None:
    """"""Write a Pandas DataFrame to a pickle file.""""""
    df.to_pickle(path)

def load_df_from_pickle(path: Path) -> pd.DataFrame:
    """"""Load a Pandas DataFrame from a pickle file.""""""
    return pd.read_pickle(path)","pandas.DataFrame,pandas.DataFrame.to_pickle,pandas.read_pickle",polars.DataFrame,"pandas.DataFrame,pandas.DataFrame.to_pickle,pandas.read_pickle",polars.DataFrame,1,"import pickle
from pathlib import Path

import pandas as pd
import polars as pl


def write_df_to_pickle(
    df: pl.DataFrame,
    path: Path,
) -> None:
    """"""Write a Pandas DataFrame to a pickle file.""""""
    with open(path, ""wb"") as file:
        pickle.dump(df, file)


def load_df_from_pickle(path: Path) -> pl.DataFrame:
    """"""Load a Pandas DataFrame from a pickle file.""""""
    return pl.from_pandas(pd.read_pickle(path))","def write_df_to_parquet(
    df: pl.DataFrame,
    path: Path,
) -> None:
    """"""Write a Polars DataFrame to a parquet file.""""""
    df.write_parquet(path)

def read_df_from_parquet(path: Path) -> pl.DataFrame:
    """"""Read a Polars DataFrame from a parquet file.""""""
    return pl.read_parquet(path)","polars.DataFrame,polars.from_pandas","polars.DataFrame,polars.read_parquet",1,1,0,1,0.5,0.5,0.5,0.625,partial
8c71f3c7_citation_models_fillna,,"import pandas as pd

    return df.assign(publication_date_rank=df[""publication_date_rank""].fillna(len(df)))","pandas.DataFrame.assign,pandas.Series.fillna","polars.DataFrame.with_columns,polars.Series.fill_null","pandas.DataFrame.assign,pandas.Series.fillna","polars.DataFrame.with_columns,polars.Series.fill_null",2,"import polars as pl

return df.with_columns(
    pl.col(""publication_date_rank"").fill_null(len(df)).alias(""publication_date_rank"")
)","    return df.with_columns(
        publication_date_rank=pl.when(pl.col(""publication_date_rank"").is_null())
        .then(len(df))
        .otherwise(pl.col(""publication_date_rank""))
    )",polars.col,"polars.when,polars.col",1,1,1,1,0.5,1.0,0.667,0.75,pass
8c71f3c7_citation_models_rank,,"import pandas as pd

    return df.assign(
        publication_date_rank=df[""publication_date""].rank(ascending=False),
        citationcount_document_rank=df[""citationcount_document""].rank(ascending=False),
        citationcount_author_rank=df[""citationcount_author""].rank(ascending=False),
    )","pandas.DataFrame.assign,pandas.Series.rank","polars.DataFrame.with_columns,polars.Series.rank","pandas.DataFrame.assign,pandas.Series.rank","polars.DataFrame.with_columns,polars.Series.rank",2,"import polars as pl

return df.with_columns(
    pl.col(""publication_date"").rank(method=""average"", descending=True).alias(""publication_date_rank""),
    pl.col(""citationcount_document"").rank(method=""average"", descending=True).alias(""citationcount_document_rank""),
    pl.col(""citationcount_author"").rank(method=""average"", descending=True).alias(""citationcount_author_rank""),
)","    return df.with_columns(
        publication_date_rank=pl.col(""publication_date"").rank(descending=True, method=""average""),
        citationcount_document_rank=pl.col(""citationcount_document"").rank(
            descending=True, method=""average""
        ),
        citationcount_author_rank=pl.col(""citationcount_author"").rank(
            descending=True, method=""average""
        ),
    )",polars.col,polars.col,1,1,1,1,1.0,1.0,1.0,1.0,pass
8c71f3c7_pairwise_loc_colname,,"import pandas as pd

        row_value_list: list[str] = df.loc[document_id_1, colname]
        col_value_list: list[str] = df.loc[document_id_2, colname]",pandas.DataFrame.loc,polars.DataFrame.filter,pandas.DataFrame.loc,polars.DataFrame.filter,1,"import polars as pl

row_value_list: list[str] = (
    df.filter(pl.col(""document_id"") == document_id_1)
    .select(colname)
    .to_series()
    .to_list()
)
col_value_list: list[str] = (
    df.filter(pl.col(""document_id"") == document_id_2)
    .select(colname)
    .to_series()
    .to_list()
)","        row_value_list: list[str] = (
            df.filter(pl.col(""document_id"") == document_id_1).select(colname).item()
        )
        col_value_list: list[str] = (
            df.filter(pl.col(""document_id"") == document_id_2).select(colname).item()
        )",polars.col,polars.col,1,1,1,1,1.0,1.0,1.0,1.0,pass
8c71f3c7_pairwise_loc_item,,"import pandas as pd

        row_embedding: EmbeddingVector = df.loc[document_id_1].item()
        col_embedding: EmbeddingVector = df.loc[document_id_2].item()","pandas.DataFrame.loc,pandas.Series.item","polars.DataFrame.filter,polars.Series.item","pandas.DataFrame.loc,pandas.Series.item","polars.DataFrame.filter,polars.Series.item",2,"import polars as pl

row_embedding: EmbeddingVector = df.filter(pl.col(""document_id"") == document_id_1).item()
col_embedding: EmbeddingVector = df.filter(pl.col(""document_id"") == document_id_2).item()","        row_embedding: EmbeddingVector = df.filter(pl.col(""document_id"") == document_id_1).item()
        col_embedding: EmbeddingVector = df.filter(pl.col(""document_id"") == document_id_2).item()",polars.col,polars.col,1,1,1,1,1.0,1.0,1.0,1.0,pass
readnext_hybrid_score_compare_scores_migration,,"import pandas as pd

def compare_hybrid_scores(*hybrid_scores: HybridScore) -> pd.DataFrame:
    """"""
    Stacks the hybrid recommender scores for multiple query documents vertically in a
    DataFrame.
    """"""
    return pd.concat([hybrid_score.to_frame() for hybrid_score in hybrid_scores], ignore_index=True)
","pandas.DataFrame,pandas.Series.to_frame,pandas.concat","polars.DataFrame,polars.concat","pandas.DataFrame,
pandas.Series.to_frame,
pandas.concat","polars.DataFrame,polars.concat",2,"import polars as pl

def compare_hybrid_scores(*hybrid_scores: HybridScore) -> pl.DataFrame:
    """"""
    Stacks the hybrid recommender scores for multiple query documents vertically in a
    DataFrame.
    """"""
    return pl.concat([hybrid_score.to_frame() for hybrid_score in hybrid_scores], how=""vertical"")","def compare_hybrid_scores(*hybrid_scores: HybridScore) -> pl.DataFrame:
    """"""
    Stacks the hybrid recommender scores for multiple query documents vertically in a
    DataFrame.
    """"""
    return pl.concat([hybrid_score.to_frame() for hybrid_score in hybrid_scores], ignore_index=True)
","polars.DataFrame,polars.concat","polars.DataFrame,polars.concat",1,1,1,1,1.0,1.0,1.0,1.0,pass
readnext_hybrid_score_to_frame_migration,,"import pandas as pd

def to_frame(self) -> pd.DataFrame:
    """"""Collect all scores in a DataFrame.""""""
    return pd.DataFrame(
        {
            ""Language Model"": self.language_model_name,
            ""Citation -> Language Candidates"": round(
                self.citation_to_language_candidates, ndigits=3
            ),
            ""Citation -> Language Final"": round(self.citation_to_language, ndigits=3),
            ""Language -> Citation Candidates"": round(
                self.language_to_citation_candidates, ndigits=3
            ),
            ""Language -> Citation Final"": round(self.language_to_citation, ndigits=3),
        },
        index=[0],
    )
",pandas.DataFrame,polars.DataFrame,pandas.DataFrame,polars.DataFrame,1,"import polars as pl

def to_frame(self) -> pl.DataFrame:
    """"""Collect all scores in a DataFrame.""""""
    return pl.DataFrame(
        {
            ""Language Model"": [self.language_model_name],
            ""Citation -> Language Candidates"": [round(
                self.citation_to_language_candidates, ndigits=3
            )],
            ""Citation -> Language Final"": [round(self.citation_to_language, ndigits=3)],
            ""Language -> Citation Candidates"": [round(
                self.language_to_citation_candidates, ndigits=3
            )],
            ""Language -> Citation Final"": [round(self.language_to_citation, ndigits=3)],
        }
    )","def to_frame(self) -> pl.DataFrame:
    """"""Collect all scores in a DataFrame.""""""
    return pl.DataFrame(
        {
            ""Language Model"": self.language_model_name,
            ""Citation -> Language Candidates"": round(
                self.citation_to_language_candidates, ndigits=3
            ),
            ""Citation -> Language Final"": round(self.citation_to_language, ndigits=3),
            ""Language -> Citation Candidates"": round(
                self.language_to_citation_candidates, ndigits=3
            ),
            ""Language -> Citation Final"": round(self.language_to_citation, ndigits=3),
        },
    )
",polars.DataFrame,polars.DataFrame,1,1,1,1,1.0,1.0,1.0,1.0,pass
8c71f3c7_hybrid_scorer_citation_index,,"import pandas as pd

    citation_to_language_candidate_ids: pd.Index = field(init=False)
    ...
        self.citation_to_language_candidate_ids = self.citation_to_language_candidates.index",,,"pandas.Index,
pandas.DataFrame.index",,0,"import polars as pl

citation_to_language_candidate_ids: pl.Series
...
self.citation_to_language_candidate_ids = self.citation_to_language_candidates.get_column(""index"")","    citation_to_language_candidate_ids: pl.Series = field(init=False)
    ...
        self.citation_to_language_candidate_ids = self.citation_to_language_candidates[
            ""document_id""
        ]",polars.Series,polars.Series,1,1,1,1,1.0,1.0,1.0,1.0,pass
8c71f3c7_hybrid_scorer_language_index,,"import pandas as pd

    language_to_citation_candidate_ids: pd.Index = field(init=False)
    ...
        self.language_to_citation_candidate_ids = self.language_to_citation_candidates.index",,,"pandas.Index,
pandas.Series.index",,0,"import polars as pl
from dataclasses import field

language_to_citation_candidate_ids: pl.Series = field(init=False)
...
        self.language_to_citation_candidate_ids = pl.Series(
            ""language_to_citation_candidate_ids"",
            range(self.language_to_citation_candidates.height),
        )","    language_to_citation_candidate_ids: pl.Series = field(init=False)
    ...
        self.language_to_citation_candidate_ids = self.language_to_citation_candidates[
            ""document_id""
        ]",polars.Series,polars.Series,0,1,1,1,1.0,1.0,1.0,0.875,pass
8c71f3c7_precompute_df_construct,,"import pandas as pd

        pd.DataFrame(data=input_df.index, columns=[""document_id""])
","pandas.DataFrame,pandas.DataFrame.index",polars.DataFrame,"pandas.DataFrame,
pandas.DataFrame.index",polars.DataFrame,1,"import polars as pl

pl.DataFrame(data={""document_id"": range(input_df.height)})","        pl.DataFrame(data={""document_id"": input_df[""document_id""]})
        .with_columns(
            ...
        )",polars.DataFrame,polars.DataFrame,1,1,1,1,1.0,1.0,1.0,1.0,pass
8c71f3c7_attr_getter_unseen_frame,,"import pandas as pd

        return pd.DataFrame(
            {""scores"": [sort_document_scores(common_citations_scores)]}, index=[-1]
        ).rename_axis(""document_id"", axis=""index"")","pandas.DataFrame,pandas.DataFrame.rename_axis",polars.DataFrame,"pandas.DataFrame,pandas.DataFrame.rename_axis",polars.DataFrame,1,"import polars as pl

return pl.DataFrame({""scores"": [sort_document_scores(common_citations_scores)]})","        return pl.DataFrame(
            {
                ""document_id"": [-1],
                ""scores"": [sort_document_scores(common_citations_scores)],
            }
        )",polars.DataFrame,polars.DataFrame,1,1,1,1,1.0,1.0,1.0,1.0,pass
8c71f3c7_attr_getter_unseen_iter,incomplete_snippet,"import pandas as pd

        for d3_document_id, candidate_citation_urls in self.documents_data[""citations""].items():",,,,,0,"import polars as pl

for d3_document_id, candidate_citation_urls in self.documents_data[""citations""].items():
    pass","        for d3_document_id, candidate_citation_urls in zip(
            self.documents_data[""document_id""], self.documents_data[""citations""]
        ):",,,1,1,1,1,1.0,1.0,1.0,1.0,pass
8c71f3c7_input_converter_index,,"import pandas as pd

            self.documents_data.loc[
                self.documents_data[""semanticscholar_url""] == semanticscholar_url
            ]
            .index.item().item()",,,"pandas.DataFrame.loc,
pandas.DataFrame.index,
pandas.Index.item",,0,"import polars as pl

self.documents_data.with_row_index(""index"").filter(
    pl.col(""semanticscholar_url"") == semanticscholar_url
).select(""index"").item()
","            self.documents_data.filter(pl.col(""semanticscholar_url"") == semanticscholar_url)
            .select(""document_id"")
            .item()",polars.col,polars.col,1,1,1,1,1.0,1.0,1.0,1.0,pass
8c71f3c7_input_converter_loc,,"import pandas as pd

        return cast(str, self.documents_data.loc[d3_document_id, ""semanticscholar_url""])",pandas.DataFrame.loc,,pandas.DataFrame.loc,,0,"import polars as pl
from typing import cast

return cast(str, self.documents_data.filter(pl.col(""d3_document_id"") == d3_document_id).select(""semanticscholar_url"").item())
","        return cast(
            str,
            self.documents_data.filter(pl.col(""document_id"") == d3_document_id)
            .select(""semanticscholar_url"")
            .item(),
        )",polars.col,polars.col,1,1,1,1,1.0,1.0,1.0,1.0,pass
8c71f3c7_document_info_tolist,,"import pandas as pd

    document_ids = df[""document_id""].tolist()
    titles = df[""title""].tolist()
    abstracts = df[""abstract""].tolist()",pandas.Series.to_list,polars.Series.to_list,pandas.Series.to_list,polars.Series.to_list,1,"import polars as pl

document_ids = df[""document_id""].to_list()
titles = df[""title""].to_list()
abstracts = df[""abstract""].to_list()","    document_ids = df[""document_id""].to_list()
    titles = df[""title""].to_list()
    abstracts = df[""abstract""].to_list()",,,1,1,1,1,1.0,1.0,1.0,1.0,pass
8c71f3c7_embedder_frame,,"import pandas as pd

    return (
        pd.Series(embeddings_mapping, name=""embedding"")
        .to_frame()
        .rename_axis(""document_id"", axis=""index"")
    )","pandas.DataFrame.rename_axis,pandas.Series,pandas.Series.to_frame",polars.Series,"pandas.DataFrame.rename_axis,pandas.Series,pandas.Series.to_frame",polars.Series,1,"import polars as pl

return pl.Series(""embedding"", embeddings_mapping).to_frame()","    return pl.DataFrame(
        {
            ""document_id"": list(embeddings_mapping.keys()),
            ""embedding"": list(embeddings_mapping.values()),
        }
    )",polars.Series,polars.DataFrame,1,1,1,1,0.0,0.0,0.0,0.5,partial
8c71f3c7_model_choice_load,,"import pandas as pd

    return load_df_from_pickle(cosine_similarities_path)",,,,,0,return load_df_from_pickle(cosine_similarities_path),    return read_df_from_parquet(cosine_similarities_path),,,1,0,1,1,1.0,1.0,1.0,0.875,pass
8c71f3c7_s4_combine_load_concat_write,,"import pandas as pd

            df_chunk = load_df_from_pickle(filepath)
    ...
    df_combined = pd.concat(df_list)
    ...
    write_df_to_pickle(df_combined, path_documents_labels)",,,pandas.concat,,0,"import polars as pl

df_chunk = load_df_from_pickle(filepath)
...
df_combined = pl.concat(df_list)
...
write_df_to_pickle(df_combined, path_documents_labels)","            df_chunk = read_df_from_parquet(filepath)
    ...
    df_combined = pl.concat(df_list)
    ...
    write_df_to_parquet(df_combined, path_documents_labels)",polars.concat,polars.concat,1,1,1,1,1.0,1.0,1.0,1.0,pass
8c71f3c7_s8_combine_load_concat_write,,"import pandas as pd

            df_chunk = load_df_from_pickle(filepath)
    ...
    df_combined = pd.concat(df_list)
    ...
    write_df_to_pickle(df_combined, path_documents_authors_labels_citations)",,,,,0,"import polars as pl

df_chunk = load_df_from_pickle(filepath)
...
df_combined = pl.concat(df_list)
...
write_df_to_pickle(df_combined, path_documents_authors_labels_citations)","            df_chunk = read_df_from_parquet(filepath)
    ...
    df_combined = pl.concat(df_list)
    ...
    write_df_to_parquet(df_combined, path_documents_authors_labels_citations)",polars.concat,polars.concat,1,1,1,1,1.0,1.0,1.0,1.0,pass
8c71f3c7_hybrid_score_concat,,"import pandas as pd

    return pd.concat([hybrid_score.to_frame() for hybrid_score in hybrid_scores], ignore_index=True)","pandas.Series.to_frame,pandas.concat",polars.concat,pandas.concat,polars.concat,1,"import polars as pd

return pd.concat([hybrid_score.to_frame() for hybrid_score in hybrid_scores], how=""vertical"")","    return pl.concat([hybrid_score.to_frame() for hybrid_score in hybrid_scores], ignore_index=True)",,polars.concat,1,1,0,1,0.0,0.0,0.0,0.375,fail
medmodels_classic_distance_covariates_select_migration,,"import pandas as pd

columns = treated_set.columns

if not covariates:
    covariates = columns

treated_array = treated_set[covariates].to_numpy().astype(float)
control_array = control_set[covariates].to_numpy().astype(float)","pandas.DataFrame.astype,pandas.DataFrame.columns,pandas.Series.to_numpy","polars.DataFrame.cast,polars.Series.to_numpy","pandas.DataFrame.columns,
pandas.DataFrame.to_numpy","polars.DataFrame.cast,polars.Series.to_numpy",2,"import polars as pl

columns = treated_set.columns

if not covariates:
    covariates = columns

treated_array = treated_set.select(covariates).to_numpy().astype(float)
control_array = control_set.select(covariates).to_numpy().astype(float)","if not covariates:
    covariates = treated_set.columns

treated_array = treated_set.select(covariates).to_numpy().astype(float)
control_array = control_set.select(covariates).to_numpy().astype(float)",,,1,1,1,1,1.0,1.0,1.0,1.0,pass
medmodels_classic_distance_match_migration,,"import pandas as pd

def nearest_neighbor(
    treated_set: pd.DataFrame,
    control_set: pd.DataFrame,
    metric: str,
    covariates: Optional[Union[List[str], pd.Index[str]]] = None,
) -> pd.DataFrame:
    columns = treated_set.columns

    if not covariates:
        covariates = columns

    treated_array = treated_set[covariates].to_numpy().astype(float)
    control_array = control_set[covariates].to_numpy().astype(float)
    control_array_full = control_set.to_numpy()
    matched_group = pd.DataFrame(columns=columns)

    cov = np.array([])
    if metric == ""mahalanobis"":
        cov = np.cov(np.concatenate((treated_array, control_array)).T)

    for element_ss in treated_array:
        if metric == ""mahalanobis"":
            if cov.ndim == 0:
                inv_cov = 1 / cov
            else:
                try:
                    inv_cov = np.linalg.inv(cov)
                except np.linalg.LinAlgError:
                    raise ValueError(
                        ""The covariance matrix is singular. Please, check the data.""
                    )

            dist = [
                metrics.mahalanobis_metric(element_ss, element_bs, inv_cov=inv_cov)
                for element_bs in control_array
            ]

        else:
            metric_function = metrics.METRICS[metric]

            dist = [
                metric_function(element_ss, element_bs) for element_bs in control_array
            ]

        nn_index = np.argmin(dist)

        new_row = pd.DataFrame(control_array_full[nn_index], index=columns)
        matched_group = (
            new_row.transpose().astype(float).copy()
            if matched_group.empty
            else pd.concat([matched_group, new_row.transpose().astype(float)])
        )
        control_array_full = np.delete(control_array_full, nn_index, 0)
        control_array = np.delete(control_array, nn_index, 0)

    return matched_group.reset_index(drop=True)
","pandas.DataFrame,pandas.DataFrame.astype,pandas.DataFrame.columns,pandas.DataFrame.copy,pandas.DataFrame.empty,pandas.DataFrame.reset_index,pandas.DataFrame.to_numpy,pandas.DataFrame.transpose,pandas.Index,pandas.Series.T,pandas.Series.to_numpy,pandas.concat","polars.DataFrame,polars.DataFrame.cast,polars.DataFrame.clone,polars.DataFrame.is_empty,polars.concat","pandas.DataFrame,pandas.DataFrame.astype,pandas.DataFrame.copy,pandas.DataFrame.empty,pandas.DataFrame.reset_index,pandas.DataFrame.transpose,pandas.concat","polars.DataFrame,polars.DataFrame.cast,polars.DataFrame.clone,polars.DataFrame.is_empty,polars.concat",5,"import numpy as np
import polars as pl

matched_group = pl.DataFrame(schema=columns)
...
nn_index = np.argmin(dist)

new_row = pl.DataFrame([control_array_full[nn_index]], schema=columns)
matched_group = (
    new_row.cast(float).clone()
    if matched_group.is_empty()
    else pl.concat([matched_group, new_row.cast(float)], how=""vertical"")
)
...
return matched_group","matched_control = []
...
neighbor_indices = np.argpartition(dist, number_of_neighbors)[:number_of_neighbors]
for neighbor_index in neighbor_indices:
    new_row = pl.DataFrame([control_array_full[neighbor_index]], schema=treated_set.columns)
    matched_control.append(new_row)
    control_array_full = np.delete(control_array_full, neighbor_index, 0)
    control_array = np.delete(control_array, neighbor_index, 0)
return pl.concat(matched_control, how=""vertical"")","polars.DataFrame,polars.concat","polars.DataFrame,polars.concat",1,1,1,1,1.0,1.0,1.0,1.0,pass
medmodels_propensity_score_prop_score_migration,,"import pandas as pd

treated_array = treated_set[covariates].to_numpy().astype(float)
control_array = control_set[covariates].to_numpy().astype(float)

treated_prop, control_prop = calculate_propensity(
        x_train,
        y_train,
        treated_array,
        control_array,
        hyperparam=hyperparam,
        metric=model,
    )

# Add propensity score to the original data
treated_set[""Prop. score""] = treated_prop
control_set[""Prop. score""] = control_prop

matched_control = nearest_neighbor(
    treated_set, control_set, metric=""absolute"", covariates=[""Prop. score""]
)

matched_control.pop(""Prop. score"")
treated_set.pop(""Prop. score"")
control_set.pop(""Prop. score"")","pandas.DataFrame.astype,pandas.Series.to_numpy","polars.DataFrame.cast,polars.Series.to_numpy","pandas.DataFrame.to_numpy,
pandas.DataFrame.pop","polars.DataFrame.cast,polars.Series.to_numpy",2,"import polars as pl

treated_array = treated_set.select(covariates).to_numpy().astype(float)
control_array = control_set.select(covariates).to_numpy().astype(float)

treated_prop, control_prop = calculate_propensity(
        x_train,
        y_train,
        treated_array,
        control_array,
        hyperparam=hyperparam,
        metric=model,
    )

# Add propensity score to the original data
treated_set = treated_set.with_columns(pl.Series(""Prop. score"", treated_prop))
control_set = control_set.with_columns(pl.Series(""Prop. score"", control_prop))

matched_control = nearest_neighbor(
    treated_set, control_set, metric=""absolute"", covariates=[""Prop. score""]
)

matched_control = matched_control.drop(""Prop. score"")
treated_set = treated_set.drop(""Prop. score"")
control_set = control_set.drop(""Prop. score"")","treated_array = treated_set.select(covariates).to_numpy().astype(float)
control_array = control_set.select(covariates).to_numpy().astype(float)

treated_prop, control_prop = calculate_propensity(
        x_train,
        y_train,
        treated_array,
        control_array,
        hyperparam=hyperparam,
        model=model,
    )

# Add propensity score to the original data
treated_set = treated_set.with_columns(pl.Series(""prop_score"", treated_prop))
control_set = control_set.with_columns(pl.Series(""prop_score"", control_prop))

matched_control = nearest_neighbor(
        treated_set,
        control_set,
        metric=metric,
        number_of_neighbors=number_of_neighbors,
        covariates=[""prop_score""],
    )

matched_control = matched_control.drop(""prop_score"")
treated_set = treated_set.drop(""prop_score"")
control_set = control_set.drop(""prop_score"")",polars.Series,polars.Series,1,1,1,1,1.0,1.0,1.0,1.0,pass
medmodels_propensity_score_signature_migration,incomplete_snippet,"import pandas as pd

from typing import Any, Dict, List, Optional, Tuple, Union

import numpy as np
import pandas as pd
...

def run_propensity_score(
    treated_set: pd.DataFrame,
    control_set: pd.DataFrame,
    model: str = ""logit"",
    hyperparam: Optional[Any] = None,
    covariates: Optional[Union[List[str], pd.Index[str]]] = None,
) -> pd.DataFrame:","pandas.DataFrame,pandas.Index",polars.DataFrame,"pandas.DataFrame,pandas.Index",polars.DataFrame,1,"import polars as pl

from typing import Any, Dict, List, Optional, Tuple, Union

import numpy as np


def run_propensity_score(
    treated_set: pl.DataFrame,
    control_set: pl.DataFrame,
    model: str = ""logit"",
    hyperparam: Optional[Any] = None,
    covariates: Optional[Union[List[str], pl.Series]] = None,
) -> pl.DataFrame:
    ...","from typing import TYPE_CHECKING, Any, Dict, Literal, Optional, Tuple, Union

import numpy as np
import polars as pl
...
from medmodels.matching.metrics import Metric
from medmodels.medrecord.types import MedRecordAttributeInputList

if TYPE_CHECKING:
    import sys
    if sys.version_info >= (3, 10):
        from typing import TypeAlias
    else:
        from typing_extensions import TypeAlias

Model: TypeAlias = Literal[""logit"", ""dec_tree"", ""forest""]

def run_propensity_score(
    treated_set: pl.DataFrame,
    control_set: pl.DataFrame,
    model: Model = ""logit"",
    metric: Metric = ""absolute"",
    number_of_neighbors: int = 1,
    hyperparam: Optional[Dict[str, Any]] = None,
    covariates: Optional[MedRecordAttributeInputList] = None,
) -> pl.DataFrame:","polars.DataFrame,polars.Series",polars.DataFrame,1,1,1,1,1.0,0.5,0.667,1.0,pass
medmodels_medrecord_process_edges_dataframe_migration,,"import pandas as pd

def process_edges_dataframe(edges: pd.DataFrame) -> PolarsEdgeDataFrameInput:
    assert isinstance(
        edges.index, pd.MultiIndex
    ), ""Edges dataframe must have a MultiIndex""
    assert len(edges.index.names) == 2, ""Edges dataframe MultiIndex must have 2 levels""
    edges_polars = pl.from_pandas(edges, include_index=True)
    return edges_polars, edges.index.names[0], edges.index.names[1]","pandas.DataFrame,pandas.DataFrame.index,pandas.Index.names,pandas.MultiIndex",polars.DataFrame,"pandas.DataFrame,
pandas.DataFrame.index,
pandas.MultiIndex,
pandas.MultiIndex.names",polars.DataFrame,1,"import pandas as pd
import polars as pl

def process_edges_dataframe(edges: pd.DataFrame) -> PolarsEdgeDataFrameInput:
    assert isinstance(
        edges.index, pd.MultiIndex
    ), ""Edges dataframe must have a MultiIndex""
    assert len(edges.index.names) == 2, ""Edges dataframe MultiIndex must have 2 levels""
    edges_polars = pl.from_pandas(edges, include_index=True)
    return edges_polars, edges.index.names[0], edges.index.names[1]","def process_edges_dataframe(
    edges: PandasEdgeDataFrameInput,
) -> PolarsEdgeDataFrameInput:
    edges_polars = pl.from_pandas(edges[0])
    return edges_polars, edges[1], edges[2]",polars.from_pandas,polars.from_pandas,1,1,0,1,1.0,1.0,1.0,0.875,pass
medmodels_medrecord_process_nodes_dataframe_migration,,"import pandas as pd

def process_nodes_dataframe(nodes: pd.DataFrame) -> PolarsNodeDataFrameInput:
    assert isinstance(nodes.index, pd.Index), ""Nodes dataframe must have an Index""
    assert nodes.index.name is not None, ""Nodes dataframe must have an Index""
    nodes_polars = pl.from_pandas(nodes, include_index=True)
    return nodes_polars, nodes.index.name","pandas.DataFrame,pandas.DataFrame.index,pandas.Index,pandas.Index.name",polars.DataFrame,"pandas.DataFrame.index,
pandas.Index.name",polars.DataFrame,1,"import pandas as pd
import polars as pl

def process_nodes_dataframe(nodes: pd.DataFrame) -> PolarsNodeDataFrameInput:
    assert isinstance(nodes.index, pd.Index), ""Nodes dataframe must have an Index""
    assert nodes.index.name is not None, ""Nodes dataframe must have an Index""
    nodes_polars = pl.from_pandas(nodes, include_index=True)
    return nodes_polars, nodes.index.name","def process_nodes_dataframe(
    nodes: PandasNodeDataFrameInput,
) -> PolarsNodeDataFrameInput:
    nodes_polars = pl.from_pandas(nodes[0])
    return nodes_polars, nodes[1]",polars.from_pandas,polars.from_pandas,1,1,0,1,1.0,1.0,1.0,0.875,pass
marimo_chdb_cursor_rows,,"            rows = self._cursor.fetchall()
            col_names = self._cursor.column_names()
            return pd.DataFrame(rows, columns=col_names)",pandas.DataFrame,polars.DataFrame,pandas.DataFrame,polars.DataFrame,1,"import polars as pl

rows = self._cursor.fetchall()
col_names = self._cursor.column_names()
return pl.DataFrame(rows, schema=col_names)","            rows = self._cursor.fetchall()
            col_names = self._cursor.column_names()
            return self._convert_to_output_format(
                sql_output_format, rows, col_names
            )",polars.DataFrame,,1,1,1,1,1.0,1.0,1.0,1.0,pass
142b5bcb_tools_relocate,,"import pandas as pd
import numpy as np

def relocate(data: pd.DataFrame, x, before=None, after=None):
    x = np.atleast_1d(x)
    columns = data.columns
    columns2 = columns[~columns.isin(x)]
    if before is None and after is None:
        return data[list(x) + list(columns2)]
    if before is None:
        pos = list(columns2).index(after) + 1
    else:
        pos = list(columns2).index(before)
    return data[list(columns2[:pos]) + list(x) + list(columns2[pos:])]
","pandas.DataFrame,pandas.DataFrame.columns,pandas.DataFrame.index",,"pandas.DataFrame,
pandas.DataFrame.columns,
pandas.Index.isin",,0,"import polars as pl

columns2 = [col for col in columns if col not in x]
...
return data.select(list(x) + list(columns2))","    columns2 = [col for col in columns if col not in x]
    ...
    return data.select(list(x) + columns2)",,,1,1,1,1,1.0,1.0,1.0,1.0,pass
16645382_exp_stats_col_assign,,"import pandas as pd

            data['n_claims'] = data['claims']",,,,,0,"import polars as pl

data = data.with_columns(pl.col(""claims"").alias(""n_claims""))",            data = data.with_columns(n_claims = pl.col('claims')),polars.col,polars.col,1,1,1,1,1.0,1.0,1.0,1.0,pass
16645382_exp_stats_rename,,"import pandas as pd

        data = data.rename(columns=rename_dict)",pandas.DataFrame.rename,polars.DataFrame.rename,pandas.DataFrame.rename,polars.DataFrame.rename,1,"import polars as pl

data = data.rename(rename_dict)",        data = data.rename(rename_dict),,,1,1,1,1,1.0,1.0,1.0,1.0,pass
287a28d8_col_ends_with,,"import pandas as pd

    return list(data.columns[data.columns.str.endswith(pat, **kwargs)])",pandas.DataFrame.columns,polars.DataFrame.columns,"pandas.DataFrame.columns,
pandas.Index.str.endswith",polars.DataFrame.columns,1,return list([c for c in data.columns if c.endswith(pat)]),    return data.select(cs.ends_with(pat)).columns,,,1,0,1,1,1.0,1.0,1.0,0.875,pass
287a28d8_col_matches,,"import pandas as pd

    return list(data.columns[data.columns.str.contains(pat, **kwargs)])",pandas.DataFrame.columns,polars.DataFrame.columns,"pandas.DataFrame.columns,
pandas.Index.str.contains",polars.DataFrame.columns,1,"import re
import pandas as pd

pattern = pat if kwargs.get(""regex"", True) else re.escape(pat)
flags = kwargs.get(""flags"", 0)
if not kwargs.get(""case"", True):
    flags |= re.IGNORECASE

return [col for col in data.columns if re.search(pattern, col, flags=flags)]",    return data.select(cs.matches(pat)).columns,,,1,0,0,1,1.0,1.0,1.0,0.75,pass
287a28d8_col_starts_with,,"import pandas as pd

def col_starts_with(data: pd.DataFrame,
                    pat: str,
                    **kwargs):
    return list(data.columns[data.columns.str.startswith(pat, **kwargs)])
","pandas.DataFrame,pandas.DataFrame.columns","polars.DataFrame,polars.DataFrame.columns","pandas.DataFrame,
pandas.DataFrame.columns,
pandas.Index.str.startswith","polars.DataFrame,polars.DataFrame.columns",2,"import polars as pl


def col_starts_with(data: pl.DataFrame,
                    pat: str,
                    **kwargs):
    return list([col for col in data.columns if col.startswith(pat, **kwargs)])",    return data.select(cs.starts_with(pat)).columns,polars.DataFrame,,1,1,1,1,1.0,1.0,1.0,1.0,pass
325e7c2b_dates_pol_interval,,"import pandas as pd
from pandas.core.indexes.datetimes import DatetimeIndex

def pol_interval(dates: str | datetime | DatetimeIndex | pd.Series,
                 issue_date: str | datetime | DatetimeIndex | pd.Series,
                 dur_length: str) -> np.ndarray:
    arg_match('dur_length', dur_length, ['year', 'quarter', 'month', 'week'])

    dates = _convert_date(dates)
    issue_date = _convert_date(issue_date)

    dat = pd.DataFrame({
        'issue_date': issue_date,
        'dates': dates
    }, index=np.arange(max(len2(dates), len2(issue_date))))

    if dur_length == ""year"":
        res = [relativedelta(a, b).years for a, b in
               zip(dat.dates, dat.issue_date)]

    elif dur_length in [""month"", ""quarter""]:
        def mth_calc(a, b):
            delta = relativedelta(a, b)
            return 12 * delta.years + delta.months

        if dur_length == ""quarter"":
            res = [mth_calc(a, b) // 3 for a, b
                   in zip(dat.dates, dat.issue_date)]
        else:
            res = [mth_calc(a, b) for a, b in zip(dat.dates, dat.issue_date)]

    else:
        res = (dat.dates - dat.issue_date).dt.days // 7

    return np.array(res) + 1
","pandas.DataFrame,pandas.Series",,"pandas.DataFrame,
pandas.Series.dt.days",,0,"import numpy as np
import polars as pl
from dateutil.relativedelta import relativedelta

max_len = max(len2(dates), len2(issue_date))

def _pad_to_len(values, n):
    values = list(values)
    return values + [None] * (n - len(values))

dat = pl.DataFrame(
    {
        ""issue_date"": _pad_to_len(issue_date, max_len),
        ""dates"": _pad_to_len(dates, max_len),
    }
)

if dur_length == ""year"":
    res = [relativedelta(a, b).years for a, b in zip(dat[""dates""].to_list(), dat[""issue_date""].to_list())]
elif dur_length in [""month"", ""quarter""]:
    def mth_calc(a, b):
        delta = relativedelta(a, b)
        return 12 * delta.years + delta.months

    if dur_length == ""quarter"":
        res = [mth_calc(a, b) // 3 for a, b in zip(dat[""dates""].to_list(), dat[""issue_date""].to_list())]
    else:
        res = [mth_calc(a, b) for a, b in zip(dat[""dates""].to_list(), dat[""issue_date""].to_list())]
else:
    res = ((dat[""dates""] - dat[""issue_date""]).dt.total_days() // 7).to_list()

return np.array(res) + 1","    if dur_length == 'year':
        interval = '1y'
    elif dur_length == 'quarter':
        interval = '1q'
    elif dur_length == 'month':
        interval = '1mo'
    ...
        interval = '1w'
    return pl.date_ranges(issue_date, dates, interval, eager=True).list.len()",polars.DataFrame,polars.date_ranges,1,1,1,1,0.0,0.0,0.0,0.5,partial
4bb33aa8_trx_stats_isin,,"import pandas as pd

            assert all(pd.Series(by).isin(old_self.data.columns)), \",,,"pandas.Series,
pandas.Series.isin,
pandas.DataFrame.columns",,0,"import polars as pl

assert all(pl.Series(by).is_in(old_self.data.columns)), \","            assert all(pl.Series(by).is_in(old_self.data.columns)), \",polars.Series,polars.Series,0,1,1,1,1.0,1.0,1.0,0.875,pass
6f1c2684_datasets_read_csv,,"import pandas as pd

    return pd.read_csv(stream, index_col=0,
                       dtype={'age': int,
                              'qx': float,
                              'gender': str})",pandas.read_csv,polars.read_csv,pandas.read_csv,polars.read_csv,1,"import polars as pl

df = pl.read_csv(
    stream,
    dtypes={'age': pl.Int64, 'qx': pl.Float64, 'gender': pl.Utf8}
).select(pl.all().exclude(pl.col(pl.get_column_names()[0])))","    return pl.read_csv(stream, 
                       dtypes={'age': int,
                               'qx': float,
                               'gender': str})","polars.read_csv,polars.Int64,polars.Float64,polars.Utf8,polars.all,polars.col,polars.get_column_names",polars.read_csv,1,1,1,1,1.0,0.143,0.25,1.0,pass
8bb7bc3a_expose_isin,,"import pandas as pd

            assert all(pd.Series(by).isin(self.data.columns)), \",,,,,0,"import polars as pl

assert all(pl.Series(by).is_in(self.data.columns)), \","            assert all(pl.Series(by).is_in(self.data.columns)), \",polars.Series,polars.Series,0,1,1,1,1.0,1.0,1.0,0.875,pass
a39f4527_expose_trx_join_filter,,"import pandas as pd

                    merge(date_lookup, how='inner', on='pol_num').
                    query(f""(trx_date >= {date_cols[0]}) & "" +
                          f""(trx_date <= {date_cols[1]})""))
        trx_data['trx_n'] = 1",,,"pandas.DataFrame.merge,
pandas.DataFrame.query",,0,"import polars as pl

trx_data = (
    trx_data.join(date_lookup, how=""inner"", on=""pol_num"")
    .filter((pl.col(""trx_date"") >= date_cols[0]) & (pl.col(""trx_date"") <= date_cols[1]))
)
trx_data = trx_data.with_columns(pl.lit(1).alias(""trx_n""))","                    lazy().
                    join(date_lookup, how='inner', on='pol_num').
                    filter(pl.col('trx_date') >= pl.col(date_cols[0]),
                           pl.col('trx_date') <= pl.col(date_cols[1])).
                    with_columns(
                        trx_n=1
                    ).collect())","polars.col,polars.lit",polars.col,1,1,1,1,1.0,0.5,0.667,1.0,pass
a39f4527_expose_trx_left_join_fill,,"import pandas as pd

        self.data = (self.data.
                     merge(trx_data,
                           on=['pol_num', date_cols[0]],
                           how='left'))
        trx_cols = [x for x in self.data.columns if x.startswith('trx_')]
        self.data.loc[:, trx_cols] = \
            self.data.loc[:, trx_cols].apply(lambda x: x.fillna(0))","pandas.DataFrame.apply,pandas.DataFrame.columns,pandas.DataFrame.loc,pandas.DataFrame.merge",polars.DataFrame.join,"pandas.DataFrame.merge,
pandas.DataFrame.columns,
pandas.DataFrame.loc,
pandas.DataFrame.apply,
pandas.Series.fillna",polars.DataFrame.join,1,"self.data = self.data.join(
    trx_data,
    on=['pol_num', date_cols[0]],
    how='left'
)
trx_cols = [x for x in self.data.columns if x.startswith('trx_')]
self.data = self.data.with_columns(pl.col(trx_cols).fill_null(0))","        self.data = (self.data.lazy().
                     join(trx_data,
                          on=['pol_num', date_cols[0]],
                          how='left').
                     with_columns(cs.matches(""^trx_(n|amt)_"").fill_null(0)).
                     collect())",polars.col,,1,0,1,1,1.0,1.0,1.0,0.875,pass
a39f4527_expose_trx_pivot,,"import pandas as pd

                    pivot_table(values=['trx_n', 'trx_amt'],
                                index=['pol_num', date_cols[0]],
                                columns='trx_type',
                                aggfunc='sum',
                                observed=True,
                                fill_value=0).
                    reset_index())
        # flatten column index
        cols = trx_data.columns.to_flat_index()
        cols = ['_'.join(x) if x[1] != '' else x[0] for x in cols]
        trx_data.columns = cols",,,"pandas.DataFrame.pivot_table,
pandas.DataFrame.reset_index,
pandas.DataFrame.columns,
pandas.MultiIndex.to_flat_index",,0,"import polars as pl

trx_data = (
    trx_data.pivot(
        values=['trx_n', 'trx_amt'],
        index=['pol_num', date_cols[0]],
        columns='trx_type',
        aggregate_function='sum',
        separator='_',
    )
    .with_columns(
        [pl.col(c).fill_null(0) for c in trx_data.columns if c not in ['pol_num', date_cols[0]]]
    )
)
# flatten column index
cols = trx_data.columns
cols = ['_'.join(x) if isinstance(x, tuple) and x[1] != '' else (x[0] if isinstance(x, tuple) else x) for x in cols]
trx_data.columns = cols","                    pivot(values=['trx_n', 'trx_amt'],
                          index=['pol_num', date_cols[0]],
                          columns='trx_type',
                          aggregate_function='sum').
                    lazy())",polars.col,,1,1,1,1,1.0,1.0,1.0,1.0,pass
a39f4527_expose_trx_unique,,"import pandas as pd
import numpy as np

        new_trx_types = pd.unique(trx_data.trx_type)
        existing_trx_types = self.trx_types
        conflict_trx_types = np.intersect1d(new_trx_types, existing_trx_types)

        trx_data = (trx_data
                    .merge(date_lookup, how='inner', on='pol_num')
                    .query(f""(trx_date >= {date_cols[0]}) & (trx_date <= {date_cols[1]})""))

        trx_data['trx_n'] = 1
        trx_data = (trx_data
                    .pivot_table(values=['trx_n', 'trx_amt'],
                                 index=['pol_num', date_cols[0]],
                                 columns='trx_type',
                                 aggfunc='sum',
                                 observed=True,
                                 fill_value=0)
                    .reset_index())

        cols = trx_data.columns.to_flat_index()
        cols = ['_'.join(x) if x[1] != '' else x[0] for x in cols]
        trx_data.columns = cols

        self.data = self.data.merge(trx_data, on=['pol_num', date_cols[0]], how='left')
        self.data.loc[:, trx_cols] = self.data.loc[:, trx_cols].apply(lambda x: x.fillna(0))
","pandas.DataFrame.apply,pandas.DataFrame.columns,pandas.DataFrame.loc,pandas.DataFrame.merge,pandas.DataFrame.pivot_table,pandas.DataFrame.query,pandas.DataFrame.reset_index,pandas.unique",polars.Series.unique,"pandas.unique,
pandas.DataFrame.merge,
pandas.DataFrame.query,
pandas.DataFrame.pivot_table,
pandas.DataFrame.reset_index,
pandas.DataFrame.columns,
pandas.MultiIndex.to_flat_index,
pandas.DataFrame.loc,
pandas.DataFrame.apply,
pandas.Series.fillna",polars.Series.unique,1,"import numpy as np
import polars as pl

new_trx_types = trx_data[""trx_type""].unique(maintain_order=True)
...
conflict_trx_types = np.intersect1d(new_trx_types, existing_trx_types)","        new_trx_types = trx_data['trx_type'].unique().to_list()
        ...
        conflict_trx_types = set(
            new_trx_types).intersection(existing_trx_types)",,,1,1,1,1,1.0,1.0,1.0,1.0,pass
bbe5d7e5_create_data_frame,,"import pandas as pd

toy_census = pd.DataFrame({
    'pol_num': np.arange(1, 4),
    'status': pd.Series([""Active"", ""Death"", ""Surrender""], dtype='category'),
    'issue_date': pd.to_datetime([""2010-01-01"", ""2011-05-27"", ""2009-11-10""]),
    'term_date': pd.to_datetime([np.nan, ""2020-09-14"", ""2022-02-25""])
})","pandas.DataFrame,pandas.Series,pandas.to_datetime","polars.DataFrame,polars.Series,polars.Expr.str.to_datetime","pandas.DataFrame,pandas.Series,pandas.to_datetime","polars.DataFrame,polars.Series,polars.Expr.str.to_datetime",3,"import numpy as np
import polars as pl

toy_census = pl.DataFrame({
    'pol_num': np.arange(1, 4),
    'status': pl.Series('status', [""Active"", ""Death"", ""Surrender""], dtype=pl.Categorical),
    'issue_date': pl.Series('issue_date', [""2010-01-01"", ""2011-05-27"", ""2009-11-10""]).str.to_datetime(),
    'term_date': pl.Series('term_date', [None, ""2020-09-14"", ""2022-02-25""]).str.to_datetime()
})","toy_census = pl.DataFrame({
    'pol_num': pl.int_range(1, 4, eager=True),
    'status': pl.Series([""Active"", ""Death"", ""Surrender""], dtype=pl.Categorical),
    'issue_date': pl.Series([""2010-01-01"", ""2011-05-27"", ""2009-11-10""]),
    'term_date': pl.Series(["""", ""2020-09-14"", ""2022-02-25""])
}).with_columns(
    pl.col('issue_date', 'term_date').str.to_date('%Y-%m-%d', strict=False))","polars.DataFrame,polars.Series,polars.Categorical","polars.DataFrame,polars.int_range,polars.Series,polars.Categorical,polars.col",1,1,1,1,0.6,1.0,0.75,0.8,pass
bbe5d7e5_datasets_read_csv,,"import pandas as pd

    return pd.read_csv(stream,
                       index_col=0,
                       dtype={'pol_num': int,
                              'status': 'category'},
                       parse_dates=['issue_date', 'term_date'])",pandas.read_csv,polars.read_csv,pandas.read_csv,polars.read_csv,1,"import polars as pl

df = pl.read_csv(stream)
df = df.drop(df.columns[0]).with_columns(
    pl.col(""pol_num"").cast(pl.Int64),
    pl.col(""status"").cast(pl.Categorical),
    pl.col(""issue_date"").cast(pl.Utf8).str.strptime(pl.Date, strict=False),
    pl.col(""term_date"").cast(pl.Utf8).str.strptime(pl.Date, strict=False),
)
return df","    return pl.read_csv(stream,
                       dtypes={'pol_num': int,
                               'status': pl.Categorical,
                               'issue_date': date,
                               'term_date': date})","polars.read_csv,polars.col,polars.Int64,polars.Categorical,polars.Utf8,polars.Date","polars.read_csv,polars.Categorical",1,1,1,1,1.0,0.333,0.5,1.0,pass
db5fc12b_expose_date_str,,"import pandas as pd

        end_date = pd.to_datetime(end_date)
        start_date = pd.to_datetime(start_date)",pandas.to_datetime,polars.Expr.str.to_datetime,pandas.to_datetime,polars.Expr.str.to_datetime,1,"import polars as pl

def _to_datetime(value):
    if isinstance(value, str):
        return pl.Series([value]).str.to_datetime().item()
    return value

end_date = _to_datetime(end_date)
start_date = _to_datetime(start_date)","        end_date = _date_str(end_date, ""end_date"")
        start_date = _date_str(start_date, ""start_date"")",polars.Series,,1,1,1,1,1.0,1.0,1.0,1.0,pass
db5fc12b_expose_rename,,"import pandas as pd

        data = data.rename(columns={
            col_pol_num: 'pol_num',
            col_status: 'status',
            col_exposure: 'exposure'
        })

        if not cal_expo and col_pol_per is not None:
            data = data.rename(columns={col_pol_per: exp_col_pol_per})

        if cols_dates is not None:
            data = data.rename(columns={
                cols_dates[0]: exp_cols_dates[0],
                cols_dates[1]: exp_cols_dates[1]
            })

        if trx_types is not None:
            data.columns = [trx_renamer(x) for x in data.columns]
","pandas.DataFrame.columns,pandas.DataFrame.rename",polars.DataFrame.rename,"pandas.DataFrame.columns,pandas.DataFrame.rename",polars.DataFrame.rename,1,"import polars as pl

data = data.rename({
    ...
})","        data = data.rename({
            ...
        })",,,1,1,1,1,1.0,1.0,1.0,1.0,pass
mexca_data_delete_filename_time_col_migration,,"import pandas as pd

@staticmethod
def _delete_filename_time_col(df: pd.DataFrame) -> pd.DataFrame:
    if ""time"" in df.columns:
        del df[""time""]
    if ""filename"" in df.columns:
        del df[""filename""]
    return df","pandas.DataFrame,pandas.DataFrame.columns","polars.DataFrame,polars.DataFrame.columns","pandas.DataFrame,pandas.DataFrame.columns","polars.DataFrame,polars.DataFrame.columns",2,"import polars as pl

@staticmethod
def _delete_filename_time_col(df: pl.DataFrame) -> pl.DataFrame:
    if ""time"" in df.columns:
        df = df.drop(""time"")
    if ""filename"" in df.columns:
        df = df.drop(""filename"")
    return df","@staticmethod
def _delete_filename_time_col(df: pl.LazyFrame) -> pl.LazyFrame:
    if ""time"" in df.columns:
        df = df.drop(""time"")
    if ""filename"" in df.columns:
        df = df.drop(""filename"")
    return df",polars.DataFrame,polars.LazyFrame,1,1,1,1,0.0,0.0,0.0,0.5,partial
mexca_data_merge_audio_text_features_migration,,"import pandas as pd

def _merge_audio_text_features(self, data_frames: List[pd.DataFrame]):
    # ...
    audio_text_features_df = pd.DataFrame(audio_annotation_dict)
    if self.transcription and self.transcription.segments:
        text_features_df = pd.DataFrame(text_features_dict)
        if self.sentiment and self.sentiment.segments:
            text_features_df = text_features_df.merge(
                pd.DataFrame(sentiment_dict),
                on=[""frame"", ""span_text""],
                how=""left"",
            )

        audio_text_features_df = audio_text_features_df.merge(
            text_features_df,
            on=[""frame"", ""segment_speaker_label""],
            how=""left"",
        )
    data_frames.append(audio_text_features_df)","pandas.DataFrame,pandas.DataFrame.merge","polars.DataFrame,polars.DataFrame.join","pandas.DataFrame,pandas.DataFrame.merge","polars.DataFrame,polars.DataFrame.join",2,"import pandas as pd
import polars as pl
from typing import List

def _merge_audio_text_features(self, data_frames: List[pd.DataFrame]):
    # ...
    audio_text_features_df = pl.DataFrame(audio_annotation_dict)
    if self.transcription and self.transcription.segments:
        text_features_df = pl.DataFrame(text_features_dict)
        if self.sentiment and self.sentiment.segments:
            text_features_df = text_features_df.join(
                pl.DataFrame(sentiment_dict),
                on=[""frame"", ""span_text""],
                how=""left"",
            )

        audio_text_features_df = audio_text_features_df.join(
            text_features_df,
            on=[""frame"", ""segment_speaker_label""],
            how=""left"",
        )
    data_frames.append(audio_text_features_df)","def _merge_audio_text_features(self, data_frames: List[pl.DataFrame]):
    # ...
    audio_text_features_df = pl.LazyFrame(audio_annotation_dict)
    if self.transcription and self.transcription.segments:
        text_features_df = pl.LazyFrame(text_features_dict)
        if self.sentiment and self.sentiment.segments:
            text_features_df = text_features_df.join(
                pl.LazyFrame(sentiment_dict),
                on=[""frame"", ""span_text""],
                how=""left"",
            )

        audio_text_features_df = audio_text_features_df.join(
            text_features_df,
            on=[""frame"", ""segment_speaker_label""],
            how=""left"",
        )
    data_frames.append(audio_text_features_df)",polars.DataFrame,"polars.DataFrame,polars.LazyFrame",1,1,0,1,0.5,1.0,0.667,0.625,partial
mexca_data_merge_features_migration,unsuitable,"import pandas as pd

def merge_features(self) -> pd.DataFrame:
    # ...
    if len(dfs) > 0:
        dfs = map(self._delete_filename_time_col, dfs)
        self.features = reduce(
            lambda left, right: pd.merge(
                left, right, on=[""frame""], how=""left""
            ),
            dfs,
        )

        time = self.features.frame * (1 / self.fps)

        self.features.insert(0, ""filename"", self.filename)
        self.features.insert(1, ""time"", time)
    return self.features","pandas.DataFrame,pandas.DataFrame.insert,pandas.merge","polars.DataFrame,polars.DataFrame.insert_column,polars.DataFrame.join","pandas.DataFrame,pandas.DataFrame.insert,pandas.merge","polars.DataFrame,polars.DataFrame.insert_column,polars.DataFrame.join",3,"import polars as pl
from functools import reduce

def merge_features(self) -> pl.DataFrame:
    # ...
    if len(dfs) > 0:
        dfs = map(self._delete_filename_time_col, dfs)
        self.features = reduce(
            lambda left, right: left.join(right, on=[""frame""], how=""left""),
            dfs,
        )

        time = self.features[""frame""] * (1 / self.fps)

        self.features = self.features.insert_column(0, pl.Series(""filename"", [self.filename] * self.features.height))
        self.features = self.features.insert_column(1, pl.Series(""time"", time))
    return self.features","def merge_features(self) -> pl.LazyFrame:
    # ...
    if len(dfs) > 0:
        dfs = map(self._delete_filename_time_col, dfs)
        self.features = reduce(
            lambda left, right: left.join(right, on=[""frame""], how=""left""),
            dfs,
        )

        self.features = self.features.select(
            pl.lit(self.filename.as_posix()).alias(""filename""),
            pl.col(""frame"").mul(1.0 / self.fps).alias(""time""),
            pl.all(),
        )
    return self.features","polars.DataFrame,polars.Series","polars.LazyFrame,polars.lit,polars.col,polars.all",1,1,1,1,0.0,0.0,0.0,0.5,partial
mexca_data_merge_video_annotation_migration,,"import pandas as pd

    def _merge_video_annotation(self, data_frames: List[pd.DataFrame]):
        if self.video_annotation:
            video_annotation_dict = self.video_annotation.model_dump()
            del video_annotation_dict[""face_average_embeddings""]
            data_frames.append(pd.DataFrame(video_annotation_dict))
",pandas.DataFrame,polars.DataFrame,pandas.DataFrame,polars.DataFrame,1,"import polars as pl
from typing import List

def _merge_video_annotation(self, data_frames: List[pl.DataFrame]):
    # ...
    data_frames.append(pl.DataFrame(video_annotation_dict))","def _merge_video_annotation(self, data_frames: List[pl.DataFrame]):
    # ...
    data_frames.append(pl.LazyFrame(video_annotation_dict))",polars.DataFrame,"polars.DataFrame,polars.LazyFrame",1,1,1,1,0.5,1.0,0.667,0.75,pass
mexca_data_merge_voice_features_migration,,"import pandas as pd

def _merge_voice_features(self, data_frames: List):
    if self.voice_features:
        data_frames.append(pd.DataFrame(self.voice_features.model_dump()))",pandas.DataFrame,polars.DataFrame,pandas.DataFrame,polars.DataFrame,1,"import polars as pl

def _merge_voice_features(self, data_frames: List):
    if self.voice_features:
        data_frames.append(pl.DataFrame(self.voice_features.model_dump()))","def _merge_voice_features(self, data_frames: List):
    if self.voice_features:
        data_frames.append(pl.LazyFrame(self.voice_features.model_dump()))",polars.DataFrame,polars.LazyFrame,1,1,1,1,0.0,0.0,0.0,0.5,partial
pheval_gene_identifier_map,,"import pandas as pd

    hgnc_df = read_hgnc_data()
    identifier_map = {}
    for _index, row in hgnc_df.iterrows():
        identifier_map[row[""ensembl_gene_id""]] = row[""symbol""]
        identifier_map[row[""hgnc_id""]] = row[""symbol""]
        identifier_map[row[""entrez_id""]] = row[""symbol""]
        identifier_map[row[""refseq_accession""]] = row[""symbol""]
    return identifier_map",pandas.DataFrame.iterrows,,pandas.DataFrame.iterrows,,0,"import polars as pl

hgnc_df = read_hgnc_data()
identifier_map = {}
for row in hgnc_df.iter_rows(named=True):
    identifier_map[row[""ensembl_gene_id""]] = row[""symbol""]
    identifier_map[row[""hgnc_id""]] = row[""symbol""]
    identifier_map[row[""entrez_id""]] = row[""symbol""]
    identifier_map[row[""refseq_accession""]] = row[""symbol""]
return identifier_map","    hgnc_df = parse_hgnc_data()
    return hgnc_df.melt(
        id_vars=[""gene_symbol"", ""prev_symbols""],
        value_vars=[""ensembl_id"", ""hgnc_id"", ""entrez_id"", ""refseq_accession""],
        variable_name=""identifier_type"",
        value_name=""identifier"",
    ).with_columns(
        pl.col(""identifier_type"")
        .replace(
            {
                ""ensembl_id"": ""ensembl:"",
                ""hgnc_id"": """",
                ""entrez_id"": ""ncbigene:"",
                ""refseq_accession"": """",
            },
            default="""",
        )
        .alias(""prefix"")
    )",,polars.col,1,1,1,1,0.0,0.0,0.0,0.5,partial
pheval_parse_hgnc_data,,"import pandas as pd

    return pd.read_csv(
        os.path.dirname(__file__).replace(""utils"", ""resources/hgnc_complete_set.txt""),
        delimiter=""\t"",
        dtype=str,
    )","pandas.DataFrame.replace,pandas.read_csv",polars.read_csv,pandas.read_csv,polars.read_csv,1,"import os
import polars as pl

return pl.read_csv(
    os.path.dirname(__file__).replace(""utils"", ""resources/hgnc_complete_set.txt""),
    separator=""\t"",
).with_columns(pl.all().cast(pl.Utf8))","    return (
        pl.read_csv(
            os.path.dirname(__file__).replace(""utils"", ""resources/hgnc_complete_set.txt""),
            separator=""\t"",
            infer_schema=10000000000,
            dtypes={""omim_id"": pl.Utf8},
        )
        .select(
            [
                pl.col(""hgnc_id"").alias(""hgnc_id""),
                pl.col(""symbol"").alias(""gene_symbol""),
                pl.col(""ensembl_gene_id"").alias(""ensembl_id""),
                pl.col(""entrez_id"").alias(""entrez_id""),
                pl.col(""refseq_accession"").alias(""refseq_accession""),
                pl.col(""prev_symbol"").alias(""previous_symbol_raw""),
            ]
        )
        .with_columns(
            pl.col(""previous_symbol_raw"")
            .str.split(""|"")
            .list.eval(pl.element().str.strip_chars('""'))
            .alias(""prev_symbols"")
        )
    )","polars.read_csv,polars.all,polars.Utf8","polars.read_csv,polars.Utf8,polars.col,polars.element",1,1,1,1,0.5,0.667,0.572,0.75,pass
mpds_get_dataframe,,"import pandas as pd

        return pd.DataFrame(self.get_data(*args, **kwargs), columns=columns)",pandas.DataFrame,polars.DataFrame,pandas.DataFrame,polars.DataFrame,1,"import polars as pl

return pl.DataFrame(self.get_data(*args, **kwargs), schema=columns)","        data = self.get_data(*args, **kwargs)
        return pl.DataFrame(data, schema=columns)",polars.DataFrame,polars.DataFrame,1,1,1,1,1.0,1.0,1.0,1.0,pass
73a39d90_experiment_df_construct,,"import pandas as pd

    return pd.DataFrame(records)",pandas.DataFrame,polars.DataFrame,pandas.DataFrame,polars.DataFrame,1,"import polars as pl

return pl.DataFrame(records)",    return pl.DataFrame(records),polars.DataFrame,polars.DataFrame,1,1,1,1,1.0,1.0,1.0,1.0,pass
73a39d90_metrics_bootstrap_filter,,"import pandas as pd

    a = df[df[""condition""] == condition_a][metric].to_numpy()
    b = df[df[""condition""] == condition_b][metric].to_numpy()",pandas.Series.to_numpy,polars.Series.to_numpy,pandas.Series.to_numpy,polars.Series.to_numpy,1,"import polars as pl

a = df.filter(pl.col(""condition"") == condition_a).get_column(metric).to_numpy()
b = df.filter(pl.col(""condition"") == condition_b).get_column(metric).to_numpy()","    a = df.filter(pl.col(""condition"") == condition_a).get_column(metric).to_numpy()
    b = df.filter(pl.col(""condition"") == condition_b).get_column(metric).to_numpy()",polars.col,polars.col,1,1,1,1,1.0,1.0,1.0,1.0,pass
73a39d90_metrics_groupby_agg,,"import pandas as pd

        summary = (
            df.groupby(""condition"")[metric]
            .agg([""mean"", ""median""])
            .rename(columns={""mean"": ""mean"", ""median"": ""median""})
            .astype(float)
        )
        mixed_mean_raw = cast(SupportsFloat, summary.loc[""mixed"", ""mean""])
        plaintext_mean_raw = cast(SupportsFloat, summary.loc[""plaintext"", ""mean""])
        mixed_mean = float(mixed_mean_raw)
        plaintext_mean = float(plaintext_mean_raw)","SeriesGroupBy.agg,pandas.DataFrame.astype,pandas.DataFrame.groupby,pandas.DataFrame.loc,pandas.DataFrame.rename","polars.DataFrame.cast,polars.DataFrame.group_by,polars.DataFrame.rename","pandas.DataFrame.groupby,
SeriesGroupBy.agg,
pandas.DataFrame.rename,
pandas.DataFrame.astype,
pandas.DataFrame.loc","polars.DataFrame.cast,polars.DataFrame.group_by,polars.DataFrame.rename",3,"import polars as pl
from typing import SupportsFloat

summary = (
    df.group_by(""condition"")
    .agg(
        [
            pl.col(metric).mean().alias(""mean""),
            pl.col(metric).median().alias(""median""),
        ]
    )
    .with_columns([pl.col(""mean"").cast(pl.Float64), pl.col(""median"").cast(pl.Float64)])
)
mixed_mean_raw = cast(
    SupportsFloat, summary.filter(pl.col(""condition"") == ""mixed"").select(""mean"").item()
)
plaintext_mean_raw = cast(
    SupportsFloat,
    summary.filter(pl.col(""condition"") == ""plaintext"").select(""mean"").item(),
)
mixed_mean = float(mixed_mean_raw)
plaintext_mean = float(plaintext_mean_raw)","        summary = df.group_by(""condition"").agg(
            pl.col(metric).mean().alias(""mean""),
            pl.col(metric).median().alias(""median""),
        )
        summary_by_condition = {
            row[""condition""]: row for row in summary.iter_rows(named=True)
        }
        mixed_mean = float(summary_by_condition[""mixed""][""mean""])
        plaintext_mean = float(summary_by_condition[""plaintext""][""mean""])","polars.col,polars.Float64",polars.col,1,1,1,1,1.0,0.5,0.667,1.0,pass
73a39d90_metrics_groupby_partition,,"import pandas as pd

def summarize_metrics(df: pd.DataFrame, metrics: list[str]) -> pd.DataFrame:
    """"""Compute descriptive statistics for each metric by condition.""""""
    stats = []
    for cond, group in df.groupby(""condition""):
        for metric in metrics:
            series = group[metric]
            stats.append(
                {
                    ""condition"": cond,
                    ""metric"": metric,
                    ""mean"": series.mean(),
                    ""median"": series.median(),
                    ""std"": series.std(),
                    ""q10"": series.quantile(0.1),
                    ""q90"": series.quantile(0.9),
                }
            )
    return pd.DataFrame(stats)
","pandas.DataFrame,pandas.DataFrame.groupby",,"pandas.DataFrame.groupby,
pandas.Series.mean,
pandas.Series.median,
pandas.Series.std,
pandas.Series.quantile,
pandas.DataFrame",,0,"import polars as pl

stats = []
for cond, group in df.group_by(""condition""):
    if isinstance(cond, tuple):
        cond = cond[0]
    ...
            series = group[metric]
            ...
                    ""condition"": cond,
                    ""mean"": series.mean(),
                    ""median"": series.median(),
                    ""std"": series.std(),
                    ""q10"": series.quantile(0.1),
                    ""q90"": series.quantile(0.9),
return pl.DataFrame(stats)","    grouped = df.partition_by(""condition"", as_dict=True)
    stats: list[dict[str, float | str]] = []
    for condition_key in sorted(grouped.keys()):
        ...
            values = group.get_column(metric).to_numpy()
            ...
                    ""condition"": condition,
                    ""mean"": float(np.mean(values)),
                    ""median"": float(np.median(values)),
                    ""std"": float(np.std(values, ddof=1)),
                    ""q10"": float(np.quantile(values, 0.1, method=""linear"")),
                    ""q90"": float(np.quantile(values, 0.9, method=""linear"")),
    return pl.DataFrame(stats)",polars.DataFrame,polars.DataFrame,0,1,1,1,1.0,1.0,1.0,0.875,pass
73a39d90_run_concat_write,,"import pandas as pd

    sim_results = pd.concat([sim_plaintext, sim_mixed], ignore_index=True)
    sim_results.to_csv(results_dir / ""simpy_results.csv"", index=False)","pandas.DataFrame.to_csv,pandas.concat","polars.DataFrame.write_csv,polars.concat","pandas.DataFrame.to_csv,pandas.concat","polars.DataFrame.write_csv,polars.concat",2,"import polars as pl

sim_results = pl.concat([sim_plaintext, sim_mixed], how=""vertical"")
sim_results.write_csv(results_dir / ""simpy_results.csv"")","    sim_results = pl.concat([sim_plaintext, sim_mixed], how=""vertical"")
    sim_results.write_csv(results_dir / ""simpy_results.csv"")",polars.concat,polars.concat,1,1,1,1,1.0,1.0,1.0,1.0,pass
73a39d90_run_dataframe_write,,"import pandas as pd

    pd.DataFrame(sim_boot).to_csv(
        results_dir / ""simpy_bootstrap_effects.csv"", index=False
    )","pandas.DataFrame,pandas.DataFrame.to_csv","polars.DataFrame,polars.DataFrame.write_csv","pandas.DataFrame,pandas.DataFrame.to_csv","polars.DataFrame,polars.DataFrame.write_csv",2,"import polars as pl

pl.DataFrame(sim_boot).write_csv(
    results_dir / ""simpy_bootstrap_effects.csv""
)","    pl.DataFrame(sim_boot).write_csv(results_dir / ""simpy_bootstrap_effects.csv"")",polars.DataFrame,polars.DataFrame,1,1,1,1,1.0,1.0,1.0,1.0,pass
ultralytics_trainer_read_csv,,"        return pd.read_csv(self.csv).to_dict(orient=""list"")","pandas.DataFrame.to_dict,pandas.read_csv","polars.DataFrame.to_dict,polars.read_csv","pandas.DataFrame.to_dict,pandas.read_csv","polars.DataFrame.to_dict,polars.read_csv",2,"import polars as pl

return pl.read_csv(self.csv).to_dict(as_series=False)",        return pl.read_csv(self.csv).to_dict(as_series=False),polars.read_csv,polars.read_csv,1,1,1,1,1.0,1.0,1.0,1.0,pass
ultralytics_benchmarks_dataframe,,"    df = pd.DataFrame(y, columns=[""Format"", ""Status❔"", ""Size (MB)"", key, ""Inference time (ms/im)"", ""FPS""])",pandas.DataFrame,polars.DataFrame,pandas.DataFrame,polars.DataFrame,1,"import polars as pl

df = pl.DataFrame(y, schema=[""Format"", ""Status__"", ""Size (MB)"", key, ""Inference time (ms/im)"", ""FPS""])","    df = pl.DataFrame(y, schema=[""Format"", ""Status__"", ""Size (MB)"", key, ""Inference time (ms/im)"", ""FPS""])",polars.DataFrame,polars.DataFrame,1,1,1,1,1.0,1.0,1.0,1.0,pass
ultralytics_benchmarks_metrics,,"import pandas as pd

    df = pd.DataFrame(y, columns=[""Format"", ""Status\u2754"", ""Size (MB)"", key, ""Inference time (ms/im)"", ""FPS""])

    name = model.model_name
    dt = time.time() - t0
    legend = ""Benchmarks legend:  - \u2705 Success  - \u274e Export passed but validation failed  - \u274c\ufe0f Export failed""
    s = f""\nBenchmarks complete for {name} on {data} at imgsz={imgsz} ({dt:.2f}s)\n{legend}\n{df.fillna('-')}\n""
    LOGGER.info(s)
    with open(""benchmarks.log"", ""a"", errors=""ignore"", encoding=""utf-8"") as f:
        f.write(s)

    if verbose and isinstance(verbose, float):
        metrics = df[key].array
        floor = verbose
        assert all(x > floor for x in metrics if pd.notna(x)), f""Benchmark failure: metric(s) < floor {floor}""

    return df
","pandas.DataFrame,pandas.DataFrame.fillna,pandas.Series.array,pandas.notna",polars.Expr.is_not_null,"pandas.Series.array,
pandas.notna",polars.Expr.is_not_null,1,"import math
import polars as pl

metrics = df.get_column(key).to_list()  # values to compare to floor
...
assert all(
    x > floor
    for x in metrics
    if x is not None and not (isinstance(x, float) and math.isnan(x))
), ...","        metrics = df[key].to_numpy()  # values to compare to floor
        ...
        assert all(x > floor for x in metrics if not np.isnan(x)), ...",,,1,1,1,1,1.0,1.0,1.0,1.0,pass
ultralytics_wb_custom_table,,"    import pandas  # scope for faster 'import ultralytics'

    df = pandas.DataFrame({""class"": classes, ""y"": y, ""x"": x}).round(3)
    ...
    return wb.plot_table(
        ""wandb/area-under-curve/v0"", wb.Table(dataframe=df), fields=fields, string_fields=string_fields
    )","pandas.DataFrame,pandas.DataFrame.round",polars.DataFrame,"pandas.DataFrame,pandas.DataFrame.round",polars.DataFrame,1,"import pandas  # scope for faster 'import ultralytics'
import polars as pl

df = pl.DataFrame({""class"": classes, ""y"": y, ""x"": x}).with_columns([pl.col(""y"").round(3), pl.col(""x"").round(3)])
...
return wb.plot_table(
    ""wandb/area-under-curve/v0"", wb.Table(dataframe=df), fields=fields, string_fields=string_fields
)","    import polars as pl  # scope for faster 'import ultralytics'
    import polars.selectors as cs

    df = pl.DataFrame({""class"": classes, ""y"": y, ""x"": x}).with_columns(cs.numeric().round(3))
    data = df.select([""class"", ""y"", ""x""]).rows()
    ...
    return wb.plot_table(
        ""wandb/area-under-curve/v0"",
        wb.Table(data=data, columns=[""class"", ""y"", ""x""]),
        fields=fields,
        string_fields=string_fields,
    )","polars.DataFrame,polars.col","polars.DataFrame,polars.selectors",1,1,0,1,0.5,0.5,0.5,0.625,partial
portfolio_stock_to_dict,unsuitable,"import pandas as pd

        for d in df.to_dict('records')",,,,,0,"import polars as pl

for d in df.to_dicts():
    pass",        for d in df.to_dict(as_series=False),,,1,1,1,1,1.0,1.0,1.0,1.0,pass
portfolio_momentum_roc,,"import pandas as pd

        self.df['ROC'] = ROCIndicator(close=self.df.Close, window=window, fillna=fillna).roc()",,,,,0,"import polars as pl

self.df = self.df.with_columns(
    (
        (pl.col(""Close"") / pl.col(""Close"").shift(window) - 1) * 100
    ).fill_null(0) if fillna else (
        (pl.col(""Close"") / pl.col(""Close"").shift(window) - 1) * 100
    )
    .alias(""ROC"")
)","        self.df = self.df.with_columns(
            [
                (
                    (pl.col(""Close"") - pl.col(""Close"").shift(window))
                    / pl.col(""Close"").shift(window)
                    * 100
                ).alias(""ROC"")
            ]
        )",polars.col,polars.col,1,1,1,1,1.0,1.0,1.0,1.0,pass
portfolio_momentum_rsi,,"import pandas as pd

        self.df['RSI'] = RSIIndicator(close=self.df.Close, window=window, fillna=fillna).rsi()",,,,,0,"import polars as pl

self.df = self.df.with_columns(
    (
        100.0
        - (
            100.0
            / (
                1.0
                + (
                    pl.col(""Close"")
                    .diff()
                    .clip(lower_bound=0)
                    .ewm_mean(alpha=1 / window, adjust=False, min_samples=window)
                    /
                    (-pl.col(""Close"").diff())
                    .clip(lower_bound=0)
                    .ewm_mean(alpha=1 / window, adjust=False, min_samples=window)
                )
            )
        )
    )
    .fill_null(50)
    .fill_nan(50)
    .alias(""RSI"")
    if fillna
    else (
        100.0
        - (
            100.0
            / (
                1.0
                + (
                    pl.col(""Close"")
                    .diff()
                    .clip(lower_bound=0)
                    .ewm_mean(alpha=1 / window, adjust=False, min_samples=window)
                    /
                    (-pl.col(""Close"").diff())
                    .clip(lower_bound=0)
                    .ewm_mean(alpha=1 / window, adjust=False, min_samples=window)
                )
            )
        )
    ).alias(""RSI"")
)","        self.df = self.df.with_columns([pl.col(""Close"").diff().alias(""price_change"")])
        self.df = self.df.with_columns(
            [
                pl.when(pl.col(""price_change"") > 0).then(pl.col(""price_change"")).otherwise(0).alias(""gains""),
                pl.when(pl.col(""price_change"") < 0).then(-pl.col(""price_change"")).otherwise(0).alias(""losses""),
            ]
        )
        self.df = self.df.with_columns(
            [
                pl.col(""gains"").ewm_mean(span=window, min_periods=min_periods).alias(""avg_gains""),
                pl.col(""losses"").ewm_mean(span=window, min_periods=min_periods).alias(""avg_losses""),
            ]
        )
        self.df = self.df.with_columns(
            [
                pl.when(pl.col(""avg_losses"") == 0)
                .then(100.0)
                .otherwise(100.0 - (100.0 / (1.0 + (pl.col(""avg_gains"") / pl.col(""avg_losses"")))))
                .alias(""RSI"")
            ]
        )
        self.df = self.df.drop([""price_change"", ""gains"", ""losses"", ""avg_gains"", ""avg_losses""])",polars.col,"polars.col,polars.when",1,1,1,1,0.5,1.0,0.667,0.75,pass
portfolio_momentum_stoch_osc,,"import pandas as pd

        stochastic_oscillator = StochasticOscillator(
            close=self.df.Close, high=self.df.High, low=self.df.Low, window=window, smooth_window=smooth_window,
            fillna=fillna
        )
        self.df['stoch'] = stochastic_oscillator.stoch()
        self.df['stoch_signal'] = stochastic_oscillator.stoch_signal()",,,,,0,"import polars as pl

low_min = self.df[""Low""].rolling_min(window_size=window)
high_max = self.df[""High""].rolling_max(window_size=window)

stoch = pl.when(high_max != low_min).then(
    100 * (self.df[""Close""] - low_min) / (high_max - low_min)
).otherwise(None)

stoch_signal = stoch.rolling_mean(window_size=smooth_window)

if fillna:
    stoch = stoch.fill_null(0).fill_nan(0)
    stoch_signal = stoch_signal.fill_null(0).fill_nan(0)

self.df = self.df.with_columns(
    stoch.alias(""stoch""),
    stoch_signal.alias(""stoch_signal""),
)","        self.df = self.df.with_columns(
            [
                pl.col(""Low"").rolling_min(window_size=window).alias(""low_min""),
                pl.col(""High"").rolling_max(window_size=window).alias(""high_max""),
            ]
        )
        self.df = self.df.with_columns(
            [
                (
                    (pl.col(""Close"") - pl.col(""low_min""))
                    / (pl.col(""high_max"") - pl.col(""low_min""))
                    * 100
                ).alias(""stoch"")
            ]
        )
        self.df = self.df.with_columns(
            [pl.col(""stoch"").rolling_mean(window_size=smooth_window).alias(""stoch_signal"")]
        )
        self.df = self.df.drop([""low_min"", ""high_max""])",polars.when,polars.col,1,1,1,1,0.0,0.0,0.0,0.5,partial
portfolio_momentum_stoch_rsi,,"import pandas as pd

        stoch_rsi = StochRSIIndicator(
            close=self.df.Close, window=window, smooth1=smooth1, smooth2=smooth2, fillna=fillna
        )
        self.df['stoch_rsi'] = stoch_rsi.stochrsi()
        self.df['stoch_rsi_d'] = stoch_rsi.stochrsi_d()
        self.df['stoch_rsi_k'] = stoch_rsi.stochrsi_k()",,,,,0,"import polars as pl

stoch_rsi = StochRSIIndicator(
    close=self.df[""Close""], window=window, smooth1=smooth1, smooth2=smooth2, fillna=fillna
)
self.df = self.df.with_columns(
    [
        pl.Series(""stoch_rsi"", stoch_rsi.stochrsi()),
        pl.Series(""stoch_rsi_d"", stoch_rsi.stochrsi_d()),
        pl.Series(""stoch_rsi_k"", stoch_rsi.stochrsi_k()),
    ]
)","        self.df = self.df.with_columns(
            [
                pl.col(""RSI"").rolling_min(window_size=window).alias(""rsi_min""),
                pl.col(""RSI"").rolling_max(window_size=window).alias(""rsi_max""),
            ]
        )
        self.df = self.df.with_columns(
            [
                (
                    (pl.col(""RSI"") - pl.col(""rsi_min""))
                    / (pl.col(""rsi_max"") - pl.col(""rsi_min""))
                    * 100
                ).alias(""stoch_rsi_k"")
            ]
        )
        self.df = self.df.with_columns(
            [pl.col(""stoch_rsi_k"").rolling_mean(window_size=smooth1).alias(""stoch_rsi_d"")]
        )
        self.df = self.df.with_columns([pl.col(""stoch_rsi_d"").alias(""stoch_rsi"")])
        self.df = self.df.drop([""rsi_min"", ""rsi_max""])",polars.Series,polars.col,1,1,1,1,0.0,0.0,0.0,0.5,partial
visivo_sqlalchemy_read_sql,,"from pandas import DataFrame

        with self.connect() as connection:
            query = text(query)
            results = connection.execute(query)
            columns = results.keys()
            data = results.fetchall()
            results.close()

        return DataFrame(data, columns=columns)","pandas.DataFrame,pandas.DataFrame.keys","polars.DataFrame,polars.DataFrame.columns",pandas.DataFrame,"polars.DataFrame,polars.DataFrame.columns",2,"import polars as pl
from sqlalchemy import text

with self.connect() as connection:
    query = text(query)
    results = connection.execute(query)
    columns = results.keys()
    data = results.fetchall()
    results.close()

return pl.DataFrame(data, schema=list(columns))","        with self.connect() as connection:
            query = text(query)
            results = connection.execute(query)
            columns = list(results.keys())
            data = results.fetchall()
            results.close()
        # Convert to dict of columns for Polars
        if data:
            data_dict = {col: [row[i] for row in data] for i, col in enumerate(columns)}
            return pl.DataFrame(data_dict)
        else:
            schema = {col: pl.String for col in columns}
            return pl.DataFrame({col: [] for col in columns}, schema=schema)",polars.DataFrame,"polars.DataFrame,polars.String",1,1,1,1,0.5,1.0,0.667,0.75,pass
img2table_cells_adjacent_redundant_migration,,"import pandas as pd

condition_adjacent = (((df_cross_cells[""overlapping_y""] > 5)
                       & (df_cross_cells[""diff_x""] / df_cross_cells[[""width"", ""width_""]].max(axis=1) <= 0.05))
                      | ((df_cross_cells[""overlapping_x""] > 5)
                         & (df_cross_cells[""diff_y""] / df_cross_cells[[""height"", ""height_""]].max(axis=1) <= 0.05))
                      )
df_cross_cells[""adjacent""] = condition_adjacent
df_cross_cells[""redundant""] = df_cross_cells[""contained""] & df_cross_cells[""adjacent""]",pandas.DataFrame.max,polars.Series.max,pandas.DataFrame.max,polars.Series.max,1,"import polars as pl

condition_adjacent = (((df_cross_cells[""overlapping_y""] > 5)
                       & (df_cross_cells[""diff_x""] / pl.max_horizontal([""width"", ""width_""]) <= 0.05))
                      | ((df_cross_cells[""overlapping_x""] > 5)
                         & (df_cross_cells[""diff_y""] / pl.max_horizontal([""height"", ""height_""]) <= 0.05))
                      )
df_cross_cells = df_cross_cells.with_columns([
    condition_adjacent.alias(""adjacent""),
    (pl.col(""contained"") & pl.col(""adjacent"")).alias(""redundant""),
])","condition_adjacent = (((pl.col(""overlapping_y"") > 5)
                       & (pl.col(""diff_x"") / pl.max([pl.col(""width""), pl.col(""width_"")]) <= 0.05))
                      | ((pl.col(""overlapping_x"") > 5)
                         & (pl.col(""diff_y"") / pl.max([pl.col(""height""), pl.col(""height_"")]) <= 0.05))
                      )
df_cross_cells = (df_cross_cells.with_columns(condition_adjacent.alias('adjacent'))
                  .with_columns((pl.col('contained') & pl.col('adjacent')).alias('redundant'))
                  )","polars.max_horizontal,polars.col","polars.col,polars.max",1,1,1,1,0.5,0.5,0.5,0.75,pass
img2table_cells_clone_rename_migration,,"import pandas as pd

df_cells_cp = df_cells.copy()
df_cells_cp.columns = [""index_"", ""x1_"", ""y1_"", ""x2_"", ""y2_"", ""width_"", ""height_"", ""area_""]",pandas.DataFrame.columns,,"pandas.DataFrame.copy,
pandas.DataFrame.columns",,0,"import polars as pl

df_cells_cp = df_cells.clone()
df_cells_cp.columns = [""index_"", ""x1_"", ""y1_"", ""x2_"", ""y2_"", ""width_"", ""height_"", ""area_""]","df_cells_cp = (df_cells.clone()
                   .rename({col: f""{col}_"" for col in df_cells.columns})
                   )",,,1,1,1,1,1.0,1.0,1.0,1.0,pass
img2table_cells_contained_migration,,"import pandas as pd

df_cross_cells[""contained""] = ((df_cross_cells[""x_right""] >= df_cross_cells[""x_left""])
                                   & (df_cross_cells[""y_bottom""] >= df_cross_cells[""y_top""])
                                   & (df_cross_cells[""int_area""] / df_cross_cells[""area""] >= 0.9))",,,,,0,"import polars as pl

df_cross_cells = df_cross_cells.with_columns(
    (
        (pl.col(""x_right"") >= pl.col(""x_left""))
        & (pl.col(""y_bottom"") >= pl.col(""y_top""))
        & (pl.col(""int_area"") / pl.col(""area"") >= 0.9)
    ).alias(""contained"")
)","df_cross_cells = df_cross_cells.with_columns(((pl.col('x_right') >= pl.col('x_left'))
                                                  & (pl.col('y_bottom') >= pl.col('y_top'))
                                                  & (pl.col('int_area') / pl.col('area') >= 0.9)
                                                  ).alias('contained')
                                                 )",polars.col,polars.col,1,1,1,1,1.0,1.0,1.0,1.0,pass
img2table_cells_cross_join_filter_migration,,"import pandas as pd

df_cross_cells = df_cells.reset_index().merge(df_cells_cp, how='cross')
df_cross_cells = df_cross_cells[df_cross_cells[""index""] != df_cross_cells[""index_""]]
df_cross_cells = df_cross_cells[df_cross_cells[""area""] <= df_cross_cells[""area_""]]",pandas.DataFrame.merge,polars.DataFrame.join,"pandas.DataFrame.reset_index,
pandas.DataFrame.merge",polars.DataFrame.join,1,"import polars as pl

df_cross_cells = df_cells.with_row_index(""index"").join(df_cells_cp, how=""cross"", suffix=""_"")
df_cross_cells = df_cross_cells.filter(pl.col(""index"") != pl.col(""index_""))
df_cross_cells = df_cross_cells.filter(pl.col(""area"") <= pl.col(""area_""))","df_cross_cells = (df_cells.join(df_cells_cp, how='cross')
                      .filter(pl.col('index') != pl.col('index_'))
                      .filter(pl.col('area') <= pl.col('area_'))
                      )",polars.col,polars.col,1,1,1,1,1.0,1.0,1.0,1.0,pass
img2table_cells_intersection_area_migration,,"import pandas as pd

df_cross_cells[""int_area""] = (df_cross_cells[""x_right""] - df_cross_cells[""x_left""]) \n                             * (df_cross_cells[""y_bottom""] - df_cross_cells[""y_top""])",,,,,0,"import polars as pl

df_cross_cells = df_cross_cells.with_columns(
    (
        (pl.col(""x_right"") - pl.col(""x_left""))
        * (pl.col(""y_bottom"") - pl.col(""y_top""))
    ).alias(""int_area"")
)","df_cross_cells = df_cross_cells.with_columns(((pl.col('x_right') - pl.col('x_left'))
                                                  * (pl.col('y_bottom') - pl.col('y_top'))
                                                  ).alias('int_area')
                                                 )",polars.col,polars.col,1,1,1,1,1.0,1.0,1.0,1.0,pass
img2table_cells_overlap_diff_migration,,"import pandas as pd

df_cross_cells[""overlapping_x""] = df_cross_cells[""x_right""] - df_cross_cells[""x_left""]
df_cross_cells[""overlapping_y""] = df_cross_cells[""y_bottom""] - df_cross_cells[""y_top""]
df_cross_cells[""diff_x""] = pd.concat([(df_cross_cells[""x2""] - df_cross_cells[""x1_""]).abs(),
                                      (df_cross_cells[""x1""] - df_cross_cells[""x2_""]).abs(),
                                      (df_cross_cells[""x1""] - df_cross_cells[""x1_""]).abs(),
                                      (df_cross_cells[""x2""] - df_cross_cells[""x2_""]).abs()],
                                     axis=1).min(axis=1)
df_cross_cells[""diff_y""] = pd.concat([(df_cross_cells[""y1""] - df_cross_cells[""y1_""]).abs(),
                                      (df_cross_cells[""y2""] - df_cross_cells[""y1_""]).abs(),
                                      (df_cross_cells[""y1""] - df_cross_cells[""y2_""]).abs(),
                                      (df_cross_cells[""y2""] - df_cross_cells[""y2_""]).abs()],
                                     axis=1).min(axis=1)","pandas.DataFrame.min,pandas.Series.abs,pandas.concat",polars.concat,"pandas.Series.abs,
pandas.concat,
pandas.DataFrame.min",polars.concat,1,"import polars as pl

df_cross_cells = df_cross_cells.with_columns(
    [
        (pl.col(""x_right"") - pl.col(""x_left"")).alias(""overlapping_x""),
        (pl.col(""y_bottom"") - pl.col(""y_top"")).alias(""overlapping_y""),
        pl.min_horizontal(
            [
                (pl.col(""x2"") - pl.col(""x1_"")).abs(),
                (pl.col(""x1"") - pl.col(""x2_"")).abs(),
                (pl.col(""x1"") - pl.col(""x1_"")).abs(),
                (pl.col(""x2"") - pl.col(""x2_"")).abs(),
            ]
        ).alias(""diff_x""),
        pl.min_horizontal(
            [
                (pl.col(""y1"") - pl.col(""y1_"")).abs(),
                (pl.col(""y2"") - pl.col(""y1_"")).abs(),
                (pl.col(""y1"") - pl.col(""y2_"")).abs(),
                (pl.col(""y2"") - pl.col(""y2_"")).abs(),
            ]
        ).alias(""diff_y""),
    ]
)","df_cross_cells = (df_cross_cells
                  .with_columns([(pl.col('x_right') - pl.col('x_left')).alias('overlapping_x'),
                                 (pl.col('y_bottom') - pl.col('y_top')).alias('overlapping_y')])
                  .with_columns(pl.min([(pl.col(_1) - pl.col(_2)).abs()
                                        for _1, _2 in itertools.product(['x1', 'x2'], ['x1_', 'x2_'])]
                                       ).alias('diff_x'))
                  .with_columns(pl.min([(pl.col(_1) - pl.col(_2)).abs()
                                        for _1, _2 in itertools.product(['y1', 'y2'], ['y1_', 'y2_'])]
                                       ).alias('diff_y'))
                  )","polars.col,polars.min_horizontal","polars.col,polars.min",1,1,1,1,0.5,0.5,0.5,0.75,pass
img2table_cells_redundant_removal_migration,,"import pandas as pd

redundant_cells = df_cross_cells[df_cross_cells[""redundant""]]['index_'].drop_duplicates().values.tolist()
df_final_cells = df_cells.drop(labels=redundant_cells)","pandas.DataFrame.drop,pandas.Series.drop_duplicates,pandas.Series.to_list,pandas.Series.values","polars.Series.unique,polars.Series.to_list","pandas.Series.drop_duplicates,
pandas.Series.values,
pandas.DataFrame.drop","polars.Series.unique,polars.Series.to_list",2,"import polars as pl

redundant_cells = df_cross_cells.filter(pl.col(""redundant"")).get_column(""index_"").unique(maintain_order=True).to_list()
df_final_cells = df_cells.filter(~pl.col(""index_"").is_in(redundant_cells))","redundant_cells = (df_cross_cells.filter(pl.col('redundant'))
                       .collect()
                       .get_column('index_')
                       .unique()
                       .to_list()
                       )
df_final_cells = (df_cells.with_row_count(name=""cnt"")
                      .filter(~pl.col('cnt').is_in(redundant_cells))
                      )",polars.col,polars.col,1,1,1,1,1.0,1.0,1.0,1.0,pass
img2table_cells_vertical_deduplication_migration,,"import pandas as pd

df_cells = df_cells.sort_values(by=[""x1"", ""x2"", ""y1"", ""y2""])
df_cells[""cell_rk""] = df_cells.groupby([""x1"", ""x2"", ""y1""]).cumcount()
df_cells = df_cells[df_cells[""cell_rk""] == 0]
df_cells = df_cells.sort_values(by=[""x1"", ""x2"", ""y2"", ""y1""], ascending=[True, True, True, False])
df_cells[""cell_rk""] = df_cells.groupby([""x1"", ""x2"", ""y2""]).cumcount()
df_cells = df_cells[df_cells[""cell_rk""] == 0]","DataFrameGroupBy.cumcount,pandas.DataFrame.groupby,pandas.DataFrame.sort_values",,"pandas.DataFrame.sort_values,
pandas.DataFrame.groupby,
DataFrameGroupBy.cumcount",,0,"import polars as pl

df_cells = df_cells.sort([""x1"", ""x2"", ""y1"", ""y2""])
df_cells = df_cells.with_columns((pl.col(""x1"").cum_count().over([""x1"", ""x2"", ""y1""]) - 1).alias(""cell_rk""))
df_cells = df_cells.filter(pl.col(""cell_rk"") == 0)
df_cells = df_cells.sort([""x1"", ""x2"", ""y2"", ""y1""], descending=[False, False, False, True])
df_cells = df_cells.with_columns((pl.col(""x1"").cum_count().over([""x1"", ""x2"", ""y2""]) - 1).alias(""cell_rk""))
df_cells = df_cells.filter(pl.col(""cell_rk"") == 0)","df_cells = (df_cells.sort(by=[""x1"", ""x2"", ""y1"", ""y2""])
            .with_columns(pl.lit(1).alias('ones'))
            .with_columns(pl.col('ones').cumsum().over([""x1"", ""x2"", ""y1""]).alias('cell_rk'))
            .filter(pl.col('cell_rk') == 1)
            )
df_cells = (df_cells.sort(by=[""x1"", ""x2"", ""y2"", ""y1""], reverse=[False, False, False, True])
            .with_columns(pl.lit(1).alias('ones'))
            .with_columns(pl.col('ones').cumsum().over([""x1"", ""x2"", ""y2""]).alias('cell_rk'))
            .filter(pl.col('cell_rk') == 1)
            )",polars.col,"polars.lit,polars.col",1,1,1,1,0.5,1.0,0.667,0.75,pass
img2table_cells_width_height_area_migration,,"import pandas as pd

df_cells[""width""] = df_cells[""x2""] - df_cells[""x1""]
df_cells[""height""] = df_cells[""y2""] - df_cells[""y1""]
df_cells[""area""] = df_cells[""width""] * df_cells[""height""]",,,,,0,"import polars as pl

df_cells = df_cells.with_columns((pl.col(""x2"") - pl.col(""x1"")).alias(""width""))
df_cells = df_cells.with_columns((pl.col(""y2"") - pl.col(""y1"")).alias(""height""))
df_cells = df_cells.with_columns((pl.col(""width"") * pl.col(""height"")).alias(""area""))","df_cells = (df_cells.with_columns([(pl.col('x2') - pl.col('x1')).alias('width'),
                                       (pl.col('y2') - pl.col('y1')).alias('height')])
                .with_columns((pl.col('height') * pl.col('width')).alias('area'))
                )",polars.col,polars.col,1,1,1,1,1.0,1.0,1.0,1.0,pass
img2table_lines_cross_join_migration,,"import pandas as pd

df_w_l = df_words.merge(df_lines, how='cross')",pandas.DataFrame.merge,,pandas.DataFrame.merge,,0,"import polars as pl

df_w_l = df_words.join(df_lines, how=""cross"")","df_words_lines = df_words.join(df_lines, how='cross')",,,1,1,1,1,1.0,1.0,1.0,1.0,pass
img2table_lines_df_lines_creation_migration,,"import pandas as pd

df_lines = pd.DataFrame(data=[line.dict for line in lines])
df_lines['length'] = pd.concat([df_lines['width'], df_lines['height']], axis=1).max(axis=1)
df_lines['vertical'] = (df_lines['x1'] == df_lines['x2'])
df_lines['line_id'] = range(len(df_lines))
df_lines.columns = ['x1_line', 'x2_line', 'y1_line', 'y2_line', 'width', 'height', 'length', 'vertical', 'line_id']","pandas.DataFrame,pandas.DataFrame.columns,pandas.DataFrame.max,pandas.concat","polars.DataFrame,polars.DataFrame.columns,polars.concat","pandas.DataFrame,pandas.DataFrame.columns,pandas.DataFrame.max,pandas.concat","polars.DataFrame,polars.DataFrame.columns,polars.concat",3,"import polars as pl

df_lines = pl.DataFrame(data=[line.dict for line in lines])
df_lines = df_lines.with_columns(
    pl.max_horizontal([""width"", ""height""]).alias(""length""),
    (pl.col(""x1"") == pl.col(""x2"")).alias(""vertical""),
    pl.Series(""line_id"", range(len(df_lines))),
)
df_lines.columns = ['x1_line', 'x2_line', 'y1_line', 'y2_line', 'width', 'height', 'length', 'vertical', 'line_id']","df_lines = (pl.from_dicts(dicts=[line.dict for line in lines])
                .lazy()
                .with_columns([pl.max([pl.col('width'), pl.col('height')]).alias('length'),
                               (pl.col('x1') == pl.col('x2')).alias('vertical')]
                              )
                .with_row_count(name=""line_id"")
                .rename({""x1"": ""x1_line"", ""x2"": ""x2_line"", ""y1"": ""y1_line"", ""y2"": ""y2_line""})
                )","polars.DataFrame,polars.max_horizontal,polars.col,polars.Series","polars.from_dicts,polars.max,polars.col",1,1,1,1,0.333,0.25,0.286,0.666,partial
img2table_lines_filter_words_migration,,"import pandas as pd

df_words = ocr_df.df[ocr_df.df['class'] == 'ocrx_word']
df_words = df_words[(df_words['confidence'] >= 50) | df_words['confidence'].isna()]",pandas.Series.isna,polars.Series.is_null,pandas.Series.isna,polars.Series.is_null,1,"import polars as pl

df_words = ocr_df.df.filter(pl.col(""class"") == ""ocrx_word"")
df_words = df_words.filter((pl.col(""confidence"") >= 50) | pl.col(""confidence"").is_null() | pl.col(""confidence"").is_nan())","df_words = (ocr_df.df.filter(pl.col('class') == ""ocrx_word"")
                .filter(pl.col('confidence') >= 50)
                )",polars.col,polars.col,1,1,1,1,1.0,1.0,1.0,1.0,pass
img2table_lines_groupby_sum_migration,,"import pandas as pd

df_inter = (df_w_l.groupby(['line_id', 'length'])
                .agg(intersection=('intersection', np.sum))
                .reset_index()
                )","DataFrameGroupBy.agg,pandas.DataFrame.groupby,pandas.DataFrame.reset_index",,"pandas.DataFrame.groupby,
DataFrameGroupBy.agg,
pandas.DataFrame.reset_index",,0,"import polars as pl

df_inter = (
    df_w_l.group_by(['line_id', 'length'])
    .agg(intersection=pl.col('intersection').sum())
)
","df_inter = (df_words_lines.groupby(['line_id', 'length'])
                .agg(pl.sum(pl.col('intersection')).alias('intersection'))
                )",polars.col,"polars.sum,polars.col",1,1,1,1,0.5,1.0,0.667,0.75,pass
img2table_lines_intersection_assignment_migration,,"import pandas as pd

df_w_l['intersection'] = (df_w_l['vertical'].astype(int) * vert_int
                              + (1 - df_w_l['vertical'].astype(int)) * hor_int)",pandas.Series.astype,polars.Series.cast,pandas.Series.astype,polars.Series.cast,1,"import polars as pl

df_w_l = df_w_l.with_columns(
    (
        pl.col(""vertical"").cast(pl.Int64) * vert_int
        + (1 - pl.col(""vertical"").cast(pl.Int64)) * hor_int
    ).alias(""intersection"")
)","df_words_lines = df_words_lines.with_columns((pl.col('vertical').cast(pl.Int8) * vert_int
                                                  + (1 - pl.col('vertical').cast(pl.Int8) * hor_int)).alias('intersection')
                                                 )","polars.col,polars.Int64","polars.col,polars.Int8",1,1,1,1,0.5,0.5,0.5,0.75,pass
img2table_lines_intersection_formula_migration,,"import pandas as pd

vert_int = (
        ((df_w_l['x1_line'] > df_w_l['x1']) & (df_w_l['x1_line'] < df_w_l['x2'])).astype(int)
        * (df_w_l[['y2', 'y2_line']].min(axis=1) - df_w_l[['y1', 'y1_line']].max(axis=1)).clip(0, None)
    )
hor_int = (
        ((df_w_l['y1_line'] > df_w_l['y1']) & (df_w_l['y1_line'] < df_w_l['y2'])).astype(int)
        * (df_w_l[['x2', 'x2_line']].min(axis=1) - df_w_l[['x1', 'x1_line']].max(axis=1)).clip(0, None)
    )","pandas.DataFrame.max,pandas.DataFrame.min,pandas.Series.astype,pandas.Series.clip","polars.Series.max,polars.Series.min","pandas.Series.astype,
pandas.DataFrame.min,
pandas.DataFrame.max,
pandas.Series.clip","polars.Series.max,polars.Series.min",2,"import polars as pl

vert_int = (
    df_w_l.select(
        (
            ((pl.col(""x1_line"") > pl.col(""x1"")) & (pl.col(""x1_line"") < pl.col(""x2""))).cast(pl.Int64)
            * (
                pl.min_horizontal(""y2"", ""y2_line"")
                - pl.max_horizontal(""y1"", ""y1_line"")
            ).clip(lower_bound=0)
        ).alias(""vert_int"")
    ).to_series()
)

hor_int = (
    df_w_l.select(
        (
            ((pl.col(""y1_line"") > pl.col(""y1"")) & (pl.col(""y1_line"") < pl.col(""y2""))).cast(pl.Int64)
            * (
                pl.min_horizontal(""x2"", ""x2_line"")
                - pl.max_horizontal(""x1"", ""x1_line"")
            ).clip(lower_bound=0)
        ).alias(""hor_int"")
    ).to_series()
)","vert_int = (
    ((pl.col('x1_line') > pl.col('x1')) & (pl.col('x1_line') < pl.col('x2'))).cast(pl.Int8)
    * pl.max([(pl.min([pl.col('y2'), pl.col('y2_line')]) - pl.max([pl.col('y1'), pl.col('y1_line')])), pl.lit(0)])
)
hor_int = (
    ((pl.col('y1_line') > pl.col('y1')) & (pl.col('y1_line') < pl.col('y2'))).cast(pl.Int8)
    * pl.max([(pl.min([pl.col('x2'), pl.col('x2_line')]) - pl.max([pl.col('x1'), pl.col('x1_line')])), pl.lit(0)])
)","polars.col,polars.Int64,polars.min_horizontal,polars.max_horizontal","polars.col,polars.Int8,polars.max,polars.min,polars.lit",1,1,1,1,0.2,0.25,0.222,0.6,partial
img2table_lines_intersection_lines_filter_migration,,"import pandas as pd

intersecting_lines = df_inter[df_inter['intersection'] / df_inter['length'] > 0.5]['line_id'].values.tolist()","pandas.Series.to_list,pandas.Series.values",polars.Series.to_list,pandas.Series.values,polars.Series.to_list,1,"import polars as pl

intersecting_lines = df_inter.filter(pl.col('intersection') / pl.col('length') > 0.5).get_column('line_id').to_list()","intersecting_lines = (df_inter.filter(pl.col('intersection') / pl.col('length') > 0.5)
                          .collect()
                          .get_column('line_id')
                          .to_list()
                          )",polars.col,polars.col,1,1,1,1,1.0,1.0,1.0,1.0,pass
img2table_aws_textract_concat_lazy_migration,,"import pandas as pd

return OCRDataframe(df=pd.concat(list_dfs))",pandas.concat,polars.concat,pandas.concat,polars.concat,1,"import polars as pl

return OCRDataframe(df=pl.concat(list_dfs))",return OCRDataframe(df=pl.concat(list_dfs).lazy()),polars.concat,polars.concat,1,1,1,1,1.0,1.0,1.0,1.0,pass
img2table_aws_textract_list_dfs_migration,,"import pandas as pd

list_dfs = map(pd.DataFrame, content)",pandas.DataFrame,polars.DataFrame,pandas.DataFrame,polars.DataFrame,1,"import polars as pl

list_dfs = map(pl.DataFrame, content)","list_dfs = map(pl.from_dicts, content)",polars.DataFrame,polars.from_dicts,1,1,1,1,0.0,0.0,0.0,0.5,partial
azure_ocr_concat_lazy,,"import pandas as pd

        return OCRDataframe(df=pd.concat(list_dfs))",pandas.concat,polars.concat,pandas.concat,polars.concat,1,"import polars as pl

        return OCRDataframe(df=pl.concat(list_dfs))",        return OCRDataframe(df=pl.concat(list_dfs).lazy()),polars.concat,polars.concat,0,1,1,1,1.0,1.0,1.0,0.875,pass
azure_ocr_from_dicts,,"import pandas as pd

            list_dfs.append(pd.DataFrame(word_elements))",pandas.DataFrame,polars.DataFrame,pandas.DataFrame,polars.DataFrame,1,"import polars as pl

list_dfs.append(pl.DataFrame(word_elements))",            list_dfs.append(pl.from_dicts(word_elements)),polars.DataFrame,polars.from_dicts,1,1,1,1,0.0,0.0,0.0,0.5,partial
img2table_azure_concat_lazy_migration,duplicate,"import pandas as pd

return OCRDataframe(df=pd.concat(list_dfs))",pandas.concat,polars.concat,pandas.concat,polars.concat,1,"import polars as pl

return OCRDataframe(df=pl.concat(list_dfs))",return OCRDataframe(df=pl.concat(list_dfs).lazy()),polars.concat,polars.concat,1,1,1,1,1.0,1.0,1.0,1.0,pass
img2table_azure_list_dfs_migration,,"import pandas as pd

list_dfs.append(pd.DataFrame(word_elements))",pandas.DataFrame,polars.DataFrame,pandas.DataFrame,polars.DataFrame,1,"import polars as pl

list_dfs.append(pl.DataFrame(word_elements))",list_dfs.append(pl.from_dicts(word_elements)),polars.DataFrame,polars.from_dicts,1,1,1,1,0.0,0.0,0.0,0.5,partial
img2table_google_vision_concat_lazy_migration,duplicate,"import pandas as pd

return OCRDataframe(df=pd.concat(list_dfs))",pandas.concat,polars.concat,pandas.concat,polars.concat,1,"import polars as pl

return OCRDataframe(df=pl.concat(list_dfs))",return OCRDataframe(df=pl.concat(list_dfs).lazy()),polars.concat,polars.concat,1,1,1,1,1.0,1.0,1.0,1.0,pass
img2table_google_vision_list_dfs_migration,duplicate,"import pandas as pd

list_dfs = map(pd.DataFrame, content)",pandas.DataFrame,polars.DataFrame,pandas.DataFrame,polars.DataFrame,1,"import polars as pl

list_dfs = map(pl.DataFrame, content)","list_dfs = map(pl.from_dicts, content)",polars.DataFrame,polars.from_dicts,1,1,1,1,0.0,0.0,0.0,0.5,partial
img2table_pdf_list_dfs_migration,,"import pandas as pd

content_df = pd.concat(map(pd.DataFrame, content))","pandas.DataFrame,pandas.concat","polars.DataFrame,polars.concat","pandas.DataFrame,pandas.concat","polars.DataFrame,polars.concat",2,"import polars as pl

content_df = pl.concat([pl.DataFrame(x) for x in content])
","list_dfs = map(pl.from_dicts, content)","polars.concat,polars.DataFrame",polars.from_dicts,1,1,1,1,0.0,0.0,0.0,0.5,partial
tesseract_ocr_concat_lazy,duplicate,"import pandas as pd

        return OCRDataframe(df=pd.concat(list_dfs))",pandas.concat,polars.concat,pandas.concat,polars.concat,1,"import polars as pl

return OCRDataframe(df=pl.concat(list_dfs))",        return OCRDataframe(df=pl.concat(list_dfs).lazy()),polars.concat,polars.concat,1,1,1,1,1.0,1.0,1.0,1.0,pass
tesseract_ocr_from_dicts,,"import pandas as pd

            list_dfs.append(pd.DataFrame(list_elements))",pandas.DataFrame,polars.DataFrame,pandas.DataFrame,polars.DataFrame,1,"import polars as pl

list_dfs.append(pl.DataFrame(list_elements))",            list_dfs.append(pl.from_dicts(list_elements)),polars.DataFrame,polars.from_dicts,1,1,1,1,0.0,0.0,0.0,0.5,partial
efc0581f_textract_concat_lazy,duplicate,"import pandas as pd

        return OCRDataframe(df=pd.concat(list_dfs))",pandas.concat,polars.concat,pandas.concat,polars.concat,1,"import polars as pl

return OCRDataframe(df=pl.concat(list_dfs))",        return OCRDataframe(df=pl.concat(list_dfs).lazy()),polars.concat,polars.concat,1,1,1,1,1.0,1.0,1.0,1.0,pass
efc0581f_textract_from_dicts,,"import pandas as pd

        list_dfs = map(pd.DataFrame, content)",pandas.DataFrame,polars.DataFrame,pandas.DataFrame,polars.DataFrame,1,"import polars as pl

list_dfs = map(pl.DataFrame, content)","        list_dfs = list(map(pl.from_dicts, content))",polars.DataFrame,polars.from_dicts,1,1,1,1,0.0,0.0,0.0,0.5,partial
efc0581f_azure_concat_lazy,duplicate,"import pandas as pd

        return OCRDataframe(df=pd.concat(list_dfs))",pandas.concat,polars.concat,pandas.concat,polars.concat,1,"import polars as pl

return OCRDataframe(df=pl.concat(list_dfs))",        return OCRDataframe(df=pl.concat(list_dfs).lazy()),polars.concat,polars.concat,1,1,1,1,1.0,1.0,1.0,1.0,pass
efc0581f_azure_from_dicts,duplicate,"import pandas as pd

            list_dfs.append(pd.DataFrame(word_elements))",pandas.DataFrame,polars.DataFrame,pandas.DataFrame,polars.DataFrame,1,"import polars as pl

list_dfs.append(pl.DataFrame(word_elements))",            list_dfs.append(pl.from_dicts(word_elements)),polars.DataFrame,polars.from_dicts,1,1,1,1,0.0,0.0,0.0,0.5,partial
efc0581f_data_assign_bbox,,"import pandas as pd

        df_words = df_words.assign(**{""x1_bbox"": bbox[0],
                                      ""y1_bbox"": bbox[1],
                                      ""x2_bbox"": bbox[2],
                                      ""y2_bbox"": bbox[3]})
        df_words[""x_left""] = df_words[[""x1"", ""x1_bbox""]].max(axis=1)
        df_words[""y_top""] = df_words[[""y1"", ""y1_bbox""]].max(axis=1)
        df_words[""x_right""] = df_words[[""x2"", ""x2_bbox""]].min(axis=1)
        df_words[""y_bottom""] = df_words[[""y2"", ""y2_bbox""]].min(axis=1)","pandas.DataFrame.max,pandas.DataFrame.min","polars.Series.max,polars.Series.min","pandas.DataFrame.assign,
pandas.DataFrame.max,
pandas.DataFrame.min","polars.Series.max,polars.Series.min",2,"import polars as pl

df_words = df_words.with_columns(
    [
        pl.lit(bbox[0]).alias(""x1_bbox""),
        pl.lit(bbox[1]).alias(""y1_bbox""),
        pl.lit(bbox[2]).alias(""x2_bbox""),
        pl.lit(bbox[3]).alias(""y2_bbox""),
    ]
)
df_words = df_words.with_columns(
    [
        pl.max_horizontal([""x1"", ""x1_bbox""]).alias(""x_left""),
        pl.max_horizontal([""y1"", ""y1_bbox""]).alias(""y_top""),
        pl.min_horizontal([""x2"", ""x2_bbox""]).alias(""x_right""),
        pl.min_horizontal([""y2"", ""y2_bbox""]).alias(""y_bottom""),
    ]
)","        df_words = (df_words.with_columns([pl.lit(bbox[0]).alias('x1_bbox'),
                                           pl.lit(bbox[1]).alias('y1_bbox'),
                                           pl.lit(bbox[2]).alias('x2_bbox'),
                                           pl.lit(bbox[3]).alias('y2_bbox')])
                    .with_columns([pl.max([pl.col('x1'), pl.col('x1_bbox')]).alias('x_left'),
                                   pl.max([pl.col('y1'), pl.col('y1_bbox')]).alias('y_top'),
                                   pl.min([pl.col('x2'), pl.col('x2_bbox')]).alias('x_right'),
                                   pl.min([pl.col('y2'), pl.col('y2_bbox')]).alias('y_bottom'),
                                   ])
                    )","polars.lit,polars.max_horizontal,polars.min_horizontal","polars.lit,polars.max,polars.col,polars.min",1,1,1,1,0.25,0.333,0.286,0.625,partial
efc0581f_data_filter_page,,"import pandas as pd

        return OCRDataframe(df=self.df[self.df[""page""] == page_number])",,,,,0,"import polars as pl

return OCRDataframe(df=self.df.filter(pl.col(""page"") == page_number))","        df_page = self.df.filter(pl.col('page') == page_number)
        return OCRDataframe(df=df_page)",polars.col,polars.col,1,1,1,1,1.0,1.0,1.0,1.0,pass
efc0581f_data_groupby_agg_text,,"import pandas as pd

        df_text_parent = (df_words_contained.groupby('parent')
                          .agg(x1=(""x1"", np.min),
                               x2=(""x2"", np.max),
                               y1=(""y1"", np.min),
                               y2=(""y2"", np.max),
                               value=(""value"", lambda x: ' '.join(x)))
                          .sort_values(by=[""y1"", ""x1""]))
        return df_text_parent[""value""].astype(str).str.cat(sep=""\n"").strip() or None","DataFrameGroupBy.agg,pandas.DataFrame.groupby,pandas.DataFrame.sort_values,pandas.Series.astype","polars.DataFrame.sort,polars.Series.cast","pandas.DataFrame.groupby,
DataFrameGroupBy.agg,
pandas.DataFrame.sort_values,
pandas.Series.astype,
pandas.Series.str.cat","polars.DataFrame.sort,polars.Series.cast",2,"import polars as pl

df_text_parent = (
    df_words_contained.group_by(""parent"")
    .agg(
        x1=pl.col(""x1"").min(),
        x2=pl.col(""x2"").max(),
        y1=pl.col(""y1"").min(),
        y2=pl.col(""y2"").max(),
        value=pl.col(""value"").cast(pl.Utf8).str.join("" ""),
    )
    .sort(by=[""y1"", ""x1""])
)
return (""\n"".join(df_text_parent.get_column(""value"").cast(pl.Utf8).to_list()).strip() or None)","        df_text_parent = (df_words_contained
                          .groupby('parent')
                          .agg([pl.col('x1').min(),
                                pl.col('x2').max(),
                                pl.col('y1').min(),
                                pl.col('y2').max(),
                                pl.col('value').list()])
                          .sort([pl.col(""y1""), pl.col(""x1"")]))
        text_lines = (df_text_parent.select(pl.col('value'))
                      .collect()
                      .get_column('value')
                      .to_list())
        return ""\n"".join(["" "".join(line).strip() for line in text_lines]).strip() or None","polars.col,polars.Utf8",polars.col,1,1,1,1,1.0,0.5,0.667,1.0,pass
efc0581f_data_merge_cross,unsuitable,"import pandas as pd
import numpy as np

        df_words = self.df[(self.df[""class""] == ""ocrx_word"")]
        if page_number:
            df_words = df_words[df_words[""page""] == page_number]
        df_words = df_words[df_words[""value""].notnull() & (df_words[""confidence""] >= min_confidence)]

        list_cells = [{""row"": id_row, ""col"": id_col,
                       ""x1_w"": cell.x1, ""x2_w"": cell.x2,
                       ""y1_w"": cell.y1, ""y2_w"": cell.y2}
                      for id_row, row in enumerate(table.items)
                      for id_col, cell in enumerate(row.items)]
        df_cells = pd.DataFrame(list_cells)

        df_word_cells = df_words.merge(df_cells, how=""cross"")

        df_word_cells[""x_left""] = df_word_cells[[""x1"", ""x1_w""]].max(axis=1)
        df_word_cells[""y_top""] = df_word_cells[[""y1"", ""y1_w""]].max(axis=1)
        df_word_cells[""x_right""] = df_word_cells[[""x2"", ""x2_w""]].min(axis=1)
        df_word_cells[""y_bottom""] = df_word_cells[[""y2"", ""y2_w""]].min(axis=1)

        df_word_cells = df_word_cells[df_word_cells[""x_right""] > df_word_cells[""x_left""]]
        df_word_cells = df_word_cells[df_word_cells[""y_bottom""] > df_word_cells[""y_top""]]

        df_text_parent = (df_word_cells
                          .groupby(['row', 'col', 'parent'])
                          .agg(value=(""value"", lambda x: ' '.join(x)))
                          .sort_values(by=[""row"", ""col"", ""y1"", ""x1""])
                          .groupby([""row"", ""col""])
                          .agg(text=(""value"", lambda x: ""
"".join(x) or None))
                          .reset_index())
",,polars.DataFrame,"pandas.Series.notnull,
pandas.DataFrame,
pandas.DataFrame.merge,
pandas.DataFrame.max,
pandas.DataFrame.min,
pandas.DataFrame.groupby,
DataFrameGroupBy.agg,
pandas.DataFrame.sort_values,
pandas.DataFrame.reset_index",polars.DataFrame,1,"import polars as pl

df_cells = pl.DataFrame(list_cells)
...
df_word_cells = df_words.join(df_cells, how=""cross"")","        df_cells = pl.from_dicts(dicts=list_cells).lazy()
        ...
        df_word_cells = df_words.join(other=df_cells, how=""cross"")",polars.DataFrame,polars.from_dicts,1,1,1,1,0.0,0.0,0.0,0.5,partial
efc0581f_vision_concat_lazy,duplicate,"import pandas as pd

        return OCRDataframe(df=pd.concat(list_dfs))",pandas.concat,polars.concat,pandas.concat,polars.concat,1,"import polars as pl

return OCRDataframe(df=pl.concat(list_dfs))",        return OCRDataframe(df=pl.concat(list_dfs).lazy()),polars.concat,polars.concat,1,1,1,1,1.0,1.0,1.0,1.0,pass
efc0581f_vision_from_dicts,duplicate,"import pandas as pd

        list_dfs = map(pd.DataFrame, content)",pandas.DataFrame,polars.DataFrame,pandas.DataFrame,polars.DataFrame,1,"import polars as pl

list_dfs = map(pl.DataFrame, content)","        list_dfs = list(map(pl.from_dicts, content))",polars.DataFrame,polars.from_dicts,1,1,1,1,0.0,0.0,0.0,0.5,partial
efc0581f_pdf_concat_lazy,unsuitable,"import pandas as pd

        return OCRDataframe(df=content_df)",,,,,0,return OCRDataframe(df=content_df),        return OCRDataframe(df=pl.concat(list_dfs).lazy()),,polars.concat,1,0,1,1,0.0,0.0,0.0,0.375,fail
efc0581f_pdf_from_dicts,,"import pandas as pd

        content_df = pd.concat(map(pd.DataFrame, content))","pandas.DataFrame,pandas.concat","polars.DataFrame,polars.concat","pandas.DataFrame,pandas.concat","polars.DataFrame,polars.concat",2,"import polars as pl

content_df = pl.concat([pl.DataFrame(item) for item in content])","        list_dfs = list(map(pl.from_dicts, content))","polars.concat,polars.DataFrame",polars.from_dicts,1,1,1,1,0.0,0.0,0.0,0.5,partial
efc0581f_tesseract_concat_lazy,duplicate,"import pandas as pd

        return OCRDataframe(df=pd.concat(list_dfs))",pandas.concat,polars.concat,pandas.concat,polars.concat,1,"import polars as pl

return OCRDataframe(df=pl.concat(list_dfs))",        return OCRDataframe(df=pl.concat(list_dfs).lazy()),polars.concat,polars.concat,1,1,1,1,1.0,1.0,1.0,1.0,pass
efc0581f_tesseract_from_dicts,duplicate,"import pandas as pd

            list_dfs.append(pd.DataFrame(list_elements))",pandas.DataFrame,polars.DataFrame,pandas.DataFrame,polars.DataFrame,1,"import polars as pl

list_dfs.append(pl.DataFrame(list_elements))",            list_dfs.append(pl.from_dicts(list_elements)),polars.DataFrame,polars.from_dicts,1,1,1,1,0.0,0.0,0.0,0.5,partial
efc0581f_tesseract_nan_none,,"import pandas as pd

                    d_el[""confidence""] = np.nan",,,,,0,"import polars as pl

d_el = d_el.with_columns(pl.lit(float(""nan"")).alias(""confidence""))","                    d_el[""confidence""] = None",polars.lit,,1,1,1,1,1.0,1.0,1.0,1.0,pass
efc0581f_dedup_nested_cross_join,,"import pandas as pd

    df_cross_cells = df_cells.reset_index().merge(df_cells_cp, how='cross')
    df_cross_cells = df_cross_cells[df_cross_cells[""index""] != df_cross_cells[""index_""]]
    df_cross_cells = df_cross_cells[df_cross_cells[""area""] <= df_cross_cells[""area_""]]",pandas.DataFrame.merge,polars.DataFrame.join,"pandas.DataFrame.reset_index,
pandas.DataFrame.merge",polars.DataFrame.join,1,"import polars as pl

df_cross_cells = df_cells.with_row_index(name=""index"").join(df_cells_cp, how=""cross"")
df_cross_cells = df_cross_cells.filter(pl.col(""index"") != pl.col(""index_""))
df_cross_cells = df_cross_cells.filter(pl.col(""area"") <= pl.col(""area_""))","    df_cross_cells = (df_cells.clone()
                      .join(df_cells_cp, how='cross')
                      .filter(pl.col('index') != pl.col('index_'))
                      .filter(pl.col('area') <= pl.col('area_'))
                      )",polars.col,polars.col,1,1,1,1,1.0,1.0,1.0,1.0,pass
efc0581f_dedup_redundant_filter,,"import pandas as pd

    redundant_cells = df_cross_cells[df_cross_cells[""redundant""]]['index_'].drop_duplicates().values.tolist()
    df_final_cells = df_cells.drop(labels=redundant_cells)","pandas.DataFrame.drop,pandas.Series.drop_duplicates,pandas.Series.to_list,pandas.Series.values","polars.Series.unique,polars.Series.to_list","pandas.Series.drop_duplicates,
pandas.Series.values,
pandas.DataFrame.drop","polars.Series.unique,polars.Series.to_list",2,"import polars as pl

redundant_cells = df_cross_cells.filter(pl.col(""redundant"")).get_column(""index_"").unique(maintain_order=True).to_list()
df_final_cells = df_cells.filter(~pl.col(""index_"").is_in(redundant_cells))","    redundant_cells = (df_cross_cells.filter(pl.col('redundant'))
                       .collect()
                       .get_column('index_')
                       .unique()
                       .to_list()
                       )
    df_final_cells = (df_cells.with_row_count(name=""cnt"")
                      .filter(~pl.col('cnt').is_in(redundant_cells))
                      .drop('cnt')
                      )",polars.col,polars.col,1,1,1,1,1.0,1.0,1.0,1.0,pass
efc0581f_dedup_vertical_sort_cumcount,,"import pandas as pd

    df_cells = df_cells.sort_values(by=[""x1"", ""x2"", ""y1"", ""y2""])
    df_cells[""cell_rk""] = df_cells.groupby([""x1"", ""x2"", ""y1""]).cumcount()
    df_cells = df_cells[df_cells[""cell_rk""] == 0]","DataFrameGroupBy.cumcount,pandas.DataFrame.groupby,pandas.DataFrame.sort_values",,"pandas.DataFrame.sort_values,
pandas.DataFrame.groupby,
DataFrameGroupBy.cumcount",,0,"import polars as pl

df_cells = df_cells.sort(by=[""x1"", ""x2"", ""y1"", ""y2""])
df_cells = df_cells.with_columns((pl.col(""x1"").cum_count().over([""x1"", ""x2"", ""y1""]) - 1).alias(""cell_rk""))
df_cells = df_cells.filter(pl.col(""cell_rk"") == 0)","    df_cells = (df_cells.sort(by=[""x1"", ""x2"", ""y1"", ""y2""])
                .with_columns(pl.lit(1).alias('ones'))
                .with_columns(pl.col('ones').cumsum().over([""x1"", ""x2"", ""y1""]).alias('cell_rk'))
                .filter(pl.col('cell_rk') == 1)
                )",polars.col,"polars.lit,polars.col",1,1,1,1,0.5,1.0,0.667,0.75,pass
efc0581f_ident_explode_cells,,"import pandas as pd

    try:
        df_bbox_delimiters = df_bbox_delimiters[df_bbox_delimiters[""dels""].notnull()].explode(column=""dels"").reset_index()
        df_bbox_delimiters[['del1', 'del2']] = pd.DataFrame(df_bbox_delimiters.dels.tolist(), index=df_bbox_delimiters.index)
        df_bbox_delimiters[""x1_bbox""] = df_bbox_delimiters[""del1""]
        df_bbox_delimiters[""x2_bbox""] = df_bbox_delimiters[""del2""]
        df_cells = df_bbox_delimiters[[""x1_bbox"", ""y1_bbox"", ""x2_bbox"", ""y2_bbox""]]
        df_cells.columns = [""x1"", ""y1"", ""x2"", ""y2""]
        return df_cells.reset_index()
    except ValueError:
        return pd.DataFrame(columns=[""index"", ""x1"", ""y1"", ""x2"", ""y2""])","pandas.DataFrame,pandas.DataFrame.columns,pandas.DataFrame.explode,pandas.DataFrame.index,pandas.DataFrame.reset_index,pandas.Series.notnull,pandas.Series.to_list","polars.DataFrame,polars.DataFrame.explode,polars.Series.is_not_null,polars.Series.to_list","pandas.Series.notnull,
pandas.DataFrame.explode,
pandas.DataFrame.reset_index,
pandas.DataFrame,
pandas.Series.to_list,
pandas.DataFrame.index,
pandas.DataFrame.columns","polars.DataFrame,polars.DataFrame.explode,polars.Series.is_not_null,polars.Series.to_list",4,"import polars as pl

try:
    df_bbox_delimiters = (
        df_bbox_delimiters.with_row_index(""index"")
        .filter(pl.col(""dels"").is_not_null())
        .explode(""dels"")
    )
    df_bbox_delimiters = df_bbox_delimiters.with_columns(
        pl.col(""dels"").list.get(0).alias(""del1""),
        pl.col(""dels"").list.get(1).alias(""del2""),
    )
    df_bbox_delimiters = df_bbox_delimiters.with_columns(
        pl.col(""del1"").alias(""x1_bbox""),
        pl.col(""del2"").alias(""x2_bbox""),
    )
    df_cells = df_bbox_delimiters.select([""x1_bbox"", ""y1_bbox"", ""x2_bbox"", ""y2_bbox""])
    df_cells.columns = [""x1"", ""y1"", ""x2"", ""y2""]
    return df_cells.with_row_index(""index"")
except ValueError:
    return pl.DataFrame(schema={""index"": pl.Int64, ""x1"": pl.Null, ""y1"": pl.Null, ""x2"": pl.Null, ""y2"": pl.Null})","    df_cells = (df_bbox_delimiters.explode(""dels"")
                .with_columns([pl.col('dels').shift(1).over(pl.col('idx')).alias(""x1_bbox""),
                               pl.col('dels').alias(""x2_bbox"")])
                .filter(pl.col('x1_bbox').is_not_null())
                .select([pl.col(""x1_bbox"").alias(""x1""),
                         pl.col(""y1_bbox"").alias(""y1""),
                         pl.col(""x2_bbox"").alias(""x2""),
                         pl.col(""y2_bbox"").alias(""y2"")])
                .sort(['x1', 'y1', 'x2', 'y2'])
                .with_row_count(name=""index"")
                )
    return df_cells","polars.col,polars.DataFrame,polars.Int64,polars.Null",polars.col,1,1,1,1,1.0,0.25,0.4,1.0,pass
efc0581f_ident_from_dicts_cross,,"import pandas as pd

def get_cells_dataframe(horizontal_lines: List[Line], vertical_lines: List[Line]) -> pd.DataFrame:
    default_df = pd.DataFrame(columns=[""x1"", ""x2"", ""y1"", ""y2"", 'width', ""height""])
    df_h_lines = pd.DataFrame(map(lambda l: l.dict, horizontal_lines)) if horizontal_lines else default_df.copy()
    df_v_lines = pd.DataFrame(map(lambda l: l.dict, vertical_lines)) if vertical_lines else default_df.copy()

    df_h_lines_cp = df_h_lines.copy()
    df_h_lines_cp.columns = [""x1_"", ""x2_"", ""y1_"", ""y2_"", 'width_', ""height_""]

    cross_h_lines = df_h_lines.merge(df_h_lines_cp, how='cross')
    cross_h_lines = cross_h_lines[cross_h_lines[""y1""] < cross_h_lines[""y1_""]]

    cross_h_lines[""l_corresponds""] = (cross_h_lines[""x1""] - cross_h_lines[""x1_""] / cross_h_lines[""width""]).abs() <= 0.02
    cross_h_lines[""r_corresponds""] = (cross_h_lines[""x2""] - cross_h_lines[""x2_""] / cross_h_lines[""width""]).abs() <= 0.02
    cross_h_lines[""l_contained""] = (((cross_h_lines[""x1""] <= cross_h_lines[""x1_""])
                                    & (cross_h_lines[""x1_""] <= cross_h_lines[""x2""]))
                                    | ((cross_h_lines[""x1_""] <= cross_h_lines[""x1""])
                                       & (cross_h_lines[""x1""] <= cross_h_lines[""x2_""])))
    cross_h_lines[""r_contained""] = (((cross_h_lines[""x1""] <= cross_h_lines[""x2_""])
                                     & (cross_h_lines[""x2_""] <= cross_h_lines[""x2""]))
                                    | ((cross_h_lines[""x1_""] <= cross_h_lines[""x2""])
                                       & (cross_h_lines[""x2""] <= cross_h_lines[""x2_""])))

    matching_condition = ((cross_h_lines[""l_corresponds""] | cross_h_lines[""l_contained""])
                          & (cross_h_lines[""r_corresponds""] | cross_h_lines[""r_contained""]))
    cross_h_lines = cross_h_lines[matching_condition]

    cross_h_lines[""x1_bbox""] = cross_h_lines[[""x1"", ""x1_""]].max(axis=1)
    cross_h_lines[""x2_bbox""] = cross_h_lines[[""x2"", ""x2_""]].min(axis=1)
    cross_h_lines[""y1_bbox""] = cross_h_lines[""y1""]
    cross_h_lines[""y2_bbox""] = cross_h_lines[""y1_""]
    df_bbox = cross_h_lines[[""x1_bbox"", ""y1_bbox"", ""x2_bbox"", ""y2_bbox""]].reset_index()

    df_bbox[""h_margin""] = pd.concat([(df_bbox[""x2_bbox""] - df_bbox[""x1_bbox""]) * 0.05,
                                     pd.Series(5.0, index=range(len(df_bbox)))],
                                    axis=1).max(axis=1).round()
    df_bbox_v = df_bbox.merge(df_v_lines, how='cross')

    horizontal_cond = ((df_bbox_v[""x1_bbox""] - df_bbox_v[""h_margin""] <= df_bbox_v[""x1""])
                       & (df_bbox_v[""x2_bbox""] + df_bbox_v[""h_margin""] > + df_bbox_v[""x1""]))
    df_bbox_v = df_bbox_v[horizontal_cond]

    df_bbox_v[""overlapping""] = df_bbox_v[[""y2"", ""y2_bbox""]].min(axis=1) - df_bbox_v[[""y1"", ""y1_bbox""]].max(axis=1)
    df_bbox_v = df_bbox_v[df_bbox_v[""overlapping""] / (df_bbox_v[""y2_bbox""] - df_bbox_v[""y1_bbox""]) >= 0.8]

    df_bbox_delimiters = (df_bbox_v.groupby(['index', ""x1_bbox"", ""x2_bbox"", ""y1_bbox"", ""y2_bbox""])
                          .agg(dels=('x1', lambda x: [bound for bound in zip(sorted(x), sorted(x)[1:])] or None))
                          )

    try:
        df_bbox_delimiters = df_bbox_delimiters[df_bbox_delimiters[""dels""].notnull()].explode(column=""dels"").reset_index()
        df_bbox_delimiters[['del1', 'del2']] = pd.DataFrame(df_bbox_delimiters.dels.tolist(),
                                                            index=df_bbox_delimiters.index)
        df_bbox_delimiters[""x1_bbox""] = df_bbox_delimiters[""del1""]
        df_bbox_delimiters[""x2_bbox""] = df_bbox_delimiters[""del2""]

        df_cells = df_bbox_delimiters[[""x1_bbox"", ""y1_bbox"", ""x2_bbox"", ""y2_bbox""]]
        df_cells.columns = [""x1"", ""y1"", ""x2"", ""y2""]

        return df_cells.reset_index()
    except ValueError:
        return pd.DataFrame(columns=[""index"", ""x1"", ""y1"", ""x2"", ""y2""])
","DataFrameGroupBy.agg,pandas.DataFrame,pandas.DataFrame.columns,pandas.DataFrame.copy,pandas.DataFrame.explode,pandas.DataFrame.groupby,pandas.DataFrame.index,pandas.DataFrame.max,pandas.DataFrame.merge,pandas.DataFrame.min,pandas.DataFrame.reset_index,pandas.DataFrame.round,pandas.Series,pandas.Series.abs,pandas.Series.notnull,pandas.Series.to_list,pandas.concat",polars.DataFrame,"pandas.DataFrame,
pandas.DataFrame.copy,
pandas.DataFrame.merge",polars.DataFrame,1,"import polars as pl

df_h_lines = pl.DataFrame([l.dict for l in horizontal_lines]) if horizontal_lines else default_df.clone()
df_v_lines = pl.DataFrame([l.dict for l in vertical_lines]) if vertical_lines else default_df.clone()
...
cross_h_lines = df_h_lines.join(df_h_lines_cp, how=""cross"")
cross_h_lines = cross_h_lines.filter(pl.col(""y1"") < pl.col(""y1_""))","    df_h_lines = pl.from_dicts([l.dict for l in horizontal_lines]).lazy() if horizontal_lines else default_df.clone()
    df_v_lines = pl.from_dicts([l.dict for l in vertical_lines]).lazy() if vertical_lines else default_df.clone()
    ...
    cross_h_lines = (df_h_lines.join(df_h_lines_cp, how='cross')
                     .filter(pl.col('y1') < pl.col('y1_'))
                     )","polars.DataFrame,polars.col","polars.from_dicts,polars.col",1,1,1,1,0.5,0.5,0.5,0.75,pass
efc0581f_ident_with_columns_conditions,,"import pandas as pd

    cross_h_lines[""l_corresponds""] = (cross_h_lines[""x1""] - cross_h_lines[""x1_""] / cross_h_lines[""width""]).abs() <= 0.02
    cross_h_lines[""r_corresponds""] = (cross_h_lines[""x2""] - cross_h_lines[""x2_""] / cross_h_lines[""width""]).abs() <= 0.02
    cross_h_lines[""l_contained""] = (((cross_h_lines[""x1""] <= cross_h_lines[""x1_""])
                                    & (cross_h_lines[""x1_""] <= cross_h_lines[""x2""]))
                                    | ((cross_h_lines[""x1_""] <= cross_h_lines[""x1""])
                                       & (cross_h_lines[""x1""] <= cross_h_lines[""x2_""])))
    cross_h_lines[""r_contained""] = (((cross_h_lines[""x1""] <= cross_h_lines[""x2_""])
                                     & (cross_h_lines[""x2_""] <= cross_h_lines[""x2""]))
                                    | ((cross_h_lines[""x1_""] <= cross_h_lines[""x2""])
                                       & (cross_h_lines[""x2""] <= cross_h_lines[""x2_""])))
",pandas.Series.abs,,pandas.Series.abs,,0,"import polars as pl

cross_h_lines = cross_h_lines.with_columns(
    [
        ((pl.col(""x1"") - pl.col(""x1_"") / pl.col(""width"")).abs() <= 0.02).alias(""l_corresponds""),
        ((pl.col(""x2"") - pl.col(""x2_"") / pl.col(""width"")).abs() <= 0.02).alias(""r_corresponds""),
        (
            (
                (pl.col(""x1"") <= pl.col(""x1_""))
                & (pl.col(""x1_"") <= pl.col(""x2""))
            )
            | (
                (pl.col(""x1_"") <= pl.col(""x1""))
                & (pl.col(""x1"") <= pl.col(""x2_""))
            )
        ).alias(""l_contained""),
    ]
)","import polars as pl

    cross_h_lines = cross_h_lines.with_columns([
        (((pl.col('x1') - pl.col('x1_')) / pl.col('width')).abs() <= 0.02).alias(""l_corresponds""),
        (((pl.col('x2') - pl.col('x2_')) / pl.col('width')).abs() <= 0.02).alias(""r_corresponds""),
        (((pl.col('x1') <= pl.col('x1_')) & (pl.col('x1_') <= pl.col('x2')))
         | ((pl.col('x1_') <= pl.col('x1')) & (pl.col('x1') <= pl.col('x2_')))).alias('l_contained'),
        (((pl.col('x1') <= pl.col('x2_')) & (pl.col('x2_') <= pl.col('x2')))
         | ((pl.col('x1_') <= pl.col('x2')) & (pl.col('x2') <= pl.col('x2_')))).alias('r_contained')
    ])
",polars.col,polars.col,1,1,1,1,1.0,1.0,1.0,1.0,pass
efc0581f_lines_filter_words,,"import pandas as pd

    df_words = ocr_df.df[ocr_df.df['class'] == 'ocrx_word']
    df_words = df_words[(df_words['confidence'] >= 50) | df_words['confidence'].isna()]",pandas.Series.isna,polars.Series.is_null,pandas.Series.isna,polars.Series.is_null,1,"import polars as pl

df_words = ocr_df.df.filter(pl.col(""class"") == ""ocrx_word"")
df_words = df_words.filter((pl.col(""confidence"") >= 50) | pl.col(""confidence"").is_null() | pl.col(""confidence"").is_nan())","    df_words = (ocr_df.df.filter(pl.col('class') == ""ocrx_word"")
                .filter(pl.col('confidence') >= 50)
                )",polars.col,polars.col,1,1,1,1,1.0,1.0,1.0,1.0,pass
efc0581f_lines_from_dicts_lazy,,"import pandas as pd

    df_lines = pd.DataFrame(data=[line.dict for line in lines])
    df_lines['length'] = pd.concat([df_lines['width'], df_lines['height']], axis=1).max(axis=1)
    df_lines['vertical'] = (df_lines['x1'] == df_lines['x2'])
    df_lines['line_id'] = range(len(df_lines))
    df_lines.columns = ['x1_line', 'x2_line', 'y1_line', 'y2_line', 'width', 'height', 'length', 'vertical', 'line_id']","pandas.DataFrame,pandas.DataFrame.columns,pandas.DataFrame.max,pandas.concat","polars.DataFrame,polars.DataFrame.columns,polars.concat","pandas.DataFrame,pandas.DataFrame.columns,pandas.DataFrame.max,pandas.concat","polars.DataFrame,polars.DataFrame.columns,polars.concat",3,"import polars as pl

df_lines = pl.DataFrame(data=[line.dict for line in lines])
df_lines = df_lines.with_columns(
    pl.max_horizontal([""width"", ""height""]).alias(""length""),
    (pl.col(""x1"") == pl.col(""x2"")).alias(""vertical""),
    pl.Series(""line_id"", range(len(df_lines))),
)
df_lines.columns = ['x1_line', 'x2_line', 'y1_line', 'y2_line', 'width', 'height', 'length', 'vertical', 'line_id']","    df_lines = (pl.from_dicts(dicts=[line.dict for line in lines])
                .lazy()
                .with_columns([pl.max([pl.col('width'), pl.col('height')]).alias('length'),
                               (pl.col('x1') == pl.col('x2')).alias('vertical')])
                .with_row_count(name=""line_id"")
                .rename({""x1"": ""x1_line"", ""x2"": ""x2_line"", ""y1"": ""y1_line"", ""y2"": ""y2_line""})
                )","polars.DataFrame,polars.max_horizontal,polars.col,polars.Series","polars.from_dicts,polars.max,polars.col",1,1,1,1,0.333,0.25,0.286,0.666,partial
efc0581f_lines_groupby_filter,,"import pandas as pd

    df_inter = (df_w_l.groupby(['line_id', 'length'])
                .agg(intersection=('intersection', np.sum))
                .reset_index())
    intersecting_lines = df_inter[df_inter['intersection'] / df_inter['length'] > 0.5]['line_id'].values.tolist()","DataFrameGroupBy.agg,pandas.DataFrame.groupby,pandas.DataFrame.reset_index,pandas.Series.to_list,pandas.Series.values",polars.Series.to_list,"pandas.DataFrame.groupby,
DataFrameGroupBy.agg,
pandas.DataFrame.reset_index,
pandas.Series.values",polars.Series.to_list,1,"import polars as pl

df_inter = (
    df_w_l.group_by(['line_id', 'length'])
    .agg(pl.col('intersection').sum().alias('intersection'))
    .sort(['line_id', 'length'])
)
intersecting_lines = df_inter.filter((pl.col('intersection') / pl.col('length')) > 0.5)['line_id'].to_list()","    df_inter = (df_words_lines.groupby(['line_id', 'length'])
                .agg(pl.col('intersection').sum().alias('intersection')))
    intersecting_lines = (df_inter.filter(pl.col('intersection') / pl.col('length') > 0.5)
                          .collect()
                          .get_column('line_id')
                          .to_list()
                          )",polars.col,polars.col,1,1,1,1,1.0,1.0,1.0,1.0,pass
a52cebfe_es_update_scaling_factors,unsuitable,"import pandas as pd

        scaling_factors_df = pd.concat(scaling_factors_dfs).set_index(
            [""input_group"", ""obs_key"", ""index""], verify_integrity=True
        )
        ensemble.save_observation_scaling_factors(scaling_factors_df.to_xarray())","pandas.DataFrame.set_index,pandas.DataFrame.to_xarray,pandas.concat",polars.concat,,,1,"import pandas as pd
import polars as pl

scaling_factors_df = pl.concat(scaling_factors_dfs)
if scaling_factors_df.select(
    pl.struct([""input_group"", ""obs_key"", ""index""]).is_duplicated().any()
).item():
    raise ValueError(""Index has duplicate keys: ['input_group', 'obs_key', 'index']"")
ensemble.save_observation_scaling_factors(
    scaling_factors_df.to_pandas().set_index(
        [""input_group"", ""obs_key"", ""index""], verify_integrity=True
    ).to_xarray()
)","        scaling_factors_df = polars.concat(scaling_factors_dfs)
        ensemble.save_observation_scaling_factors(scaling_factors_df)","polars.concat,polars.struct",polars.concat,1,1,0,1,1.0,0.5,0.667,0.875,pass
a52cebfe_common_summary_filter,,"import pandas as pd

        df = summary_data.to_dataframe()
        df = df.xs(key, level=""name"")
        df.index = df.index.rename(
            {""time"": ""Date"", ""realization"": ""Realization""}
        ).reorder_levels([""Realization"", ""Date""])","pandas.DataFrame.index,pandas.DataFrame.xs,pandas.Index.rename,pandas.Series.reorder_levels","polars.DataFrame.rename,polars.DataFrame.filter",,,2,"import polars as pl

df = pl.from_pandas(summary_data.to_dataframe())
df = df.filter(pl.col(""name"") == key).drop(""name"")
df = df.rename({""time"": ""Date"", ""realization"": ""Realization""})
df = df.select([""Realization"", ""Date""] + [c for c in df.columns if c not in {""Realization"", ""Date""}])","        df = (
            summary_data.filter(polars.col(""response_key"").eq(key))
            .rename({""time"": ""Date"", ""realization"": ""Realization""})
            .drop(""response_key"")
            .to_pandas()
        )
        df = df.set_index([""Date"", ""Realization""])","polars.from_pandas,polars.col",polars.col,1,1,1,1,1.0,0.5,0.667,1.0,pass
a52cebfe_measured_data_pivot_join,unsuitable,"import pandas as pd


            n_real = len(realizations)
    data = np.vstack([obs_vals, std_vals, resp_vals.reshape(n_real, -1)])
    return pd.DataFrame(
        data,
        index=(""OBS"", ""STD"", *realizations),
        columns=pd.MultiIndex.from_tuples(index_vals),
    )
",,,,,0,"import numpy as np
import polars as pl

n_real = len(realizations)
data = np.vstack([obs_vals, std_vals, resp_vals.reshape(n_real, -1)])
return pl.DataFrame(
    data,
    schema=[str(col) for col in index_vals],
)","            pivoted = responses_for_type.pivot(
                on=""realization"",
                index=[""response_key"", *response_cls.primary_key],
                aggregate_function=""mean"",
            )
            if ""time"" in pivoted:
                joined = observations_for_type.join_asof(pivoted, ...)
            else:
                joined = observations_for_type.join(pivoted, how=""left"", ...)
            dfs.append(joined)
        df = polars.concat(dfs)
        df = df.rename({""observations"": ""OBS"", ""std"": ""STD""})
        pddf = df.to_pandas()[[...]]
        pddf = pddf.set_index([""observation_key"", ""key_index""]).transpose()
        return pddf",polars.DataFrame,polars.concat,1,1,1,1,0.0,0.0,0.0,0.5,partial
acryo_molecules_translation_copy_migration,unsuitable,"if features is not None:
    features = features.copy()
out = self.__class__(coords, self._rotator, features=features)",,,,,0,"import polars as pl

if features is not None:
    features = features.clone()
out = self.__class__(coords, self._rotator, features=features)","if features is not None:
    features = pl.DataFrame(list(features))  # copy
out = self.__class__(coords, self._rotator, features=features)",,polars.DataFrame,1,1,1,1,0.0,0.0,0.0,0.5,partial
8017f91b_pairwise_cosine_loc,,"import pandas as pd

        row_embedding: EmbeddingVector = df.loc[document_id_1].item()
        col_embedding: EmbeddingVector = df.loc[document_id_2].item()","pandas.DataFrame.loc,pandas.Series.item","polars.DataFrame.filter,polars.Series.item",,,2,"import polars as pl

row_embedding: EmbeddingVector = df.filter(pl.col(""document_id"") == document_id_1).select(pl.all()).row(0)[0]
col_embedding: EmbeddingVector = df.filter(pl.col(""document_id"") == document_id_2).select(pl.all()).row(0)[0]","        row_embedding: EmbeddingVector = (
            df.filter(pl.col(""d3_document_id"") == document_id_1).select(""embedding"").item()
        )
        col_embedding: EmbeddingVector = (
            df.filter(pl.col(""d3_document_id"") == document_id_2).select(""embedding"").item()
        )","polars.col,polars.all",polars.col,1,1,1,1,1.0,0.5,0.667,1.0,pass
8017f91b_pairwise_loc_filter,,"import pandas as pd

        row_value_list: list[str] = df.loc[document_id_1, colname]
        col_value_list: list[str] = df.loc[document_id_2, colname]",pandas.DataFrame.loc,polars.DataFrame.filter,,,1,"import polars as pl

row_value_list: list[str] = df.filter(pl.col(""document_id"") == document_id_1).select(colname).to_series().to_list()[0]
col_value_list: list[str] = df.filter(pl.col(""document_id"") == document_id_2).select(colname).to_series().to_list()[0]","        row_value_list: list[str] = (
            df.filter(pl.col(""d3_document_id"") == document_id_1).select(colname).item()
        )
        col_value_list: list[str] = (
            df.filter(pl.col(""d3_document_id"") == document_id_2).select(colname).item()
        )",polars.col,polars.col,1,1,1,1,1.0,1.0,1.0,1.0,pass
8017f91b_hybrid_score_frame,,"import pandas as pd

def to_frame(language_model_name, citation_to_language_candidates, citation_to_language, language_to_citation_candidates, language_to_citation):
    return pd.DataFrame(
        {
            ""Language Model"": language_model_name,
            ""Citation -> Language Candidates"": round(
                citation_to_language_candidates, ndigits=3
            ),
            ""Citation -> Language Final"": round(citation_to_language, ndigits=3),
            ""Language -> Citation Candidates"": round(
                language_to_citation_candidates, ndigits=3
            ),
            ""Language -> Citation Final"": round(language_to_citation, ndigits=3),
        },
        index=[0],
    )
",pandas.DataFrame,polars.DataFrame,,,1,"import polars as pl

return pl.DataFrame(...)","import polars as pl

def to_frame(language_model_name, citation_to_language_candidates, citation_to_language, language_to_citation_candidates, language_to_citation):
    return pl.DataFrame(
        {
            ""Language Model"": language_model_name,
            ""Citation -> Language Candidates"": round(
                citation_to_language_candidates, ndigits=3
            ),
            ""Citation -> Language Final"": round(citation_to_language, ndigits=3),
            ""Language -> Citation Candidates"": round(
                language_to_citation_candidates, ndigits=3
            ),
            ""Language -> Citation Final"": round(language_to_citation, ndigits=3),
        },
    )
",polars.DataFrame,polars.DataFrame,1,1,1,1,1.0,1.0,1.0,1.0,pass
8017f91b_precompute_id_cross_frame,unsuitable,"import pandas as pd

    for d3_document_id in input_df.index:
        if d3_document_id == query_d3_document_id:
            continue
        ...",pandas.DataFrame.index,,,,0,"import polars as pd

for d3_document_id in input_df.get_column(""d3_document_id"").to_list():
    if d3_document_id == query_d3_document_id:
        continue
    ...","    query_frame = pl.DataFrame(dict(query_d3_document_id=documents_frame[""d3_document_id""]))
    candidate_frame = pl.DataFrame(dict(candidate_d3_document_id=documents_frame[""d3_document_id""]))
    return query_frame.join(candidate_frame, how=""cross"")",,polars.DataFrame,1,1,1,1,0.0,0.0,0.0,0.5,partial
8017f91b_input_loc_col,,"import pandas as pd

        return cast(str, self.documents_data.loc[d3_document_id, ""semanticscholar_url""])",pandas.DataFrame.loc,,,,0,"import polars as pl
from typing import cast

return cast(
    str,
    self.documents_data.filter(pl.col(""d3_document_id"") == d3_document_id)
    .select(""semanticscholar_url"")
    .item(),
)","        return cast(
            str,
            self.documents_frame.filter(pl.col(""d3_document_id"") == d3_document_id)
            .select(""semanticscholar_url"")
            .item(),
        )",polars.col,polars.col,1,1,1,1,1.0,1.0,1.0,1.0,pass
8017f91b_input_loc_index_item,,"import pandas as pd

            self.documents_data.loc[
                self.documents_data[""semanticscholar_url""] == semanticscholar_url
            ]
            .index.item().item()",,,,,0,"import polars as pl

self.documents_data.with_row_index(""__index__"").filter(
    pl.col(""semanticscholar_url"") == semanticscholar_url
).select(""__index__"").item()","            self.documents_frame.filter(pl.col(""semanticscholar_url"") == semanticscholar_url)
            .select(""d3_document_id"")
            .item()",polars.col,polars.col,1,1,1,1,1.0,1.0,1.0,1.0,pass
8017f91b_model_data_lang_loc_filter,unsuitable,"import pandas as pd

            self.query_document,
            self.info_matrix.loc[indices],
            self.integer_labels.loc[indices],
            self.cosine_similarity_ranks.loc[indices],",pandas.DataFrame.loc,,,,0,"import polars as pl

return (
    self.query_document,
    self.info_matrix.take(indices),
    self.integer_labels.take(indices),
    self.cosine_similarity_ranks.take(indices),
)","            query_document=self.query_document,
            info_frame=self.info_frame.filter(pl.col(""candidate_d3_document_id"").is_in(indices)),
            features_frame=self.features_frame.filter(
                pl.col(""candidate_d3_document_id"").is_in(indices)
            ),
            integer_labels_frame=self.integer_labels_frame.filter(
                pl.col(""candidate_d3_document_id"").is_in(indices)
            ),",,polars.col,1,1,1,1,0.0,0.0,0.0,0.5,partial
8017f91b_model_data_loc_filter,unsuitable,"import pandas as pd

            self.query_document,
            self.info_matrix.loc[indices],
            self.integer_labels.loc[indices],
            self.feature_matrix.loc[indices],",pandas.DataFrame.loc,,,,0,"import polars as pl

            self.query_document,
            self.info_matrix.take(indices),
            self.integer_labels.take(indices),
            self.feature_matrix.take(indices),","            query_document=self.query_document,
            info_frame=self.info_frame.filter(pl.col(""candidate_d3_document_id"").is_in(indices)),
            features_frame=self.features_frame.filter(
                pl.col(""candidate_d3_document_id"").is_in(indices)
            ),
            integer_labels_frame=self.integer_labels_frame.filter(
                pl.col(""candidate_d3_document_id"").is_in(indices)
            ),",,polars.col,0,1,1,1,0.0,0.0,0.0,0.375,fail
pheval_gene_updater_find_identifier,unsuitable,"import pandas as pd

        if gene_symbol in self.hgnc_data.keys():
            return self.hgnc_data[gene_symbol][self.gene_identifier]
        else:
            for _symbol, data in self.hgnc_data.items():
                for prev_symbol in data[""previous_symbol""]:
                    if prev_symbol == gene_symbol:
                        return data[self.gene_identifier]","pandas.DataFrame.items,pandas.DataFrame.keys","polars.DataFrame.get_columns,polars.DataFrame.columns",,,2,"if gene_symbol in self.hgnc_data.keys():
    return self.hgnc_data[gene_symbol][self.gene_identifier]
else:
    for _symbol, data in self.hgnc_data.items():
        for prev_symbol in data[""previous_symbol""]:
            if prev_symbol == gene_symbol:
                return data[self.gene_identifier]","        matches = self.identifier_map.filter(
            (pl.col(""gene_symbol"") == gene_symbol)
            & (pl.col(""identifier_type"") == self.gene_identifier)
        )
        if matches.height > 0:
            return matches[""identifier""][0]
        prev_symbol_matches = self.identifier_map.filter(
            (pl.col(""identifier_type"") == self.gene_identifier)
            & (pl.col(""prev_symbols"").list.contains(gene_symbol))
        )
        if prev_symbol_matches.height > 0:
            return prev_symbol_matches[""identifier""][0]
        return None",,polars.col,1,0,1,1,0.0,0.0,0.0,0.375,fail
pheval_gene_updater_find_symbol,unsuitable,"import pandas as pd

        return self.identifier_map[query_gene_identifier]",,,,,0,return self.identifier_map[query_gene_identifier],"        return self.identifier_map.filter(pl.col(""identifier"") == query_gene_identifier)[
            ""gene_symbol""
        ][0]",,polars.col,1,0,1,1,0.0,0.0,0.0,0.375,fail
ultralytics_benchmarks_config,unsuitable,"    pd.options.display.max_columns = 10
    pd.options.display.width = 120",pandas.options,,,,0,"import polars as pl

pl.Config.set_tbl_cols(10)
pl.Config.set_tbl_width_chars(120)","    pl.Config.set_tbl_cols(10)
    pl.Config.set_tbl_width_chars(120)
    pl.Config.set_tbl_hide_dataframe_shape(True)",polars.Config,polars.Config,1,1,1,1,1.0,1.0,1.0,1.0,pass
portfolio_stock_from_pandas,,"import pandas as pd

    ticker = yf.Ticker(name)
    df = ticker.history(period=period, interval=interval)
    df['Datetime'] = df.index
    return df",pandas.DataFrame.index,,,,0,"import polars as pl

ticker = yf.Ticker(name)
pdf = ticker.history(period=period, interval=interval)
df = pl.from_pandas(pdf)
df = df.with_columns(pl.Series(""Datetime"", pdf.index.to_numpy()))
return df","    ticker = yf.Ticker(name)
    df = ticker.history(period=period, interval=interval)
    # Convert pandas DataFrame to polars DataFrame
    pl_df = pl.from_pandas(df)
    pl_df = pl_df.with_columns(pl.col(""index"").alias(""Datetime""))
    return pl_df","polars.from_pandas,polars.Series","polars.from_pandas,polars.col",1,1,1,1,0.5,0.5,0.5,0.75,pass
img2table_pdf_concat_lazy_migration,unsuitable,"import pandas as pd

return OCRDataframe(df=content_df)",,,,,0,"import polars as pl

return OCRDataframe(df=content_df)",return OCRDataframe(df=pl.concat(list_dfs).lazy()),,polars.concat,1,1,1,1,0.0,0.0,0.0,0.5,partial
