path,size_bytes,sha256,role
.gitignore,44,7def366a6a1ead65cfa5a1d31a78758376d7702b74bc8c0f988c3eeb389bfb83,repository_metadata
README.md,4348,872af2e4829d57a8fa7308d242cc5260275148fe88e6b79fb2febd1f288776fd,repository_metadata
baseline/code/baseline_zero_shot_generation.ipynb,20083,ccd656720f8c7e476666ebdfca81ab8e69d926d010982cebbb5c4af7d3514fea,code
baseline/prompts/prompt_template.txt,1171,fd1eeac0869543eeed9f495042b39a2f6cfbfad098f0a6201c702b663e89fda4,prompt
baseline/prompts/rendered/05afd878_evaluate_coassembly_edges.txt,2017,d9f6a267a490ba39fa7388d37ddef4f4b13f0ad68ce92ebe101f9e719cc3ff16,prompt
baseline/prompts/rendered/05afd878_evaluate_combined.txt,1822,8fb34c2f2d187ebd7ed0ce978ef32a7c7da7055ae261ec58f865036eeb559ff9,prompt
baseline/prompts/rendered/05afd878_evaluate_nontarget.txt,1688,24aab71d64ee5d5f43ba6ea03c31b8ee73721d809f14897e52e1ce51c9533e31,prompt
baseline/prompts/rendered/05afd878_evaluate_unbinned.txt,1425,afc3cff7c9deaae82f99a4ed7b44b18d191ecba533b98726ea8933c7636e6f9d,prompt
baseline/prompts/rendered/0ffdf231_noaa_ghcn_inventory.txt,1389,5e4f2e8a9ec5b7c4280b4fa3513843a56f8d99daad8dda81f71660b088862d8b,prompt
baseline/prompts/rendered/0ffdf231_noaa_ghcn_stations.txt,1432,b4c5911af465fc4a66a5f4c6ae332eabc4c58d3fb3fbdea3457cf38ba1025b26,prompt
baseline/prompts/rendered/142b5bcb_tools_relocate.txt,1640,f728f13f2d41f412db6d3efe3cc398f3b0175f8ab033ac71d4bb5dd0e96676ce,prompt
baseline/prompts/rendered/16645382_exp_stats_col_assign.txt,1231,ef8949e42c4bd1c3d5c91337e2b2943f312fde2a09c349edfbcaf647940ba610,prompt
baseline/prompts/rendered/16645382_exp_stats_rename.txt,1233,e919464a1a1f7dc2b37e85f1d05390fa51633275e5d09a4f3ffec81baa31d59c,prompt
baseline/prompts/rendered/1e52b4e7_concat_to_frame.txt,1240,ab70fe5b2a5c21c03e943c91a8d3eab84bab78e2d4ccead0e2b28c45c1754484,prompt
baseline/prompts/rendered/1ec015da_to_rank.txt,1455,3fb698306f9aa0c98df6abd80e332da238ef7fe20b264a468d08ab22de5eda76,prompt
baseline/prompts/rendered/1f8af3a3_target_elusive_sample_pairs.txt,1575,ae0e2630f8dd5b25ddb0ad8dac330b9ef91ac075b162684be41e294fa090bb06,prompt
baseline/prompts/rendered/1f8af3a3_target_elusive_sparse_edges.txt,1462,8da2defba6dfe3f93c80aae60586766aed6e215cb14cf403bfec10a0210a3f13,prompt
baseline/prompts/rendered/1f8af3a3_target_elusive_unbinned.txt,1448,faedb8fa5adb14c1b2c88d49584638779f30b951682613b7e37934907e3cc999,prompt
baseline/prompts/rendered/287a28d8_col_ends_with.txt,1257,93914a77bfb5cc73f46080156561c9a92418df32da86da75ebf604d034466f8a,prompt
baseline/prompts/rendered/287a28d8_col_matches.txt,1257,ce24c8f6ab3638ced1d1314ea149200dc78feaa1f717abe22c10d260ce1d7bfb,prompt
baseline/prompts/rendered/287a28d8_col_starts_with.txt,1361,7767c21c49251efd36813002c3beb09dda08ccaeea307a619295ab834cbaf502,prompt
baseline/prompts/rendered/29097c0c_to_dataset_read_wrap.txt,1664,1a9161e20b92d4ac041681491ad2d3b2a03c5e651d4741e86d7bf76a72537c5b,prompt
baseline/prompts/rendered/29097c0c_train_iloc_filter.txt,2258,48d9c3e7db7c062205cdb128c7f251386c194b3a9edcb2be54bf914eecfc0455,prompt
baseline/prompts/rendered/29097c0c_train_merge_concat.txt,1755,e9f6edc6c7a4e8b49d5592e1b6074dc934c753af9b601354e0f5e961dc327e57,prompt
baseline/prompts/rendered/325e7c2b_dates_pol_interval.txt,2353,f5dcb6bd572f03dc1f40d05303bdb04f773823fe1cbfeaa6357315d3f4a8ae37,prompt
baseline/prompts/rendered/3c49cad1_bench_interp_cols.txt,1356,610f7219bc78c53573612b2e609daee9cd3ebe2aeb27e03f0d7c60987b45e93c,prompt
baseline/prompts/rendered/3c49cad1_bench_interp_filter.txt,1335,3afdc8bdce19ca7c15a3d90f20a6f57ff4facee5a4c40b9a5068e03d7465fcc6,prompt
baseline/prompts/rendered/3c49cad1_bench_interp_time_regular.txt,1338,e5626042e8b9208631aed4954552251d60f1b1fa8c56254fb51d522a1bf89d9f,prompt
baseline/prompts/rendered/3c49cad1_bench_interp_time_rmse.txt,1421,2ba13f83f3d033fe68ca465d3e99d4d98d5c9841b47456b75d06d647bcd21723,prompt
baseline/prompts/rendered/3c49cad1_bench_precip_pct.txt,1267,b9eeabcb8c896d68bf10ae8ab09839e044d7632dda09c29cef2cf006e59db540,prompt
baseline/prompts/rendered/3c49cad1_bench_precip_regular.txt,1536,3d49eb1e3961cb6aadf181be942ef1ef9cc07978d2bcdfc250c4f3975f043284,prompt
baseline/prompts/rendered/3c49cad1_geosphere_all.txt,1350,8b565e046f034c4873de21474c4bcb095b8fa3a02cf886d989e00752a230f2bd,prompt
baseline/prompts/rendered/3c49cad1_geosphere_collect.txt,1705,8a707c342516110cbace991a3172f7018a24f612ed3f4081d6304ce0047aec7c,prompt
baseline/prompts/rendered/3c49cad1_mosmix_access_dataframe.txt,1270,4fc64094dfa2cf0aa34fd5162de1e395af7be53f14f21ee769d86b591251c946,prompt
baseline/prompts/rendered/3c49cad1_mosmix_access_datetime.txt,1300,40f8de30069e9515b52b2e9cf7ffac466ac6a6e1298bf8f26c74c864217a7b46,prompt
baseline/prompts/rendered/3c49cad1_radar_index_radolan.txt,1372,897a3bb34b7572578dd61a1361527bd60668ebdb7394e8c6b958d90c2f541fad,prompt
baseline/prompts/rendered/3c49cad1_radar_index_sweeps.txt,1332,787619c853756e4fd1d6eae984619776598e33f51559116e4e3333b6f24c167f,prompt
baseline/prompts/rendered/3c49cad1_radar_sites_cols.txt,1716,d4936fc1476562fef87576d8a3135536d0e9d88455d512719011ec66bf06ae19,prompt
baseline/prompts/rendered/3c49cad1_radar_sites_dicts.txt,1357,f561b7979e1fba19d06e6c5ba8b49e386b6ff9e75bce79d86d0385a0de789a21,prompt
baseline/prompts/rendered/3c49cad1_timeseries_extract.txt,1279,23f5113483216b2369985203679419c5064dc09e7394800fe76fc7441c24007f,prompt
baseline/prompts/rendered/3c49cad1_timeseries_gain.txt,1553,3aa2342e5d9c578a556c64fd605408e5e27dfeaf01258dd4f52e4612267818ce,prompt
baseline/prompts/rendered/4bb33aa8_trx_stats_isin.txt,1254,ef41343439059f684de80b830b25ea30440c9cdb2c79268513e8b06dcd5956f9,prompt
baseline/prompts/rendered/6f1c2684_datasets_read_csv.txt,1360,bf40a2817eaf1e57203bf02ba2592267e34f10da435c26f4b9ff5a662ddbd89b,prompt
baseline/prompts/rendered/73a39d90_experiment_df_construct.txt,1218,86c40d4df07a956c0721089f9a0b3b7cc7a4b4d29e944098b2cb832703734fc0,prompt
baseline/prompts/rendered/73a39d90_metrics_bootstrap_filter.txt,1309,c51f1b530381d632aaa0f62e1e630000e03821a7dc1cfe62a659d641c81ae21e,prompt
baseline/prompts/rendered/73a39d90_metrics_groupby_agg.txt,1641,e2c672de4e7bf0f33191bf0d25b0ebd83a6c26093f508ab4cf32c8a098d03a5c,prompt
baseline/prompts/rendered/73a39d90_metrics_groupby_partition.txt,1876,7ebce1354a393d1b163e28773a46ed1dcb044ff4acf9b8112596589a91e38414,prompt
baseline/prompts/rendered/73a39d90_run_concat_write.txt,1331,3361d72083976247d385c6eecd1e7c66f39dea1ea0f8e0fc600046be14caef51,prompt
baseline/prompts/rendered/73a39d90_run_dataframe_write.txt,1291,c21817da97fa07b9ee2c63e7d17469878453314fc72fa52023da90b37d372f81,prompt
baseline/prompts/rendered/774f17e7_mane_mappings_filter_symbol.txt,1484,ee8cb8226d6389529f4423b45c5eccc5c3fdf56cf97a692a09189291145ed6a2,prompt
baseline/prompts/rendered/774f17e7_mane_mappings_genomic_filter.txt,1500,4cc4a713d041329881510b09e42f12003b532bc0c9e0ee91edc490c8ae92d654,prompt
baseline/prompts/rendered/774f17e7_mane_mappings_isin.txt,1626,76cc3647ab793dd94486a00723f54767eebdeb4b8bb64a4123c72e08d0c1872b,prompt
baseline/prompts/rendered/774f17e7_mane_mappings_load.txt,1249,da7c22dfaa1e34e4e10242df19603f9be4792d7c5954afecde51da5c5875b581,prompt
baseline/prompts/rendered/774f17e7_mane_transcript_filter_row.txt,1469,13c235154811754c3700566f9885d656ffcd2018b5477200c67cb3d2eab07d2c,prompt
baseline/prompts/rendered/774f17e7_mane_transcript_parse_ac.txt,1528,b6e69df2ff42832b4fd22e4e62c01f7d9908c8e8d6ef4b6bc6fa3d8a84fff4da,prompt
baseline/prompts/rendered/774f17e7_uta_database_construct.txt,1316,63bc137e0c7eb3edcb923ee30e5dede538c17cd25a6c8a8e0020fe008b035faf,prompt
baseline/prompts/rendered/7e55b00b_sample_empty_df.txt,1639,39ae8eccb52655c7f946af03285ec3203692f9900977831cc3ebde818aead871,prompt
baseline/prompts/rendered/8017f91b_embedder_frame.txt,1330,024f6922c0aa87616a22d6e3356e9941d90f9f8f69e89636616f4075c2f3ce13,prompt
baseline/prompts/rendered/8017f91b_eval_hybrid_concat_sort.txt,1453,70c1053c1092ead23b92c74b336387cc6836dbd36aa70452e8bf2bdd1f94051c,prompt
baseline/prompts/rendered/8017f91b_eval_hybrid_load.txt,1347,3355dfd726a3d4d3167bf2b75721550c996a046da8672221f45326a9e783c998,prompt
baseline/prompts/rendered/8017f91b_hybrid_score_concat.txt,1286,40e133c3926b3f70db8d65dd8fb7a7ff5a4f121e7923f7e3c7eeaa972ddc1850,prompt
baseline/prompts/rendered/8017f91b_hybrid_score_frame.txt,1873,4d00d9609e67d2b7cce328106054212ef4d0b8982d8365d9bb9cf07aa4864e75,prompt
baseline/prompts/rendered/8017f91b_input_loc_col.txt,1274,d68a519c44b3af08717bbf75f9ee5a2533b6a6401def2758b019e5657dcb5ee2,prompt
baseline/prompts/rendered/8017f91b_input_loc_index_item.txt,1351,f8aa504f2ffd2eb7d2f9b5cd60de67bc6764485df0d4796e63d37635682c9aeb,prompt
baseline/prompts/rendered/8017f91b_io_parquet.txt,1474,a5b1e2858fbaa613299fce106aaac251aaedf6a5e5b7e53d88ed1c2e0602557f,prompt
baseline/prompts/rendered/8017f91b_model_data_lang_loc_filter.txt,1362,9c8767c7c44d4d722f574802ac382ffcfd57784d8278d4fd1e5cf54da839d00f,prompt
baseline/prompts/rendered/8017f91b_model_data_loc_filter.txt,1353,2311ef5800c3caf4108cc86f23baf819d288ab9d78a2b3e1375953bd6f9f5e96,prompt
baseline/prompts/rendered/8017f91b_pairwise_cosine_loc.txt,1325,3e813eedbe73abb73f9ebbb8054451da902abf3b0e93086ee114c76c91ec60bb,prompt
baseline/prompts/rendered/8017f91b_pairwise_loc_filter.txt,1319,a248e023f3fefd152008205372d68d41dd6aa6ad09a76ccf1168cf71644fe621,prompt
baseline/prompts/rendered/8017f91b_precompute_cross_join.txt,1588,c0f10cda4804c20e588856120c872b59ae6d40b5e3cd9adb430435fbd33944fa,prompt
baseline/prompts/rendered/8017f91b_precompute_id_cross_frame.txt,1311,cfb78d0c2aace9182e8ffbcfc5a61141ed596a4d541dbda5cc354ea9d9d3e033,prompt
baseline/prompts/rendered/83c12695_collect_filter.txt,1354,2a175f9028a6a52ea596412e145caee5e998be853b209ca5b9fa39472249898e,prompt
baseline/prompts/rendered/83c12695_collect_pivot.txt,1874,9d7ba3fdda0f4efbcb26914807643fe53a3587b232dc0b132d6e9cec0b9d9229,prompt
baseline/prompts/rendered/8bb7bc3a_expose_isin.txt,1250,5492eda08e877c52d39d30eba6a082306000432474331a7d7491ecdb29396c46,prompt
baseline/prompts/rendered/8c71f3c7_attr_getter_unseen_frame.txt,1349,08d218d1ef0d6a449374f4582fff3cb1886f74214ef5374c120e70ba84be3e2c,prompt
baseline/prompts/rendered/8c71f3c7_attr_getter_unseen_iter.txt,1282,94adb64e24b4567e1979f09f81f4342cb2512760fbde220667a4a312504005a9,prompt
baseline/prompts/rendered/8c71f3c7_citation_models_fillna.txt,1273,a7c98f93b5f5355b0e00655697d184bbbca38a8c5be2b0184de040ebd3697ff7,prompt
baseline/prompts/rendered/8c71f3c7_citation_models_rank.txt,1461,a9c89740f52fb63f84bcc663a7f9fa54a387f47df32603853bce4591666601d2,prompt
baseline/prompts/rendered/8c71f3c7_document_info_tolist.txt,1305,419a4eff9e64114388f191ed9d05077de5facd0c05ed8b66350554099d59eb6c,prompt
baseline/prompts/rendered/8c71f3c7_embedder_frame.txt,1330,024f6922c0aa87616a22d6e3356e9941d90f9f8f69e89636616f4075c2f3ce13,prompt
baseline/prompts/rendered/8c71f3c7_hybrid_score_concat.txt,1286,40e133c3926b3f70db8d65dd8fb7a7ff5a4f121e7923f7e3c7eeaa972ddc1850,prompt
baseline/prompts/rendered/8c71f3c7_hybrid_scorer_citation_index.txt,1355,a557fb5c9ee645071390e32708db75dc069f8ffc34ecc435abce1f573b1ff4aa,prompt
baseline/prompts/rendered/8c71f3c7_hybrid_scorer_language_index.txt,1355,e9b5e9c50a4a6053363b742f925f8a1bc3bed20ecd95691a642c8d7451a9e7ff,prompt
baseline/prompts/rendered/8c71f3c7_input_converter_index.txt,1351,f8aa504f2ffd2eb7d2f9b5cd60de67bc6764485df0d4796e63d37635682c9aeb,prompt
baseline/prompts/rendered/8c71f3c7_input_converter_loc.txt,1274,d68a519c44b3af08717bbf75f9ee5a2533b6a6401def2758b019e5657dcb5ee2,prompt
baseline/prompts/rendered/8c71f3c7_model_choice_load.txt,1242,c34537b33ce9375b1425124b83e51675289249ea9b1348c94c54b8c0d77fafae,prompt
baseline/prompts/rendered/8c71f3c7_pairwise_loc_colname.txt,1319,a248e023f3fefd152008205372d68d41dd6aa6ad09a76ccf1168cf71644fe621,prompt
baseline/prompts/rendered/8c71f3c7_pairwise_loc_item.txt,1325,3e813eedbe73abb73f9ebbb8054451da902abf3b0e93086ee114c76c91ec60bb,prompt
baseline/prompts/rendered/8c71f3c7_precompute_df_construct.txt,1253,23d8ba34122d35e0ab746e58e8719d7be2ac0293c2f8035087553db350225c21,prompt
baseline/prompts/rendered/8c71f3c7_s4_combine_load_concat_write.txt,1350,a3ea9a2a48c74a8d6c1d52db7f84bde9011191f04028c230fb51c3b2d77b49d3,prompt
baseline/prompts/rendered/8c71f3c7_s8_combine_load_concat_write.txt,1368,745ce82f183cb4aa2ea37f879fb15f342c1c5da3459bebcf751229ef98d54925,prompt
baseline/prompts/rendered/92e35040_query_appraised.txt,1792,cf0569209335a1c245e2ae3586c1ba334e752e8dd9f846d8b8d9b4177031c919,prompt
baseline/prompts/rendered/92e35040_query_binned_unbinned.txt,1784,a1079d60a857ec4e8a0d0e51cbe2db0cbf463f114345aa4a65b4576510213809,prompt
baseline/prompts/rendered/92e35040_query_write_csv.txt,1445,31ddb03174fb73d3661fe6a9a0cead0f46111511e21b0719746b53fc4697c6f5,prompt
baseline/prompts/rendered/99aff9e0_rename_columns_empty_df.txt,1226,6a9bd20e14e32a3c11c5a9bc96cfce79a1359aef9a423cb38ced52062578aed0,prompt
baseline/prompts/rendered/a39f4527_expose_trx_join_filter.txt,1405,da694f0abfac19d4fe52db56da6b07aba7fdd568bdfd4425bda6f5a32c5ecd3c,prompt
baseline/prompts/rendered/a39f4527_expose_trx_left_join_fill.txt,1532,03bb2f19f6a13e0e0ff4a1fcb15606bb2a9aaf5ea64cb2f0482d280ae1359e33,prompt
baseline/prompts/rendered/a39f4527_expose_trx_pivot.txt,1717,5c41e92021555c23271870f1828d7bcaec35069b8ba3721228445ee5ebcba1d8,prompt
baseline/prompts/rendered/a39f4527_expose_trx_unique.txt,2320,2e4223cd1bae899cf580a1ac8784502c2e2ef88b49a871922ede7d1922cd2cbf,prompt
baseline/prompts/rendered/a52cebfe_common_get_observations.txt,1748,62b2241b46822670cb7da9311a028d031dec00121f624c0d15986b06d6087234,prompt
baseline/prompts/rendered/a52cebfe_common_summary_filter.txt,1409,2393e92a51490120f85db4f6814356f02bc22e74ded9e1c0ee99a885f86acb10,prompt
baseline/prompts/rendered/a52cebfe_es_update_pivot_join.txt,1502,a3d68c1f77aab00312451bbcd1ee4d809564e589bf9f4b8907538482d9bd4e64,prompt
baseline/prompts/rendered/a52cebfe_es_update_scaling_factors.txt,1419,f5bf5f8689f98b31a2d458fcc747e719660b6bd68c26421e9b3749fe9aaeabc7,prompt
baseline/prompts/rendered/a52cebfe_measured_data_pivot_join.txt,1445,98c46b8ec67fb009f7cfc51a4401a084dd149668eab9b580928e3609c05fe104,prompt
baseline/prompts/rendered/a52cebfe_rft_concat_write.txt,1432,1b7d691024e7a2de6eec19846910fa3cc48bc6ff5b159990f324eb53a84b1da5,prompt
baseline/prompts/rendered/a52cebfe_rft_obs_join.txt,1857,cac8646649990de5d61dfa1a2c1320b1f38676d4e89f7b9e39809c58412ec474,prompt
baseline/prompts/rendered/a841955a_summarise_select.txt,1284,1ecb03fd5aef7a4009f6a638720b54207bf04c7f9f5f4753668a31cff2e570d9,prompt
baseline/prompts/rendered/a841955a_summarise_unmapped.txt,1463,a12f2ec52839269c84d0e9497a81c7a98f9e65ebda525bc9456caa5297b6ba52,prompt
baseline/prompts/rendered/acryo_loader_corr_max_with_columns_migration.txt,1368,9058b2e0dcf147fc60d5b73c1cb1715b030c30513f232c455b131f9f95903934,prompt
baseline/prompts/rendered/acryo_loader_get_features_migration.txt,1636,484fe91fa26d6a70513243945b049cde55edf0db9fa4f2f88ed06bb4d158d514,prompt
baseline/prompts/rendered/acryo_loader_scores_with_columns_migration.txt,1304,8b4b03f87a88c97db2c9409c49d44ef24e13bb2f2a4f59917813d2e5bcfdaf59,prompt
baseline/prompts/rendered/acryo_loader_update_features_migration.txt,1339,0a90a47111bb8a485ca920398acf9540597c471e16c096b54f2765fc02b1fc98,prompt
baseline/prompts/rendered/acryo_molecules_concat_migration.txt,1825,0ca744e329d0ae7d985102de0f9cda067f2bbff8ad36ae1ded54b9273ac029d9,prompt
baseline/prompts/rendered/acryo_molecules_from_csv_migration.txt,1723,b218a22c3035fc3ad2223aec7783460a3ee18b9785e42ada51b4bd80de22e031,prompt
baseline/prompts/rendered/acryo_molecules_rotation_copy_migration.txt,1276,75dceb29edd1738bf58f3d6362c47fa33077864d120847b51583a55c36076146,prompt
baseline/prompts/rendered/acryo_molecules_subset_migration.txt,1311,ee7c264efd6982c7c4644a378794da43b4ca39b2da667140bfd2eb41983956be,prompt
baseline/prompts/rendered/acryo_molecules_to_csv_migration.txt,1388,2e32c271e2138a618e86bb7df5aa3f3a76d91de61676e958b2dda48f90409e7c,prompt
baseline/prompts/rendered/acryo_molecules_to_dataframe_migration.txt,1461,17ae48428de57d73de003d1ced78f37a64db5358b88a761bccd660d0157f4efa,prompt
baseline/prompts/rendered/acryo_molecules_translation_copy_migration.txt,1283,9bf526bfab6b12e38eee36b196e7b5170f2c5cc7fa9bb1ff55c9bc5a2b898edf,prompt
baseline/prompts/rendered/adjacency_create_matrix_loop.txt,1574,bdbf8a23f9b38058d3bf24fd42f1f72607bdef6d669f81b7a34860d76525c65c,prompt
baseline/prompts/rendered/adjacency_read_file_to_polars.txt,1303,43dfdb9a95cac195b1916e08960e0ed630ad259f2cb208ca69851f8b64a243cc,prompt
baseline/prompts/rendered/azure_ocr_concat_lazy.txt,1237,cc1a6c47cb9472e3426ecf999ea79406222602beb40d899a98ba0bb5a2d232a1,prompt
baseline/prompts/rendered/azure_ocr_from_dicts.txt,1242,09312fc9b1809e3b2d59987de67cfead78126fff2984a6c643985053eb130909,prompt
baseline/prompts/rendered/b36214f9_preprocess_attrs_registry.txt,2379,8f07f004d8e17d7f1799fcc6cbfb35bc3d6aef3a70d710a179eaaf18ade566a3,prompt
baseline/prompts/rendered/b36214f9_preprocess_columns_tolist.txt,1537,254eb78edd1689a35423b002499baef63dd52e236352323a6cfd13b7432a9bbf,prompt
baseline/prompts/rendered/b36214f9_preprocess_shape_rename.txt,1581,40f7f05c62e16c03f6be37a2f0db3be6b186c2f8e0aec0013d942e20ee0c0482,prompt
baseline/prompts/rendered/b36214f9_session_dropna_unique.txt,1247,5e7ceac1686e98c3bc67876b880f5f6a94cd89a6624f07be3cc5c494d247088a,prompt
baseline/prompts/rendered/b36214f9_session_read_csv.txt,1502,15f2d7ce1050b1d8f4bba993c0a2f4f9c1d15b749d7f9d3e90ebd3de9f61033f,prompt
baseline/prompts/rendered/bbe5d7e5_create_data_frame.txt,1473,7e86e4528a28d00df178832d46df63044a3d5b2773aa8fa103e9d93e1619f8a2,prompt
baseline/prompts/rendered/bbe5d7e5_datasets_read_csv.txt,1415,00d47ed17478121fbd88050dc3fe7bf58c30ffe8afdad971c670997e66c63d2b,prompt
baseline/prompts/rendered/cb25a1c5_wsv_pegel.txt,1260,b1874aa83b7b090080d7b65dff0499bc560b6d21b09714f35d8829ffdc8d8862,prompt
baseline/prompts/rendered/d90ed416_ibis_filter.txt,1419,77eda3004ca0681d5e45a420ca8b6e64a09599362e59e8dc8f349a7b3b72dc82,prompt
baseline/prompts/rendered/d90ed416_ibis_isin.txt,1374,337d954228e6e5c765845cd83f6e39b64b4eaa4de27688e0860967a1b1058b58,prompt
baseline/prompts/rendered/d90ed416_ibis_join.txt,1610,ad280aebb7586ecdc349bbce659476d7c5a1c3cf4dec8371e8045c61c5875a40,prompt
baseline/prompts/rendered/db5fc12b_expose_date_str.txt,1277,3df6a06422b96f77f11e24e219d1f1808573d2eccd4533a8edf367b27273d3e4,prompt
baseline/prompts/rendered/db5fc12b_expose_rename.txt,1758,f17633f2bbbc888c66fa63339760de11b576d20a534e58e87e066684e4146caa,prompt
baseline/prompts/rendered/dcff23d0_filter_concat_all.txt,1264,3063b4ecb7236d0ab1a334b0e0384615f7826fdb6b6a6680fc77da98024f8740,prompt
baseline/prompts/rendered/e3227f4f_split_empty_df.txt,2104,e382ff1289b8b9986524c5e47f1893ec633ffe9eddbf6f571d5b278cab384e51,prompt
baseline/prompts/rendered/e8fa7691_design_matrix_model.txt,1557,40921c61e73111a78cffdf199a3b02c11e03f43807e252bed006e02510ba4740,prompt
baseline/prompts/rendered/ed3b46c0_base_pattern_iloc.txt,1511,f2e30a5c41eace6660d867e2b6093c3a8382fbcbe60cb539f79db7fdb9afce17,prompt
baseline/prompts/rendered/ed3b46c0_base_pattern_pred_concat.txt,1570,422c4ba5b0469796640a0ac4b7c55b4570cf23e42f8627dcb8813ac668046f14,prompt
baseline/prompts/rendered/ed3b46c0_classification_iloc.txt,1449,1d40033a617a1babe5df72626fbd4d5358e7dc7cc99f8cc5892e518b8887da72,prompt
baseline/prompts/rendered/ed3b46c0_classification_pred_concat.txt,1864,0a410369849271904a0cfac4195c68ddb197fcaeb6e005489c58820c83eb809c,prompt
baseline/prompts/rendered/efc0581f_azure_concat_lazy.txt,1237,cc1a6c47cb9472e3426ecf999ea79406222602beb40d899a98ba0bb5a2d232a1,prompt
baseline/prompts/rendered/efc0581f_azure_from_dicts.txt,1242,09312fc9b1809e3b2d59987de67cfead78126fff2984a6c643985053eb130909,prompt
baseline/prompts/rendered/efc0581f_data_assign_bbox.txt,1696,45081bf3a127d668875561ceb3faf9b3e8037f24b76d7e93fa1baa150bf7b5ce,prompt
baseline/prompts/rendered/efc0581f_data_filter_page.txt,1257,863aaa8de5679d729cc7e627be7b1d5d23095c6a61481df92411c76725b321d1,prompt
baseline/prompts/rendered/efc0581f_data_groupby_agg_text.txt,1661,e02b55aa09b9decd95990402b074a233f43059ea1e9c440c3252ed06b0852d47,prompt
baseline/prompts/rendered/efc0581f_data_merge_cross.txt,2763,b345248e406478aafcfaa16991b61ffe737558001cd092416953c22fd127f0b3,prompt
baseline/prompts/rendered/efc0581f_dedup_nested_cross_join.txt,1437,249ab514c4e4b247276d3719f2b31e21c1162ab932b5a38e8fa6b8337d7a6f46,prompt
baseline/prompts/rendered/efc0581f_dedup_redundant_filter.txt,1354,4e9d8c035cc95311a542dfabeeaa44c0ee2e7f1dc199f770a37bbc233784db83,prompt
baseline/prompts/rendered/efc0581f_dedup_vertical_sort_cumcount.txt,1374,6d056f04fe8264ba784e6832e71521bebbc864a04d7f38fda8807fd42adf882f,prompt
baseline/prompts/rendered/efc0581f_ident_explode_cells.txt,1845,27851920a6f40a19b16b36d794ce7edd9f539613c7d0a3b4e84eb43c19a08893,prompt
baseline/prompts/rendered/efc0581f_ident_from_dicts_cross.txt,5057,2cf5f747b9c0c84d5c3901ba9c08e49e8f36b86067e6f1804f93fae4c319c4c3,prompt
baseline/prompts/rendered/efc0581f_ident_with_columns_conditions.txt,2113,32076818c0837446830e5cd5c6ac7d393a2b16eefa353a876f9e8cc9962932e7,prompt
baseline/prompts/rendered/efc0581f_lines_filter_words.txt,1333,1dda9c8266532730e166d64bbfc4f5dd029810e4fbe7d8693cb4c86b74f62ddb,prompt
baseline/prompts/rendered/efc0581f_lines_from_dicts_lazy.txt,1574,128ff81abc5ce19a4e01848aa56f2fc2e088f3287d6640bf4f216b44caef42f9,prompt
baseline/prompts/rendered/efc0581f_lines_groupby_filter.txt,1445,6bb92c40bde36065884e4af2c60e0ad379401a1b7f3cdd0937a7178abd26df68,prompt
baseline/prompts/rendered/efc0581f_pdf_concat_lazy.txt,1228,1e36e9bc1e315456db2581c7440237beddf83aed718d305da832c068e15d2b7a,prompt
baseline/prompts/rendered/efc0581f_pdf_from_dicts.txt,1244,20ab28431e073a3c811ab86cf8e5d29cc4af3a19be0a8ada2846bef8237496e7,prompt
baseline/prompts/rendered/efc0581f_tesseract_concat_lazy.txt,1237,cc1a6c47cb9472e3426ecf999ea79406222602beb40d899a98ba0bb5a2d232a1,prompt
baseline/prompts/rendered/efc0581f_tesseract_from_dicts.txt,1242,70571ce43cdcf8d6340a750091edc3d85a247f5a420939d5bf4850b8daa244af,prompt
baseline/prompts/rendered/efc0581f_tesseract_nan_none.txt,1233,c10f7c6f488f6a4071b0608f87b760791f2b99987303c3a2cca933caef93f7c7,prompt
baseline/prompts/rendered/efc0581f_textract_concat_lazy.txt,1237,cc1a6c47cb9472e3426ecf999ea79406222602beb40d899a98ba0bb5a2d232a1,prompt
baseline/prompts/rendered/efc0581f_textract_from_dicts.txt,1231,6c8604911378d875030586338ffe400dfe419a4d53c763b0bdb7ccb86c750557,prompt
baseline/prompts/rendered/efc0581f_vision_concat_lazy.txt,1237,cc1a6c47cb9472e3426ecf999ea79406222602beb40d899a98ba0bb5a2d232a1,prompt
baseline/prompts/rendered/efc0581f_vision_from_dicts.txt,1231,6c8604911378d875030586338ffe400dfe419a4d53c763b0bdb7ccb86c750557,prompt
baseline/prompts/rendered/f11c29ae_dataset_df_clone.txt,2004,cd3f6fe35f5297b42684d6b56e5a57e40cf57c2af9deac3ad2e40e1c88c3628c,prompt
baseline/prompts/rendered/f11c29ae_dataset_loc_select.txt,1449,6b91a47fc382bf1fad40329b8c38f32113f25158591d2cb1747befa2fa7708bb,prompt
baseline/prompts/rendered/f11c29ae_dataset_save_load.txt,1927,40107e7e5d5c7d7f315ae14337f3d4f0f22002eaed80549463d352e0dc594587,prompt
baseline/prompts/rendered/f11c29ae_dataset_to_pandas.txt,1258,2791b33bf96d55f9cea00ff9ab861fd1853ce611898b0c63a460b0e1139249cd,prompt
baseline/prompts/rendered/img2table_aws_textract_concat_lazy_migration.txt,1229,f58dff648c05ca4c587a6d342ab2260aeee16600dd113f2f5e541693b151e9bd,prompt
baseline/prompts/rendered/img2table_aws_textract_list_dfs_migration.txt,1223,53aafe3cc8666e027d3eaf2e66196620547ad9ba0b1002ed67d5a34da051725d,prompt
baseline/prompts/rendered/img2table_azure_concat_lazy_migration.txt,1229,f58dff648c05ca4c587a6d342ab2260aeee16600dd113f2f5e541693b151e9bd,prompt
baseline/prompts/rendered/img2table_azure_list_dfs_migration.txt,1230,75d9988e5400990ae3a753d44683520591878c5cd71a2dba8c0a476d4508b1d3,prompt
baseline/prompts/rendered/img2table_cells_adjacent_redundant_migration.txt,1694,f67b3219346e97fbd3e829bb307b0cd3fef34c21c44e8f28254489e7de66723b,prompt
baseline/prompts/rendered/img2table_cells_clone_rename_migration.txt,1306,07a5a0c1b1018c5abccd04cc87056893965adeb0f3b224199c6fd163b6f0349e,prompt
baseline/prompts/rendered/img2table_cells_contained_migration.txt,1464,141cbb8e10b3ff2992da946e676dc723633cae8031b93e4b864a5eafcb27623f,prompt
baseline/prompts/rendered/img2table_cells_cross_join_filter_migration.txt,1425,cdf76ceff6cfc632a87b0b2c148828b1c09c61362c71dc6e66a0155cbba7dc98,prompt
baseline/prompts/rendered/img2table_cells_intersection_area_migration.txt,1357,214ef959b3944f9bdab9605c55d8c480bfd7585d64fb5684e28c6dd9575e14c9,prompt
baseline/prompts/rendered/img2table_cells_overlap_diff_migration.txt,2211,659eed9d4f0e1320a21c316b1965bf45b06883204eda3074e2a9b7f8f26528c2,prompt
baseline/prompts/rendered/img2table_cells_redundant_removal_migration.txt,1346,cce6a4b1aeb267ddbe89d882b3ebd7747e6d826e5599c22b5f90493709e75dff,prompt
baseline/prompts/rendered/img2table_cells_vertical_deduplication_migration.txt,1576,0d7c95683fa02dd233798559dda59d733a6a3efaedf20d1f8d8026d601c79fc9,prompt
baseline/prompts/rendered/img2table_cells_width_height_area_migration.txt,1348,a98debf0b9db38cf737c0626a8a971db0fc47cdfde24d54e8362a895b7f1a44b,prompt
baseline/prompts/rendered/img2table_google_vision_concat_lazy_migration.txt,1229,f58dff648c05ca4c587a6d342ab2260aeee16600dd113f2f5e541693b151e9bd,prompt
baseline/prompts/rendered/img2table_google_vision_list_dfs_migration.txt,1223,53aafe3cc8666e027d3eaf2e66196620547ad9ba0b1002ed67d5a34da051725d,prompt
baseline/prompts/rendered/img2table_lines_cross_join_migration.txt,1232,31b489dc19f944e7f2fc8a13335d51959855e8e40563eb8959266785642e85dd,prompt
baseline/prompts/rendered/img2table_lines_df_lines_creation_migration.txt,1554,6a7e65bd23f5f86f566a1b253014bb28333da81b1c09e5595cbde177cdc20f99,prompt
baseline/prompts/rendered/img2table_lines_filter_words_migration.txt,1325,51beb3454a5fe0de88d6d0f82d8c142cb05214702521559237df6e3c84e93687,prompt
baseline/prompts/rendered/img2table_lines_groupby_sum_migration.txt,1344,e09b36f1f6ff71795d79ce053f5dfbf7fdb05b257c6d15670fe0a3fd3818b727,prompt
baseline/prompts/rendered/img2table_lines_intersection_assignment_migration.txt,1333,df3940dcb6176f770c5bd47499957acc43f53503f956687ffee186bb0ef9809a,prompt
baseline/prompts/rendered/img2table_lines_intersection_formula_migration.txt,1618,20225f93e72f32bc5401852db1d0c8be75c5c2b416f8d285ed05072a67f6d06c,prompt
baseline/prompts/rendered/img2table_lines_intersection_lines_filter_migration.txt,1295,848e0faa30d399a92e8d2452f814daf31ef5b15244a85d931d3f2ca947ccd10e,prompt
baseline/prompts/rendered/img2table_pdf_concat_lazy_migration.txt,1220,36774424df2a1082537b434366dfefacaded4503ef77a86c207d83a6548f4bf7,prompt
baseline/prompts/rendered/img2table_pdf_list_dfs_migration.txt,1236,006a72f5436c312852f3d5cdfaf09d8101657e0073314d7e34c5147b363fa50e,prompt
baseline/prompts/rendered/marimo_chdb_cursor_rows.txt,1316,89e782c42e85c15a4946d5252101fa33705d7469736ebab6ca5ef26175dea659,prompt
baseline/prompts/rendered/medmodels_classic_distance_covariates_select_migration.txt,1391,a3ecd83bce98175f7549e1e799eb4745b07866d77e2614e5e48afdbaa7266b75,prompt
baseline/prompts/rendered/medmodels_classic_distance_match_migration.txt,3100,c83f6eaaf2d7bbe7708da9227fcc7e072b4881035840d7b6221355e5370f9441,prompt
baseline/prompts/rendered/medmodels_medrecord_process_edges_dataframe_migration.txt,1586,e3739dec4f684f69b1d6a71ecb6f687388d225a3782119e86fbaf0e0eeead193,prompt
baseline/prompts/rendered/medmodels_medrecord_process_nodes_dataframe_migration.txt,1527,13f034714edb61b09dcdf327507efe6153c95f18caf6c2bf688363e911cebf5a,prompt
baseline/prompts/rendered/medmodels_propensity_score_prop_score_migration.txt,1848,e88f2ccb95701e09f0fb123119ef2badacf545170064bb5692daba7f67ce4529,prompt
baseline/prompts/rendered/medmodels_propensity_score_signature_migration.txt,1526,c6408c5dc2a8a0dce1eb389cfdbe660aab75bea2d4725cff878e970b1e9b1524,prompt
baseline/prompts/rendered/mexca_data_delete_filename_time_col_migration.txt,1390,58cebdb62753d88fdbf7504511f923565948aaaf77029f2ded878e1a42bbc19b,prompt
baseline/prompts/rendered/mexca_data_merge_audio_text_features_migration.txt,1917,c83a6592d51a62ef066d63e7357111ad23ab233fd5fbb98c81d1f6e12863c3e9,prompt
baseline/prompts/rendered/mexca_data_merge_features_migration.txt,1667,64d0f9eb99d6a7c1c2a18732549aacc21147078178fdb18a8dc33ba1a2441112,prompt
baseline/prompts/rendered/mexca_data_merge_video_annotation_migration.txt,1496,dd54e7895ee9601b74ea8c0bdbb0e816de871f8335e4314d6e3ff423fdbf86a7,prompt
baseline/prompts/rendered/mexca_data_merge_voice_features_migration.txt,1340,f15652ff083338a38913b29a60f23fbefd52233e6b6f4d993310888e486ba969,prompt
baseline/prompts/rendered/mpds_get_dataframe.txt,1262,25fa39d758ef9827f25c4261aff082771f324eb9dc8097d755ce12a3f0d8da51,prompt
baseline/prompts/rendered/pheval_gene_identifier_map.txt,1548,6ddb7acc5df8eb444b854048f75ed008fd4edc93320a872b2fef9915db10435e,prompt
baseline/prompts/rendered/pheval_gene_updater_find_identifier.txt,1543,fb05e6f5112e29da8ce5e6574fd5c2dcc2f888411a8776889ec40d64b82e7b90,prompt
baseline/prompts/rendered/pheval_gene_updater_find_symbol.txt,1243,1984a99b8e8c3c9219884647ae0420c4bc0b5163f47898ae0190869909dac92f,prompt
baseline/prompts/rendered/pheval_parse_hgnc_data.txt,1345,5a3d249390fe5f8e17681d986235eefe11c8beacc9597457a6e6f83a73abd5c8,prompt
baseline/prompts/rendered/portfolio_momentum_roc.txt,1280,6cb52e3e5eb2e9761ceb5a91f5ad7be1841761f02ae448a0a6f35472771e6510,prompt
baseline/prompts/rendered/portfolio_momentum_rsi.txt,1280,da313d2acba0ffec3c654dfea11b1a02d2b1be48d5c1a94e79669cddec18cdd0,prompt
baseline/prompts/rendered/portfolio_momentum_stoch_osc.txt,1516,9b10a00aaf3c552a54a06aae8ba361e327d39e028a5345edee023ac918693748,prompt
baseline/prompts/rendered/portfolio_momentum_stoch_rsi.txt,1494,e4f8c809a2dbe7497549029cca33bf93c55c5e6019d361cc34aa617be46b52bc,prompt
baseline/prompts/rendered/portfolio_stock_from_pandas.txt,1316,0a212967b6f4ca1514c52b85d2b66748e26791b830145de35406158f20fbf7d5,prompt
baseline/prompts/rendered/portfolio_stock_to_dict.txt,1224,68c81326fce27afa1eb6469b7c03527e2948f9d496590d741bb58b6bf09793d4,prompt
baseline/prompts/rendered/quant_backtester_calculate_returns_migration.txt,2108,e7ead6579212d29d4e89312e8b22832316de9e9307dd02147e9426d3e8cbe9d1,prompt
baseline/prompts/rendered/quant_backtester_performance_metrics_migration.txt,1626,24cedb1e9abe3e9724b69166ce7014eb6b243b4a281a3e3d6914c54eafb41d34,prompt
baseline/prompts/rendered/quant_trading_strategy_backtester_data_load_yfinance_data_two_tickers_migration.txt,1583,e07986b7ca78c4f946db0eeb91141bc8840eeb32d481410ee989ca83522d5b7a,prompt
baseline/prompts/rendered/readnext_hybrid_score_compare_scores_migration.txt,1476,8b410dbf51e6903b4df8402e22673caafa050aa8286826b1c9999bf365a35577,prompt
baseline/prompts/rendered/readnext_hybrid_score_to_frame_migration.txt,1834,5b7c3b5b29a6ff9c67ca26f4c240da1dd3a81a25a54271fe6d8d1852811ff27f,prompt
baseline/prompts/rendered/scoring_compare_methylation_pattern_migration.txt,2350,3fed94daa43695209325accc7125d4848778531e8789d3cbf3daa11eddafb084,prompt
baseline/prompts/rendered/scoring_compare_methylation_pattern_multiprocessed_migration.txt,2397,12e5cfe386a3f12a9382085397b3f79910eb4f755323a3d7aa7a052a61892d99,prompt
baseline/prompts/rendered/scoring_define_mean_methylation_thresholds_migration.txt,2177,318995fa27a0a20caa63db9da773cda39a4b8eeb45f7d19c82f0c0200769317c,prompt
baseline/prompts/rendered/scoring_process_bin_contig_merge_migration.txt,1480,b4663c5a9842696baffcf542247e93ec2c3430a0bd15e5b758b7775fbb1d60ac,prompt
baseline/prompts/rendered/src_onemod_utils_parameters_create_params_migration.txt,1589,c4987de9bb62899147a71c72ae02bf7224ac91db6e7156e9c4c48808065a4662,prompt
baseline/prompts/rendered/src_onemod_utils_parameters_get_params_migration.txt,1458,006bf254338b04901919f3d84dd478841f8469cd9e90caaf03c2e271eaa0133c,prompt
baseline/prompts/rendered/tesseract_ocr_concat_lazy.txt,1237,cc1a6c47cb9472e3426ecf999ea79406222602beb40d899a98ba0bb5a2d232a1,prompt
baseline/prompts/rendered/tesseract_ocr_from_dicts.txt,1242,70571ce43cdcf8d6340a750091edc3d85a247f5a420939d5bf4850b8daa244af,prompt
baseline/prompts/rendered/ultralytics_benchmarks_config.txt,1239,f371f92093f8d43cee3ec8e9132cc355b242342849fd832fb7a7af1468141031,prompt
baseline/prompts/rendered/ultralytics_benchmarks_dataframe.txt,1273,f2cd50514be4fcf70b4031010cf8f7aaeec9a693823b2af61e424b918dd973e1,prompt
baseline/prompts/rendered/ultralytics_benchmarks_metrics.txt,1940,67ed61fb2a3fde519447cd6eeb491691942841b5bbb95e20ae85ab37ac8312b8,prompt
baseline/prompts/rendered/ultralytics_trainer_read_csv.txt,1224,e117fe07a645bdbb0a0465f67edf3b22c9dd676c8fc13dc4c3bc34bad7574537,prompt
baseline/prompts/rendered/ultralytics_wb_custom_table.txt,1439,f35350da138d7c9ff0b49a6f5bc85d19f691356d1d9f489b61190b9bbe23e787,prompt
baseline/prompts/rendered/visivo_sqlalchemy_read_sql.txt,1469,eb99bbb895417e72b172e62ee496ae3f72342d65a829b207e523e7452cd6d9f0,prompt
baseline/prompts/rendered/vnc_cmatrix_loc_filter_item.txt,2794,ea5ee7f910cbab1a78ca20b2b165c4a92d5131e49d05ca12b1776b25832c940c,prompt
baseline/prompts/rendered/vnc_cmatrix_lookup_init.txt,2345,283b27ff77989a323fc1bfec5dda42a68eef699089ea8995b1529d703fd6d729,prompt
baseline/prompts/rendered/vnc_cmatrix_reindex.txt,2414,8176599b4fe9696bdbb9e7b2047fd01dc7e4b28bed71036341f14f7815e562b5,prompt
baseline/prompts/rendered/vnc_cmatrix_sort_tolist.txt,3048,210200107c949c53a6e39b1cc39c75434537c10b4446d7f405952990c45d62b4,prompt
baseline/prompts/rendered/vnc_cmatrix_uid_to_index.txt,1543,f52251f1d0880b3b760c5f2c26679c6427c58320c7c6edc3c1ae0fdf1f998066,prompt
baseline/results/baseline_audit_per_pair_validation.csv,61322,0c4872144e97027790cfddf706b3b2afc7bec9635448cda077d068d5b0831fc4,result_or_output
baseline/results/baseline_audit_report.md,14857,097156068d85ab5110e496f4bdeb023a8752bbf1774a989c30209019825b2fe0,result_or_output
baseline/results/generation_records.jsonl,355433,c87d6e9d1ea26bc6fff3f9263d5bd37977d1ada8a49925185e7d2320046f16a1,result_or_output
baseline/results/taxonomy_classification_final.csv,21571,891187493bebff169a72aa13010cddaa47fa1e4356d38021d50c94233021928f,result_or_output
baseline/results/test_results_v3.csv,33657,3852b09af1b193417886748b55498f017610db88710310377a5683db3f16ba7a,result_or_output
baseline/tests/05afd878_evaluate_coassembly_edges_test.ipynb,21935,f8c3eddb86b4712e69a83e29fc66c093a2c7288e7fe5ffb50abcaad67547f985,test_or_fixture
baseline/tests/05afd878_evaluate_combined_test.ipynb,22177,bd299e601ce4d86f192fc13baa94ddb712dd4bc7e37ad2d5fd9c7bf6217537d8,test_or_fixture
baseline/tests/05afd878_evaluate_nontarget_test.ipynb,21692,389631c0bb365be822253f19d164e33a8437bd1ea360ee04d9e00c49677ae9d4,test_or_fixture
baseline/tests/05afd878_evaluate_unbinned_test.ipynb,21282,7b6366a30d13c4854ae90bec9f6f44fc36bcdcbf94dec78aab4f7d6c490f5975,test_or_fixture
baseline/tests/0ffdf231_noaa_ghcn_inventory_test.ipynb,11371,021a7ccd9b9f7b2adff7b5fc4069ca5858a3d5c879018ea90f35e93ab61a9f44,test_or_fixture
baseline/tests/0ffdf231_noaa_ghcn_stations_test.ipynb,11354,2a943c20b8cf4fa42c16ae9a08f888b36176a75f108bfba80f2ee65005131ad3,test_or_fixture
baseline/tests/142b5bcb_tools_relocate_test.ipynb,14363,8231106ae43fbe751fcfa3ae904d660ef02069aa6800257ea0abff997a3679cc,test_or_fixture
baseline/tests/16645382_exp_stats_col_assign_test.ipynb,10607,26c48fa821f2f4e4d26d8d0d7f7f12e85951e540f5ed72290ff2e72b0bddf639,test_or_fixture
baseline/tests/16645382_exp_stats_rename_test.ipynb,10731,e074cadb87913988977ad3f91aeae39629bd4fce386399c9bd53ff7ca2fe5e08,test_or_fixture
baseline/tests/1e52b4e7_concat_to_frame_test.ipynb,10510,8da802a7e95b857d66152edb3738c39e23b993e1c75b217fd4dc557abb3898f3,test_or_fixture
baseline/tests/1ec015da_to_rank_test.ipynb,10491,edfba4ab6310e2dd66fa0d68e2f17a66d05d9ec9b8731d81b2bab3c12f40af12,test_or_fixture
baseline/tests/1f8af3a3_target_elusive_sample_pairs_test.ipynb,16181,244a498721fb75416aefb8f79d6fb855c23e98258bb7b321d6d9a1669a6f4e1e,test_or_fixture
baseline/tests/1f8af3a3_target_elusive_sparse_edges_test.ipynb,14959,08f431deef603ab398ad3286b9bb9f72fe4f0dffa272f18318c80cb1ea3bcf1c,test_or_fixture
baseline/tests/1f8af3a3_target_elusive_unbinned_test.ipynb,14775,ad92151887ec57f397088b919515da5af49b24db54bda143fe2df8914ec932f2,test_or_fixture
baseline/tests/287a28d8_col_ends_with_test.ipynb,13171,07e88a371b62015ecf35e7d7adf50e2146048ab678b00a520320356c8ef61b73,test_or_fixture
baseline/tests/287a28d8_col_matches_test.ipynb,14305,a4db41d2f722e27d259a59cb6cab2216c52071343933b9448b18f53a3998d93f,test_or_fixture
baseline/tests/287a28d8_col_starts_with_test.ipynb,12975,4a8a352a9122f3a855116005bd499aa2fe777fba48054cddccef10100a2ef0a2,test_or_fixture
baseline/tests/29097c0c_to_dataset_read_wrap_test.ipynb,13509,3385b43892f406a8ef051a691439b68cee9683c05c2738fd5c96ade28480b71f,test_or_fixture
baseline/tests/29097c0c_train_iloc_filter_test.ipynb,18179,89c3c2781d75fe08f427af758de3cbfa67545a1cd747a2cbfee94e13ab21ce51,test_or_fixture
baseline/tests/29097c0c_train_merge_concat_test.ipynb,17813,c116f6b35735236e684bc3882843b1efb33317da72361f67b3a0627138c0c1a6,test_or_fixture
baseline/tests/325e7c2b_dates_pol_interval_test.ipynb,20030,0b5e236d8d1529d5537356fe7580aa57153d2bb18a23ae364845cc1e42843a02,test_or_fixture
baseline/tests/3c49cad1_bench_interp_cols_test.ipynb,11767,b01865d5f3b63434d92e61e774f5657d473b4e5afd847674fe393d0ddda7deee,test_or_fixture
baseline/tests/3c49cad1_bench_interp_filter_test.ipynb,12067,97952ef1654a724099ebf62aa35479f8d3dcd43085d216f7140ada42741421b8,test_or_fixture
baseline/tests/3c49cad1_bench_interp_time_regular_test.ipynb,13017,d21b5012f75a7a2dfe54df1f1227f9a28c5147d7af1ed862ab84a774bcaf1240,test_or_fixture
baseline/tests/3c49cad1_bench_interp_time_rmse_test.ipynb,11663,55a8f35f68a3fe8155843ccdc336a7d3e756e713d02c1549fbfda580fb1e37f9,test_or_fixture
baseline/tests/3c49cad1_bench_precip_pct_test.ipynb,11868,7f4a8dce1526b2fd9b46ed9b1e87428fe964d05380cba02d87062cddd0415cff,test_or_fixture
baseline/tests/3c49cad1_bench_precip_regular_test.ipynb,12096,252511349d949d7b0b8161159a08a1b969672a34c32996787a7e791f5897e5b8,test_or_fixture
baseline/tests/3c49cad1_geosphere_all_test.ipynb,13197,682094dd9bba14975ecead1c59218f00d62636a8f2bec9b1d2a66d3a12582ea9,test_or_fixture
baseline/tests/3c49cad1_geosphere_collect_test.ipynb,13894,c28d21cfee330ab8a2ccae8e588fbd1d6e9eab09940e797f413e0b6401b4c95e,test_or_fixture
baseline/tests/3c49cad1_mosmix_access_dataframe_test.ipynb,10127,86f3e784e844b5efeaa36244f8f7dc3fbe4ee5b46da692470f751acba0614b31,test_or_fixture
baseline/tests/3c49cad1_mosmix_access_datetime_test.ipynb,10846,aceedb6509861935807ec8fa03bdfa112f9dbc2f6e45e7510beae4684f4acfc4,test_or_fixture
baseline/tests/3c49cad1_radar_index_radolan_test.ipynb,11846,aa06a6ae9da8675f1f789916caf8a56920c82f5fc44fa95b74c6a42dfa307d45,test_or_fixture
baseline/tests/3c49cad1_radar_index_sweeps_test.ipynb,13059,dfea7177914426ce35f3d1cb64ef6bf96d3969ee6f842ae6fe69f64a9d5e7aa7,test_or_fixture
baseline/tests/3c49cad1_radar_sites_cols_test.ipynb,13589,1f03edf9f02c466ff77c1017d50ef99d23b0667446ef11e824c493d673227388,test_or_fixture
baseline/tests/3c49cad1_radar_sites_dicts_test.ipynb,13635,6e07a74a8c261d4885bd46a0df39e30534db6e0694756d644a7f5333161c3419,test_or_fixture
baseline/tests/3c49cad1_timeseries_extract_test.ipynb,13480,59302fce88fbf67a8a99b02abf0cf0ac05ab564854b9c8ed6353cb6fa7a43e3d,test_or_fixture
baseline/tests/3c49cad1_timeseries_gain_test.ipynb,13332,93a32d3ddd70cbf6f55e8f8df1f58fe128a9c8f53773e479955d8a3108d10665,test_or_fixture
baseline/tests/4bb33aa8_trx_stats_isin_test.ipynb,10473,c359f25386e486bc41fad57fcc90fea750c39307e6855ad3603ff0fcd26b8031,test_or_fixture
baseline/tests/6f1c2684_datasets_read_csv_test.ipynb,10063,e2169025e1e271818f5f08f3ad9ca910a40cb3a175d9ebe5fc7f801e7f45e14c,test_or_fixture
baseline/tests/73a39d90_experiment_df_construct_test.ipynb,9554,787a23f3bab68ddc158d0b060649388ab3c2ef5e4ab65bdc30bafe6f211fc6ee,test_or_fixture
baseline/tests/73a39d90_metrics_bootstrap_filter_test.ipynb,15337,7da1760d5fcfe2177119d87e518f7df8be4622d5b82630b239e0389ea601ee98,test_or_fixture
baseline/tests/73a39d90_metrics_groupby_agg_test.ipynb,14887,ac598c16ae1173c14d6bf3b11918f80b662ded64e36b0526a118d78a6452e803,test_or_fixture
baseline/tests/73a39d90_metrics_groupby_partition_test.ipynb,14343,7a70cb793a1d36708f9a2a14547df0da1b4806caca49771ac3e1320f089a9fed,test_or_fixture
baseline/tests/73a39d90_run_concat_write_test.ipynb,13424,ca1366fa4d16b12d231ec6cbc9910095fcab05b539b274d42d22c12b7a939620,test_or_fixture
baseline/tests/73a39d90_run_dataframe_write_test.ipynb,12848,0b0e12035a3e1ec043cea06d9f2c02aa2337d920fbf36160cbb05240cfd854cc,test_or_fixture
baseline/tests/774f17e7_mane_mappings_filter_symbol_test.ipynb,14999,e3a534ab3d694133d6dd7c2bb54b7da548e5571c8d04189f77ce3db94b7fb235,test_or_fixture
baseline/tests/774f17e7_mane_mappings_genomic_filter_test.ipynb,15627,934875e50df62d7e7ea5a18e306d6869ff1254536b0fac54609e43c1fdd907d9,test_or_fixture
baseline/tests/774f17e7_mane_mappings_isin_test.ipynb,15736,d008879549324387e6444bc6745308526273bd1666445a4251b05d607dfb2b53,test_or_fixture
baseline/tests/774f17e7_mane_mappings_load_test.ipynb,14387,725b99f8ec7bef4434bd69da8f574256dba3080fd7a2d449cf4bf7fa808a462f,test_or_fixture
baseline/tests/774f17e7_mane_transcript_filter_row_test.ipynb,15985,669b25f30051ace184ae192057cda1aa368fb6f7467625442cad4ac2cff2a698,test_or_fixture
baseline/tests/774f17e7_mane_transcript_parse_ac_test.ipynb,12495,5d5a72ed4ad581e0494ccba20377a580487e798bf51eb2f29a47fcb2bec312e4,test_or_fixture
baseline/tests/774f17e7_uta_database_construct_test.ipynb,9829,f8a241ea313e026104ef8c5b0bcfb4c839147db35df3f1222745dfeb27792ba0,test_or_fixture
baseline/tests/7e55b00b_sample_empty_df_test.ipynb,12310,e882ae1843dc2aa1293082cdbc7ee1e61f608d8da5003c6f5f044455693250ee,test_or_fixture
baseline/tests/8017f91b_embedder_frame_test.ipynb,9558,aaa76cfba1cee78cd8d11744530b6f374be184db23c3c5dba1904933e775bcf1,test_or_fixture
baseline/tests/8017f91b_eval_hybrid_concat_sort_test.ipynb,12108,1d12c92c1f0592f84723401df917db8912a570e936844bfb0ad9992479e3d238,test_or_fixture
baseline/tests/8017f91b_eval_hybrid_load_test.ipynb,13593,20796f277f41868e338c4669f00f08052ca9cd7dc075337c28148c02821cdc1e,test_or_fixture
baseline/tests/8017f91b_hybrid_score_concat_test.ipynb,11598,a06368ffb64257ac66e27eaff6e55fa097571b69ef4da6467c5a9fb53f0847d0,test_or_fixture
baseline/tests/8017f91b_hybrid_score_frame_test.ipynb,12091,43ef168492c23d226d1b92074e23021f7ac2d7730b634847b27f485d483c6a48,test_or_fixture
baseline/tests/8017f91b_input_loc_col_test.ipynb,12046,2681a3780c9181bf6e3e88c9d8ad4d6e7005cf077353f2b9d0c504d5ab80d335,test_or_fixture
baseline/tests/8017f91b_input_loc_index_item_test.ipynb,13095,ad78e36cd097c8d40f9f2469dd69ad4f0c94cacb192daa7517a15fae1b65f665,test_or_fixture
baseline/tests/8017f91b_io_parquet_test.ipynb,10559,db380ad0ad91b6f34e5c1b0c0a6468dfe24702a766b5fb82b8b2bb502b095c25,test_or_fixture
baseline/tests/8017f91b_model_data_lang_loc_filter_test.ipynb,9709,047f8c1b5351e7b5ed83912b1e4624efe0824e6593cf4c158d38507c362a5793,test_or_fixture
baseline/tests/8017f91b_model_data_loc_filter_test.ipynb,9679,a127b992e72c2f776e78827d011df2c8061d2eb8f07dc0ded738df21498c6b8b,test_or_fixture
baseline/tests/8017f91b_pairwise_cosine_loc_test.ipynb,14322,e90c5b8730e2791b43d76cbffd6ad1bb0df462951c41499f13f2c5200a1fc096,test_or_fixture
baseline/tests/8017f91b_pairwise_loc_filter_test.ipynb,14402,6ddaf2730981792d5843709263c8bc066ee3f1e4f401117a5a63436aff23a1ad,test_or_fixture
baseline/tests/8017f91b_precompute_cross_join_test.ipynb,14045,53f12ad82e326fda1a6d2771beeeea6fba944a16783a360c7a5eb78f799a41fa,test_or_fixture
baseline/tests/8017f91b_precompute_id_cross_frame_test.ipynb,11665,b51fad0db658feb22ce1410843b22b6034ecce56dd867dd8020547fdf14d60ee,test_or_fixture
baseline/tests/83c12695_collect_filter_test.ipynb,13273,821cf9f8e566991f44cd26f912f8c69ac85d48774e86863aff1a5fb8a8fad07b,test_or_fixture
baseline/tests/83c12695_collect_pivot_test.ipynb,14096,f8e6dcc91fbe65301254a1000b60813b804d6d14286a9daabd85d1f069f4f4c1,test_or_fixture
baseline/tests/8bb7bc3a_expose_isin_test.ipynb,10347,a6a7ab8aa1d9c20a5a7af1289da1d7bb6208a163d9b9f7483979b08c0d0c02df,test_or_fixture
baseline/tests/8c71f3c7_attr_getter_unseen_frame_test.ipynb,11718,c1b21d798520d577084674ef952f51a8aa3cab7196d1cf7800cb816885f30ccc,test_or_fixture
baseline/tests/8c71f3c7_attr_getter_unseen_iter_test.ipynb,10189,9f0bde14754c85633c6f35659e08b5e752bbecb4f715c9dfbd3cab1651e25965,test_or_fixture
baseline/tests/8c71f3c7_citation_models_fillna_test.ipynb,13534,c902f4463ddf9a547bd07fa3a3fef24497eb96a1d62ba01ac5b7b8c5b9f832d1,test_or_fixture
baseline/tests/8c71f3c7_citation_models_rank_test.ipynb,11428,79e81b8a6139b720ed17fc51fa289deda42f883c219812f984e312ac85813c35,test_or_fixture
baseline/tests/8c71f3c7_document_info_tolist_test.ipynb,10274,e50db56c3fb106fbe0532a0e80c2dee0393d7b28eaafdcd4ebdb397ec29a9dac,test_or_fixture
baseline/tests/8c71f3c7_embedder_frame_test.ipynb,9760,1361b473e200ac00a4da00b06801b07d86d888a91b87e69d6d3cf65c6d22b00e,test_or_fixture
baseline/tests/8c71f3c7_hybrid_score_concat_test.ipynb,10558,429309fea60836fcff9be4d83dd5302c04b801b2112e7b713b5e3e940468962b,test_or_fixture
baseline/tests/8c71f3c7_hybrid_scorer_citation_index_test.ipynb,15289,c1009f554b5554eb658a2a7a82547395c90fec49c393bf0f90a946dca6d6718a,test_or_fixture
baseline/tests/8c71f3c7_hybrid_scorer_language_index_test.ipynb,15119,bacb27fe0a9b4895cdf707eb3187294257fcf0f680c4dd71e7017b05d39c6685,test_or_fixture
baseline/tests/8c71f3c7_input_converter_index_test.ipynb,12632,dfaaa295575e942b1c223b0e9d981f289c6fcede068a349a832115cf7d478e93,test_or_fixture
baseline/tests/8c71f3c7_input_converter_loc_test.ipynb,12558,41fdef3aea2ee4c8f24f7cd7b56fc4433bed4ab8ea38339a398f4b7008cbe14e,test_or_fixture
baseline/tests/8c71f3c7_model_choice_load_test.ipynb,10309,042d6b777712ce30adb4ac982ba24fa7dae50d3306915231114b74e18ca6bd75,test_or_fixture
baseline/tests/8c71f3c7_pairwise_loc_colname_test.ipynb,12590,baa132c459bf4afe109bf88e20594069a7e984677556666075cf45138508e83a,test_or_fixture
baseline/tests/8c71f3c7_pairwise_loc_item_test.ipynb,12411,90cf03ba0327848056ccf771a8b149c8932e6952ff60ea65fdd59047ef7604fa,test_or_fixture
baseline/tests/8c71f3c7_precompute_df_construct_test.ipynb,9817,02dfb699ca3dc17529b30985c8431e746948bdee49bd94db7a660307d0e2161a,test_or_fixture
baseline/tests/8c71f3c7_s4_combine_load_concat_write_test.ipynb,14045,46aa0a1fb4310af87470567c0d9bd9499fb4858d77c0cc0932fdde1083aa7a74,test_or_fixture
baseline/tests/8c71f3c7_s8_combine_load_concat_write_test.ipynb,14297,784bbd83c788697bdbdd84643fee6aff1330cbe66f9e7b6687c090f931924177,test_or_fixture
baseline/tests/92e35040_query_appraised_test.ipynb,16070,0c8ca48dc80cb48a4e209efa33c6344af7bf34b42d4d49c7e8bc2ea1a5feb907,test_or_fixture
baseline/tests/92e35040_query_binned_unbinned_test.ipynb,16484,33ff028d67ebe776bd985e4adb4d00c91bafdba255fd4f3565207ef309b7012f,test_or_fixture
baseline/tests/92e35040_query_write_csv_test.ipynb,16951,ed4f0724dbc426d27ca418a060236dd258b43c695eff7a89094ba3ee02172892,test_or_fixture
baseline/tests/99aff9e0_rename_columns_empty_df_test.ipynb,12064,88d4bc8b9159d9ce667fc43d9fd060185bfdebb0b259f20e9060f33bc940f348,test_or_fixture
baseline/tests/_wsv_pegel_test_data/empty_response.json,2,4f53cda18c2baa0c0354bb5f9a3ecbe5ed12ab4d8e11ba873c2f11161202b945,test_or_fixture
baseline/tests/_wsv_pegel_test_data/response.json,35,9fb7b99e0a193e9ec245c48b260b5a7d8245fc9634fedb9f2e43693b4203cbf8,test_or_fixture
baseline/tests/a39f4527_expose_trx_join_filter_test.ipynb,20582,921d3f7e31e8528ef1746176dea9d127f8139136fd6de3ba9bbc405c4a75b9c8,test_or_fixture
baseline/tests/a39f4527_expose_trx_left_join_fill_test.ipynb,21355,c7f888505e59f85ce5582d9f68dfed04acead596d68a3aeac28c473d4e16c295,test_or_fixture
baseline/tests/a39f4527_expose_trx_pivot_test.ipynb,19949,823ef33cc738b03a4df92198bd09df7cc96fc34fd1efd672bf15823060f455ce,test_or_fixture
baseline/tests/a39f4527_expose_trx_unique_test.ipynb,21429,08068949c2224c78338313e7ff91030cf07223dda384c2df67386f9228fd6c4b,test_or_fixture
baseline/tests/a52cebfe_common_get_observations_test.ipynb,14580,40347e3b000aa5273872b68a12a78c97bc561544a9a01025ac7d52b6f3b60578,test_or_fixture
baseline/tests/a52cebfe_common_summary_filter_test.ipynb,14433,4c5ada976248456c1350609c5a9bf2a46d20c7993f4e602358b93afbbd46c17e,test_or_fixture
baseline/tests/a52cebfe_es_update_pivot_join_test.ipynb,13933,70c23b7f173c80bf6f6353675ce6a6ff03a814c7156aa9d2717e7ed982c3a0a5,test_or_fixture
baseline/tests/a52cebfe_es_update_scaling_factors_test.ipynb,14753,2808b8a02874f855e603a1e9133ac897995e111f0dc99423637b8e470b8bba36,test_or_fixture
baseline/tests/a52cebfe_measured_data_pivot_join_test.ipynb,11577,c27cc903b8b608a3b9cd84837acce80d2d640d0a2c660e6b8669b1bb84899302,test_or_fixture
baseline/tests/a52cebfe_rft_concat_write_test.ipynb,14331,2ca4245caaa4abd2aa7262b2034827d3bb36fe44c2ef8f1643b89b9bf3969614,test_or_fixture
baseline/tests/a52cebfe_rft_obs_join_test.ipynb,15538,34f5c042ac9d9215ad59b2f8e4873f715f7c644be82969cf35fc3b68d2025d90,test_or_fixture
baseline/tests/a841955a_summarise_select_test.ipynb,11549,b4bfe25e215775655b960a34a2de32cdecaaa275e977f579aaace4137e0db59a,test_or_fixture
baseline/tests/a841955a_summarise_unmapped_test.ipynb,12056,c0323196caa61044e6c623a7c4686c7bb93b0660cb6b1b4e7c4faa82a5db99f5,test_or_fixture
baseline/tests/acryo_loader_corr_max_with_columns_migration_test.ipynb,17589,305227f8a24f0d3f09ee381dae04334d0cd6e0d158e7074cca6cf0358e578443,test_or_fixture
baseline/tests/acryo_loader_get_features_migration_test.ipynb,16278,6c710f04083a0f14a2c36c6edca0864b536d35f5ce75dc85b11a70f90913fd9a,test_or_fixture
baseline/tests/acryo_loader_scores_with_columns_migration_test.ipynb,17509,bae9882387bc7c7d5bdc7700264116600cc5cb2951fa8d59b7ba5ca6664840a8,test_or_fixture
baseline/tests/acryo_loader_update_features_migration_test.ipynb,16376,480d8bce87cd07ab5cdfcd69dfcfd65804652ca4b56eacaf9dbbd21f73feae7e,test_or_fixture
baseline/tests/acryo_molecules_concat_migration_test.ipynb,23501,29175c7e69a46720c98f7314842c25d98efa7fad3021ea6631511785d617466f,test_or_fixture
baseline/tests/acryo_molecules_fixture.csv,83,aae6679df8490308b97f30bf0309f8336051bb8ab93f27aebf3316a65917fd5f,test_or_fixture
baseline/tests/acryo_molecules_from_csv_migration_test.ipynb,22730,fbaa6932bd152f646db439394df8c79898309ace185bd85e44921e8b4708664f,test_or_fixture
baseline/tests/acryo_molecules_rotation_copy_migration_test.ipynb,23066,ec119fbc3f885482162e3011d75e7e733606731e7240b87212224ccde36ce925,test_or_fixture
baseline/tests/acryo_molecules_subset_migration_test.ipynb,23338,ba4cc35a3f1c657dda04a739249699f1e23ac00f4bbf03728ea946a3bf3f7786,test_or_fixture
baseline/tests/acryo_molecules_to_csv_migration_test.ipynb,25532,0f3b4ba906bfc178eca9844f0236b6103521f25a79b85f985474facaf748df95,test_or_fixture
baseline/tests/acryo_molecules_to_dataframe_migration_test.ipynb,22478,9a3769806ec4c73608ecba1884e81d88bdbf335b495be6441c78b4b70fbc62f8,test_or_fixture
baseline/tests/acryo_molecules_translation_copy_migration_test.ipynb,23140,b71da54b262394711e47830a77de0b1245a1e133977eb1469c91d5c48bbbce70,test_or_fixture
baseline/tests/acryo_to_csv_pd.csv,111,bd85a0335f83e97657f14cd1744a7bb30d4248328f64227642c7e6163d9d77eb,test_or_fixture
baseline/tests/acryo_to_csv_pd_empty.csv,27,1fee7f936ec48505676105004217b91bebe9b5ad828eeee1cc3d7adeb948838a,test_or_fixture
baseline/tests/acryo_to_csv_pd_nofeatures.csv,93,fdfc42f546647aa5048c70a4b0406dc6f5c926ad7aa90e1a91780afb6e83b181,test_or_fixture
baseline/tests/acryo_to_csv_pl.csv,111,bd85a0335f83e97657f14cd1744a7bb30d4248328f64227642c7e6163d9d77eb,test_or_fixture
baseline/tests/acryo_to_csv_pl_empty.csv,27,1fee7f936ec48505676105004217b91bebe9b5ad828eeee1cc3d7adeb948838a,test_or_fixture
baseline/tests/acryo_to_csv_pl_nofeatures.csv,93,fdfc42f546647aa5048c70a4b0406dc6f5c926ad7aa90e1a91780afb6e83b181,test_or_fixture
baseline/tests/adjacency_create_matrix_loop_test.ipynb,16636,d5c49e65209de0b87a2b4fc78e3bf9c8d7f385a5e6ea1675cd3fbf82f2c72c44,test_or_fixture
baseline/tests/adjacency_read_file_to_polars_test.ipynb,15675,b7d51050bfe9223e263ecbdb83071be4548f91da2dfeb8b9379e73df5d5381e1,test_or_fixture
baseline/tests/azure_ocr_concat_lazy_test.ipynb,17044,29cdad9c231a63c80f39b82105df496cb863d7fc529a4829f87c408b28fc88ba,test_or_fixture
baseline/tests/azure_ocr_from_dicts_test.ipynb,16031,269fd266f0caab5133ad9935b8c2455abcaa7f21e56bd80e849c7055ec1dee92,test_or_fixture
baseline/tests/b36214f9_preprocess_attrs_registry_test.ipynb,16007,3dd0347d3d3fd03efb3fd85913fc9b38cc0934f1478ed880edbdce8b3948aeb9,test_or_fixture
baseline/tests/b36214f9_preprocess_columns_tolist_test.ipynb,18373,34cd92de2cab66e358e011703a05e715c9bbfe5523c53896dce1bee6c6ba0cc5,test_or_fixture
baseline/tests/b36214f9_preprocess_shape_rename_test.ipynb,18726,d5b33f93b6e894449c1c9fa37996b4e88660b296e54c61c55ab35da634a98dcd,test_or_fixture
baseline/tests/b36214f9_session_dropna_unique_test.ipynb,11953,b2d0d393c69a34c0addc7185b9e301466295d6023025dc64310e10dcde00cef6,test_or_fixture
baseline/tests/b36214f9_session_read_csv_test.ipynb,12009,bfdcccffedc48527ee1bcbab2278c129146ff700df900e01f36c974609c27161,test_or_fixture
baseline/tests/bbe5d7e5_create_data_frame_test.ipynb,10320,fa00b3da360b98ba61fc3221353c5a1d131632cae0b2a36999bb8b031d0941d3,test_or_fixture
baseline/tests/bbe5d7e5_datasets_read_csv_test.ipynb,10298,eb3f83b054e14a9c0ee34edc1dcad4f4278d3277c4eac8ac03f622bffcd330aa,test_or_fixture
baseline/tests/benchmarks.log,119132,73e9710c76db3c8da998c6829ac69579dc15d10b2eee6521a230ffb99762e1da,test_or_fixture
baseline/tests/cb25a1c5_wsv_pegel_test.ipynb,9516,b950fe065c0e51fee56d51e00fd402daaa376607e4c19922f76ce1e7632037bb,test_or_fixture
baseline/tests/d90ed416_ibis_filter_test.ipynb,15324,bdccfcbb672f88a5f3276a690386bd8fe4f67b827c7c91245eae0b3601dac3de,test_or_fixture
baseline/tests/d90ed416_ibis_isin_test.ipynb,13547,18a0a40063ff8756fe8d9c5202335532f7a0905898d1dc4fb4c16111ca6cba18,test_or_fixture
baseline/tests/d90ed416_ibis_join_test.ipynb,13959,97c2e41948155f280ab922532778ed4e3072f7514d000acb75c63355bf3204c8,test_or_fixture
baseline/tests/db5fc12b_expose_date_str_test.ipynb,14307,46088802379847bc448324dbd1ab0484d86304a9d026bf20ae1f46a5b9d66f56,test_or_fixture
baseline/tests/db5fc12b_expose_rename_test.ipynb,14772,298f2c30db9d376fbbcb237ee4015b8ac71976083d0df49df65af6714e02487a,test_or_fixture
baseline/tests/dcff23d0_filter_concat_all_test.ipynb,10732,58926225485e33cd319c6b79aeb86c3322c15acea23f0febf9d45518427ec775,test_or_fixture
baseline/tests/e3227f4f_split_empty_df_test.ipynb,16335,83b1b30864074ba8794d8cb5fdc9ec4459749c712a38eaa6a51c157b947c31da,test_or_fixture
baseline/tests/e8fa7691_design_matrix_model_test.ipynb,12767,e34f3f12334fc5ca8327b60230a9b9640100b8cebcf7441f1ea8ea1dc67e6b2f,test_or_fixture
baseline/tests/ed3b46c0_base_pattern_iloc_test.ipynb,15984,3122b48fae124df2e292e1ea77f6afd07e1e9eee67a77186bd9f1ae79f7160bd,test_or_fixture
baseline/tests/ed3b46c0_base_pattern_pred_concat_test.ipynb,14361,dfca20a634c6a289b614e24b2fcbe45f45cb22e70a20fee4536edab3aaef7437,test_or_fixture
baseline/tests/ed3b46c0_classification_iloc_test.ipynb,17664,d786e8612d6ffb3779f055616c4e8b26f4b29dc405f4914e2fa1338bf7533fbc,test_or_fixture
baseline/tests/ed3b46c0_classification_pred_concat_test.ipynb,19859,fca3125699534de8fc0f218cc8c19105289c8526c8b83ff16d0a7c8b42f91f18,test_or_fixture
baseline/tests/efc0581f_azure_concat_lazy_test.ipynb,16917,4e4231987fa6762a0160b49f837dd7370f565fd3e0567d0fb72f598b186bc68b,test_or_fixture
baseline/tests/efc0581f_azure_from_dicts_test.ipynb,15663,1467d51e747f308af006c2ff9a41106c470ea9bbf408d5af05417fd11275de0e,test_or_fixture
baseline/tests/efc0581f_data_assign_bbox_test.ipynb,21978,91b9334fab669f754e473104e580ded51e65d82e08d9a03af070d14cade70af6,test_or_fixture
baseline/tests/efc0581f_data_filter_page_test.ipynb,19521,40316c370276ba5fbfa947fe84e89a52b2060090a6466605d6c7fb8cd9a105b1,test_or_fixture
baseline/tests/efc0581f_data_groupby_agg_text_test.ipynb,22398,25e2b5e0802b6a5344e3abad5f38216e60dedd82ef3cd2e25558b24454f6c11f,test_or_fixture
baseline/tests/efc0581f_data_merge_cross_test.ipynb,18397,0c9c5bf7fd0b6a563bb0292421308a261f5b117a3cecc7f82db3c3f45a81cf66,test_or_fixture
baseline/tests/efc0581f_dedup_nested_cross_join_test.ipynb,18980,45427ccccb4a30bcc026da41ca9b171962d21c15b1f0ff68c312f7e01bbf5917,test_or_fixture
baseline/tests/efc0581f_dedup_redundant_filter_test.ipynb,19616,0e8dce3c6e49f117c784f2ef4205a8df40a39dffb01f8382c3ceeb3af0a3f539,test_or_fixture
baseline/tests/efc0581f_dedup_vertical_sort_cumcount_test.ipynb,17466,3bce4374f6fa380f0b0293492009ad71fc9f159d1cb736ae57c718df35910d20,test_or_fixture
baseline/tests/efc0581f_ident_explode_cells_test.ipynb,30362,a350c942b42d04ad30933c249be7b6e23ef156f25a6cfc8df2c6ef8743699bb5,test_or_fixture
baseline/tests/efc0581f_ident_from_dicts_cross_test.ipynb,29181,6a6a398cf267d6ae584dbb0c57c16bea284c1ba8954980c37452644ddf22ca3c,test_or_fixture
baseline/tests/efc0581f_ident_with_columns_conditions_test.ipynb,31664,19d42d0c84735dfb4e29b0722d19c3ce799da27a8f1edd3d62339187132dcd52,test_or_fixture
baseline/tests/efc0581f_lines_filter_words_test.ipynb,18620,17ad5edd0d02da61056c7d6ea7473df1b448e448dac325d74dbc2f34c0fdb990,test_or_fixture
baseline/tests/efc0581f_lines_from_dicts_lazy_test.ipynb,16511,24a30f4c71b6f1ecf4a9941836ab43359237796072cb3cb5849ea4cf1c1c9f75,test_or_fixture
baseline/tests/efc0581f_lines_groupby_filter_test.ipynb,19562,2d2a8fbcbd98865ccb6261e242eb0cc12c4afb1f9f0ded01754ee8c96120264d,test_or_fixture
baseline/tests/efc0581f_pdf_concat_lazy_test.ipynb,13401,66b0a60c21b83650bf2b1315bcdf4ad686f10af9899a8e6f8ebe9d8585db6372,test_or_fixture
baseline/tests/efc0581f_pdf_from_dicts_test.ipynb,13318,f59bb81a7d1f822a6351a16e7689f72ed4ca2ff64ef760e0f4b294d46ee8fabf,test_or_fixture
baseline/tests/efc0581f_tesseract_concat_lazy_test.ipynb,16985,a3cb139d47def75697abb989dbcb6b784faf08e5ba1f834c23d56fac618bbf6f,test_or_fixture
baseline/tests/efc0581f_tesseract_from_dicts_test.ipynb,16269,e702e37e5e2109e2f4569f07465a44e41055b539c0bc9f59c46df0e8b5e99ae1,test_or_fixture
baseline/tests/efc0581f_tesseract_nan_none_test.ipynb,16009,44399f83ece2d9a3b82d3c748898ecad3c261fec888604c521e1ee65e4db73b6,test_or_fixture
baseline/tests/efc0581f_textract_concat_lazy_test.ipynb,16680,569525dd2ec8e8a04579ba63ade15d9b235f1ee56b884df6586d9bf0a01029fe,test_or_fixture
baseline/tests/efc0581f_textract_from_dicts_test.ipynb,14056,57c5ae93b18b1a459e0c58b61fd849b9f1f69268c6a9e18f4db3114144641f4f,test_or_fixture
baseline/tests/efc0581f_vision_concat_lazy_test.ipynb,16085,ca501013184a024ea0d2d46625be466340b6eefe303f6c1bd2db014702886e9d,test_or_fixture
baseline/tests/efc0581f_vision_from_dicts_test.ipynb,13997,652f851457e8f2788a4a5e9d977ead75c756f2aafb39c7942973b100b20e801c,test_or_fixture
baseline/tests/f11c29ae_dataset_df_clone_test.ipynb,16269,1ff4ba6f0d33434ec94099d76fdb2c20e5b87bcf80916b240a3966c4103f89d9,test_or_fixture
baseline/tests/f11c29ae_dataset_loc_select_test.ipynb,15444,4e442aa7a0c3d19d1e555f3f5f890791a49cc9f3001c5f492ea45dd8e7e345ba,test_or_fixture
baseline/tests/f11c29ae_dataset_save_load_test.ipynb,18431,e74e228e945b044f3b25ac7c6b43f0ab761b7018ff709d382571a41835264f71,test_or_fixture
baseline/tests/f11c29ae_dataset_to_pandas_test.ipynb,14793,c2443a086d1ae0cd2ae26f9dda694f780dc0b43e16051a6a2ab45cb45e8aad41,test_or_fixture
baseline/tests/img2table_aws_textract_concat_lazy_migration_test.ipynb,17400,2d59b0215361d585e5be42b4805fa014d3d91f1ca3a1836432b2b9dfd39dd63e,test_or_fixture
baseline/tests/img2table_aws_textract_list_dfs_migration_test.ipynb,14660,5f8aab6a032a465ec1f96eb492d7f49df073d6c0f2d34e36283f4d4a08394602,test_or_fixture
baseline/tests/img2table_azure_concat_lazy_migration_test.ipynb,17522,1f906eba05d8feb87ff4eaa5dce1f18e9f4f99c7a981950a863fcb56a5e28317,test_or_fixture
baseline/tests/img2table_azure_list_dfs_migration_test.ipynb,17850,7405f38bb6589110bfffd18984112164615676017535eb73ae045baebc5935a9,test_or_fixture
baseline/tests/img2table_cells_adjacent_redundant_migration_test.ipynb,30717,b16583c20646afad800044134bea859f84268b81a9a0f4937d1a34de538831f0,test_or_fixture
baseline/tests/img2table_cells_clone_rename_migration_test.ipynb,30612,abec171e474605b204112fa4bb4f66845b49e64fd9e7b8049db8ffa2f935632e,test_or_fixture
baseline/tests/img2table_cells_contained_migration_test.ipynb,30567,edcb0a57d51217236eb75fab9e8577b7bc829b24cbb90eb31a2bfd34868c47ed,test_or_fixture
baseline/tests/img2table_cells_cross_join_filter_migration_test.ipynb,30986,8da47d8da0885f546d0844df8124f00da441399bb1df3ca10e56085d7697f64c,test_or_fixture
baseline/tests/img2table_cells_intersection_area_migration_test.ipynb,30783,5ab4df4647bd3e041588827d6d3ce47fef9bcbfffbbc79d727e01d876b208357,test_or_fixture
baseline/tests/img2table_cells_overlap_diff_migration_test.ipynb,30556,d97f3ecbc0b450b276a300a2bcc819ed8580bffbbb3ebd5885b91ade1a967ea8,test_or_fixture
baseline/tests/img2table_cells_redundant_removal_migration_test.ipynb,31858,b5b51d0ac762942fe53ec67d07dd9e40a5f22c0273fe0243906fefdc9365dae0,test_or_fixture
baseline/tests/img2table_cells_vertical_deduplication_migration_test.ipynb,30915,a6cde9abcd16a4abe1e24651081c44649fa31df8caedcabbf89d099b1d3cc199,test_or_fixture
baseline/tests/img2table_cells_width_height_area_migration_test.ipynb,30660,415661a27d696ee038b16f51b1cc91c8287d04e8129dd3e73d9635458a705059,test_or_fixture
baseline/tests/img2table_google_vision_concat_lazy_migration_test.ipynb,17434,7d476e7617b53f60422fafc0525930dc7948eaa30d80ac718e7758a6666efd9d,test_or_fixture
baseline/tests/img2table_google_vision_list_dfs_migration_test.ipynb,14691,6a317edb9b03baffe3a558e510729675fbe56a4ea8c3f153d0bcbe941d6f5dd9,test_or_fixture
baseline/tests/img2table_lines_cross_join_migration_test.ipynb,25124,b8bf46da61fc8506743449bb6e42027ef46d2570bd326627021aaaeaf54cc269,test_or_fixture
baseline/tests/img2table_lines_df_lines_creation_migration_test.ipynb,22989,280077933dfd20695b8d6faed772bf9edff86a18f4ff3119020ccc68bd5ddeff,test_or_fixture
baseline/tests/img2table_lines_filter_words_migration_test.ipynb,25592,e110fabc06ed50c6eb0677830c648280e4ccd757c56c3930bab3aa982d291223,test_or_fixture
baseline/tests/img2table_lines_groupby_sum_migration_test.ipynb,24950,49043bc1cb4441f2c43298c26756200a02e23e5dbde9b566c89b6495a950dbc2,test_or_fixture
baseline/tests/img2table_lines_intersection_assignment_migration_test.ipynb,26261,9fd63d100d99a5c9eb2f0215c2c3d3a78af256bd21450a17324909da438a39e5,test_or_fixture
baseline/tests/img2table_lines_intersection_formula_migration_test.ipynb,26595,92135a6c73f2454b66286979858505b7b043d3bb6c967b807f89803ed57d8349,test_or_fixture
baseline/tests/img2table_lines_intersection_lines_filter_migration_test.ipynb,25765,e0730a9391cf3deee9f7b6c17756dbd36c33b2b1822517f7d9a5974cf170f62a,test_or_fixture
baseline/tests/img2table_pdf_concat_lazy_migration_test.ipynb,13984,80ec00311233e06b988c2e2aa49c6afe94c01a8c68fd1c3fa8c0c0c9c1b5bf38,test_or_fixture
baseline/tests/img2table_pdf_list_dfs_migration_test.ipynb,13901,ad7f6873bd40fb89792260f12e655241b13a6deab570503280a8e6d07c3ce1d8,test_or_fixture
baseline/tests/marimo_chdb_cursor_rows_test.ipynb,10420,673feaf8f9502d859c15d1d0432b1c833886239a03a274a8006dbc0674c6e6e6,test_or_fixture
baseline/tests/medmodels_classic_distance_covariates_select_migration_test.ipynb,18848,ad0a2e5f8a01203ef08e4f88fd023d070762971f0230e1eaaff0f6374066c1fa,test_or_fixture
baseline/tests/medmodels_classic_distance_match_migration_test.ipynb,18448,6bcf56288a92eaaebe833239cc91757e517d6b4756149f77213139a0ac2d36ae,test_or_fixture
baseline/tests/medmodels_medrecord_process_edges_dataframe_migration_test.ipynb,13599,21eb2903ac37347ca976ef59e923e3a3dac294ca55e56dd82bbd869c8f61f91f,test_or_fixture
baseline/tests/medmodels_medrecord_process_nodes_dataframe_migration_test.ipynb,13265,475cfb0d02cf252dcf759c36a70fc4639c66000a4953a73d02d1e682e1ea8d85,test_or_fixture
baseline/tests/medmodels_propensity_score_prop_score_migration_test.ipynb,19709,8804c78c862cfaf3082d22520dc61e50a15fce80288faa60c35ef40daf5c9091,test_or_fixture
baseline/tests/medmodels_propensity_score_signature_migration_test.ipynb,15585,c0bfefe5431c3f06b7811f49e655bcd88ec88ad4241b6485e5c4bdd4d616543b,test_or_fixture
baseline/tests/mexca_data_delete_filename_time_col_migration_test.ipynb,18784,aa8283a988976e6cc9e105632f45969371e858f96bb2fa6e0f594eb25682fecf,test_or_fixture
baseline/tests/mexca_data_merge_audio_text_features_migration_test.ipynb,20531,e17c50d433eed78cf44e170acb948593ecd04e8055a43581c92a54d24500d4d9,test_or_fixture
baseline/tests/mexca_data_merge_features_migration_test.ipynb,20727,3dc30b06f1a320168cd6be50f68c7b9ec9ecf0bc82d98e45b1a5c3122e2919e3,test_or_fixture
baseline/tests/mexca_data_merge_video_annotation_migration_test.ipynb,19255,2a6bc23bc8dc7de2e00543801a85ebf1057e8d2defeb37c16c91f0c79b1bd1ee,test_or_fixture
baseline/tests/mexca_data_merge_voice_features_migration_test.ipynb,19164,ea1e534ab2e8f8f5b057b0969399320dfac64f5e7d56fcf40cff89776e559f5d,test_or_fixture
baseline/tests/mpds_get_dataframe_test.ipynb,9969,d58941d1d8785e50461e4bcc23e1320419900e48b78b90f56775770fdad01573,test_or_fixture
baseline/tests/pheval_gene_identifier_map_test.ipynb,15859,2c29f1588e6acf96f1623d6b159da49d9c0ce5aa83d2dd87c1502962b66302b6,test_or_fixture
baseline/tests/pheval_gene_updater_find_identifier_test.ipynb,15514,76aa31e0124d9356077d3349181249d960e49344453fc6db73aa0ee769029324,test_or_fixture
baseline/tests/pheval_gene_updater_find_symbol_test.ipynb,15786,cd571687dcc2ddfca25985b1f66179788d9819695de3202789da58b4597c1bd4,test_or_fixture
baseline/tests/pheval_parse_hgnc_data_test.ipynb,15941,572641f893873041b7d937b6840911f89d25271581c80d49110ef8f371773208,test_or_fixture
baseline/tests/portfolio_momentum_roc_test.ipynb,15550,2d96aeb702c89fc41dbb6c6f6eada3eb22e17be543aa89f82b3ac2c5d7b38edc,test_or_fixture
baseline/tests/portfolio_momentum_rsi_test.ipynb,16288,b60fd61af5d1101f3adeba492e5c59c39b44a92d3b3dbb2502acd9f946174343,test_or_fixture
baseline/tests/portfolio_momentum_stoch_osc_test.ipynb,15976,962926722a72a2a28e01ed448ff0b99bc8ddd4ab384ab8996115b985b227d300,test_or_fixture
baseline/tests/portfolio_momentum_stoch_rsi_test.ipynb,16192,ba2034f8be4d92c8dda36ccce08455a9826129fb58236f959528e2dc898a1934,test_or_fixture
baseline/tests/portfolio_stock_from_pandas_test.ipynb,12779,7d1248e1742a27879dbe8cbfd9b671566c33a9d4819503434752140484fa6a0d,test_or_fixture
baseline/tests/portfolio_stock_to_dict_test.ipynb,12495,3039bbe17372be9009772b9698b4d9a6b707ba140bb288191e647ca7a6e40163,test_or_fixture
baseline/tests/quant_backtester_calculate_returns_migration_test.ipynb,17475,ff71b98c7d82729595bab80d37d10a6e3d13668905ded4213ceba4a1b5c29e5c,test_or_fixture
baseline/tests/quant_backtester_performance_metrics_migration_test.ipynb,17073,ffc6165d92062738f382c5ead0a34710722b439fa332cdc3ea33741a88327217,test_or_fixture
baseline/tests/quant_trading_strategy_backtester_data_load_yfinance_data_two_tickers_migration_test.ipynb,13179,4437f6f77a85f789a85695a85937db9c08548ad484e54831547b93f30f2fbef8,test_or_fixture
baseline/tests/readnext_hybrid_score_compare_scores_migration_test.ipynb,13698,f82c53fabd513be504466779c8be35c85fe173b872d684910b470c6809b6c90c,test_or_fixture
baseline/tests/readnext_hybrid_score_to_frame_migration_test.ipynb,13171,5c5a8927d7efcf35cffccc00e47d8734a5bb7c5f3d2d4118817bc28272e4f7e1,test_or_fixture
baseline/tests/scoring_compare_methylation_pattern_migration_test.ipynb,24528,afed4f44c3da2e8f9c415533cee51ffc7d9d18d3a1c509cae5908c5a201dc6a2,test_or_fixture
baseline/tests/scoring_compare_methylation_pattern_multiprocessed_migration_test.ipynb,25774,507951ab9473337ca355e121ff1bbe09ff651ecce290b5403cb64e8671fbe5d7,test_or_fixture
baseline/tests/scoring_define_mean_methylation_thresholds_migration_test.ipynb,24502,ddfd202a93a1bda926f5993b5ac024b745a52650684f0d7a9cb527d753ad3e7e,test_or_fixture
baseline/tests/scoring_process_bin_contig_merge_migration_test.ipynb,26174,9a336d3a907a6c27eafb552a38bfb9252cd9ca6e72aba1544a7d0ade1e9b9934,test_or_fixture
baseline/tests/src_onemod_utils_parameters_create_params_migration_test.ipynb,13368,b8094a8bb13e7aea9a5cd80bbbdb9ca0c4b978afdb2f75c34fafce5f65441156,test_or_fixture
baseline/tests/src_onemod_utils_parameters_get_params_migration_test.ipynb,13215,cb0f502b9a1f0264bf1ddd491b4dd6012238fce5efc5e9d22f15069710563a23,test_or_fixture
baseline/tests/tesseract_ocr_concat_lazy_test.ipynb,17238,3a0d6dab9782904ea20315b43cc25454b9d82e9d793ecda2bfc429c4c7ba6184,test_or_fixture
baseline/tests/tesseract_ocr_from_dicts_test.ipynb,17595,577259f1f75178784c7e1c42b783a5cc554be69786e4fc88125aa5bcc15ad6c9,test_or_fixture
baseline/tests/test_file.csv,70,ed47c2fb36ca8d15121bfb52fc1d18f0bc1527a66fa14568ec22b087ce0ee657,test_or_fixture
baseline/tests/test_file_binned.tsv,836,3edda2f03c1e064422caab43d8bbdcddef043fa30c384f53ace1be5e06c1213d,test_or_fixture
baseline/tests/test_file_unbinned.tsv,616,c82be25ed1a5f7c7e9db3b21f4c315a063895260e45377614fecc6fe46f59b10,test_or_fixture
baseline/tests/tfidf_cosine_similarities_most_cited.pkl,821,85bfb7830b54ad6dcbed1c45da3b1798a429dc4ca99c33854b0e9a87261cca53,test_or_fixture
baseline/tests/ultralytics_benchmarks_config_test.ipynb,13708,81c632684243cead1ac97a23dc050f78f1b688ad1bcc9be39a8c4b5ffe19104e,test_or_fixture
baseline/tests/ultralytics_benchmarks_dataframe_test.ipynb,14059,9305279ce0cfdfe3d70ee1589137dbc06836f898fbf6fe2095d04dffb36f99aa,test_or_fixture
baseline/tests/ultralytics_benchmarks_metrics_test.ipynb,17530,e1293d16815adf32657b5499f47b736a0ad616e27af11c199c4e78d08c9bbb7d,test_or_fixture
baseline/tests/ultralytics_trainer_read_csv_test.ipynb,10875,eca3c170e2239e3b5aa58ad573ea33f18d34547432bbe873cc479c75b5196b05,test_or_fixture
baseline/tests/ultralytics_wb_custom_table_test.ipynb,12430,78eb2adf0cb9942a5bc5ba9789ae35c1eea02604b8220d3ad78f808f7e37b1f0,test_or_fixture
baseline/tests/visivo_sqlalchemy_read_sql_test.ipynb,11520,42aa773c5c57a2ac2f751f08beeb49f18a515a43ff7d49b9b4f5476bcc59f029,test_or_fixture
baseline/tests/vnc_cmatrix_loc_filter_item_test.ipynb,29459,9d9da422a53a0753b7d907a5eea97e8df57e3f9a7d1b85e24a3bd064f1aa83ba,test_or_fixture
baseline/tests/vnc_cmatrix_lookup_init_test.ipynb,30952,4fa9efd99847280fc1518fdc272f92a4a32d39906f3ef5004aad0771fd43f5fa,test_or_fixture
baseline/tests/vnc_cmatrix_reindex_test.ipynb,31291,fddcdcee6401e78b2e5b777eb583a9f2bc5506195a4defdf9e5af3bf999070fd,test_or_fixture
baseline/tests/vnc_cmatrix_sort_tolist_test.ipynb,33435,af0bda28a0323e76fffdb02a87fb17e3790993b20ab62ce6425f25044106b3a2,test_or_fixture
baseline/tests/vnc_cmatrix_uid_to_index_test.ipynb,29818,238e39980a7812c2ef028c8319ed03c70c1dfda92cac65af1fc4b9decc60c941,test_or_fixture
docs/DATA_DICTIONARY.md,2120,0c5a1b20c4ad35dcf3e1f07e4c688dbef20bbb5975b268d39bbc7b475f14d8d5,documentation
docs/PROVENANCE.md,2081,446922f24513094f6f2e2bdab278599d67ef144155a47cc95dc003d9258a9586,documentation
docs/RESULTS.md,1018,820d8df0891841dc6d4599f2cd08f59525487496228d337c412e30cc5ff79d62,documentation
exp1/code/exact_mapping_pipeline.py,8398,47267f019f793e4ee76aa3bdc837a38ae3ef0fdf1c31a3f0a0690e97ea65272c,code
exp1/code/run_exp1_ast_guided.py,8770,1c126931aea59c2931cd7b3367c91eaa88ff9b0bd032b409149791f6ae2dfec9,code
exp1/knowledge/api_mapping.json,395895,0d566552b51b9502c9bcf8dc680c86fba57159f7fdb8d1492e8bde58a38b1bbb,knowledge_source
exp1/prompts/prompt_template.txt,3185,d039b3cc54e1a89e3904a033fa79bcac954c77a3e04e5766082d826bd4d9552d,prompt
exp1/prompts/rendered/05afd878_evaluate_coassembly_edges.txt,6882,b2f8f51194888a48ec272c5096cb6936d027ce6d2570454bb69bccf116968ed8,prompt
exp1/prompts/rendered/05afd878_evaluate_combined.txt,7072,d5743487df12911f9289da8384d56aa4e094c10a0cc1d754c4e62b23a29ca405,prompt
exp1/prompts/rendered/05afd878_evaluate_nontarget.txt,5689,26bfd80c5c5159c5980d9ad5e1790cbfd0ca88939ecb1e57bf67ad9b638b4ecd,prompt
exp1/prompts/rendered/05afd878_evaluate_unbinned.txt,5297,e7c8d8a93a75683a94f338d72b751dbcf1c14bddf7a6e164e22f3da6968a6a19,prompt
exp1/prompts/rendered/0ffdf231_noaa_ghcn_inventory.txt,3860,d92a4b944c976a082049397f9406f8c92db58e42fa68eeb2ca44d37377e35327,prompt
exp1/prompts/rendered/0ffdf231_noaa_ghcn_stations.txt,3903,a859d7a9630e59e5973b1d470bf052d368080c4988495db4fc2bbffcd6ee9f9e,prompt
exp1/prompts/rendered/142b5bcb_tools_relocate.txt,4651,4df0ae9ec21ccf865f073237520533f6be22454d823be35631a80c001bcd9637,prompt
exp1/prompts/rendered/16645382_exp_stats_col_assign.txt,3202,8a711824d25ef35d9d1f43ce5fbf635c591d233f17528ce77473ab1c3645f1f9,prompt
exp1/prompts/rendered/16645382_exp_stats_rename.txt,3524,431c5e26858a581544a9915e3952ea08231cb9516a320aebd1f332fcd8566e16,prompt
exp1/prompts/rendered/1e52b4e7_concat_to_frame.txt,3586,ca053b4b6b01a9f038357efb770e1bc38610f451f3c47c035e8d29415d08c0d3,prompt
exp1/prompts/rendered/1ec015da_to_rank.txt,5183,240ae802b8d0956146f71e15f414f4f5a499bf7aadce4ea7244ee0f9c7bf2342,prompt
exp1/prompts/rendered/1f8af3a3_target_elusive_sample_pairs.txt,6129,fc59c16039d3f391404ec08afceb405c2c7b4df8dfc74ba0888f422c419cd3fa,prompt
exp1/prompts/rendered/1f8af3a3_target_elusive_sparse_edges.txt,4635,723be8d6c95e9618351775285125ec7ceaa71d8f7cd7ea6ee2b49920ef40141c,prompt
exp1/prompts/rendered/1f8af3a3_target_elusive_unbinned.txt,5311,8465d1b1bb6b4b307993fbfd3c113e966680b23dd02a08ddf03108d6d7f0ebff,prompt
exp1/prompts/rendered/287a28d8_col_ends_with.txt,3493,bf6b63f8881aeccea106f98426374d83c08e28d821e8c3cfc5f90d06424ff2bf,prompt
exp1/prompts/rendered/287a28d8_col_matches.txt,3493,6d89bd200958deea059ae8fbc283aa1be5ad7d16cf121dc761b6c7cf4e76a302,prompt
exp1/prompts/rendered/287a28d8_col_starts_with.txt,3971,208e60fe42875c53d3392324d87ec341291c1487dd300f31c41b1a9fe8f7a15a,prompt
exp1/prompts/rendered/29097c0c_to_dataset_read_wrap.txt,4864,080c3cd7904eb12bdf8ad016b68f0e705527c948cc579ec64fa242a2270d2a4b,prompt
exp1/prompts/rendered/29097c0c_train_iloc_filter.txt,7070,74b9c5e1677c49145448702dbc5978308e11aab0546c6f00c772d59b28cc05dd,prompt
exp1/prompts/rendered/29097c0c_train_merge_concat.txt,3726,9d1058789981f445fb408426217181506bd2d58fd981e0f4c36ad22a74dce405,prompt
exp1/prompts/rendered/325e7c2b_dates_pol_interval.txt,5051,996aa16cedc923d3d2dd8f653f8742e0f4bdc1e9b0a5c27afd3ad56639b570dd,prompt
exp1/prompts/rendered/3c49cad1_bench_interp_cols.txt,4008,9c1f147505b3fc1f1ac86fad220aff9b68cd751d50a403313e196fe938f7f4c3,prompt
exp1/prompts/rendered/3c49cad1_bench_interp_filter.txt,4352,c9ebda53501478c002bb40d195879daf33ea4c82ab4a6d79103fa6eec4b19b08,prompt
exp1/prompts/rendered/3c49cad1_bench_interp_time_regular.txt,3983,eac9969af9e36398140be09794b3da50fcbd01da6e134cac812c155fea54c6cc,prompt
exp1/prompts/rendered/3c49cad1_bench_interp_time_rmse.txt,5160,6ff4ce15e781559f4f3bd219c4098a868ddfbf8b5ee968a54991442b07ae1e58,prompt
exp1/prompts/rendered/3c49cad1_bench_precip_pct.txt,3238,ac1e69c3059298afbf210197d3b8791b9e59523a86048e17aa623cd10e005ca8,prompt
exp1/prompts/rendered/3c49cad1_bench_precip_regular.txt,4994,5225d373eb8475316c652f4626062d6f2c80e3c33ca1344e9ef5fd0c3615b21c,prompt
exp1/prompts/rendered/3c49cad1_geosphere_all.txt,4573,d191fd41113f8f4e6ee69ed0c98648e63ea744b092e6bac047400db7c678f255,prompt
exp1/prompts/rendered/3c49cad1_geosphere_collect.txt,7056,a26e85c0a5085e74817c447e6bab5b0c9fda701d97a016913303b6e47479f50f,prompt
exp1/prompts/rendered/3c49cad1_mosmix_access_dataframe.txt,4153,41ed4b49db1adc75b54b9a5e9fd6b346299c3bda9009f3463246330ac563dce6,prompt
exp1/prompts/rendered/3c49cad1_mosmix_access_datetime.txt,3723,a01a95eea3eca12725be326699ec06315864b4f753bf0c8716ccf12b46997784,prompt
exp1/prompts/rendered/3c49cad1_radar_index_radolan.txt,3760,74220003fa9bfa75acfff7bb0764986d85617c755896df4bee04cf4fba02c3a8,prompt
exp1/prompts/rendered/3c49cad1_radar_index_sweeps.txt,3303,3f29ec01949f97fcd293b2fc7565c0283e4e992b4b0176e614072a508bc1f35c,prompt
exp1/prompts/rendered/3c49cad1_radar_sites_cols.txt,6578,7a75f626bc7d00cfca3a1fc912ab13c708a7dee836ee70213fa6a872beed4c09,prompt
exp1/prompts/rendered/3c49cad1_radar_sites_dicts.txt,4030,41fd78d72ebcbff352f0f5ce59cbc02ff1965aa85d3077fee7afc7a8f11021b9,prompt
exp1/prompts/rendered/3c49cad1_timeseries_extract.txt,3724,f847f6fa0fba772a3c50acc58005aaa6ce3bf044223a0a690044c6cfd055429f,prompt
exp1/prompts/rendered/3c49cad1_timeseries_gain.txt,6539,05e79c5e31103b44ed6343928b3f39c25693f007dd879d46c2a188583660cf4c,prompt
exp1/prompts/rendered/4bb33aa8_trx_stats_isin.txt,3225,706156f9a4b268a7fcdc2d103ca76e5253c0225d4b447af661bb1787dd8d3003,prompt
exp1/prompts/rendered/6f1c2684_datasets_read_csv.txt,3822,af720447b48a73027487aac1889970767e86d20a6d6aef8d9227b00be1853698,prompt
exp1/prompts/rendered/73a39d90_experiment_df_construct.txt,3537,97ee6dbae4cbb9207d3f87bc267a70adaad00e6d5c1cdc63872a5624fdb53af9,prompt
exp1/prompts/rendered/73a39d90_metrics_bootstrap_filter.txt,3651,db3d1b4c154ebd247f7de6412c3162040734d702a20f80872c937470ad0db123,prompt
exp1/prompts/rendered/73a39d90_metrics_groupby_agg.txt,5417,0a81e5764503927fc2e5a5e9e2186256158d6ff69216b93f0740accb0f5d1285,prompt
exp1/prompts/rendered/73a39d90_metrics_groupby_partition.txt,4625,27db7a3a0aa10971b33e20afd08c313d13a34f86c92a159ff3a0b212412af75c,prompt
exp1/prompts/rendered/73a39d90_run_concat_write.txt,4180,8c1973e09f7bc59d536fcd7c6e6f60487f187e57c329f6f013bacd003269e8ff,prompt
exp1/prompts/rendered/73a39d90_run_dataframe_write.txt,4113,3eb7098fbff2cb6e7774dbe22bd58ef61b4a4f170b1afe4b7136fb240e132c42,prompt
exp1/prompts/rendered/774f17e7_mane_mappings_filter_symbol.txt,5108,10d522c43dfef63da7b3f695690752da5ae593e7d6c4a09bebb11efaceb0e1a6,prompt
exp1/prompts/rendered/774f17e7_mane_mappings_genomic_filter.txt,4261,66d69e79afae7c2ecef49b4aa51082f7780345c557fcb918c6c52e461d5e9bc6,prompt
exp1/prompts/rendered/774f17e7_mane_mappings_isin.txt,4631,4d2ff08057e60a59e5010d456894a1f1d3153402263331ee1485bf1144839ed1,prompt
exp1/prompts/rendered/774f17e7_mane_mappings_load.txt,3711,67abf9621d82ea5c5f15f895fa571799648b3473d9dbbf035be89204fd7329fd,prompt
exp1/prompts/rendered/774f17e7_mane_transcript_filter_row.txt,5173,9955373f489d9bede3eb246d1439559f6eae6084667d581f358392ef1bb2e876,prompt
exp1/prompts/rendered/774f17e7_mane_transcript_parse_ac.txt,3973,426e0903c46ca15538b4eae6ef52d31edb678a561ed35abe38e1bf76ea8a669a,prompt
exp1/prompts/rendered/774f17e7_uta_database_construct.txt,3964,b1d65190319206c39e98817db27b472f2ae18decf1ef72bf2e289f4946a57d4b,prompt
exp1/prompts/rendered/7e55b00b_sample_empty_df.txt,4573,7c6cf13f7a9bb6ee12d240a31072fafe9690ce0c7fc7f11c41a4f2f871151754,prompt
exp1/prompts/rendered/8017f91b_embedder_frame.txt,4062,4543a8f380cf1f0201d6cd7a7461152902c1e678818505bfe2e7bf208b5f2c45,prompt
exp1/prompts/rendered/8017f91b_eval_hybrid_concat_sort.txt,3424,a6ef19dd90a590c3fea59c00933ee32ebb50de41f3f281c97dca58f0b5295d41,prompt
exp1/prompts/rendered/8017f91b_eval_hybrid_load.txt,3666,b832277438d0ec16034061226fa8efc52027cae300423f144fd6b6781dd7f7d8,prompt
exp1/prompts/rendered/8017f91b_hybrid_score_concat.txt,3677,b62efa44800593a8dd159b3f390e0ae94fc250adc39d67fea24dfd0add69387f,prompt
exp1/prompts/rendered/8017f91b_hybrid_score_frame.txt,3583,7f9a8ea275b0fec6abde7e5dffc6edc877b929d16c7a3dc90cb2da23bc5ecbcc,prompt
exp1/prompts/rendered/8017f91b_input_loc_col.txt,3719,613fe9df446b0d8480fcf57d6a70195ecf051d3a56cc30fa822fc05e85a30053,prompt
exp1/prompts/rendered/8017f91b_input_loc_index_item.txt,3322,e93d51648da501211a2142621456c98d6f2c19c8f21d7a80c8c030008d9704c8,prompt
exp1/prompts/rendered/8017f91b_io_parquet.txt,4905,efb2c6b9f8ba6ef004fbe8b0294902ef25f010ebe96807b6b6c127a7c7144cce,prompt
exp1/prompts/rendered/8017f91b_model_data_lang_loc_filter.txt,3807,18d84d43ba58ce3c5a923c547a9f2545e642cddfeda03187d65775744e23731e,prompt
exp1/prompts/rendered/8017f91b_model_data_loc_filter.txt,3798,2280942547d182e774c627771f8815c018163a428cbeed65d8f9857ab7a84da5,prompt
exp1/prompts/rendered/8017f91b_pairwise_cosine_loc.txt,4138,96758d0f64e806d268bf021ec3435365e44a1b0416980613fd9db03dfc457baf,prompt
exp1/prompts/rendered/8017f91b_pairwise_loc_filter.txt,3764,c091d245d73b4cf713ecec14943d98916f0640a7d09259ec43ae72ed1c46392d,prompt
exp1/prompts/rendered/8017f91b_precompute_cross_join.txt,5277,d142592697bec3bd14c67ec9c02b1f56c454a9fbfbf370df6af0e60e597c839a,prompt
exp1/prompts/rendered/8017f91b_precompute_id_cross_frame.txt,3657,fa6a19339f997171665645ae2f19044f1de583267a9544a688f30a6edbe905f7,prompt
exp1/prompts/rendered/83c12695_collect_filter.txt,3325,f5823ad91f3b8d8441a70ce03da6381cdd635a5d037151eb2236d9d50e9e9347,prompt
exp1/prompts/rendered/83c12695_collect_pivot.txt,6829,008bbb54607ab37fcbff5bc12f3140a40b8b61e4e6c7fb98732fe488b884986f,prompt
exp1/prompts/rendered/8bb7bc3a_expose_isin.txt,3221,c76263c586491af301473d93d44c1a0ad4daed115d15a31d52bde12aa996f266,prompt
exp1/prompts/rendered/8c71f3c7_attr_getter_unseen_frame.txt,4031,d9b15e5467afdceff4c94538d230fbf0e20c9bf305e8d0f785f4bd7c63359215,prompt
exp1/prompts/rendered/8c71f3c7_attr_getter_unseen_iter.txt,3253,46f5201f22ba8eef3107652098f882d9ca306c34b00e74b40d009e4d8f1a2bfc,prompt
exp1/prompts/rendered/8c71f3c7_citation_models_fillna.txt,4138,4d632cdd51be0259759c21e9ac22e4e952ccb3a1ca14737726d22f343b72b9eb,prompt
exp1/prompts/rendered/8c71f3c7_citation_models_rank.txt,4255,e92885af5bc0b0beb67f0d9b45bd26daf6eeec987341161f95b7de7d2eb8a202,prompt
exp1/prompts/rendered/8c71f3c7_document_info_tolist.txt,3562,4b3086aa3db7769e2d4efb03f2af115192770b4a52a32ae5fb9d896f5cfd8331,prompt
exp1/prompts/rendered/8c71f3c7_embedder_frame.txt,4062,4543a8f380cf1f0201d6cd7a7461152902c1e678818505bfe2e7bf208b5f2c45,prompt
exp1/prompts/rendered/8c71f3c7_hybrid_score_concat.txt,3677,b62efa44800593a8dd159b3f390e0ae94fc250adc39d67fea24dfd0add69387f,prompt
exp1/prompts/rendered/8c71f3c7_hybrid_scorer_citation_index.txt,3326,826289e3ff02b2af68b8140dab90544dd1b41c56a5a40c1aeaaecddeba82d13d,prompt
exp1/prompts/rendered/8c71f3c7_hybrid_scorer_language_index.txt,3326,719002fca8b127dec87b4bd8a7bc07142bfd8f138b3f1d6b96d079773b4f69df,prompt
exp1/prompts/rendered/8c71f3c7_input_converter_index.txt,3322,e93d51648da501211a2142621456c98d6f2c19c8f21d7a80c8c030008d9704c8,prompt
exp1/prompts/rendered/8c71f3c7_input_converter_loc.txt,3719,613fe9df446b0d8480fcf57d6a70195ecf051d3a56cc30fa822fc05e85a30053,prompt
exp1/prompts/rendered/8c71f3c7_model_choice_load.txt,3213,5c62f73c34d0a0d657d5d59eedcac9f750ddcb547e67e61d958b2f0f51ca5bda,prompt
exp1/prompts/rendered/8c71f3c7_pairwise_loc_colname.txt,3764,c091d245d73b4cf713ecec14943d98916f0640a7d09259ec43ae72ed1c46392d,prompt
exp1/prompts/rendered/8c71f3c7_pairwise_loc_item.txt,4138,96758d0f64e806d268bf021ec3435365e44a1b0416980613fd9db03dfc457baf,prompt
exp1/prompts/rendered/8c71f3c7_precompute_df_construct.txt,3973,38523473b757148c6e822e6d7f31e8103c727731cbeb3b955b902b8df5eba5d3,prompt
exp1/prompts/rendered/8c71f3c7_s4_combine_load_concat_write.txt,3321,ff50e6cec30a66efae73501112d64441738d317a493534553ba1ffda23d5e40c,prompt
exp1/prompts/rendered/8c71f3c7_s8_combine_load_concat_write.txt,3339,dc859373fe2c30e491d8c9bab10fd785527edf7e55c5cbe1a76e4492d185b5be,prompt
exp1/prompts/rendered/92e35040_query_appraised.txt,6279,1aaead5af1738d0f945149c08b814718ebad55e07547b9c996f3c70feb89ebe7,prompt
exp1/prompts/rendered/92e35040_query_binned_unbinned.txt,6233,39b577d0ce7d93861dcbc94fc247976591cd6692d9f108609a6722e860a1a45c,prompt
exp1/prompts/rendered/92e35040_query_write_csv.txt,3893,ab1f9a523c068bdf18afe1d8b8f12faa86406e456e183bc3fe7b2cdacd7d4242,prompt
exp1/prompts/rendered/99aff9e0_rename_columns_empty_df.txt,3836,db2157833f7a10e66f2b5f22fd579faa70cd3ec15b6ff2df94aba0f8b7290624,prompt
exp1/prompts/rendered/a39f4527_expose_trx_join_filter.txt,3376,2525c0e83ee56ae25ed26071b72731e156f012db3c58e8d620adf03203fceb36,prompt
exp1/prompts/rendered/a39f4527_expose_trx_left_join_fill.txt,5226,041cb75a007ea199d4a0755f82c9c954b788a3aeb96e0b67b017eaf77fe0d302,prompt
exp1/prompts/rendered/a39f4527_expose_trx_pivot.txt,3688,f3306bf0da0cb1215d38548768c0183a0266cbda2f1deb176ee41dbd90ec209f,prompt
exp1/prompts/rendered/a39f4527_expose_trx_unique.txt,7793,6ec67c45ad992967697243bd1299f3fee909b275e150c5fd75eaf4979ccbcd6d,prompt
exp1/prompts/rendered/a52cebfe_common_get_observations.txt,4548,81a2467d80f0f713b0872514800bdc3403fa581f8ae960a599948b790503a8af,prompt
exp1/prompts/rendered/a52cebfe_common_summary_filter.txt,4867,63e31609f06459b0e86e5d7af5c0148e3226b2ade02cc72c0c5afdf9c1a7ebf0,prompt
exp1/prompts/rendered/a52cebfe_es_update_pivot_join.txt,3473,4004ab87d1395e10cb06acc920b75005fe082071e11b6f2826ec2dc10bbef7e2,prompt
exp1/prompts/rendered/a52cebfe_es_update_scaling_factors.txt,4256,5f625675e4d8c9d8b14a8bab2d49fe17624c1bb21862e751dc7d1eb2e4ab3daf,prompt
exp1/prompts/rendered/a52cebfe_measured_data_pivot_join.txt,3416,5c3db1a60a10066d488512287bce32176f22468d120117e74295a8996ef8104b,prompt
exp1/prompts/rendered/a52cebfe_rft_concat_write.txt,6103,4d7e6ac3c03371f89baf717edefd07bd3b8e8049a32f2250303e7263a02c4c50,prompt
exp1/prompts/rendered/a52cebfe_rft_obs_join.txt,4974,4289e44d6cb0fb9ea1a2f23f67befdeee8778bb505222b4652d292b41f400405,prompt
exp1/prompts/rendered/a841955a_summarise_select.txt,3255,49f7cbae0a6f854ba39aa01248f6b5cb80a2e67f2746bf6ef6f388fea6c0cd9a,prompt
exp1/prompts/rendered/a841955a_summarise_unmapped.txt,5130,2de4cd8aea1814b554381bff2d3e63304f226cdfbb1939c583a8b49cc1ca31b1,prompt
exp1/prompts/rendered/acryo_loader_corr_max_with_columns_migration.txt,4088,76d0a6ddff5fa8cc515ad2f5244f5bdc2868d772d0f5fe8f1c326bfffe59be86,prompt
exp1/prompts/rendered/acryo_loader_get_features_migration.txt,3955,8710fb73135fa2ab5f2678aa54935cf99b1e7fd57fb192ea37c245623ce27a2c,prompt
exp1/prompts/rendered/acryo_loader_scores_with_columns_migration.txt,3692,68e26b297fcae979ad7bbbeb63461f15c36ec1d4697788f8ac6d930e94ce70d6,prompt
exp1/prompts/rendered/acryo_loader_update_features_migration.txt,3658,2f8e1c2bb68ffb0eeacbffaa6a6c0b183d0cb9cb053b1f2259cce337f39ed439,prompt
exp1/prompts/rendered/acryo_molecules_concat_migration.txt,4545,a77b763620fabb0acb79ee0c1d81f816314629dc42547b326810b0b9456ae5ad,prompt
exp1/prompts/rendered/acryo_molecules_from_csv_migration.txt,5374,34edbeded676c271fe1f557c3f159f134ce862f00d2e867f2889ab7beb6b53bd,prompt
exp1/prompts/rendered/acryo_molecules_rotation_copy_migration.txt,3247,9c84b5ffa753515a33605c2bbfa7dd947a960e448cc8a08886549752d3e77a9b,prompt
exp1/prompts/rendered/acryo_molecules_subset_migration.txt,3780,e2907ca124efc8f5ef2b5e5c83d7db74d8cf384a73b53403b9aeb3e0798a8bad,prompt
exp1/prompts/rendered/acryo_molecules_to_csv_migration.txt,3836,1eab265385e758db65d3bfa746a3938a6a2b8e6c49c5146a09d83625ec8dc2b9,prompt
exp1/prompts/rendered/acryo_molecules_to_dataframe_migration.txt,4181,6c13560f94923cd5b3afb3ba4f2e9e9229b90e477b4f7d08af0850fd3ce5baba,prompt
exp1/prompts/rendered/acryo_molecules_translation_copy_migration.txt,3254,c91b7928fc55ba4dacddaf485a153abbdc7aab73b52ca0be45764739e7196a38,prompt
exp1/prompts/rendered/adjacency_create_matrix_loop.txt,4827,4dc8205bb0d9614013dde1b3edf0ea6db63cb964ff94e3c804d0377f7c2da7fd,prompt
exp1/prompts/rendered/adjacency_read_file_to_polars.txt,3686,09d54e43b6f15703dfd3dece6dfa9dd19968f14179f4b69fbf7bfc6d38d2292a,prompt
exp1/prompts/rendered/azure_ocr_concat_lazy.txt,3583,aba8ffc2f758f0b03ad790360d94d115f079534ccc3790f356981ece472b6c7e,prompt
exp1/prompts/rendered/azure_ocr_from_dicts.txt,3561,a3016ea4946c1a5cedeab288fdd56cd326d8f5fde0f4cbbda2d2ea55b061c961,prompt
exp1/prompts/rendered/b36214f9_preprocess_attrs_registry.txt,6547,4d998e5757f1f5964979b02246e2d3bd59fb2048abe215d2ddf2cdf940533dc5,prompt
exp1/prompts/rendered/b36214f9_preprocess_columns_tolist.txt,4880,b12a4579c3390161ee5a419f921526b28c66926a4858b81504b351b531e844e0,prompt
exp1/prompts/rendered/b36214f9_preprocess_shape_rename.txt,5332,4c699f44d3780191fb6eb5b7900276a817cae91cf79e5bed2c1b30072c2aa59c,prompt
exp1/prompts/rendered/b36214f9_session_dropna_unique.txt,3843,87473e2575aa069ae2275427818d68fb727295975abdf80410e1cf64b827f339,prompt
exp1/prompts/rendered/b36214f9_session_read_csv.txt,5190,2714ce860f68be8bcea7567658794ab7a6f1f370dce363a3e1e1434e5b770fdf,prompt
exp1/prompts/rendered/bbe5d7e5_create_data_frame.txt,4669,2f4b985af58583dcc7aed5ed575773d19ec8af7b540ee562554fe610208700c2,prompt
exp1/prompts/rendered/bbe5d7e5_datasets_read_csv.txt,3877,f541804b24b80189f08f464f9e0a09d3710e4797931c7cb7212dc8e1e5b28eaf,prompt
exp1/prompts/rendered/cb25a1c5_wsv_pegel.txt,3786,11996a942748a838370db95f84e7426b75f3b3a6334df4b6e34da5ed9c5df7d4,prompt
exp1/prompts/rendered/d90ed416_ibis_filter.txt,4193,4675ac75753d22287176576dc5c8add95e3c7f4bf4741ed4472e15f991637c35,prompt
exp1/prompts/rendered/d90ed416_ibis_isin.txt,4171,436b1f9fc52a206b4ac7d9edeae8ccea4f2c7f4e4c24a3f43d3c98c9b5e0366d,prompt
exp1/prompts/rendered/d90ed416_ibis_join.txt,5711,d9f171c1c0c35e3f6eada2b85f775de226aca2bf49e3b1f3fbffee5fd02ea5de,prompt
exp1/prompts/rendered/db5fc12b_expose_date_str.txt,3720,111d4a47ace91598559328c36b92a6b18db2ee9acd8772988b2f7ab8394fac0d,prompt
exp1/prompts/rendered/db5fc12b_expose_rename.txt,4340,6cf6093c2a4f014fc700e6a830f1ac10fb0e8e6522570cf89b8f7f2cc9a148f9,prompt
exp1/prompts/rendered/dcff23d0_filter_concat_all.txt,4457,a58964fdc4eaa3d587131d2df6c236fdcd8768cb05a7117c5343ce703f48621e,prompt
exp1/prompts/rendered/e3227f4f_split_empty_df.txt,4714,d4f3ebfb485fc2731f81d713630440fa8efb4e937632c0f0545468bc65200479,prompt
exp1/prompts/rendered/e8fa7691_design_matrix_model.txt,5482,c26df5b0a73eb6b845754d8eb0525cd412737e9da7de6aae9e08dd9fbbcad1fa,prompt
exp1/prompts/rendered/ed3b46c0_base_pattern_iloc.txt,4380,94812be6ef4d372188ad82ba0bd3b90a6fe5fff9808eadd5b6872068b9a868e0,prompt
exp1/prompts/rendered/ed3b46c0_base_pattern_pred_concat.txt,3541,bd3655733dfd008215438f7de5d0b10903aef2e28091127e4333d6de8d5803fb,prompt
exp1/prompts/rendered/ed3b46c0_classification_iloc.txt,4318,578d34e88c66083b567745a876d68104abc9f7dbe7e3403ed43e3ad184493690,prompt
exp1/prompts/rendered/ed3b46c0_classification_pred_concat.txt,3835,ce4a5429e83fa438e307d276d4dd83374e67a9d77e18ce67ce3981e850205757,prompt
exp1/prompts/rendered/efc0581f_azure_concat_lazy.txt,3583,aba8ffc2f758f0b03ad790360d94d115f079534ccc3790f356981ece472b6c7e,prompt
exp1/prompts/rendered/efc0581f_azure_from_dicts.txt,3561,a3016ea4946c1a5cedeab288fdd56cd326d8f5fde0f4cbbda2d2ea55b061c961,prompt
exp1/prompts/rendered/efc0581f_data_assign_bbox.txt,4306,50afb1081f957ffad5724fe6c1c6625e092aba457c3da758f352b7c40913a8c8,prompt
exp1/prompts/rendered/efc0581f_data_filter_page.txt,3228,127b94b770377521ee2e931b259222ef7b74cab26f8e0e930bcf389baf188351,prompt
exp1/prompts/rendered/efc0581f_data_groupby_agg_text.txt,4903,c127632d709f6cb4c77a5fddb9ec01eecce471a8c2641a86c85685106478d3c5,prompt
exp1/prompts/rendered/efc0581f_data_merge_cross.txt,4734,7848da636abd1c3af8051fe369d858c29aa05897c0408139944220d2d0163429,prompt
exp1/prompts/rendered/efc0581f_dedup_nested_cross_join.txt,3884,0b0e19d15f1616fdc2670f8a5a891fd7c11834bc7cdf9b2729ebe2cee3eda156,prompt
exp1/prompts/rendered/efc0581f_dedup_redundant_filter.txt,4801,e807aa3f3465f65ed232dfc856a72a1bdd4a587df9187ca21a4689436bc10e01,prompt
exp1/prompts/rendered/efc0581f_dedup_vertical_sort_cumcount.txt,4536,86335a435f7ebc1b1fc958c56c87ed95134d6eb449035901d5797797dd898947,prompt
exp1/prompts/rendered/efc0581f_ident_explode_cells.txt,6418,4616db718e147928ef88ca4189b9944a3e8af930f46b9a203bd12972548494ea,prompt
exp1/prompts/rendered/efc0581f_ident_from_dicts_cross.txt,13184,fcc4cbf0e888843eb468033b2caeabe15555173cadb1de5abec6601d73ccfa9f,prompt
exp1/prompts/rendered/efc0581f_ident_with_columns_conditions.txt,4056,7f17656f5f3fecbca26598a4fa6edc95594233cd2425bad60ffd4f6bfedca11f,prompt
exp1/prompts/rendered/efc0581f_lines_filter_words.txt,3671,bdef3fa098323772f1eea3108cc4cce8560c939ec5bcac8c53ea4f0f79f89845,prompt
exp1/prompts/rendered/efc0581f_lines_from_dicts_lazy.txt,4919,8014bc58345b1d9b5809752aced96f20b0360562f70bcda5e6c61855ebd59a5a,prompt
exp1/prompts/rendered/efc0581f_lines_groupby_filter.txt,4985,2afee11f52916972d00b4b101ac147fd9c0f7b1eb4901a5150a4fd2afb23b36f,prompt
exp1/prompts/rendered/efc0581f_pdf_concat_lazy.txt,3199,7bc35fc193c747fcc80065066abe9f6625f5d63d22840da4499777febbe77e0b,prompt
exp1/prompts/rendered/efc0581f_pdf_from_dicts.txt,3964,ffb8fd3f073922b9c5846d00783feb52fff4308a0a56639cd4de803fc776f91d,prompt
exp1/prompts/rendered/efc0581f_tesseract_concat_lazy.txt,3583,aba8ffc2f758f0b03ad790360d94d115f079534ccc3790f356981ece472b6c7e,prompt
exp1/prompts/rendered/efc0581f_tesseract_from_dicts.txt,3561,7ca739d52deb97e1b79018fe1f35ba37edea9b6b88993864a1138d85fbb9ab41,prompt
exp1/prompts/rendered/efc0581f_tesseract_nan_none.txt,3204,b5ef60c24ac0ebdd9e61b4650e152ceba0482561912fa0f0b0e7a24b84a38cae,prompt
exp1/prompts/rendered/efc0581f_textract_concat_lazy.txt,3583,aba8ffc2f758f0b03ad790360d94d115f079534ccc3790f356981ece472b6c7e,prompt
exp1/prompts/rendered/efc0581f_textract_from_dicts.txt,3550,2e7a022e0af2bb343edf392cd455e64e4dbcfcfced8234f4578c79a115d4d8a1,prompt
exp1/prompts/rendered/efc0581f_vision_concat_lazy.txt,3583,aba8ffc2f758f0b03ad790360d94d115f079534ccc3790f356981ece472b6c7e,prompt
exp1/prompts/rendered/efc0581f_vision_from_dicts.txt,3550,2e7a022e0af2bb343edf392cd455e64e4dbcfcfced8234f4578c79a115d4d8a1,prompt
exp1/prompts/rendered/f11c29ae_dataset_df_clone.txt,5869,42d86bda8a6fd46f0256eed75835178f771e3c54b8106f4d493b23eb88e4265e,prompt
exp1/prompts/rendered/f11c29ae_dataset_loc_select.txt,4711,6e3053a1343d4609b5012bfeba227c82b8bd0691f471c1ddd91e79032d86c4d2,prompt
exp1/prompts/rendered/f11c29ae_dataset_save_load.txt,4903,8a207eeef386c74301a4125839eb2ed9b7ac1dcf0e77a1c49fe9a1958fa631dd,prompt
exp1/prompts/rendered/f11c29ae_dataset_to_pandas.txt,4020,524c5b2c28174e2af9c4356bbde4d12cdc56d1fffebdfae8f37b58d46e0870fb,prompt
exp1/prompts/rendered/img2table_aws_textract_concat_lazy_migration.txt,3575,68ef70d0921103e3d2a4a9674b124bc637437eed074fc9cb7c8bae1d140e6067,prompt
exp1/prompts/rendered/img2table_aws_textract_list_dfs_migration.txt,3542,adda83f17e2a681dc98fd4b9a1e6da2c77682df31c6ee165562c1c554e3ee59f,prompt
exp1/prompts/rendered/img2table_azure_concat_lazy_migration.txt,3575,68ef70d0921103e3d2a4a9674b124bc637437eed074fc9cb7c8bae1d140e6067,prompt
exp1/prompts/rendered/img2table_azure_list_dfs_migration.txt,3549,015cd062a5cc02cd6040a41fdd91e05df8379c274439da329b5c3363f39d3df2,prompt
exp1/prompts/rendered/img2table_cells_adjacent_redundant_migration.txt,3973,76e753183a0ee39ea18204b3fe4b2254ead98205906a17d331b7ef7179f12c32,prompt
exp1/prompts/rendered/img2table_cells_clone_rename_migration.txt,3542,0cc3442651356f8f16b66327ce196e060fc3800d0befbb5af5011c791deae874,prompt
exp1/prompts/rendered/img2table_cells_contained_migration.txt,3435,3205a75feb01ac18ba2bea0d7454a8b16bd07dc89377ba0f06381367226403c0,prompt
exp1/prompts/rendered/img2table_cells_cross_join_filter_migration.txt,3872,71321a20ff52c4392953dbd43eea16ce96eda0d581a2a4482bf71829cf939cdf,prompt
exp1/prompts/rendered/img2table_cells_intersection_area_migration.txt,3328,f68136e312de6eba548b3080d74fc21a0030df22dac42ab26d5eb9af0c2460b8,prompt
exp1/prompts/rendered/img2table_cells_overlap_diff_migration.txt,5191,e21912329ce5f3b5593cd6f60bc3f6c731531e5e77bd56d0f7d9e956b75e87f8,prompt
exp1/prompts/rendered/img2table_cells_redundant_removal_migration.txt,4793,3b28124b04f9519e0b1bc59fed9cc839314b9325387ecbd07b01443950eebbf3,prompt
exp1/prompts/rendered/img2table_cells_vertical_deduplication_migration.txt,4738,b23ee54aa4c50defbdbd3c6a85299f4200ecda54b3bc7adb508ccdce9415e4a9,prompt
exp1/prompts/rendered/img2table_cells_width_height_area_migration.txt,3319,794d70697384f819fc42d195b994b346b5b538386e0f45356471c00859e91e5b,prompt
exp1/prompts/rendered/img2table_google_vision_concat_lazy_migration.txt,3575,68ef70d0921103e3d2a4a9674b124bc637437eed074fc9cb7c8bae1d140e6067,prompt
exp1/prompts/rendered/img2table_google_vision_list_dfs_migration.txt,3542,adda83f17e2a681dc98fd4b9a1e6da2c77682df31c6ee165562c1c554e3ee59f,prompt
exp1/prompts/rendered/img2table_lines_cross_join_migration.txt,3679,1134ef888b0ce8331a6c24d88a9cae249e1bf87946504697a6070cc73ab0762d,prompt
exp1/prompts/rendered/img2table_lines_df_lines_creation_migration.txt,4899,8da3ffa210caea6d3cb83b0595421dae9a6dc553f3107af0075b5a48ba0db7f0,prompt
exp1/prompts/rendered/img2table_lines_filter_words_migration.txt,3663,75dd28f7e13d3a8638aad7164f2a023159116bccd12c15856df7b4034999ea89,prompt
exp1/prompts/rendered/img2table_lines_groupby_sum_migration.txt,4177,5109fef1b3c74a006705142a8576eddc137367487d489a46d2772551a343cb6a,prompt
exp1/prompts/rendered/img2table_lines_intersection_assignment_migration.txt,3643,41607cc9f4d28665ccfe4efd4ae963539ed040567096a3fa8f34f5b10890cf73,prompt
exp1/prompts/rendered/img2table_lines_intersection_formula_migration.txt,4952,450498a9647cbb0d79c09d33994e0704776e6452f26648aabf757c862264c9cc,prompt
exp1/prompts/rendered/img2table_lines_intersection_lines_filter_migration.txt,3947,e9f92fd7b11853630994e814333ec20252e212958ce768046077f73abb9ee646,prompt
exp1/prompts/rendered/img2table_pdf_concat_lazy_migration.txt,3191,6d3572018f57da697068dd14d49eac9e52c6b381e6472e8443519fd6ff4209bc,prompt
exp1/prompts/rendered/img2table_pdf_list_dfs_migration.txt,3956,3f46aedd9209a9810a10685fc0178a4757a0b3b748ebf7f956491a394e586884,prompt
exp1/prompts/rendered/marimo_chdb_cursor_rows.txt,3656,24bf803f1c2e1cf73a33f7cd7c8c3bcd634ee139b2b9e364e6f03a8926378319,prompt
exp1/prompts/rendered/medmodels_classic_distance_covariates_select_migration.txt,4544,d1a479589e5ea0fb8f268d53185797a97f3e0928adac1683123329ba5e570068,prompt
exp1/prompts/rendered/medmodels_classic_distance_match_migration.txt,9450,a1ad765ba5df5994f2d30a0a6aa07f91d03a2acf7eab123edcf6efe486ace7db,prompt
exp1/prompts/rendered/medmodels_medrecord_process_edges_dataframe_migration.txt,4727,81ffcd7c4fe251733c4c8cbbcdbf22a23c0d55ff5f1edd07ec1199a02f6e781d,prompt
exp1/prompts/rendered/medmodels_medrecord_process_nodes_dataframe_migration.txt,5003,86bdf55b5eff5ea21f8d653c4bdc779e7c54692ce1d1cf6d16c96056de865d84,prompt
exp1/prompts/rendered/medmodels_propensity_score_prop_score_migration.txt,4710,49761507427b1ebadb5a63eaa3a6ee49103bd1df107914c09af35d5d5a0f0525,prompt
exp1/prompts/rendered/medmodels_propensity_score_signature_migration.txt,4261,e9ce2667fe9c2dd73e5ee9c1cae1055a792f971e7edfa469f2e9ac6b361b1a7b,prompt
exp1/prompts/rendered/mexca_data_delete_filename_time_col_migration.txt,4000,d2fbcc44646dc732fabfb188127e3a7020ea2d4cb26717988de4cc975f8e9f5a,prompt
exp1/prompts/rendered/mexca_data_merge_audio_text_features_migration.txt,4738,cfe3ba6fec2b518abef54fec616b18ba18d56adadb9841e76c02b49371ef00e0,prompt
exp1/prompts/rendered/mexca_data_merge_features_migration.txt,4762,c06cd240bea4513588bf9052e291f6339a54f473403280525453fafe850b2721,prompt
exp1/prompts/rendered/mexca_data_merge_video_annotation_migration.txt,3821,641b084c031f7fc8660ab4423298b93cb5376a06148274190b01048f5550a5ee,prompt
exp1/prompts/rendered/mexca_data_merge_voice_features_migration.txt,3665,c665242d5ebe64e744c751e8bef1ba9ad38fbc44fccca2187697327f4b3088f4,prompt
exp1/prompts/rendered/mpds_get_dataframe.txt,3581,2684a5fee9dfff86423ea6c1d4b6bbab87e743a1fb6b84e40ecda2cea1cc6709,prompt
exp1/prompts/rendered/pheval_gene_identifier_map.txt,3949,01ac9675b836ff95a746ab8357688741bf061f78eb881ad46690144b74ac30de,prompt
exp1/prompts/rendered/pheval_gene_updater_find_identifier.txt,4334,038b69f133eea7f68bafa232e34b10a12710efb278864820c7d5887bf4706037,prompt
exp1/prompts/rendered/pheval_gene_updater_find_symbol.txt,3214,18014d76376a2e85281662a9aec50b1f693e0b294ad5efd14cc5374e7e7e2227,prompt
exp1/prompts/rendered/pheval_parse_hgnc_data.txt,4266,0499e5b2e48a3a38941cf146707bea542b34dceded3721be6c326e2561ea004f,prompt
exp1/prompts/rendered/portfolio_momentum_roc.txt,3250,e9df9f507639c7532a3152c245f52ba3e1ee9e3f30c246c1d55b1b0f3474cc4d,prompt
exp1/prompts/rendered/portfolio_momentum_rsi.txt,3250,781c76101e6adf54bc56780916ffa494c77de278c84fc2dce465272c5ea3e4f2,prompt
exp1/prompts/rendered/portfolio_momentum_stoch_osc.txt,3487,b3b6a2c6635ca85f5d50e2688bd1ee4bbec74e879cbfb80dc11261034e870975,prompt
exp1/prompts/rendered/portfolio_momentum_stoch_rsi.txt,3465,2ef35a64a081d3b34092fa47f10468113a7bf5a295f2b03b3ba2001a5a25c48f,prompt
exp1/prompts/rendered/portfolio_stock_from_pandas.txt,3662,c56534c2a69a9b616464e98b79229fdb7544dc3bdc62f874f166e7dfc832d844,prompt
exp1/prompts/rendered/portfolio_stock_to_dict.txt,3195,a14a74853f3e180c5431b2b29d2c0b426549db6940af503c9bdc489088d3ec55,prompt
exp1/prompts/rendered/quant_backtester_calculate_returns_migration.txt,7092,16253a8ab4e33f940fcc0d1799dd18a067cb489fe5a8de9918905f7b24655cc3,prompt
exp1/prompts/rendered/quant_backtester_performance_metrics_migration.txt,5175,5d2de8b5ce6baf8daeaff8b02fce44849d646f378b8462a1c9b25a89749732dd,prompt
exp1/prompts/rendered/quant_trading_strategy_backtester_data_load_yfinance_data_two_tickers_migration.txt,3902,146e67628a7b58c5925848ffa6bc915bdd9677c15333e461c289fcc853b513a8,prompt
exp1/prompts/rendered/readnext_hybrid_score_compare_scores_migration.txt,4241,76f7f33f336d4e316e1130e71d1a2368b8545f01c9b8c017c8bd8e9432c5c16a,prompt
exp1/prompts/rendered/readnext_hybrid_score_to_frame_migration.txt,4153,7399c719f8bd5559c45d35cd231b9d6765ef245fc71269fe38fb78d0e5e8835f,prompt
exp1/prompts/rendered/scoring_compare_methylation_pattern_migration.txt,5925,8d9bab86cfa4bc2b26943d7e4db711b8462a240e2eacdc2b7d60d48da646d035,prompt
exp1/prompts/rendered/scoring_compare_methylation_pattern_multiprocessed_migration.txt,5775,fee11a8eda728c0efc117760ed0b092546150f6c3fb387d620fcf1350db3fcb0,prompt
exp1/prompts/rendered/scoring_define_mean_methylation_thresholds_migration.txt,4487,700c3e44b1820d7e1eb0bc9c6fec31991e1ff29e7f9e5cc239f4630310fb1d99,prompt
exp1/prompts/rendered/scoring_process_bin_contig_merge_migration.txt,4150,1668c9594f81e75a58ee87d46c06d79fd7dfe3b8825ce88c47e95866474aad5e,prompt
exp1/prompts/rendered/src_onemod_utils_parameters_create_params_migration.txt,4309,c5a2df93900bbd40c7e5b2649bc2ff9643d2699547a11f020428ab358a51608b,prompt
exp1/prompts/rendered/src_onemod_utils_parameters_get_params_migration.txt,4739,ba06479e9d69ec5e515a1ab37485b2e63778442f65f9cd2a8889bdf72070f587,prompt
exp1/prompts/rendered/tesseract_ocr_concat_lazy.txt,3583,aba8ffc2f758f0b03ad790360d94d115f079534ccc3790f356981ece472b6c7e,prompt
exp1/prompts/rendered/tesseract_ocr_from_dicts.txt,3561,7ca739d52deb97e1b79018fe1f35ba37edea9b6b88993864a1138d85fbb9ab41,prompt
exp1/prompts/rendered/ultralytics_benchmarks_config.txt,3221,14907d2d494c65cad216fb69f5abe31d145e2fc19ea3126a19744e98b1dd2253,prompt
exp1/prompts/rendered/ultralytics_benchmarks_dataframe.txt,3592,65a4d05f46080925236b44884b263aea8228dde31e8fcb269604fef470f9e244,prompt
exp1/prompts/rendered/ultralytics_benchmarks_metrics.txt,5537,e3cc1eb8e9f48b34991a539c3a4b25f5430aaa46d26d9de8f9047861401f6e33,prompt
exp1/prompts/rendered/ultralytics_trainer_read_csv.txt,4414,261b94416fcc94885f956dd1a05d146ae0e8b67b764ac69fbe65aa5d2a38b700,prompt
exp1/prompts/rendered/ultralytics_wb_custom_table.txt,4141,9c338840a71adab820965369307c8a3168df46a5b75e206634c499f26deac80e,prompt
exp1/prompts/rendered/visivo_sqlalchemy_read_sql.txt,4191,dd7f6ba2f99f0a48d7cb3333f4c52fe50bcfa9b13909675cf859ab81715f0d24,prompt
exp1/prompts/rendered/vnc_cmatrix_loc_filter_item.txt,6721,1833f5c1067613a15f0597b4163232a53523c11ebb33754daea036f05cf3be32,prompt
exp1/prompts/rendered/vnc_cmatrix_lookup_init.txt,6520,87cee4d116c279ae30ef5f8982700338fc8cc1f8afafe20700f74586818b2c68,prompt
exp1/prompts/rendered/vnc_cmatrix_reindex.txt,5849,6a5673285943d48f08f0bed086bc482e47c6cc5421a2857008fd44d50e20bcb1,prompt
exp1/prompts/rendered/vnc_cmatrix_sort_tolist.txt,5756,9ca8cc43d547c6f4d0292a0de7e141d470790cff3fc1ee66035ef3b00fd87ac5,prompt
exp1/prompts/rendered/vnc_cmatrix_uid_to_index.txt,3514,87e4cb314fcfb1d8a6a3dedc02e5148390bc8bfd80b6729fa10c77a59bf981be,prompt
exp1/results/generated_py/05afd878_evaluate_coassembly_edges.py,716,7cf8e38197586d502309473d09bc1dc76a73a7d9b2d862a5a38e6581f6b8efdc,result_or_output
exp1/results/generated_py/05afd878_evaluate_combined.py,521,329efbd92d262a3c1deaba53ea17dcdb9a9b017de121cebd4998732991687caa,result_or_output
exp1/results/generated_py/05afd878_evaluate_nontarget.py,578,b1c62dd8a2a80885492086006c24802e0570781dbc1ccc311a13f3b104c1ef2b,result_or_output
exp1/results/generated_py/05afd878_evaluate_unbinned.py,325,7421c686064e73ae18a809c262642673cab1baa9f914bd081f098837f64b7eae,result_or_output
exp1/results/generated_py/0ffdf231_noaa_ghcn_inventory.py,240,f18eb5bf5dc5d55bfeabb56e59f812675c511735c8a90a6c7b37fe582e22397b,result_or_output
exp1/results/generated_py/0ffdf231_noaa_ghcn_stations.py,235,f98b8ac23a101823c9ba767ed8b850b22094dc9e2318b25dcb1e9a82ab172892,result_or_output
exp1/results/generated_py/142b5bcb_tools_relocate.py,498,37fcd3d2a9892749eec800a6b6c49f78c6cc6f91265618539555ceeda8fa423d,result_or_output
exp1/results/generated_py/16645382_exp_stats_col_assign.py,82,f1cfd576dcb69fc3a5a108bdd6e97506ce64efc92b45e74a6c8c1b2cbdaf6315,result_or_output
exp1/results/generated_py/16645382_exp_stats_rename.py,53,394183e230c576c065979e73a4d9123305498660c476251cda54debea003378c,result_or_output
exp1/results/generated_py/1e52b4e7_concat_to_frame.py,88,8fcc76f2af983e5bce68be000583a02126a2486d85f86449676afaf3fb2f29ef,result_or_output
exp1/results/generated_py/1ec015da_to_rank.py,332,0d88f93680d7bcf893efd21079c9d31bddfa5b7e0ee9e85ae5377df1bf4f94ad,result_or_output
exp1/results/generated_py/1f8af3a3_target_elusive_sample_pairs.py,593,34dbaa40f9e72eae459ec82dc3ca7f09bb71a615a907ba4e4cf7a4e83ef06a0b,result_or_output
exp1/results/generated_py/1f8af3a3_target_elusive_sparse_edges.py,239,ffe740a1f773aa8f64697a6203c3f5650a40f7078a243f596284fe45f191001f,result_or_output
exp1/results/generated_py/1f8af3a3_target_elusive_unbinned.py,511,1887a26bd3aa933c0ffe1e1a5ce15f1497e97516a5568647ab84e431be7167df,result_or_output
exp1/results/generated_py/287a28d8_col_ends_with.py,58,672e05e0ed123fad24c3f3de276a0acb25555d30c03600fbd694654c65360773,result_or_output
exp1/results/generated_py/287a28d8_col_matches.py,286,dc228c7ab154773bf8ae7519ab439931404befb59eb3b1812dfe19725262bbe8,result_or_output
exp1/results/generated_py/287a28d8_col_starts_with.py,196,72664ab5ed724315ff02b19ec492bc03373c40225e3b56d3b7ab854ad0c576fd,result_or_output
exp1/results/generated_py/29097c0c_to_dataset_read_wrap.py,636,332d7c66ef9bfc737d6cf46c024f15ccf882cd4a2f23718147a407ec15f3e123,result_or_output
exp1/results/generated_py/29097c0c_train_iloc_filter.py,1034,ffec1c1a91616b8572b1dec80d701b8c4e8f417128c2765fef7a1e8153312f11,result_or_output
exp1/results/generated_py/29097c0c_train_merge_concat.py,869,9f4af0c81f023c7ef069a66ace986808611d22f3bb9ffb68b9180e7a208ee44b,result_or_output
exp1/results/generated_py/325e7c2b_dates_pol_interval.py,1770,59b7114eb1b4b0d4d80a2fecc3467eba6aa9ba3664323da12016dc0549e40ea4,result_or_output
exp1/results/generated_py/3c49cad1_bench_interp_cols.py,162,a1afc04a75803380f19e85bfebd23cbabe02a368f0843727b8358803d8191562,result_or_output
exp1/results/generated_py/3c49cad1_bench_interp_filter.py,163,30bfbd251f4b2030bdd3059f1608dc24f6111cd0ab76867946cdcff2c93be04a,result_or_output
exp1/results/generated_py/3c49cad1_bench_interp_time_regular.py,383,ee9576a2983203c95f323840c79e30ed2bdaca849f0ddf7aeeaab6716dda544a,result_or_output
exp1/results/generated_py/3c49cad1_bench_interp_time_rmse.py,221,dbc50c3a48db4de04b9c16072340bd021170e861939588bd1e5d82f22a3cbf57,result_or_output
exp1/results/generated_py/3c49cad1_bench_precip_pct.py,108,cfb7a7ad91c2f30edecd0850dd367062aae045a15a874a79b7843a08067d2df5,result_or_output
exp1/results/generated_py/3c49cad1_bench_precip_regular.py,402,f03484cfc34093ab75c0f6e348f235319bafb855dd12c17ec9cf03c365983e9f,result_or_output
exp1/results/generated_py/3c49cad1_geosphere_all.py,135,746fdd1fbbd741cadc658032d65e06f26343e3e593f5365d020f2aba250efb80,result_or_output
exp1/results/generated_py/3c49cad1_geosphere_collect.py,811,7eb93d9328fdab18e656b76cdcc14a696ac48b4ad48c7d29112c4e9c2d0a50d4,result_or_output
exp1/results/generated_py/3c49cad1_mosmix_access_dataframe.py,96,a4bccfff9affa61535d73bb24ea80d9771afd315a4ff83596bcc594af62aa84e,result_or_output
exp1/results/generated_py/3c49cad1_mosmix_access_datetime.py,111,4e0c74128d4089bfc1ab535ead03c6c66a3478779ab1dd006eece7fc3f7b3fbd,result_or_output
exp1/results/generated_py/3c49cad1_radar_index_radolan.py,250,30b57de7fd887a6ef16a0d40bddebdf0e121ae3b0cf605614e85760bfde07709,result_or_output
exp1/results/generated_py/3c49cad1_radar_index_sweeps.py,164,8be35dc910cbbebba9ea6e23f058d86b53fe88a328af8fe9783395746d83d31a,result_or_output
exp1/results/generated_py/3c49cad1_radar_sites_cols.py,567,5bc2b1a347459578fcbe260e8bfeeb640d556174c89864b413d8fa2615fa1b56,result_or_output
exp1/results/generated_py/3c49cad1_radar_sites_dicts.py,178,444f8f09532697b4e5616a662e02b0e96c7f7194ad7753e5bcf866df7adefc13,result_or_output
exp1/results/generated_py/3c49cad1_timeseries_extract.py,138,cce758adec1134ec6ed3004fb8ec05b6a9ad9b3568c74c8f58664e1f7b41a9f1,result_or_output
exp1/results/generated_py/3c49cad1_timeseries_gain.py,455,cbd658084e20fe19aa94d55b829c0bbe2fb15518c5a7f0e57a89f192366de226,result_or_output
exp1/results/generated_py/4bb33aa8_trx_stats_isin.py,212,f7428dc8d0e1d41e2d2456ae566934a71bd794351aab2383cdff07c97d5263b3,result_or_output
exp1/results/generated_py/6f1c2684_datasets_read_csv.py,170,a8ff71c45e33b9bbd94bfed1d7becb667022f11e44baab93c2a7c5e2932d85ee,result_or_output
exp1/results/generated_py/73a39d90_experiment_df_construct.py,50,1257d07c438591fcc8c985a1d11a581032907fc5c2fad96906bb5331546d9e4e,result_or_output
exp1/results/generated_py/73a39d90_metrics_bootstrap_filter.py,181,597e1e26096c4812aa3468bc57de9caa19c1cd465f5dde4971d0e2f07fd7473c,result_or_output
exp1/results/generated_py/73a39d90_metrics_groupby_agg.py,505,62f5792a4aacd6e3c9fbcd1e9699623d2244a2ed9117ce08affe8c8018de2725,result_or_output
exp1/results/generated_py/73a39d90_metrics_groupby_partition.py,786,5d2b428a2feff27d75864f89099aae0508405331c1d6c186b29ae22ef173343e,result_or_output
exp1/results/generated_py/73a39d90_run_concat_write.py,146,85e8658f9eca954b9a2b804a8b5b153508e6c3293b232e2e7682b019a332aa24,result_or_output
exp1/results/generated_py/73a39d90_run_dataframe_write.py,99,658f45c3b943f59403511703d1b22996a0611c7276131331fdc429a169fe59ec,result_or_output
exp1/results/generated_py/774f17e7_mane_mappings_filter_symbol.py,277,ca9b091ec9c9d8928cdc68c1f44b1efdbe9e7d4140c10aa4b40dd21e404bf511,result_or_output
exp1/results/generated_py/774f17e7_mane_mappings_genomic_filter.py,278,effd3a38f8b889ed224d4dbf269b189be0f731db1ee82a6ee97c7dffdf7cfcbc,result_or_output
exp1/results/generated_py/774f17e7_mane_mappings_isin.py,421,bfdce06c2c1d22d2c8ce7b447f850cce94af41a12ee460823484700d65a8571b,result_or_output
exp1/results/generated_py/774f17e7_mane_mappings_load.py,77,93f5cec719ab6f23aa5955aeef795084ac9351339ba4c72803cb7e87726b155e,result_or_output
exp1/results/generated_py/774f17e7_mane_transcript_filter_row.py,267,dc1b9de773d8e3ba3369f3eb5f44ffa2588d2573120caf73012dde7b111993b4,result_or_output
exp1/results/generated_py/774f17e7_mane_transcript_parse_ac.py,440,dac03678a60c0d0aa5855220a37a3e4c69c6a239f12807e3c740f09e4fe58c3b,result_or_output
exp1/results/generated_py/774f17e7_uta_database_construct.py,137,d881c13c539b09b6240b1781f4c112ca701b4f776592589fbef6482073e0d6d7,result_or_output
exp1/results/generated_py/7e55b00b_sample_empty_df.py,512,e337c74bbc34649309f3d6690255c0645f1c73e5e24b727ad69bb95d3a27d3bd,result_or_output
exp1/results/generated_py/8017f91b_embedder_frame.py,168,1e1866a9953f9a351922e1ac9dd1642eb38a93535b453a09640c15f65ccfb090,result_or_output
exp1/results/generated_py/8017f91b_eval_hybrid_concat_sort.py,224,94fc9ec4b5acb5e7b63d07693554812e0a36a9a326b6489ac9b4eb8b58f26bab,result_or_output
exp1/results/generated_py/8017f91b_eval_hybrid_load.py,171,8832f97e0a3c0b549d4ba15a644ce4f5888b75514ae9f0398566d50542084cf0,result_or_output
exp1/results/generated_py/8017f91b_hybrid_score_concat.py,115,ebb46c618618a610c30fd3c3fcde0650ae2a874b07919a74ad2eafecd0c3c847,result_or_output
exp1/results/generated_py/8017f91b_hybrid_score_frame.py,46,4f7d1b3c8a398322a77adb6f49164909697eb959f5883c5c71380d8a20c4f1b5,result_or_output
exp1/results/generated_py/8017f91b_input_loc_col.py,162,7d9a75bb1cf9c001d79c4f289869de704ced3b38a9b2b858892f2994ab4d2c0f,result_or_output
exp1/results/generated_py/8017f91b_input_loc_index_item.py,159,c48f4d5577a742f0b00895a5aed25f108c0755728b8e3b5ab38f0f887ea90ec4,result_or_output
exp1/results/generated_py/8017f91b_io_parquet.py,501,968d696361483d7fa663f201b357f5938c3f053937a090a2dabd063f5d1ae8da,result_or_output
exp1/results/generated_py/8017f91b_model_data_lang_loc_filter.py,201,26939e393c48ea1ad3a8b7cf19ed96bbc8230682fb4fd32f821f206ef1e4e492,result_or_output
exp1/results/generated_py/8017f91b_model_data_loc_filter.py,164,0efce03174d3150ee29ca267f8852124c5814d133e5e984d15b47daba14f0fe6,result_or_output
exp1/results/generated_py/8017f91b_pairwise_cosine_loc.py,271,45d370038a911753cdaeab764a4a45d9573a6cec204e252ad71ea7847a0475cf,result_or_output
exp1/results/generated_py/8017f91b_pairwise_loc_filter.py,237,d8fe9033a3cc0e99cbd088a3766a8d9db5da43ab28ea857cce7d71303211083c,result_or_output
exp1/results/generated_py/8017f91b_precompute_cross_join.py,373,eca97b316a7afbf590dbce0cac4213e9818e5a400fee264c4c41702952e4e6f5,result_or_output
exp1/results/generated_py/8017f91b_precompute_id_cross_frame.py,145,dfb49056ce0ecad2cdd344605acea52c40ba86fca22ed93ca236695686ce05da,result_or_output
exp1/results/generated_py/83c12695_collect_filter.py,202,8c7b848165826e0d328f1d097187fb9263a59e74800b4e35934cc2a0dca485fc,result_or_output
exp1/results/generated_py/83c12695_collect_pivot.py,678,585ca49a53fe22bf6007dbc77b149212708b37e825df63c198ea065b04a43fd3,result_or_output
exp1/results/generated_py/8bb7bc3a_expose_isin.py,75,a47046fa8717f11694575b01f63366c135476e422a0b7e04b1ecd310b3be7310,result_or_output
exp1/results/generated_py/8c71f3c7_attr_getter_unseen_frame.py,108,9a10959a254938c12ae4aaec5270d72b3d660b96bef22dc322fec9ff8722aac6,result_or_output
exp1/results/generated_py/8c71f3c7_attr_getter_unseen_iter.py,98,057dab0126a395fda83f59003428a2be229a70795b6187a3fd94dd9a0c37c5a0,result_or_output
exp1/results/generated_py/8c71f3c7_citation_models_fillna.py,151,8cf7c2b19fd57726002ec5eba290b5512e1308138a7891ce64b4d5722b0451bd,result_or_output
exp1/results/generated_py/8c71f3c7_citation_models_rank.py,322,5b33ad78307a1326befb8daaace50356be52222eb261a4b51524764e6c632a84,result_or_output
exp1/results/generated_py/8c71f3c7_document_info_tolist.py,132,4f0ee5713ed0104705e9ffb68987f2f136075953bb471cebf2a3450bf3031890,result_or_output
exp1/results/generated_py/8c71f3c7_embedder_frame.py,168,1e1866a9953f9a351922e1ac9dd1642eb38a93535b453a09640c15f65ccfb090,result_or_output
exp1/results/generated_py/8c71f3c7_hybrid_score_concat.py,115,ebb46c618618a610c30fd3c3fcde0650ae2a874b07919a74ad2eafecd0c3c847,result_or_output
exp1/results/generated_py/8c71f3c7_hybrid_scorer_citation_index.py,198,b2338717ff3e32071e8335fa70cf8e9b3bfd3856ee3db39a47cc112e5c6959ae,result_or_output
exp1/results/generated_py/8c71f3c7_hybrid_scorer_language_index.py,206,03dfa636648f4ce19cb4fb55deea7f86fdbf439ef41dd4b295564716631a4fb5,result_or_output
exp1/results/generated_py/8c71f3c7_input_converter_index.py,152,1cda293258eb7702dfd360e4cf0e51b1141a811cde53ca4632ac873013f8f9be,result_or_output
exp1/results/generated_py/8c71f3c7_input_converter_loc.py,155,0fbeafc9103823fb164588cc9016cd6ef390645d52d2f0df5966cf00a4d61953,result_or_output
exp1/results/generated_py/8c71f3c7_model_choice_load.py,53,7f7a5e134992bef3baac4d23070819574409720b4f84ac1d4d3e5569609efa6d,result_or_output
exp1/results/generated_py/8c71f3c7_pairwise_loc_colname.py,253,967f8aed8062c0d37c108977968634be2ef0a9405fd5744232fb5f91a520ed7c,result_or_output
exp1/results/generated_py/8c71f3c7_pairwise_loc_item.py,259,e77a84cd4597db6510895c8c358785681e0e300133341ea0a1da0ac67f5daeee,result_or_output
exp1/results/generated_py/8c71f3c7_precompute_df_construct.py,75,1868bab5b1f5c4292ab5dae1b4a4de1eb360233c5cde6337ee839170454fd6ad,result_or_output
exp1/results/generated_py/8c71f3c7_s4_combine_load_concat_write.py,158,ced949e76019fa33d2580e17e567947d1b3b134e389881fa31857766b574c00e,result_or_output
exp1/results/generated_py/8c71f3c7_s8_combine_load_concat_write.py,176,2d43ec419fa8ce6ae9d7b487ddd22a1f6d961c2cdf4fc249ef2122497eef7695,result_or_output
exp1/results/generated_py/92e35040_query_appraised.py,448,4a5d2c36efc23e84b555d108ea2ac9ff9c686a1f1c123e0bbdf3c1b5627776a1,result_or_output
exp1/results/generated_py/92e35040_query_binned_unbinned.py,559,4202c999b10096c1eb1bf13f72b13691ccded65cfa374bf3db31d2aecd2ca9c6,result_or_output
exp1/results/generated_py/92e35040_query_write_csv.py,297,09e2ae254d40cc1cb86337afbd557c4fb890d438f8a18f71cac164eff2b53eab,result_or_output
exp1/results/generated_py/99aff9e0_rename_columns_empty_df.py,86,236cbdcd8ced1d8b0623fe4759ddfd950694cad1acced1f50fa9ce2d632551d2,result_or_output
exp1/results/generated_py/a39f4527_expose_trx_join_filter.py,280,e20ccb0684a5e3497ad8cda58c6ee457a4871a76d2c74dd509c2632db1d3ddcd,result_or_output
exp1/results/generated_py/a39f4527_expose_trx_left_join_fill.py,278,e85efa2f2b0ed3b6d25a5fa71915ba6e1850e0c0e074fbdc07925b6aa200176c,result_or_output
exp1/results/generated_py/a39f4527_expose_trx_pivot.py,282,fab0dafa964304d0e41e1f4b671188cc876af5fe9c3e0c7523453b8ed532387e,result_or_output
exp1/results/generated_py/a39f4527_expose_trx_unique.py,877,de45ff5b6bbacd0fb92c41b3ebcdcec07983891f8730f4abdec78cc105003424,result_or_output
exp1/results/generated_py/a52cebfe_common_get_observations.py,513,4cb2b8b809d30168bb62360c97e2609559fbb3face6394190be654b22ca673cf,result_or_output
exp1/results/generated_py/a52cebfe_common_summary_filter.py,458,1867a901a02f95755f997b318f31b6e31c22ee6697abc0aebebc3ab35f164246,result_or_output
exp1/results/generated_py/a52cebfe_es_update_pivot_join.py,312,6e64ac46b32e28461fa665626024ceabf23cd6ad1b60d7fcbdf8efc887504474,result_or_output
exp1/results/generated_py/a52cebfe_es_update_scaling_factors.py,425,8b907680b78a1c78fa07b384d78ef5322f04eaa205d04deff89b11436bdf412c,result_or_output
exp1/results/generated_py/a52cebfe_measured_data_pivot_join.py,215,ba443a646c74d21540d6c1dca64f990b511915ce649a7e5e40367c51f558b38c,result_or_output
exp1/results/generated_py/a52cebfe_rft_concat_write.py,232,8c9e69ae0ea8b24b111045088dab6d037e3351f7c3fa954995a474779cb9bf1a,result_or_output
exp1/results/generated_py/a52cebfe_rft_obs_join.py,594,7944b20a15f645d0957c277c21437f7a07ae1d8e9f3523fed6bf2b44b744ce9b,result_or_output
exp1/results/generated_py/a841955a_summarise_select.py,123,604a26ed503ffb23e8c8fa2f9aa130c2f812d153d375072229838ee49d392e87,result_or_output
exp1/results/generated_py/a841955a_summarise_unmapped.py,394,98bdc71cf8dcbe9c0fd2f2638d0ded0638d8a9218eb5b49e6da4a3379b4b2e04,result_or_output
exp1/results/generated_py/acryo_loader_corr_max_with_columns_migration.py,235,f096984b526a49d2fceed765eaf0e59a522b3f85dad0e38ba910a2b9517f6913,result_or_output
exp1/results/generated_py/acryo_loader_get_features_migration.py,488,153b31b838295c01c563d73f0f40e929cf6bb8c0c7cf952398542e11805ed162,result_or_output
exp1/results/generated_py/acryo_loader_scores_with_columns_migration.py,141,5bbdb7d1864e113d6bfc67506c6e257c2ca818b0f947c2a36912e12184fe5bea,result_or_output
exp1/results/generated_py/acryo_loader_update_features_migration.py,592,af3d09b83322f8b5d1b933afe07a3b7ce9e8f6dcfc3c6bf82e4c7b714171d974,result_or_output
exp1/results/generated_py/acryo_molecules_concat_migration.py,680,e175f32a08e810f1753093ce2c9c12a74ba22fdeac15230d45d69015b6524725,result_or_output
exp1/results/generated_py/acryo_molecules_from_csv_migration.py,570,f7ebfd16afadf4cbb3c00d7d503cfd4ff7ee7c3647144803c5f0cc0679e243ad,result_or_output
exp1/results/generated_py/acryo_molecules_rotation_copy_migration.py,113,1b766d43f931f13d5f6edbdfe7d08c349d29cd975ca1c83c990c26cc75f2ffc3,result_or_output
exp1/results/generated_py/acryo_molecules_subset_migration.py,380,d03eaa6c5b314d1ec6548419824ea0ccb4255c28361e7aeeffdb20ca28db9db1,result_or_output
exp1/results/generated_py/acryo_molecules_to_csv_migration.py,236,6cc6a5bfe8fe163ed757586227914809dd9857c8563cadb36d56bef2d22afe1a,result_or_output
exp1/results/generated_py/acryo_molecules_to_dataframe_migration.py,306,f366eab1c9824e331d7bb528e7bd395a3b886981b35548b9449f6e4239d440ad,result_or_output
exp1/results/generated_py/acryo_molecules_translation_copy_migration.py,120,be3bdd52fe8981ffcdb75191f2bc2027e8f3da93bf771724c0e9bab6e16211d6,result_or_output
exp1/results/generated_py/adjacency_create_matrix_loop.py,874,0fdeefd1b40a9ba77beba3829e5792a8d46bf2ce20052e53d644c73bc5235e47,result_or_output
exp1/results/generated_py/adjacency_read_file_to_polars.py,99,63e8079d475444a23a2dac36bbc0ec1230523a9746f5b7ab39c092dc7d766d7d,result_or_output
exp1/results/generated_py/azure_ocr_concat_lazy.py,65,dca4b0fb07b9adf5eac79267537b8ae0992831ea5ea661fab509e6ec896f81a2,result_or_output
exp1/results/generated_py/azure_ocr_from_dicts.py,66,b1a4f9f904d77ed1846171e69ee747fe442a99b60d47dc90d07f4151f27f2635,result_or_output
exp1/results/generated_py/b36214f9_preprocess_attrs_registry.py,1332,e15df87bfe4182527227aa1674ed82408d253e0aad8717382fcb22a36314c81b,result_or_output
exp1/results/generated_py/b36214f9_preprocess_columns_tolist.py,408,770b74fe96c4eb60aea8b9c8b612009741635a9aa06800ad9a38abaa9837a8f9,result_or_output
exp1/results/generated_py/b36214f9_preprocess_shape_rename.py,417,0cee48e7bb742ad57b711761180a0da90a646b201de9deb58fffceb66c15805c,result_or_output
exp1/results/generated_py/b36214f9_session_dropna_unique.py,121,108d34f8df568e1a66a750c057132ae2323d883330126fbdc2c396282fea0eda,result_or_output
exp1/results/generated_py/b36214f9_session_read_csv.py,325,8212f4e9f765fde710d48f41ef3ae7626ac07d0d1f6829b5cc0fbcb63148152d,result_or_output
exp1/results/generated_py/bbe5d7e5_create_data_frame.py,394,adf2e81137206695a150e7b99b2ea62448e7767a1b4897ccc8f05b690018e770,result_or_output
exp1/results/generated_py/bbe5d7e5_datasets_read_csv.py,233,fd2b3c84346a2c2bfc500e179c4020fb6d56b00107297561af83d94b7571bddb,result_or_output
exp1/results/generated_py/cb25a1c5_wsv_pegel.py,56,e7a7350d29f479c8e5d1f36b5e03d8a3756948b054d9f3df433987e3910e6b3b,result_or_output
exp1/results/generated_py/d90ed416_ibis_filter.py,248,1effd1de305bd16fe6a8cbddb092a16cac4621e0f16af6ea3d2825aa2243bcb9,result_or_output
exp1/results/generated_py/d90ed416_ibis_isin.py,208,c3046985c80196fcdf70a374f8bd4602cb5c9a19c14cbb9d491bc3e27f3f6ce7,result_or_output
exp1/results/generated_py/d90ed416_ibis_join.py,431,b78573dd4f2be4ff951c79775fad65a0fe2242d4aa19874d2ab3ab99221d1745,result_or_output
exp1/results/generated_py/db5fc12b_expose_date_str.py,181,a321e2e7cced5e148929b44ec0647f9fcb32603c2abf034ed727814a41e349e9,result_or_output
exp1/results/generated_py/db5fc12b_expose_rename.py,459,125981128d49ec513f597f1e6830a8ae4f21e1a24bdc94cca6dececb97f67a81,result_or_output
exp1/results/generated_py/dcff23d0_filter_concat_all.py,121,f2a4585f1aa1ea0f4c197976527a2d7049cf475338e0cb27d316650aeac5ed33,result_or_output
exp1/results/generated_py/e3227f4f_split_empty_df.py,1003,fc687cbc7dc6e2b5c3e73e8ac4c6fc5c285f621dcdf0aed08ac98e3b6c71c96a,result_or_output
exp1/results/generated_py/e8fa7691_design_matrix_model.py,272,0c88c8a590f0828d02a199f09a7c692cf375da4426c7058955c6c98539c2e049,result_or_output
exp1/results/generated_py/ed3b46c0_base_pattern_iloc.py,318,dfa295a5332b94e3671b14276d420ddc27e79e98392fa9a57eea8becaaed4ebb,result_or_output
exp1/results/generated_py/ed3b46c0_base_pattern_pred_concat.py,484,17833b080430a8c0fa872db7f900203f33339c65ce111e97dc009ad58c856a05,result_or_output
exp1/results/generated_py/ed3b46c0_classification_iloc.py,220,4a8c1915985b46b99d241580ca1871c3c2566d0228d979e94946839080df6412,result_or_output
exp1/results/generated_py/ed3b46c0_classification_pred_concat.py,581,7316af93bed8cb75120b3a51bd5c50050b33345f5c149bf625d70676e0edc71b,result_or_output
exp1/results/generated_py/efc0581f_azure_concat_lazy.py,65,dca4b0fb07b9adf5eac79267537b8ae0992831ea5ea661fab509e6ec896f81a2,result_or_output
exp1/results/generated_py/efc0581f_azure_from_dicts.py,66,b1a4f9f904d77ed1846171e69ee747fe442a99b60d47dc90d07f4151f27f2635,result_or_output
exp1/results/generated_py/efc0581f_data_assign_bbox.py,528,7a72170a023df832b65abb8d4ec694c23ee19a68c4d4c0542ab0a4b10927dc9f,result_or_output
exp1/results/generated_py/efc0581f_data_filter_page.py,91,080c7b28a6be74b2667526c2d26bccf52f8e6d88ee68cc5b301242aa74bda744,result_or_output
exp1/results/generated_py/efc0581f_data_groupby_agg_text.py,481,380869c415fe2935bf518cd733ea00ea2a4e4e22126fab97cddf4e106046e74a,result_or_output
exp1/results/generated_py/efc0581f_data_merge_cross.py,1497,00b372784f22cf089440a6eddc2207f6a7cc2b0361423167495ccb98daddd74c,result_or_output
exp1/results/generated_py/efc0581f_dedup_nested_cross_join.py,243,2987402481fa5c072b38612d51bb50b45cc873b4452e1078b6a9cb844bf79bb3,result_or_output
exp1/results/generated_py/efc0581f_dedup_redundant_filter.py,255,d6ec2919ab9330334910c233704ecf29e9cd50d12d15a0d97dc3d69087d1f488,result_or_output
exp1/results/generated_py/efc0581f_dedup_vertical_sort_cumcount.py,230,6e128a3268e3b62f018220c1446074a08a6b289d0934534e5018bcca1dfa7433,result_or_output
exp1/results/generated_py/efc0581f_ident_explode_cells.py,950,b4a4b6cb08b9fb93234849c8c4e3c847f21539106e7fd1585c549f54adfcb869,result_or_output
exp1/results/generated_py/efc0581f_ident_from_dicts_cross.py,3736,5ff77062a4ecd96f4b4f3fc71796355f58eec87fb49fa97d44549ca5a366eb4c,result_or_output
exp1/results/generated_py/efc0581f_ident_with_columns_conditions.py,865,f6ac5c500d1221f754f9bf7c62b9490f0dd860ef2a7b3bc9b85c165189fc6725,result_or_output
exp1/results/generated_py/efc0581f_lines_filter_words.py,203,dd1a0e3f0e07835a7e78464321216627d8189cdae3f70ae57131b9c1d3ed5018,result_or_output
exp1/results/generated_py/efc0581f_lines_from_dicts_lazy.py,390,f4dcee8da80aaf7ca02682c76868bc0728afd9799d2cfc86088f1fadb583fb32,result_or_output
exp1/results/generated_py/efc0581f_lines_groupby_filter.py,307,7e04d43f6f3d7b11cb0071c18722ea134e63801746e13cfca90fd868eecf7716,result_or_output
exp1/results/generated_py/efc0581f_pdf_concat_lazy.py,35,aa3113cbb0993adbffaade1e237e814833dad0401f0ac4a6acbf06472be36e52,result_or_output
exp1/results/generated_py/efc0581f_pdf_from_dicts.py,80,6b13a5d6bf1c278d29dfc94fc60d0080972cf20b9893e022d879d56b700bff22,result_or_output
exp1/results/generated_py/efc0581f_tesseract_concat_lazy.py,65,dca4b0fb07b9adf5eac79267537b8ae0992831ea5ea661fab509e6ec896f81a2,result_or_output
exp1/results/generated_py/efc0581f_tesseract_from_dicts.py,66,153cfd5dab59b50331b82a9e5f900983eca93a53b007a8b9f44b5e5db268c4ed,result_or_output
exp1/results/generated_py/efc0581f_tesseract_nan_none.py,101,0ddfec9ff1cf125c83149dee33a8ab6e72f8a3b7b42669fe12a40d02913ee582,result_or_output
exp1/results/generated_py/efc0581f_textract_concat_lazy.py,65,dca4b0fb07b9adf5eac79267537b8ae0992831ea5ea661fab509e6ec896f81a2,result_or_output
exp1/results/generated_py/efc0581f_textract_from_dicts.py,59,c4408e7ffcb766adcf437f7244cc388bd4487cdec1602d153c0f694857bdf04e,result_or_output
exp1/results/generated_py/efc0581f_vision_concat_lazy.py,65,dca4b0fb07b9adf5eac79267537b8ae0992831ea5ea661fab509e6ec896f81a2,result_or_output
exp1/results/generated_py/efc0581f_vision_from_dicts.py,59,c4408e7ffcb766adcf437f7244cc388bd4487cdec1602d153c0f694857bdf04e,result_or_output
exp1/results/generated_py/f11c29ae_dataset_df_clone.py,845,fc6d118fdded4dd5d7924ff1df21674d78939cd53d2148910f276e50926783da,result_or_output
exp1/results/generated_py/f11c29ae_dataset_loc_select.py,269,4dd7696af96cbfa6f9258fc8209b792c23b55a583950fe8a083fec22741e7118,result_or_output
exp1/results/generated_py/f11c29ae_dataset_save_load.py,712,c5e177abcd6310843c9fae1ca5bf2366f0180788896f8f6179b3e62cd2367b7d,result_or_output
exp1/results/generated_py/f11c29ae_dataset_to_pandas.py,87,32a5d7c08637b7608dff94afd7b83eead069da13c3f0a20ed740dcd4b9dc1530,result_or_output
exp1/results/generated_py/img2table_aws_textract_concat_lazy_migration.py,81,7dbc894545e5f3d1a90f36d8f3a91d7881dfe66194a49caf6686ede7b5c0f784,result_or_output
exp1/results/generated_py/img2table_aws_textract_list_dfs_migration.py,59,c4408e7ffcb766adcf437f7244cc388bd4487cdec1602d153c0f694857bdf04e,result_or_output
exp1/results/generated_py/img2table_azure_concat_lazy_migration.py,65,dca4b0fb07b9adf5eac79267537b8ae0992831ea5ea661fab509e6ec896f81a2,result_or_output
exp1/results/generated_py/img2table_azure_list_dfs_migration.py,66,b1a4f9f904d77ed1846171e69ee747fe442a99b60d47dc90d07f4151f27f2635,result_or_output
exp1/results/generated_py/img2table_cells_adjacent_redundant_migration.py,627,7ea603282aa24c1790bef1d6e4ce464a9dffa7aa3d5947befd72e1ce774df751,result_or_output
exp1/results/generated_py/img2table_cells_clone_rename_migration.py,143,79336bb580ced905f3ee946e1b1f8608f2097a3e1a7daefe0464908551b77368,result_or_output
exp1/results/generated_py/img2table_cells_contained_migration.py,253,548715a5eeda7c8648069a6cf2965b7046592992a154dc0ce4c2b69c49717b62,result_or_output
exp1/results/generated_py/img2table_cells_cross_join_filter_migration.py,264,a982901f8a0a342a08e07cf9fbdbe70e06ac5b72494f5c870c154dde024dcae5,result_or_output
exp1/results/generated_py/img2table_cells_intersection_area_migration.py,195,f8b41bc1fb7e8119a3042667f31ec139e365a2e37a6d8a3198b5c26f1072c385,result_or_output
exp1/results/generated_py/img2table_cells_overlap_diff_migration.py,819,25b930d98f08d61dde0d2828d8d6c9aad5b8fd1b5ccb2381d474266116e40edb,result_or_output
exp1/results/generated_py/img2table_cells_redundant_removal_migration.py,213,b72e6caa66090dd6e2d5ed9711c61eb611bc6297261f35bb87fb1bdacd2854cf,result_or_output
exp1/results/generated_py/img2table_cells_vertical_deduplication_migration.py,461,f9acab46477ec2bb7cbdc3ecfc4db3bbd41533abf4dbc6135da2c170affa05c5,result_or_output
exp1/results/generated_py/img2table_cells_width_height_area_migration.py,238,cb1010f63cb98bad021522b52c7229bb9d598c89297f6d8de6901525442b2cd4,result_or_output
exp1/results/generated_py/img2table_google_vision_concat_lazy_migration.py,65,dca4b0fb07b9adf5eac79267537b8ae0992831ea5ea661fab509e6ec896f81a2,result_or_output
exp1/results/generated_py/img2table_google_vision_list_dfs_migration.py,59,c4408e7ffcb766adcf437f7244cc388bd4487cdec1602d153c0f694857bdf04e,result_or_output
exp1/results/generated_py/img2table_lines_cross_join_migration.py,67,191b9c58db73c4318e393ede18ec9e31b5abd5ded75249d7f3e0b7cac2dd921e,result_or_output
exp1/results/generated_py/img2table_lines_df_lines_creation_migration.py,649,e4b3d4d7f4ac8d2ff8592795650c1e335c378e8adadf4b12bc4fbbb5f8f09d27,result_or_output
exp1/results/generated_py/img2table_lines_filter_words_migration.py,203,dd1a0e3f0e07835a7e78464321216627d8189cdae3f70ae57131b9c1d3ed5018,result_or_output
exp1/results/generated_py/img2table_lines_groupby_sum_migration.py,140,8e3527602d39f091ae1f2bcf80cebe3578bcded35cc22730e9283d58aaa88aa2,result_or_output
exp1/results/generated_py/img2table_lines_intersection_assignment_migration.py,200,1c4d432e616718c9c2540f7df87cfde2e823f72fe71757c287620e15bd979d3d,result_or_output
exp1/results/generated_py/img2table_lines_intersection_formula_migration.py,500,4fdc5f140a574d295bac27e81e88c461ee0400a0e0e852548e78d59435e8b26f,result_or_output
exp1/results/generated_py/img2table_lines_intersection_lines_filter_migration.py,130,3d2a17c981f04b298d19a9d0ffcd0372d63528f63875beecbda970449017074f,result_or_output
exp1/results/generated_py/img2table_pdf_concat_lazy_migration.py,56,5dab50562d6d489bed467236e173a36a4d62acc1e748ba0341d4515f5d62e003,result_or_output
exp1/results/generated_py/img2table_pdf_list_dfs_migration.py,80,6b13a5d6bf1c278d29dfc94fc60d0080972cf20b9893e022d879d56b700bff22,result_or_output
exp1/results/generated_py/marimo_chdb_cursor_rows.py,136,1f518fab20b5e62ae800800f3da82c859bec3c3d42c0beb1803adbaa0fecd03e,result_or_output
exp1/results/generated_py/medmodels_classic_distance_covariates_select_migration.py,241,be3ed534862de495a955661ff087390756825dbfb18af64bd4577887fe5e61d9,result_or_output
exp1/results/generated_py/medmodels_classic_distance_match_migration.py,1980,0fd5ed1368ce780ef292bc8a0cfcf6c23f9871eb5ccc3e1482084f9db28ac968,result_or_output
exp1/results/generated_py/medmodels_medrecord_process_edges_dataframe_migration.py,442,f1c2b4825ccbf97c879d71f2ae8d1c79d3b5619d5ce05436e549549aaedbdc8a,result_or_output
exp1/results/generated_py/medmodels_medrecord_process_nodes_dataframe_migration.py,436,37a1d6d6667d6e026b9c8f26a1c07a24a055522cd2df665ab6d69efe504196d3,result_or_output
exp1/results/generated_py/medmodels_propensity_score_prop_score_migration.py,793,820584ce5783d84cf411e5f36af2e0aaa22776e0212ce2b205468384f111f9bf,result_or_output
exp1/results/generated_py/medmodels_propensity_score_signature_migration.py,310,20c038b274c9e08e6f211433ad6f2c64393aac347cfc04d4450581773775395e,result_or_output
exp1/results/generated_py/mexca_data_delete_filename_time_col_migration.py,238,a0e11bb1f4048bdfad93db204d2ca7c0dd01af1e2cea424f87a6ad1e3f5a3de6,result_or_output
exp1/results/generated_py/mexca_data_merge_audio_text_features_migration.py,776,a36707461cef623b11a21654afe829687224115535e274a7f56e5b5328ef2267,result_or_output
exp1/results/generated_py/mexca_data_merge_features_migration.py,613,48b3c8f731eaca2420ae2096ead6f01537ea4f5c44e1fe0869e8f4172728d018,result_or_output
exp1/results/generated_py/mexca_data_merge_video_annotation_migration.py,336,eba58f97c8b0a1514a2ba5b18feb1f6c87ef91c5f670e6701f989adb1a7f5aa6,result_or_output
exp1/results/generated_py/mexca_data_merge_voice_features_migration.py,176,4c8a1bb1a584c2f4d6ee2a70f9153479528bd0eda8a3ad86afa86375ca9f8205,result_or_output
exp1/results/generated_py/mpds_get_dataframe.py,89,fb4e6c4217170c2912252cec5b907af43c38e5cd0ce3d8e6485e202bb638cd1f,result_or_output
exp1/results/generated_py/pheval_gene_identifier_map.py,355,795607c0e6ca4daf26d36769fc2668befb5062cb2acc8f041cb51c95970cd295,result_or_output
exp1/results/generated_py/pheval_gene_updater_find_identifier.py,323,fc555285a7bc9e3c1060ad6aa02537e064db623d5511d5dbe4da60ba716cd5a8,result_or_output
exp1/results/generated_py/pheval_gene_updater_find_symbol.py,50,af81d3b946c48d2252c6df1bef744becc6518d9985525f6335eb073f5ec80728,result_or_output
exp1/results/generated_py/pheval_parse_hgnc_data.py,184,5088d14f0a18946d9ba97f7eae27af1d3106158a0d09353bf28eef99fbc76291,result_or_output
exp1/results/generated_py/portfolio_momentum_roc.py,415,81809d59962bc18089459e5c445029c582d7f9904aa8ef0972f2015ac770c518,result_or_output
exp1/results/generated_py/portfolio_momentum_rsi.py,269,f152b5f745d440341b78e37a5e61ba3843e631e2576c9595adb5b86d5a4d747f,result_or_output
exp1/results/generated_py/portfolio_momentum_stoch_osc.py,410,4d372354274eaeef80da75a102c1b91bf3efd8a661e1251951339787ce5f7a3a,result_or_output
exp1/results/generated_py/portfolio_momentum_stoch_rsi.py,325,7b1af130c645fe846f5967e7a8b1f695a323170a0d74f51d2d8d0afdafbec1ab,result_or_output
exp1/results/generated_py/portfolio_stock_from_pandas.py,286,f91c71aec923e7af08a8b9a248e9cae0ed1e5001aeb06036b98375c9c8a17f65,result_or_output
exp1/results/generated_py/portfolio_stock_to_dict.py,23,b9885a81dbde684e0b55595ee287a80233245f7ec6ef7f1b893cbab37843269a,result_or_output
exp1/results/generated_py/quant_backtester_calculate_returns_migration.py,1177,f2a3b0cc79e60723493a904bda6ea50533c87d94bbfcef9a49f6008ffd4cb724,result_or_output
exp1/results/generated_py/quant_backtester_performance_metrics_migration.py,477,bb657f076ce97c7c48d1a4257fab8cb25a4ff6496404d3f3988b1e1218afe195,result_or_output
exp1/results/generated_py/quant_trading_strategy_backtester_data_load_yfinance_data_two_tickers_migration.py,813,ec1a3d544521228301e1d7f41f41df4b18e2018858fd7a414de500b2257ee261,result_or_output
exp1/results/generated_py/readnext_hybrid_score_compare_scores_migration.py,292,f1578fbd2f23502dcf41379afc48ae37c88cbd721c2824eb59ada6fc735f8d97,result_or_output
exp1/results/generated_py/readnext_hybrid_score_to_frame_migration.py,600,46881079aac1d4890948ab8df22399e23066f02e046699734ef2fc874c58e7b6,result_or_output
exp1/results/generated_py/scoring_compare_methylation_pattern_migration.py,1253,3bc8bd8a3d2ce6967f049d7ced0411b17c0ce8e764c5ed504e762301ac2e9a08,result_or_output
exp1/results/generated_py/scoring_compare_methylation_pattern_multiprocessed_migration.py,1265,d13da5e800f685f6cc9f8d82e999756fc5077c8bd94ea5c168fcec71ff0d0c9b,result_or_output
exp1/results/generated_py/scoring_define_mean_methylation_thresholds_migration.py,1174,0757e29f8066514845e18c1f655c42117447949c988d1f52ef5ae1151f568e0c,result_or_output
exp1/results/generated_py/scoring_process_bin_contig_merge_migration.py,314,fba13f27cbec44c0550cef76bf133b481049ed5a4c0c76dfd24e6c6b48c300dc,result_or_output
exp1/results/generated_py/src_onemod_utils_parameters_create_params_migration.py,447,2f183f74a053e84cc55bf1abff631fd427369f24f4feb3820a3074c5ab4d1e06,result_or_output
exp1/results/generated_py/src_onemod_utils_parameters_get_params_migration.py,310,0c159e7b12ba1074b48a6c44c2b90de96464d7b669234a7abd94aae9e34ebcb1,result_or_output
exp1/results/generated_py/tesseract_ocr_concat_lazy.py,65,dca4b0fb07b9adf5eac79267537b8ae0992831ea5ea661fab509e6ec896f81a2,result_or_output
exp1/results/generated_py/tesseract_ocr_from_dicts.py,66,153cfd5dab59b50331b82a9e5f900983eca93a53b007a8b9f44b5e5db268c4ed,result_or_output
exp1/results/generated_py/ultralytics_benchmarks_config.py,83,2c5a4a014f0bad92e48f9a1e39f13d843617b84630cf1432b8845a727a56f779,result_or_output
exp1/results/generated_py/ultralytics_benchmarks_dataframe.py,125,5497ca6e01c8118354896f7982c6cae75320a1123b1daf246149ee9fa5059102,result_or_output
exp1/results/generated_py/ultralytics_benchmarks_metrics.py,868,6041846e15f640acc1e290d31329659d8f193700bb9c6564c04516e318c80f14,result_or_output
exp1/results/generated_py/ultralytics_trainer_read_csv.py,75,bdcc87bb9147eafac4c665b86edd764b580b0cd9dabec840e5d6e42236d50c39,result_or_output
exp1/results/generated_py/ultralytics_wb_custom_table.py,292,5b28d19226e6cc80f26b812ec79044f8b72df4385584f2f94f20ec342d438071,result_or_output
exp1/results/generated_py/visivo_sqlalchemy_read_sql.py,242,60e80f1a284e98c517d08d22251bdca675965ba610e2241070e8a2c0b0b47a55,result_or_output
exp1/results/generated_py/vnc_cmatrix_loc_filter_item.py,1788,8b3ef78db52adb48e53641c1a2faa9ab2163e2bc114a3fc58e87c2a7848e5b21,result_or_output
exp1/results/generated_py/vnc_cmatrix_lookup_init.py,1149,86f67daf542133157eec1446da7cd22f6305192308076a06fc4dc9c94162bf37,result_or_output
exp1/results/generated_py/vnc_cmatrix_reindex.py,1389,580a66e52a6a3a41e11d6ee25a7df3ef0876b2e74775a13467553b1ddf741277,result_or_output
exp1/results/generated_py/vnc_cmatrix_sort_tolist.py,1736,a84accbe2b4786a6aeba4d33fb6bd7747acdc3f797253b9368ed9775c436d5e0,result_or_output
exp1/results/generated_py/vnc_cmatrix_uid_to_index.py,555,d8b3fbde9f70ccb5ecf34b0ab36484cf0b2378b1763203cc0973734559659381,result_or_output
exp1/results/generation_records.jsonl,1326159,cc74eedc30874d5839fdcd7bf059e8da02a1e3fe0ed59805a3992596e856e75e,result_or_output
exp1/results/taxonomy_classification_final.csv,20740,f493592c7fe3403da990237d70581e5915d4fe9eec6a549a8ca67bd22883c2c6,result_or_output
exp1/results/test_results_v3.csv,32705,d227129fc0f13991eabf21b1c38a5a5216fb0cd260443d7a0792872d03a8c648,result_or_output
exp1/tests/05afd878_evaluate_coassembly_edges_test.ipynb,21817,a9e0d8f9d38c7d9cc9f31aea0d9393eed6ade83665dddaf5146997e1c8c597ff,test_or_fixture
exp1/tests/05afd878_evaluate_combined_test.ipynb,22059,cdcfe04a0c49e2fb799e084de13757a1d9f79abdba4c88049501b95d732f1476,test_or_fixture
exp1/tests/05afd878_evaluate_nontarget_test.ipynb,21574,9c8d447fc3085f4be89c57ebafcb4a5944576b1eab236435e9d1d3925a8af15a,test_or_fixture
exp1/tests/05afd878_evaluate_unbinned_test.ipynb,21164,a5f8e06369a81edbb6fb983dba443f9cd5ae0378b28d761ba180afccb0783db7,test_or_fixture
exp1/tests/0ffdf231_noaa_ghcn_inventory_test.ipynb,11315,fe630a2e70c3f9d61d16b241b03a56c88c97ce74394eb0a8c64c47c9e2175c9c,test_or_fixture
exp1/tests/0ffdf231_noaa_ghcn_stations_test.ipynb,11298,849efb1d13080a0856da2b4a3f1d5fcc52b1a17b159866a29baf8d269b645b07,test_or_fixture
exp1/tests/142b5bcb_tools_relocate_test.ipynb,14270,b1dd2f7a7da62cee746f0b5fcf00c27e3db7c7a81a5e9396f63473fef89ae35e,test_or_fixture
exp1/tests/16645382_exp_stats_col_assign_test.ipynb,10469,1164c2c84b6c80ac3401449eb963dc54bf4527dc4652866270477db14a053269,test_or_fixture
exp1/tests/16645382_exp_stats_rename_test.ipynb,10593,97b722ef8d7564240eb76afc5e79e369f2ac715dc7ba88220e313bb778d079a0,test_or_fixture
exp1/tests/1e52b4e7_concat_to_frame_test.ipynb,10402,f96abcf399992d940fd0952ac09cedf87e6c3c2dce97169e30b9dc45e88b9ec1,test_or_fixture
exp1/tests/1ec015da_to_rank_test.ipynb,10446,0abb594829153a037cfdc82dc159e53c80313f01c6bdb8b7b972de09a01bc1b4,test_or_fixture
exp1/tests/1f8af3a3_target_elusive_sample_pairs_test.ipynb,16233,f5fc357077db0129bcd7025c73226335996a30768471d4e1997def54b9af5972,test_or_fixture
exp1/tests/1f8af3a3_target_elusive_sparse_edges_test.ipynb,15011,353ca6dd498069c3c22fae9d7e364f6296322d52c2ccb86e3ee4749ee19d8f3b,test_or_fixture
exp1/tests/1f8af3a3_target_elusive_unbinned_test.ipynb,14827,67793dc4ed8c3b0620ebf70bf6af5cd00252c634bd335f1ee63d1435fee0121c,test_or_fixture
exp1/tests/287a28d8_col_ends_with_test.ipynb,12803,103775b2ffe64bf4ebbbf5122b130b96121ecee0778af7076d56953fdeec69c6,test_or_fixture
exp1/tests/287a28d8_col_matches_test.ipynb,13937,43fd9a21bb4b1b9f53e79772a73ba9617c71cdde9146db388c62ba7ae8330153,test_or_fixture
exp1/tests/287a28d8_col_starts_with_test.ipynb,12607,d9f6226d053fbb7d101f84fd3784f316ca8d5f70dbbb461b6c8b01c182f2b085,test_or_fixture
exp1/tests/29097c0c_to_dataset_read_wrap_test.ipynb,13386,2a9820c0803c229baebde12f1a7ddf04b2937695b5c74dc96dad8d6b5122288c,test_or_fixture
exp1/tests/29097c0c_train_iloc_filter_test.ipynb,18075,d5894192e3c16064f8644889ed4b4824a332d5f03aa639f13667339ed6e4fd00,test_or_fixture
exp1/tests/29097c0c_train_merge_concat_test.ipynb,17709,8bb93d9590c00bc29a3fa57c25bbf8050be600103344b4b29183291a0fe817a9,test_or_fixture
exp1/tests/325e7c2b_dates_pol_interval_test.ipynb,19299,c2e634878c478558879c5fa95035a0d54269320b4b8aec5fa14d84c2bfecb2e9,test_or_fixture
exp1/tests/3c49cad1_bench_interp_cols_test.ipynb,11604,60bf9c3fcc40fc4c91680739439baa2ff90e45f29c64983edeff37be0a646ba5,test_or_fixture
exp1/tests/3c49cad1_bench_interp_filter_test.ipynb,11904,8d02f703c3f3a34c28ec24abdb0a54d5a4943332e9bb5734803444fc315e5184,test_or_fixture
exp1/tests/3c49cad1_bench_interp_time_regular_test.ipynb,13013,151fb9c170c04d11dfeed6901598e135e8e82d168705545e5efc44c069620d8c,test_or_fixture
exp1/tests/3c49cad1_bench_interp_time_rmse_test.ipynb,11659,f193f9b5fc2be53c722983ce52ccc7f7a3dfc27fdd152edf0222a0bba8ea1116,test_or_fixture
exp1/tests/3c49cad1_bench_precip_pct_test.ipynb,11749,6b2afdc5299b1f414960befdc21bcae3c4da53c9e64aef59323ed2719e81b43d,test_or_fixture
exp1/tests/3c49cad1_bench_precip_regular_test.ipynb,11977,5e471824150666d6b9706934f76394480a7c940ed9cfe74825da405fc88089fb,test_or_fixture
exp1/tests/3c49cad1_geosphere_all_test.ipynb,13076,d8efd074a96ac605ef445f57558af7bcc28c895bf784d2438c457c47277add0f,test_or_fixture
exp1/tests/3c49cad1_geosphere_collect_test.ipynb,13752,121529a635cd1e6fba7f57dc799f0983a13c2e52a5e601d688eacf7675aeaed5,test_or_fixture
exp1/tests/3c49cad1_mosmix_access_dataframe_test.ipynb,9978,9f7d109505e3cca729575395524e055045d4a579570d2ba3a23b29b8ad80708a,test_or_fixture
exp1/tests/3c49cad1_mosmix_access_datetime_test.ipynb,10697,c604cb7720de7df2eff3a5d4c81609896fd5ba6335e3136fea50cd777f3f99b7,test_or_fixture
exp1/tests/3c49cad1_radar_index_radolan_test.ipynb,11793,0535f30efc1b92049d64a0f4f26737ab1a60bc1b4a85e186238319acef63d890,test_or_fixture
exp1/tests/3c49cad1_radar_index_sweeps_test.ipynb,13006,9e3f1bfbe46d29172a0c672761fbc6f1558c034ee32778e27b99664873665d36,test_or_fixture
exp1/tests/3c49cad1_radar_sites_cols_test.ipynb,13320,f8c52fbb2fdb9d4ee066c3b33003019de8e7de4d77059ecb9c222a1e980976b9,test_or_fixture
exp1/tests/3c49cad1_radar_sites_dicts_test.ipynb,13383,af77842e0068011e9e8780d6b516fa919f7c2a3b63ffcb2c17a345a2a3ffbf29,test_or_fixture
exp1/tests/3c49cad1_timeseries_extract_test.ipynb,13411,90fb658e3bfe5025a01778f4b2c8f3bd9e4da3fd17d9b05661ead914afc0c24f,test_or_fixture
exp1/tests/3c49cad1_timeseries_gain_test.ipynb,13263,e71fa00561c7540fedc3a56b1c1f0da6c6efc1e013cd5147200462bd9f0b3c6b,test_or_fixture
exp1/tests/4bb33aa8_trx_stats_isin_test.ipynb,10450,d58cff556c0e55071f0aa8e518c7b6a7aa6d2e19c7919c277788c91d89032517,test_or_fixture
exp1/tests/6f1c2684_datasets_read_csv_test.ipynb,9980,15ef82bbbbcd8924aae1e93664be13e7d1b941c3e97c25c478b2be7d0c93880f,test_or_fixture
exp1/tests/73a39d90_experiment_df_construct_test.ipynb,9496,9874d9f6fbb14e6f4c58ee91b53e42b92992da5b9bdd40ac9714e1f65b6f9907,test_or_fixture
exp1/tests/73a39d90_metrics_bootstrap_filter_test.ipynb,15105,58998a89ce718f61e0926ed85a1384364a45cd4a313ae4ac523dda6f61fca1d7,test_or_fixture
exp1/tests/73a39d90_metrics_groupby_agg_test.ipynb,14655,5cf8f05a717198143ce8b959967bbfca1cd72f48dd3de891d815a2bce6e78937,test_or_fixture
exp1/tests/73a39d90_metrics_groupby_partition_test.ipynb,14111,17e6ac0a09783094e60fa106ecf75a34aed872e061a2ca09a092f98620d237a6,test_or_fixture
exp1/tests/73a39d90_run_concat_write_test.ipynb,13313,7112b9d10b1a1869dc02494f29bb8cde1abee6fc1a3c95a367858c65ffd3a411,test_or_fixture
exp1/tests/73a39d90_run_dataframe_write_test.ipynb,12737,100f378c692279d952eb1021a620c3b24c45bca15593326a75919e1d67ebb2db,test_or_fixture
exp1/tests/774f17e7_mane_mappings_filter_symbol_test.ipynb,14688,7dfa3ff171977828148f950e4d9afc958c0bfd6cf9827dc2d7e62259b340bd14,test_or_fixture
exp1/tests/774f17e7_mane_mappings_genomic_filter_test.ipynb,15316,5fc5d036cf613bf240b393be0972b19b48bed5d42b5134eb7e77248672513bf2,test_or_fixture
exp1/tests/774f17e7_mane_mappings_isin_test.ipynb,15425,ada93e4c21adde2896f55e5223b3da984ca1e41847646ce32b3c5539f2ae3e92,test_or_fixture
exp1/tests/774f17e7_mane_mappings_load_test.ipynb,14076,01d7dbdfbaff85cc911143de3960acbecb13b47b0077c1c562e18c3301b94e84,test_or_fixture
exp1/tests/774f17e7_mane_transcript_filter_row_test.ipynb,15605,db6fb20e692995a9e268880f1be45be10aff855738d333c3a80a1836678157b2,test_or_fixture
exp1/tests/774f17e7_mane_transcript_parse_ac_test.ipynb,12115,6dc1e254271ad44aba6479ac804a663b5bf1664cbc8a898a6ce4bff09bd7df79,test_or_fixture
exp1/tests/774f17e7_uta_database_construct_test.ipynb,9755,aaf0c3866069ba1623737944b412dc94b0e35f220112b07e0ea4b9b6300649ed,test_or_fixture
exp1/tests/7e55b00b_sample_empty_df_test.ipynb,12236,e944be32a0a5bb1fc31aa5ee46f1b9613c7797dbac9fc97343aa789165c98a49,test_or_fixture
exp1/tests/8017f91b_embedder_frame_test.ipynb,9460,58e30997cef1891a57fdb62431d5d733351ae64de6bb797a70479bfcfdd12ab7,test_or_fixture
exp1/tests/8017f91b_eval_hybrid_concat_sort_test.ipynb,11894,0a34a3eeb6a9a238bbb8c6477b960ac19d248ed4778f3ea0fb87efabcacc6e99,test_or_fixture
exp1/tests/8017f91b_eval_hybrid_load_test.ipynb,13379,59115b1c8e320583bb5b01611febd94172e9d4c6ca9bb8a08fd2426cc3135f43,test_or_fixture
exp1/tests/8017f91b_hybrid_score_concat_test.ipynb,11423,ce0e5b244735669f960fdcf6561cece329f478368a4c07e3f6e0a021c6875b3e,test_or_fixture
exp1/tests/8017f91b_hybrid_score_frame_test.ipynb,11937,2c293b0e53ea7ebd7fde15ecaab8ab30e73982f2f2a5a1a21662977108492974,test_or_fixture
exp1/tests/8017f91b_input_loc_col_test.ipynb,12017,93a1b429e5f20debe71275b8e60eef0bebdcdb69f26321e280afdbd3e8de8fde,test_or_fixture
exp1/tests/8017f91b_input_loc_index_item_test.ipynb,13066,b2bd73dc304ae5aef4be274d8e8a2e9e26871cac05cfb90914e8d9f10f931ded,test_or_fixture
exp1/tests/8017f91b_io_parquet_test.ipynb,10526,697d597c86ffbed62b2dd2c5eae8e2bead5972148b86ab016b4c6276b20163b5,test_or_fixture
exp1/tests/8017f91b_model_data_lang_loc_filter_test.ipynb,9941,65eaa325e2fc279193469609ee375c13ed6d27496e53e800ead24b1e3b6c7783,test_or_fixture
exp1/tests/8017f91b_model_data_loc_filter_test.ipynb,9911,b28c2374182423439361d909887a80466ff4ea2a93fbbeb67903109ebed263af,test_or_fixture
exp1/tests/8017f91b_pairwise_cosine_loc_test.ipynb,14187,5803b1f5acb79196fd85a5f09bf8f6ead55d93ab18395a5a4bbc11c6f88c7027,test_or_fixture
exp1/tests/8017f91b_pairwise_loc_filter_test.ipynb,14267,d51b5cfbf467e8fe0b94e8cc82389e0b230aa9585366179ecca5965585c0cc07,test_or_fixture
exp1/tests/8017f91b_precompute_cross_join_test.ipynb,13713,25c22fb68d84021b84e856f299a4616e105ac5744b123216ecfece86aac01c16,test_or_fixture
exp1/tests/8017f91b_precompute_id_cross_frame_test.ipynb,11333,06afe88b27a4c46aaa67b4b4573fc124ce8a937f2902dbefa82b691fa9bb1075,test_or_fixture
exp1/tests/83c12695_collect_filter_test.ipynb,13100,ff1180dd18437a4f1ef261773738b3f6624aa561a72a00b6dabc67e8beb0d603,test_or_fixture
exp1/tests/83c12695_collect_pivot_test.ipynb,13923,eb10dc09872f6bf5b29ff2f4881af0f6026523d1c5338f9494d7900d03a8bf59,test_or_fixture
exp1/tests/8bb7bc3a_expose_isin_test.ipynb,10118,2898ecea305651b841310c250ca75791d6519c93a0c2c4df589a5193266dcef9,test_or_fixture
exp1/tests/8c71f3c7_attr_getter_unseen_frame_test.ipynb,11591,c04c93c554edfb6654e07c78df9783757fb0dd0075dc0b9763479fd168b00147,test_or_fixture
exp1/tests/8c71f3c7_attr_getter_unseen_iter_test.ipynb,9903,715fd27d8a76184c989c7c74a38414c9f2017292284646fdd02bf8ef2667cbd4,test_or_fixture
exp1/tests/8c71f3c7_citation_models_fillna_test.ipynb,13380,2ea9c412a21401468d42d98d9e317973da5dea5009ccf4d9a04624cdaa76ebea,test_or_fixture
exp1/tests/8c71f3c7_citation_models_rank_test.ipynb,11274,a03e4687daf24abec027ebad5ddf1574e032abb7756046010e727072a9f28df8,test_or_fixture
exp1/tests/8c71f3c7_document_info_tolist_test.ipynb,10217,7e90dca1c41c05cf388799436bab7ef495c695bacb6f90908075cae1e01b7acf,test_or_fixture
exp1/tests/8c71f3c7_embedder_frame_test.ipynb,9662,08e6849c5a76ce8db27604b2e76d72bb4d09a6c1610af871604255032df35f5d,test_or_fixture
exp1/tests/8c71f3c7_hybrid_score_concat_test.ipynb,10500,1a0c5df1e95677eb7b80310297524612e0ee7bdb0cc3ee9e973118ca431dfa41,test_or_fixture
exp1/tests/8c71f3c7_hybrid_scorer_citation_index_test.ipynb,15534,d91c8d5bc1d14aac8297ad765fd6205c2eaded1ccdeb7e8e0ea4f86c31d2c98f,test_or_fixture
exp1/tests/8c71f3c7_hybrid_scorer_language_index_test.ipynb,15364,5f517a8b2affb6bab83b6709e2ae8578eaed7bca2fdd8da7347180243164cf7f,test_or_fixture
exp1/tests/8c71f3c7_input_converter_index_test.ipynb,12592,143c64816fbdf4eca24c1e620897c14f97ca1d2c8064e411be09d0088793806e,test_or_fixture
exp1/tests/8c71f3c7_input_converter_loc_test.ipynb,12518,c060b12ea9f6fa3af0884e75abad94acb6ee49ef716993b28bb89f7628772968,test_or_fixture
exp1/tests/8c71f3c7_model_choice_load_test.ipynb,10246,b08b488ccb9a0d8a67f46f1bbe2b9a6830c46e5d2af3c9e4bd88d364954ab7d2,test_or_fixture
exp1/tests/8c71f3c7_pairwise_loc_colname_test.ipynb,12567,d7103a2a5aa7d8d8734e066a1af1c3f2249594d5e0e98baf215ec7c2f19f8a85,test_or_fixture
exp1/tests/8c71f3c7_pairwise_loc_item_test.ipynb,12388,7908cc66fc94ea89c9e6d7f1ec4ea6c2e54fa0178b2caabe3ed94fa763e1becc,test_or_fixture
exp1/tests/8c71f3c7_precompute_df_construct_test.ipynb,9793,f4d83050455b7bdbdcaef896a4966394a5b45be117e40df960d6c06fe928f981,test_or_fixture
exp1/tests/8c71f3c7_s4_combine_load_concat_write_test.ipynb,13972,2691965c543c2e11b1842b82d20bbf09e0d62e9c8cb0a119fbe8d49e4e804b90,test_or_fixture
exp1/tests/8c71f3c7_s8_combine_load_concat_write_test.ipynb,14224,828b1b8b40853c9187756d17908c319ccd6b1e9cb5a748d69e07dbbe64aa0a82,test_or_fixture
exp1/tests/92e35040_query_appraised_test.ipynb,15781,ace56d0151671b5481285b9e1748643438eaab21482acfb00aeba7eac6670aae,test_or_fixture
exp1/tests/92e35040_query_binned_unbinned_test.ipynb,16195,4ac0633c5ddd3d28d3f4c275b8eb5ef66591a60297f124ff07d123907e0f8493,test_or_fixture
exp1/tests/92e35040_query_write_csv_test.ipynb,16662,671bc1a3246c7a33380173f9eb1a7382e5638a3c46380d26582e11bd489f8a33,test_or_fixture
exp1/tests/99aff9e0_rename_columns_empty_df_test.ipynb,12021,d200944dd609a0626c81511bfe90f06cca63945008cc98858a5eea1b6f98a59b,test_or_fixture
exp1/tests/_wsv_pegel_test_data/empty_response.json,2,4f53cda18c2baa0c0354bb5f9a3ecbe5ed12ab4d8e11ba873c2f11161202b945,test_or_fixture
exp1/tests/_wsv_pegel_test_data/response.json,35,9fb7b99e0a193e9ec245c48b260b5a7d8245fc9634fedb9f2e43693b4203cbf8,test_or_fixture
exp1/tests/a39f4527_expose_trx_join_filter_test.ipynb,20592,c91e20e29f2629ccfeae66ad359ff88e72306206bc584adcabdd23e6e634f9be,test_or_fixture
exp1/tests/a39f4527_expose_trx_left_join_fill_test.ipynb,21365,1766747b5fc46e4239f90adfa69d97a0506388996333cb930ac0316bd4951be6,test_or_fixture
exp1/tests/a39f4527_expose_trx_pivot_test.ipynb,19959,5b55f1129af2506ee742de645056d3a9328ebddd8c3f80bad9b9d067681e527a,test_or_fixture
exp1/tests/a39f4527_expose_trx_unique_test.ipynb,21439,595aa20c6825cf5ed8f43cece6e872ed7e9cd66fffc94ff9c32f1542a6dcad0c,test_or_fixture
exp1/tests/a52cebfe_common_get_observations_test.ipynb,14304,87fdc83f841261051992640c5c4f7c53286a245c56ac0e456cc0fa107bffc3a0,test_or_fixture
exp1/tests/a52cebfe_common_summary_filter_test.ipynb,14157,03fcc859538671c00d5a39e402ada8f5e24479cbf20452d5b9d0c1294ad0139e,test_or_fixture
exp1/tests/a52cebfe_es_update_pivot_join_test.ipynb,13627,82539c1c7ab659fca3e649293d4da74f77b0030f76427e7da5bfd215e881a7f4,test_or_fixture
exp1/tests/a52cebfe_es_update_scaling_factors_test.ipynb,14447,4e90d2a95489a13ae38d2aade3036c2aef1aa0101027c4e2fc579475139af5fc,test_or_fixture
exp1/tests/a52cebfe_measured_data_pivot_join_test.ipynb,11509,a4d808a8f2c420b4fc4e2165a750236e4b03e66545fdf9248abead23ee74d57b,test_or_fixture
exp1/tests/a52cebfe_rft_concat_write_test.ipynb,14260,861e7df34a6c6488c9fa6e12ed9c865daad609a3cc53f854a4ffcd505937ebe1,test_or_fixture
exp1/tests/a52cebfe_rft_obs_join_test.ipynb,15467,93874027f00a419ea5c65a81ddc0ce2fbc6193307273096da464b5df6788cd17,test_or_fixture
exp1/tests/a841955a_summarise_select_test.ipynb,11442,a35b03d7057b40bcd09fa46c5794bfab0dcfa5d414a550c811b090d6c91a071d,test_or_fixture
exp1/tests/a841955a_summarise_unmapped_test.ipynb,11949,08c95dcdff05c7a861b17e3b14fdbdbbdb386251084ca0fbad970a6ffe0302f7,test_or_fixture
exp1/tests/acryo_loader_corr_max_with_columns_migration_test.ipynb,17638,0535785c37e81719f4a359d9e0a2fd7af58a02b4b890f9cec110fea1ad443fb2,test_or_fixture
exp1/tests/acryo_loader_get_features_migration_test.ipynb,16327,d16f916fdb75982e23ab2df008f7bd3ed7955cc2eebd299e91fc7839215235eb,test_or_fixture
exp1/tests/acryo_loader_scores_with_columns_migration_test.ipynb,17558,ef6ab56f65ad15db34d8e1b4fac944af51b6390e864e9f890a9769390853b8a7,test_or_fixture
exp1/tests/acryo_loader_update_features_migration_test.ipynb,16425,3661dda456d7fb5329bbb214b9f52dfdb937f05cc4beedab1488f65d81934cf6,test_or_fixture
exp1/tests/acryo_molecules_concat_migration_test.ipynb,22868,57e56f8749784a756aed13e4a7fc14ee4353eee78a5826549376c2eeed42d7a4,test_or_fixture
exp1/tests/acryo_molecules_fixture.csv,83,aae6679df8490308b97f30bf0309f8336051bb8ab93f27aebf3316a65917fd5f,test_or_fixture
exp1/tests/acryo_molecules_from_csv_migration_test.ipynb,22097,187cb8c50a6c4eedcf17bb630af56567ff418281862f77887a961a7cde9a9c31,test_or_fixture
exp1/tests/acryo_molecules_rotation_copy_migration_test.ipynb,22433,05497a37cbe6cabe6dbfb365c085a06b35a7c69455d0d7b98dd14040a0fd7ca4,test_or_fixture
exp1/tests/acryo_molecules_subset_migration_test.ipynb,22705,b0aa402c5de73f1585be82e844318791c2b9125de8317a5c0344465f9dae4816,test_or_fixture
exp1/tests/acryo_molecules_to_csv_migration_test.ipynb,24899,dff2960a3095539a615d2a03766d2909e112083df7b8478ee56ede37a6c29c5a,test_or_fixture
exp1/tests/acryo_molecules_to_dataframe_migration_test.ipynb,21845,2feb90689a70d7628245c778244e91707e4a60bc5da69a956d7d437300461d4e,test_or_fixture
exp1/tests/acryo_molecules_translation_copy_migration_test.ipynb,22507,5c69ce990064f3dddc29cb1cfabcbce63d7f77bab0f3b61f0551d7b46e40ce1e,test_or_fixture
exp1/tests/acryo_to_csv_pd.csv,111,bd85a0335f83e97657f14cd1744a7bb30d4248328f64227642c7e6163d9d77eb,test_or_fixture
exp1/tests/acryo_to_csv_pd_empty.csv,27,1fee7f936ec48505676105004217b91bebe9b5ad828eeee1cc3d7adeb948838a,test_or_fixture
exp1/tests/acryo_to_csv_pd_nofeatures.csv,93,fdfc42f546647aa5048c70a4b0406dc6f5c926ad7aa90e1a91780afb6e83b181,test_or_fixture
exp1/tests/acryo_to_csv_pl.csv,111,bd85a0335f83e97657f14cd1744a7bb30d4248328f64227642c7e6163d9d77eb,test_or_fixture
exp1/tests/acryo_to_csv_pl_empty.csv,27,1fee7f936ec48505676105004217b91bebe9b5ad828eeee1cc3d7adeb948838a,test_or_fixture
exp1/tests/acryo_to_csv_pl_nofeatures.csv,93,fdfc42f546647aa5048c70a4b0406dc6f5c926ad7aa90e1a91780afb6e83b181,test_or_fixture
exp1/tests/adjacency_create_matrix_loop_test.ipynb,16500,62477c05059c03c012abb93cbd4b91a75adf98378c4a222801c3df334861142f,test_or_fixture
exp1/tests/adjacency_read_file_to_polars_test.ipynb,15539,9a9f27f13bc9a24519989eedb93d71660d29e15288080db22ceae1982dd8b43b,test_or_fixture
exp1/tests/azure_ocr_concat_lazy_test.ipynb,18972,8d39c4a22bd45896345f3ef3d8a237caf3f1dd22056072965494dcd8b4687685,test_or_fixture
exp1/tests/azure_ocr_from_dicts_test.ipynb,17959,1845bae6fd1e268999a681d66940096b699f2efafe44f562d99356f0ae32d11b,test_or_fixture
exp1/tests/b36214f9_preprocess_attrs_registry_test.ipynb,15297,bc8b60f8679fdc84cef79d1955308c94fc12b931a2ca0e75e71870238f98f15e,test_or_fixture
exp1/tests/b36214f9_preprocess_columns_tolist_test.ipynb,17663,c41d4230c842cbfa8f7855d8c06844bb9836b4b4e54b75909ee1546675e67816,test_or_fixture
exp1/tests/b36214f9_preprocess_shape_rename_test.ipynb,18016,699c60974b7ac4785935c9eef7d22e88ecf33d709fe396cf2f4807cc1a3e6b9c,test_or_fixture
exp1/tests/b36214f9_session_dropna_unique_test.ipynb,12043,856def976c25f77d2b1fe93db28b07127232dd811f2aa2ecaaadfed189d395c3,test_or_fixture
exp1/tests/b36214f9_session_read_csv_test.ipynb,12099,f4d44a2b4c78f1adc43c4445a2abd27f62c123a6de4904f361a05d2aa1c7d2cb,test_or_fixture
exp1/tests/bbe5d7e5_create_data_frame_test.ipynb,10438,5639e7155a027b23141edbd012e9aecd4459afa05f5bd34b9088f92d76192b89,test_or_fixture
exp1/tests/bbe5d7e5_datasets_read_csv_test.ipynb,10472,84cdde2f911f011d6001809306978eb9efe6afcfdde8e411b8b6711525976702,test_or_fixture
exp1/tests/benchmarks.log,214211,6b280bfb7b8c0eda94e2739c2a14b156dbd4f5896345db2aa1de39fb645226b2,test_or_fixture
exp1/tests/cb25a1c5_wsv_pegel_test.ipynb,9475,cf8b32eb82fc31a6b1cc8314cfcac18fbbe5c5bd9197680f4a4a8b5645e17886,test_or_fixture
exp1/tests/d90ed416_ibis_filter_test.ipynb,15120,9ceae9d4cf4fe8e4500f7758354475b72422bab10fb5fa85a35462b87f393a88,test_or_fixture
exp1/tests/d90ed416_ibis_isin_test.ipynb,13343,692dd0f0325176b50c148ec9ed84335db188e080901d668bc3e55fa0852539d6,test_or_fixture
exp1/tests/d90ed416_ibis_join_test.ipynb,13755,4cae843805e3fe3c405c2ffb104a1da00de904697d71eb40448991ff722278aa,test_or_fixture
exp1/tests/db5fc12b_expose_date_str_test.ipynb,14035,54e9c9c3a1614efc2c2217eaf96a70282c832f3315497451e8c16c3494b0c431,test_or_fixture
exp1/tests/db5fc12b_expose_rename_test.ipynb,14500,1f2a0bf9839b787c7596a4e5c50fb28f85a19e4420a8b4a1601e186b64d5577d,test_or_fixture
exp1/tests/dcff23d0_filter_concat_all_test.ipynb,10723,fe49d4be783d1ad64032e5f70cc18631ae7fe1b1418ce7cd668b45f7beb55af5,test_or_fixture
exp1/tests/e3227f4f_split_empty_df_test.ipynb,15684,ac704762475896751d27eea5ce884ef0c876fbae24cee5929c0bf3940fb051eb,test_or_fixture
exp1/tests/e8fa7691_design_matrix_model_test.ipynb,12680,c0c9ae93e9d8510138eff83be1dd06c876e6428fc10cc255961a27898d1d0e2c,test_or_fixture
exp1/tests/ed3b46c0_base_pattern_iloc_test.ipynb,15930,25923302048c8e09976d2ddf629aa8732ae62c76038947e8e3e424d935a62261,test_or_fixture
exp1/tests/ed3b46c0_base_pattern_pred_concat_test.ipynb,14307,82bc9b9eb87e01d51dea2d2f8724f8443ce86c8fb2a6a953166d1bfbb55e9194,test_or_fixture
exp1/tests/ed3b46c0_classification_iloc_test.ipynb,17445,c794c6bfce0fd9725a675249545c61c541fdf9a7865cb3e4c629fbbe0694606f,test_or_fixture
exp1/tests/ed3b46c0_classification_pred_concat_test.ipynb,19640,6e63155e80b79b330fbda8740ce279d6e2844ffe49117b94fc69d4928c57d6f1,test_or_fixture
exp1/tests/efc0581f_azure_concat_lazy_test.ipynb,18845,0d343620b785c3d7bbbb1a5807c209183d763aa35cc23bd5d77d471e0a23b547,test_or_fixture
exp1/tests/efc0581f_azure_from_dicts_test.ipynb,17591,3db3665893aa2a2524fdc48222596e7f7b8e82d19024e18f2066d66869e31e66,test_or_fixture
exp1/tests/efc0581f_data_assign_bbox_test.ipynb,23198,f7cd84139b7bded7ed954daecd57480b714a0249a739f48e52220c059232a3c1,test_or_fixture
exp1/tests/efc0581f_data_filter_page_test.ipynb,20741,95cd559cf8dc84c89f059503a286484a7b99ac813c59e366e6bc8fd38fa81654,test_or_fixture
exp1/tests/efc0581f_data_groupby_agg_text_test.ipynb,23618,a89afdf6c185e51202c2fce6348d0d7d34682d488d30423735c44b1776355ccb,test_or_fixture
exp1/tests/efc0581f_data_merge_cross_test.ipynb,19617,4e46c75efb404140f630a1a64ab7506fc578c82b8f945678be4dc94d39ae6b18,test_or_fixture
exp1/tests/efc0581f_dedup_nested_cross_join_test.ipynb,20938,b5ab1e7ef866eae27c6c64aef67f4360b2fb3dac0b148289633c11efdb859a08,test_or_fixture
exp1/tests/efc0581f_dedup_redundant_filter_test.ipynb,21574,3fe3f42f3fec94ab9f6c3d911673d769b0e95431d37517121bce9cdf2b367026,test_or_fixture
exp1/tests/efc0581f_dedup_vertical_sort_cumcount_test.ipynb,19424,892667661be5ce18f166100c9191e11e2ef4127a4221a27e990e34e6827fbe59,test_or_fixture
exp1/tests/efc0581f_ident_explode_cells_test.ipynb,31898,21a24aa8eb3978a54023093d3a454acd48a42b667130dcf0b33284222d719e1c,test_or_fixture
exp1/tests/efc0581f_ident_from_dicts_cross_test.ipynb,30717,a6f0fc1d7365c904c400936c0eaaacc27caa7aad6b9c3c0196b4223d8fd87a7f,test_or_fixture
exp1/tests/efc0581f_ident_with_columns_conditions_test.ipynb,33030,6786de077de7af8885f70a83d75efd6aef3394fe69282b2bb5ca9f8e0f034072,test_or_fixture
exp1/tests/efc0581f_lines_filter_words_test.ipynb,20266,4fd123364443f5e18bf17a8e2b071e4a4a28e67789d64653236762394913c02c,test_or_fixture
exp1/tests/efc0581f_lines_from_dicts_lazy_test.ipynb,18157,1fd2e9f48d72e53d8eb8292988972feb869579355a2d00c2fd423debabe7e05c,test_or_fixture
exp1/tests/efc0581f_lines_groupby_filter_test.ipynb,21208,ea95554057cb6ac46cdbd1d35a692ad1bddad9eae352f7f0e21a6e7656e2928d,test_or_fixture
exp1/tests/efc0581f_pdf_concat_lazy_test.ipynb,15390,bea813b7f71795c5a204b1dcdc2a923148368580eee82cdf6968efb9ac047c7a,test_or_fixture
exp1/tests/efc0581f_pdf_from_dicts_test.ipynb,15307,b395fec0a5745cb035af5946d4f3e95aa9bbd17fd77dce0f4539f9e8a246a27f,test_or_fixture
exp1/tests/efc0581f_tesseract_concat_lazy_test.ipynb,18887,a5040725c65694e65750647dc52f7b2c466d3df731642891948c1d27d4b7832f,test_or_fixture
exp1/tests/efc0581f_tesseract_from_dicts_test.ipynb,18171,edae412945aabca23dfcf539b0434cb9e45e65ee2fffa89e87a4f1c79207d1f0,test_or_fixture
exp1/tests/efc0581f_tesseract_nan_none_test.ipynb,17911,bcd7131df478a0fad68cb2a8cf7b31a9d0be74f0310545586a60fac669305ab1,test_or_fixture
exp1/tests/efc0581f_textract_concat_lazy_test.ipynb,18608,ebfd115eb6a84eef00848874ae4842075e25c126880782187c23cd0bc2b1421b,test_or_fixture
exp1/tests/efc0581f_textract_from_dicts_test.ipynb,15984,75d0ac0ff6c0bbe5ae9af992b98b671768bf27df3e7d96fa30f15e14229080be,test_or_fixture
exp1/tests/efc0581f_vision_concat_lazy_test.ipynb,18013,d742047239084d520802bcd7d956dff85530695f3c11c2104d25e58a6819331f,test_or_fixture
exp1/tests/efc0581f_vision_from_dicts_test.ipynb,15925,27ea3814e3199b3335aba2b936090329d905a92b0d65b57f28d5efee2d320f53,test_or_fixture
exp1/tests/f11c29ae_dataset_df_clone_test.ipynb,16938,36241c5cbc4aadf890b9ab89067dfa63dc23d29f547e316ae716c3543ac4dff4,test_or_fixture
exp1/tests/f11c29ae_dataset_loc_select_test.ipynb,16113,a9ee7a73c2ce32006a06070d48aec642dde191ac252ca01a077b9d97a9dcef74,test_or_fixture
exp1/tests/f11c29ae_dataset_save_load_test.ipynb,17838,f8d956638180e2ac0b877eba69d875695bd2ab0d1ae5ae040c42aafcb2d44323,test_or_fixture
exp1/tests/f11c29ae_dataset_to_pandas_test.ipynb,15462,c4c8f7b6096c7ab6f4dbddd2d7a94fdee43793b451629441d6de40713928d0d4,test_or_fixture
exp1/tests/img2table_aws_textract_concat_lazy_migration_test.ipynb,19383,62e9d3f996712c87c5e067e3d87e87989e4a378a81abb3d549d2d9f50989358c,test_or_fixture
exp1/tests/img2table_aws_textract_list_dfs_migration_test.ipynb,16643,2be03c423b9db3e4a463e1fcaa087f759028779faf32a8de8ecbc5834e12e133,test_or_fixture
exp1/tests/img2table_azure_concat_lazy_migration_test.ipynb,19505,be8f56f46cf815d70ee61f6ac197254301d5ba9405bf35c733480c6ecc9cc71a,test_or_fixture
exp1/tests/img2table_azure_list_dfs_migration_test.ipynb,19833,eb85d76f4a5b2aebdfd0b915ff97ac944ca67385675297ebc0dfcdf1084fa260,test_or_fixture
exp1/tests/img2table_cells_adjacent_redundant_migration_test.ipynb,32033,b2672e5c016366222e1eeda97f402ece29ff59a9a1c6b50637d6f5c3c108253b,test_or_fixture
exp1/tests/img2table_cells_clone_rename_migration_test.ipynb,31928,55f318fdda23a9733f96ed66af9188e6dd98bbbc8a47bebc8cee70120855b1fe,test_or_fixture
exp1/tests/img2table_cells_contained_migration_test.ipynb,31883,7990845ef9c290cb0c1616db110f7d31d81cf7eed38db67e75ffeacd9f6ad319,test_or_fixture
exp1/tests/img2table_cells_cross_join_filter_migration_test.ipynb,32302,85f8d4bf7cb5b601d5362669df343b15a139eb3a2773481ae55b00f81de78a5d,test_or_fixture
exp1/tests/img2table_cells_intersection_area_migration_test.ipynb,32099,aeb7544c01ba7ee12b9ff693f39c6a8f40d4e7320a50fe18c5f3ad87feb44c2b,test_or_fixture
exp1/tests/img2table_cells_overlap_diff_migration_test.ipynb,31872,af1c84d5fe6e622e3de360d28a2cb08b098b510a5d61218683b2f4516a45486a,test_or_fixture
exp1/tests/img2table_cells_redundant_removal_migration_test.ipynb,33174,589ff50a71fda1f6bd4e90d07c5cd80253f2bb4eb8817bb8e18b0d199fbab908,test_or_fixture
exp1/tests/img2table_cells_vertical_deduplication_migration_test.ipynb,32247,8ac259f8b2c9b77e97e9f1ccb65d1551a9a85f578f521db8d562abccd3aa1535,test_or_fixture
exp1/tests/img2table_cells_width_height_area_migration_test.ipynb,31976,bd87985b4176b08559053cc40f23bb53f0d6366513995bbc7c2309d4f333a581,test_or_fixture
exp1/tests/img2table_google_vision_concat_lazy_migration_test.ipynb,19417,e33d931ede37856fbc7a588edaf8564b8f98c8713a5fc53a48cc99d8bcd94218,test_or_fixture
exp1/tests/img2table_google_vision_list_dfs_migration_test.ipynb,16674,2a704280ff58671e697790a7949e2cfa2396b2974b61be94be7f22584cce5b4b,test_or_fixture
exp1/tests/img2table_lines_cross_join_migration_test.ipynb,25356,c1ba47003205fdd540c17e4b66515587a88e99e47911391ba001a4eb42d09493,test_or_fixture
exp1/tests/img2table_lines_df_lines_creation_migration_test.ipynb,23221,b3e8e6211cd0ac7a9006f4b49309c6426e3316e910f449ad6af806fa07a7a22c,test_or_fixture
exp1/tests/img2table_lines_filter_words_migration_test.ipynb,25824,41d3cc59ac36248a0075e4af45034fe34889a86fa05508eea745b1e12511cb45,test_or_fixture
exp1/tests/img2table_lines_groupby_sum_migration_test.ipynb,25182,09153cff9b9a06776350ff94e7dcc4bfcc87c7bb9be31bdee3fa5e3fba6dee64,test_or_fixture
exp1/tests/img2table_lines_intersection_assignment_migration_test.ipynb,26493,d06f7898eb2e44da7044c3326776f5a02972a4fa9bcda93bdd5741fe3b1c1d51,test_or_fixture
exp1/tests/img2table_lines_intersection_formula_migration_test.ipynb,26827,8d994b9d1bf510004e5cf3e40d68426643b328bde334b08b6b3e1a894a9b8a54,test_or_fixture
exp1/tests/img2table_lines_intersection_lines_filter_migration_test.ipynb,25997,0c640f50848b457107c1ed5ad9205469cafcc3d0f94e3de9474a23ab689fa5d3,test_or_fixture
exp1/tests/img2table_pdf_concat_lazy_migration_test.ipynb,15973,ff7df65be670688a30fc034c37a4c25e81f3dd415c8fce00f1c9b2e0462b37ab,test_or_fixture
exp1/tests/img2table_pdf_list_dfs_migration_test.ipynb,15890,52b6704d4e54795f66e7659046de5b849c6cc936300e80e6e9caeeafc9f7d954,test_or_fixture
exp1/tests/marimo_chdb_cursor_rows_test.ipynb,10341,1f75d07eb3468596e4aae258761f703f053bb334f48cc129d75f4cec1af5e037,test_or_fixture
exp1/tests/medmodels_classic_distance_covariates_select_migration_test.ipynb,18496,2e8fc2f4a159f5ac5cf0a64b74ae4cf3fd8acd954390c6dc155741f91e52f596,test_or_fixture
exp1/tests/medmodels_classic_distance_match_migration_test.ipynb,18096,d4adf3bf639ff862218d62c4ee4b37a09964bc989830aeef2736b5bfd7d506b2,test_or_fixture
exp1/tests/medmodels_medrecord_process_edges_dataframe_migration_test.ipynb,13450,0ab10a412601b0c0cfa0106f66435b1fd630a58406d307d6d4d07247c4048f5b,test_or_fixture
exp1/tests/medmodels_medrecord_process_nodes_dataframe_migration_test.ipynb,13116,2da82e9e77a95c601e71b137dfb824b25526fec75679502410bb0603cc79cc5e,test_or_fixture
exp1/tests/medmodels_propensity_score_prop_score_migration_test.ipynb,19388,493922395894bc62c93b953cbe9143bbc4a8db1414addb3af6e75364370263aa,test_or_fixture
exp1/tests/medmodels_propensity_score_signature_migration_test.ipynb,15481,d598bb18af1d3ddefec8a5f60543e3e2488748223639f4d31c0842c6be8c342a,test_or_fixture
exp1/tests/mexca_data_delete_filename_time_col_migration_test.ipynb,18440,31e87bfccdf1566201a54f1398865aea4c88655544a79b538233886a2af799bf,test_or_fixture
exp1/tests/mexca_data_merge_audio_text_features_migration_test.ipynb,20187,b3aaa90dc1309dfc122688fd1594257e230074fc05dbb663dbf3d375c93dfae1,test_or_fixture
exp1/tests/mexca_data_merge_features_migration_test.ipynb,20351,c5a05a36ac6c0a330319624009be3d4026a83857247357a13331493c11a677bd,test_or_fixture
exp1/tests/mexca_data_merge_video_annotation_migration_test.ipynb,18911,1f4b39d882f414b5a3416525ae193adf2a110a60c096049d960c404e387fc94d,test_or_fixture
exp1/tests/mexca_data_merge_voice_features_migration_test.ipynb,18820,c2eaa9c6105d14ba7858aa5fb0ab7f690b5c08e851b6b0eec64224c9ac6a5679,test_or_fixture
exp1/tests/mpds_get_dataframe_test.ipynb,9911,986a400102e3c6fae674bdec90ab112f7df8c79c4db579d41eaf471fb57ff03d,test_or_fixture
exp1/tests/pheval_gene_identifier_map_test.ipynb,15547,ddc83d31599f0a170356d7204e6892b4a1898e571dd2b7bcdf0a40e200bd148e,test_or_fixture
exp1/tests/pheval_gene_updater_find_identifier_test.ipynb,15202,25a8a47d1c70f18dd8a4588553fb0bebb49a00656943e4fb6499ec69bfff837c,test_or_fixture
exp1/tests/pheval_gene_updater_find_symbol_test.ipynb,15474,f54706183fa21fdf486ada980377afb559e40e94a7f4e51c8ad511033cfe08b9,test_or_fixture
exp1/tests/pheval_parse_hgnc_data_test.ipynb,15629,f78036c10082b7ccbffdb158b745d95b023007ef0ad49eb3c10b59fa4e6bdadf,test_or_fixture
exp1/tests/portfolio_momentum_roc_test.ipynb,15865,f7b62d61a1e0003f34846482ce7b11e7ea431a0354b3cc02ed4775e0c94c17e4,test_or_fixture
exp1/tests/portfolio_momentum_rsi_test.ipynb,16603,4aad64878c47b0fc426063d96a26cfade1a07f92235c45b8562cb33e6211ef93,test_or_fixture
exp1/tests/portfolio_momentum_stoch_osc_test.ipynb,16291,b41aa39099f4e56737233891a8d4076e86f5ee95c7f879d72e71130bd80b4d92,test_or_fixture
exp1/tests/portfolio_momentum_stoch_rsi_test.ipynb,16507,96702004112b233c3c3dc70277b8d3e6de3d9d5f3e95bae0364c1ac0193b45f2,test_or_fixture
exp1/tests/portfolio_stock_from_pandas_test.ipynb,12549,d2462d63d472c722372b7995da66af857572310dbfd20606ff518e526a8e3c8b,test_or_fixture
exp1/tests/portfolio_stock_to_dict_test.ipynb,12165,f70f840ff0bbb9a422092a846da3a57badf40d800fb01305a1ac8df016c0890b,test_or_fixture
exp1/tests/quant_backtester_calculate_returns_migration_test.ipynb,17100,7e0d2e166487030c7a35c598ffa832d736aaa72dfb7c1f60830863217d9da669,test_or_fixture
exp1/tests/quant_backtester_performance_metrics_migration_test.ipynb,16698,467f3c5d73735ebed8d38c299a28eedb2b136dbe84c20e210e3232479efc0da6,test_or_fixture
exp1/tests/quant_trading_strategy_backtester_data_load_yfinance_data_two_tickers_migration_test.ipynb,13521,f541ea555fdb5b3ca8473474af580f3a027df390ae402ef9b7be5b705a2513ea,test_or_fixture
exp1/tests/readnext_hybrid_score_compare_scores_migration_test.ipynb,13413,875fe377ac437f910b55920debb61f330d8d4aaee0cbf2516531b35dc89f7e55,test_or_fixture
exp1/tests/readnext_hybrid_score_to_frame_migration_test.ipynb,12886,64f9911776261d42102c371bcf74b536e2a7160ae9f332c778858a9066c62b52,test_or_fixture
exp1/tests/scoring_compare_methylation_pattern_migration_test.ipynb,24666,a7d5042321d6cdbbac2c18093a5442ad8d105bb68b8db43b0832727265cdb8d9,test_or_fixture
exp1/tests/scoring_compare_methylation_pattern_multiprocessed_migration_test.ipynb,25912,a523314519e8c28e0d77c24e306eecfc3bc163d5d3c03254d847f4c84329571e,test_or_fixture
exp1/tests/scoring_define_mean_methylation_thresholds_migration_test.ipynb,24640,845575d9acdc733142ce56a2cf6a3d012e02ea7a4607a88eaf1bc7a750d221fa,test_or_fixture
exp1/tests/scoring_process_bin_contig_merge_migration_test.ipynb,26312,f64922707b74fc3f47084c7abe916109a4d9ace5db5c12524f031ea1b9375f38,test_or_fixture
exp1/tests/src_onemod_utils_parameters_create_params_migration_test.ipynb,13134,1dd9813dcf72a354e777e682d9e261676c01fcc3826c0e479e21ac3f18f149e6,test_or_fixture
exp1/tests/src_onemod_utils_parameters_get_params_migration_test.ipynb,12981,c3d1a03940b94096ff394afa285774fc64fb8f767bbe487cad3d5e2610e31ee8,test_or_fixture
exp1/tests/tesseract_ocr_concat_lazy_test.ipynb,19111,cb8596af59cdc5791e4c77838a6afcba56e5224c5df2210acfb1c1f6a6d6f10f,test_or_fixture
exp1/tests/tesseract_ocr_from_dicts_test.ipynb,19468,5787fc805004b581ec0ca9af23d23449b37ba730d3b4b37948cc0c19cc8cb11d,test_or_fixture
exp1/tests/test_file.csv,70,ed47c2fb36ca8d15121bfb52fc1d18f0bc1527a66fa14568ec22b087ce0ee657,test_or_fixture
exp1/tests/test_file_binned.tsv,1368,430cf8fce4e9318b1a91cff030565d3bf1719c5bc04de2fa8ca468ce9335af07,test_or_fixture
exp1/tests/test_file_unbinned.tsv,1008,f2bf702d2eb84ac3411931be30594e6f461d7ef794c4747eff7315bb8c1f8f8e,test_or_fixture
exp1/tests/tfidf_cosine_similarities_most_cited.pkl,821,85bfb7830b54ad6dcbed1c45da3b1798a429dc4ca99c33854b0e9a87261cca53,test_or_fixture
exp1/tests/ultralytics_benchmarks_config_test.ipynb,13537,72fedc90689df933b40e712eb6374755e9d381c9c5f897a564937251bab6487d,test_or_fixture
exp1/tests/ultralytics_benchmarks_dataframe_test.ipynb,13888,5ef2b4964dfa6c89996cf3c3a106efff29265b142de5f820595fa65b32b594d1,test_or_fixture
exp1/tests/ultralytics_benchmarks_metrics_test.ipynb,17359,cee14d7a99a594c208b76fabef4815369e986f8abdc327f728c3340c8cbcd306,test_or_fixture
exp1/tests/ultralytics_trainer_read_csv_test.ipynb,10817,59a5223e180de19822cc08529f7c4b0cf203f06bc8938f553ea765358c2dd429,test_or_fixture
exp1/tests/ultralytics_wb_custom_table_test.ipynb,12330,bbbc7618d6cbfc02785e0268bad5eb8598a3f250fab4fd2fa45e0559bc238ed9,test_or_fixture
exp1/tests/visivo_sqlalchemy_read_sql_test.ipynb,11391,2773162a5c38f8304a447f44af63e578da00d821ac1bd7ff16f413283aba34f1,test_or_fixture
exp1/tests/vnc_cmatrix_loc_filter_item_test.ipynb,28098,6cda03cc27470f7c888f06373e243340c3c9f1aba09512b9a61b419a349bd8a7,test_or_fixture
exp1/tests/vnc_cmatrix_lookup_init_test.ipynb,29591,05481f6559bf44a465353e784fca409b08c8167a1aedd73c1223fecd17c0bfe3,test_or_fixture
exp1/tests/vnc_cmatrix_reindex_test.ipynb,29930,b008f9ea75d121f5c1f25889aa940b938712042f2ff954e483eb669a33da0b39,test_or_fixture
exp1/tests/vnc_cmatrix_sort_tolist_test.ipynb,32074,6f3f22ced061ec53bfc9b89d278890519197fd1729e5fcf0da024c1cc864bf78,test_or_fixture
exp1/tests/vnc_cmatrix_uid_to_index_test.ipynb,28457,60e0f31a50632e48979e3893f604ba6f5ab6689c0de2d51a40602686f88d2c29,test_or_fixture
exp2/audit/README.md,916,e9e7d668c903941a1c68e851166f189a008bc2cbc1101ad7a18ea3ebd74c27b6,audit
exp2/audit/all_238_manual_review.csv,34854,21f0bc6ad2d71e7c4c224acde62d13d8922b6d8a721aeffed28f84b658c81526,audit
exp2/audit/preparation_manifest.json,871,f468b5292593ef01735e2c9f99af73dd50acbaa4d3331320ed94ea827746f6cb,audit
exp2/audit/structural_audit.csv,14648,3f79b791afc3a2ed40270378477d9bc09eef3bc1e5643b050a995ada15852de0,audit
exp2/audit/taxonomy_manual_overrides.csv,17864,24b2a371cb913cb7503cdc5f04ec07e91a0306bc87c17b2533eb0e0b05a4441b,audit
exp2/audit/taxonomy_summary_before_manual_review.csv,513,de81f19b9530c8dcbca9bd6616d543e8e0dafc9d25d41584142eba5b7ec5d5a5,audit
exp2/code/documentation_retrieval.py,2659,e3229a52b7e58d76bc5824361a1fac29d53ade916ac98b7963e2584544b9beae,code
exp2/code/retrieval.py,4327,1c0d19af6edbbf8070f63f6c4c1b20c8557e2f6f978b0e67ff9bb82c5a1b273d,code
exp2/code/run_exp2_v2.py,19132,9d31b5f12d046e043e8fae4b58889c6d8cf7c4ea5aba1b38190ed912e5baaab1,code
exp2/prompts/prompt_template.txt,4004,55712b3f83f8aefc5f903cad935763491c666d7e746477196d416bebb7cb495b,prompt
exp2/prompts/rendered/05afd878_evaluate_coassembly_edges.txt,62222,5c68f4939475696d84a96e923855992ec77065aed917d980cff71f6979fd9099,prompt
exp2/prompts/rendered/05afd878_evaluate_combined.txt,73137,af2133a470eb3a588d2d50981cc1b277cb51d1381c083144449b968cd577559e,prompt
exp2/prompts/rendered/05afd878_evaluate_nontarget.txt,74317,5a0773fd3673e670e1579db8aee614d44d32bc57c58f71ba8bbe0a99d0a442f1,prompt
exp2/prompts/rendered/05afd878_evaluate_unbinned.txt,32332,8bba962f59b746e10d7d78b2f9117f9b6e286af36083f084636163390b376f41,prompt
exp2/prompts/rendered/0ffdf231_noaa_ghcn_inventory.txt,7048,022e0281ff26df2bcf7c7214c140dcdc066cb5b8a4e2f5d7bc770ea1cbe90685,prompt
exp2/prompts/rendered/0ffdf231_noaa_ghcn_stations.txt,6626,9576974b02af043531fea7b3f1b9357ca69040a22a5450677b92f4840b78a5a7,prompt
exp2/prompts/rendered/142b5bcb_tools_relocate.txt,23576,f7c160500dcb2c1c734aff3fb9cb30d3fd80f388409269f32efa595887147246,prompt
exp2/prompts/rendered/16645382_exp_stats_col_assign.txt,4038,f906e2c2ace2a7b5c543497c7af176ee08695e57eaa2beb81a37affc69a8a30c,prompt
exp2/prompts/rendered/16645382_exp_stats_rename.txt,13960,4cf2e3790400cde15da74398e8ead33f109ee5020bd93d1c2b6329b986f5fc75,prompt
exp2/prompts/rendered/1e52b4e7_concat_to_frame.txt,18821,e851b79bcd047d58013d6a3eb4ea907fa3880c17f2a378fbf390cbd64e96e105,prompt
exp2/prompts/rendered/1ec015da_to_rank.txt,29267,17c4ce514b9c03b931fae11ebfc95fe98c5093d8d06e05dd5c7294d7258b78d9,prompt
exp2/prompts/rendered/1f8af3a3_target_elusive_sample_pairs.txt,69334,3f934d6af68162883083264df3fb15f266770b802d938411913f3993b20ad9dd,prompt
exp2/prompts/rendered/1f8af3a3_target_elusive_sparse_edges.txt,33454,a6ff616fc4b2e3d9be20ce4d5e948a8fd6354e44dc8c30257f670726a8b95637,prompt
exp2/prompts/rendered/1f8af3a3_target_elusive_unbinned.txt,32999,45efc95eba4d917edffc4e715756b091793fbd5e13457aacc89b5f226d238f62,prompt
exp2/prompts/rendered/287a28d8_col_ends_with.txt,13498,5cda82bdd4647d851ebd14c953a3b1b8e53092913ce406d64498889871d1f864,prompt
exp2/prompts/rendered/287a28d8_col_matches.txt,12624,9ed0981f8033da96e6ea38ed1d5dfae6297dedba3b302db3783ed32946eb0d35,prompt
exp2/prompts/rendered/287a28d8_col_starts_with.txt,19676,239bb8da2121c46ee46bd14abcf9be3c34c252dfbae4ff4b8bc0fd27a8bc8d0b,prompt
exp2/prompts/rendered/29097c0c_to_dataset_read_wrap.txt,30775,fe09ada3cd9186af1e669eaa7f05997e491d36f47f0326e259589e60b1069f26,prompt
exp2/prompts/rendered/29097c0c_train_iloc_filter.txt,65918,8eba0f9913f6f32c63bb08313f86a02668f5c01f6068f14dd94b58ab34a60e49,prompt
exp2/prompts/rendered/29097c0c_train_merge_concat.txt,4562,8c3735750b987a9540b416eb3dcf80bb45ead1014949b2e693706f5bb0c74d2b,prompt
exp2/prompts/rendered/325e7c2b_dates_pol_interval.txt,15786,90af82f59cd6fab22fcb05fd6888302afc52655f4d3282b25a2eac378d9b4a38,prompt
exp2/prompts/rendered/3c49cad1_bench_interp_cols.txt,12101,69dd711ddd0351a55a5f314fd789a35609bd79f183dc32a5bc1bb45b00779b4d,prompt
exp2/prompts/rendered/3c49cad1_bench_interp_filter.txt,17476,0594377f8d43ddeb2be69d304040003ce8170ae1091ff3fa18301df1d0a860a5,prompt
exp2/prompts/rendered/3c49cad1_bench_interp_time_regular.txt,15569,637135d9ebb9d3ee6523d46f77102dd72fd2430b075a6d7b5cb1a3394ec7bfbc,prompt
exp2/prompts/rendered/3c49cad1_bench_interp_time_rmse.txt,26046,4e995b8ed0bc745eef2d91a598466d1cc14b6100144685e360e8cee3866755e1,prompt
exp2/prompts/rendered/3c49cad1_bench_precip_pct.txt,4074,f94822b2c0dc7a781be7d95189fd5360406e083191ea8983fd0efdf4b396ea0c,prompt
exp2/prompts/rendered/3c49cad1_bench_precip_regular.txt,27033,a4baaf817c0711a280001120dfef0241d2038b6076c9db7633813d01ad5d8d51,prompt
exp2/prompts/rendered/3c49cad1_geosphere_all.txt,20634,f52773acbe266781648704ce5055f68bb886db36d3c09d88371ded8b7af15707,prompt
exp2/prompts/rendered/3c49cad1_geosphere_collect.txt,58807,fe62d4cf4e0c6ac6e8ab937159420f6aa1c72ece693eda4197a22ed2ee00f0c4,prompt
exp2/prompts/rendered/3c49cad1_mosmix_access_dataframe.txt,7537,d503be228635a050285e3f58d292391ede155183c444e1c5869722fd8e9270e1,prompt
exp2/prompts/rendered/3c49cad1_mosmix_access_datetime.txt,19006,b6d0388dc639caae4f4d1fd8e64295a05e126916275bb27cf7581d15d0bf6956,prompt
exp2/prompts/rendered/3c49cad1_radar_index_radolan.txt,5331,0ad3b9f3e4e6aa0ebb902ed699d41f35316e0f8a3f71effae27469edf585037c,prompt
exp2/prompts/rendered/3c49cad1_radar_index_sweeps.txt,4139,4b52e58aefcad9fab306501590e4aeda262985fa5108eb6ad37ee7dd040d77a4,prompt
exp2/prompts/rendered/3c49cad1_radar_sites_cols.txt,65161,3e1f5494cb556ae78c7852f3dac0c5497a28146c7c73936a01810af19bec0175,prompt
exp2/prompts/rendered/3c49cad1_radar_sites_dicts.txt,4207,47659a0c35b843d339fc6db5ee26e4de27f766e3022d627fe64861b6521c5f2d,prompt
exp2/prompts/rendered/3c49cad1_timeseries_extract.txt,8051,7b4e9a3d4151ee316dca2f8e2b6beba8b30fcd9a8455cc9d147742f96ec007d6,prompt
exp2/prompts/rendered/3c49cad1_timeseries_gain.txt,76793,d70d0e9566e51223f5b4b881c2a40333d74f4a672e22de9a5993479eb11f4d16,prompt
exp2/prompts/rendered/4bb33aa8_trx_stats_isin.txt,4061,a554097d4a85f4be5ffb0570c2f52a069b16d29b83015cc5d72238100fd94c5f,prompt
exp2/prompts/rendered/6f1c2684_datasets_read_csv.txt,6777,0becf3c22148ad553141a3560df4a8594767ebd03409bd89bbda27e46cb47e84,prompt
exp2/prompts/rendered/73a39d90_experiment_df_construct.txt,9248,aff982498f25b239b54b7656184e64c04eadef48531fae0dba7d3a08296b2f52,prompt
exp2/prompts/rendered/73a39d90_metrics_bootstrap_filter.txt,6099,fcba577187af8b01218d1acc860e3ee3706497c0ec8459ff584108bfdec6d4c7,prompt
exp2/prompts/rendered/73a39d90_metrics_groupby_agg.txt,41995,abd6585be47f6d427aaedabe3b7d15461fd906608201b85956351f1808783cb8,prompt
exp2/prompts/rendered/73a39d90_metrics_groupby_partition.txt,17286,502a8eeedccbce547b7ea3df245d13e243c143db62c2d6b0994b5e9c694faf4e,prompt
exp2/prompts/rendered/73a39d90_run_concat_write.txt,26525,bdcc9d580f025a47385baf2d9d0397ac8fbe925ca78bb082419f77dbc3d65742,prompt
exp2/prompts/rendered/73a39d90_run_dataframe_write.txt,10446,37dceae287eae7691613e86008514e12e56934c2f4a5234740c218be85611509,prompt
exp2/prompts/rendered/774f17e7_mane_mappings_filter_symbol.txt,16531,fb5952cfb8741123c4041b4aed501153f7c9479ec5d6adf09f5fedde91e84b0a,prompt
exp2/prompts/rendered/774f17e7_mane_mappings_genomic_filter.txt,12112,8d7a76efda0cede8331e1514a75e80cc2aed48ad5b1f9e1ee0d5b64be08d5768,prompt
exp2/prompts/rendered/774f17e7_mane_mappings_isin.txt,8597,d27eb0ecec866e85cf2b7b4b608a7a26ff46ae53dca407579e3b25dd79c6c79e,prompt
exp2/prompts/rendered/774f17e7_mane_mappings_load.txt,6666,303c6f19c570ad9c662fdbe9a9ff48b4cdd0d2ecfcb44589f58c9d1e737108c1,prompt
exp2/prompts/rendered/774f17e7_mane_transcript_filter_row.txt,27343,24e804443cf50eaf94a683bc839c52d434d41dba80e3d731deea91a351b3e51a,prompt
exp2/prompts/rendered/774f17e7_mane_transcript_parse_ac.txt,21110,d4a5405b3f1e8942066f0601744e0b5a3dc04cf7bfc932026c194c1b16ee0310,prompt
exp2/prompts/rendered/774f17e7_uta_database_construct.txt,15803,e02c07efa663234028e581ff66c85eeac05bc8896c824bf925706748bc1fe1eb,prompt
exp2/prompts/rendered/7e55b00b_sample_empty_df.txt,22478,62d3f0fdf6892d60551b1df363e2989abcc12f6de2d2cc17a44839984a031119,prompt
exp2/prompts/rendered/8017f91b_embedder_frame.txt,19149,566add5c0b7d3503266dd5c9cf5856e48533aa0d94882e9ad790e6dda74d134a,prompt
exp2/prompts/rendered/8017f91b_eval_hybrid_concat_sort.txt,4260,52a857d0e9c2949375902bd733c51753a2ed708bb2bde4ec2d89cfa176558936,prompt
exp2/prompts/rendered/8017f91b_eval_hybrid_load.txt,8678,f088c217a84b19c0a970d955480aeb8f3ea4b086c521e0e67f4640603cdfb3b4,prompt
exp2/prompts/rendered/8017f91b_hybrid_score_concat.txt,25734,b4703fca59d5908b5e91d7b59dd24bb3b03ad19edc1ba671f0ac2721b0f98007,prompt
exp2/prompts/rendered/8017f91b_hybrid_score_frame.txt,9190,e0a372899bd66cb41f946f62d453ca0888c87cb95e3b0af8bf4657b5af00d8f3,prompt
exp2/prompts/rendered/8017f91b_input_loc_col.txt,8951,a89a3ecf09d2599804e132dbfdd2f12f91f90e7d18487535237d3888bd4adc3c,prompt
exp2/prompts/rendered/8017f91b_input_loc_index_item.txt,4158,ab013563f8f42f5798675d58c7a88a18c610963ba2dc787fee16f574e9a94b93,prompt
exp2/prompts/rendered/8017f91b_io_parquet.txt,13532,237b87c39cbae90f68452ba6447c6bf08dac5dd4b2a931f629a9d071d3361214,prompt
exp2/prompts/rendered/8017f91b_model_data_lang_loc_filter.txt,10898,c40afa8a765d8c3c89876546e58e6738d461f4ec974fe7122e8c3bcb6cb6492b,prompt
exp2/prompts/rendered/8017f91b_model_data_loc_filter.txt,9837,af6ca0d17df1d7f094661ebb6a23d38b311ae06d27461dd1cc994f0911815fba,prompt
exp2/prompts/rendered/8017f91b_pairwise_cosine_loc.txt,13982,b38f0556d7ea40882dff3f68b7c30413d281837fff4cd8478411e61252da2c0e,prompt
exp2/prompts/rendered/8017f91b_pairwise_loc_filter.txt,10771,3317001223f3eeb6ea01d78b681be67b1cece76bc080140a840b5f06f6f47b4c,prompt
exp2/prompts/rendered/8017f91b_precompute_cross_join.txt,11784,30dc1e1069857deca7ca110a513bb2549734f738765280867e8c810ba1bada61,prompt
exp2/prompts/rendered/8017f91b_precompute_id_cross_frame.txt,7907,b1fd85444e364e09db41a8b5efaa8cab128728b2128e85ef4f66f82a82026fb5,prompt
exp2/prompts/rendered/83c12695_collect_filter.txt,4161,9106962a16194cfdccf02e56be7443fc10dd06f5348d947d8b5db788f03f16d2,prompt
exp2/prompts/rendered/83c12695_collect_pivot.txt,68949,4c508f9aca56c898f148d79f7a5120773a701d3e75bc869c41b5148f00ade90c,prompt
exp2/prompts/rendered/8bb7bc3a_expose_isin.txt,4057,34853a23a0b54a371af43144481c2df73acccea39a256762adcd50d7bb5157fb,prompt
exp2/prompts/rendered/8c71f3c7_attr_getter_unseen_frame.txt,15901,2d555a5d8e93cdec314a9570821c8c3e8cb52c7ae7ca9f3b521fa2bccc9392d7,prompt
exp2/prompts/rendered/8c71f3c7_attr_getter_unseen_iter.txt,4089,36fa6bfc8a445da710db03e40ab8e6a8c1d3999979d668041a7dff96d2d1166d,prompt
exp2/prompts/rendered/8c71f3c7_citation_models_fillna.txt,7770,f2c060d97897c4d95ad7e5b363a0ad77645751f18c527431ca7425d473271afd,prompt
exp2/prompts/rendered/8c71f3c7_citation_models_rank.txt,9079,17ac43cb11d7c49535162b601e7df444010b5b72e51d9f2897c37d1eca31d856,prompt
exp2/prompts/rendered/8c71f3c7_document_info_tolist.txt,7245,01cd47cef04a2607fdf5dbb17e65fa2099893cec66732c245e33562eb73847ac,prompt
exp2/prompts/rendered/8c71f3c7_embedder_frame.txt,19149,566add5c0b7d3503266dd5c9cf5856e48533aa0d94882e9ad790e6dda74d134a,prompt
exp2/prompts/rendered/8c71f3c7_hybrid_score_concat.txt,25734,b4703fca59d5908b5e91d7b59dd24bb3b03ad19edc1ba671f0ac2721b0f98007,prompt
exp2/prompts/rendered/8c71f3c7_hybrid_scorer_citation_index.txt,4162,6602dd343736f66e43406bf8c7753cec84cae51daaea5599afda14729ab93dda,prompt
exp2/prompts/rendered/8c71f3c7_hybrid_scorer_language_index.txt,4162,3c3c3fadc4a4bf2df45c147651ed04449b30c5ec5f2f58e9c96a90a932f2dd41,prompt
exp2/prompts/rendered/8c71f3c7_input_converter_index.txt,4158,ab013563f8f42f5798675d58c7a88a18c610963ba2dc787fee16f574e9a94b93,prompt
exp2/prompts/rendered/8c71f3c7_input_converter_loc.txt,8951,a89a3ecf09d2599804e132dbfdd2f12f91f90e7d18487535237d3888bd4adc3c,prompt
exp2/prompts/rendered/8c71f3c7_model_choice_load.txt,4049,a5cc2b5440a93b7ec066e9d2d4c7f6c25364546d56509f07a392e3aed4f56dee,prompt
exp2/prompts/rendered/8c71f3c7_pairwise_loc_colname.txt,10771,3317001223f3eeb6ea01d78b681be67b1cece76bc080140a840b5f06f6f47b4c,prompt
exp2/prompts/rendered/8c71f3c7_pairwise_loc_item.txt,13982,b38f0556d7ea40882dff3f68b7c30413d281837fff4cd8478411e61252da2c0e,prompt
exp2/prompts/rendered/8c71f3c7_precompute_df_construct.txt,9033,1f2520e6943a22114c3ce9be173e2c33040c392ee3329618eed35f4bb6417794,prompt
exp2/prompts/rendered/8c71f3c7_s4_combine_load_concat_write.txt,4157,d35af07236e3d3a4382bb2cc01ccf3199b73db77de3bb2a520dd0c69c2b7f507,prompt
exp2/prompts/rendered/8c71f3c7_s8_combine_load_concat_write.txt,4175,c877da6be12bced92de3c891ef5c77ad07fe47a284ee1d9af8872a4d825de1f6,prompt
exp2/prompts/rendered/92e35040_query_appraised.txt,73503,d109b885884edc5e6983a0dadbace545014b05370cde1d9294d7116db071f94c,prompt
exp2/prompts/rendered/92e35040_query_binned_unbinned.txt,49748,816d2c5ff751c503ab0973f8b2ced50eb93a88fa672136918f9d86bfc859ce78,prompt
exp2/prompts/rendered/92e35040_query_write_csv.txt,6808,a23afbcbd105b4ef928e98b65b794c7ecc9aa7bfc95b325d7888e45576847a52,prompt
exp2/prompts/rendered/99aff9e0_rename_columns_empty_df.txt,18892,af3875db537ad710316c5e05d0868d9d86afa69150bd4d99c2e4f9774d4f5e3e,prompt
exp2/prompts/rendered/a39f4527_expose_trx_join_filter.txt,4212,04cc66ab3d46cf74fc6b814b443a11013fbeb463a4f289f24cec619df2468b3f,prompt
exp2/prompts/rendered/a39f4527_expose_trx_left_join_fill.txt,43137,17eadc9fa70a2ef626feb93bdf37d5ae02fbf548e15e43ac4644f2b5ff1ca227,prompt
exp2/prompts/rendered/a39f4527_expose_trx_pivot.txt,4524,e4c372944ee1b1b4f8c8c5bdf19b46b9ee26f820ba869d7519efd76a29419c29,prompt
exp2/prompts/rendered/a39f4527_expose_trx_unique.txt,74832,0698cc36f652762566caa76cfdfa23d67733a09368c1303d3c579ead5d4b85c1,prompt
exp2/prompts/rendered/a52cebfe_common_get_observations.txt,16440,a66a56826b84bd69f79ea4d208c29e79f544b55b2d91c025019e691fe5d1e4c2,prompt
exp2/prompts/rendered/a52cebfe_common_summary_filter.txt,30549,9641f0623d16cea53da40e655274f6e3feea100d67a75778532f4c4b389eb8e8,prompt
exp2/prompts/rendered/a52cebfe_es_update_pivot_join.txt,4309,d6b2ad6b949c265a3febadb54c193c62608bca4f1e69c46bbe830d21ab7368db,prompt
exp2/prompts/rendered/a52cebfe_es_update_scaling_factors.txt,33786,28b3a7a46db4b8f8118474b3989a23977683a4ed3dca808665f0d7f78be0ec91,prompt
exp2/prompts/rendered/a52cebfe_measured_data_pivot_join.txt,4252,84ba1c6de2dcd73c2411316b314c7ade515a1524ac4700e6fdd827225ea04cad,prompt
exp2/prompts/rendered/a52cebfe_rft_concat_write.txt,42474,f916d3646bb41c3b7512211b2690793049b63ce912a0a85a9301468e78ad4848,prompt
exp2/prompts/rendered/a52cebfe_rft_obs_join.txt,30899,7722118093aa0d0956537a0ceb32f83291f6ac0a8c0acc3a10288cb7ecd43297,prompt
exp2/prompts/rendered/a841955a_summarise_select.txt,4091,d8a34c5e95a1582b9b7df577bde4c9d9a96297b308bec9d154f982a7ab5c5776,prompt
exp2/prompts/rendered/a841955a_summarise_unmapped.txt,22005,1106c084f03d87d84d80c369d56f73d31d0534743108c7cfae0db51c15b8fb51,prompt
exp2/prompts/rendered/acryo_loader_corr_max_with_columns_migration.txt,31665,0f3652e1e249b13bf4411b00dfd8f10406cffb1c87a2f81c9229c34f9f38974a,prompt
exp2/prompts/rendered/acryo_loader_get_features_migration.txt,12747,a4fba0471887813429c2a10f34e8865e8f5c20e8d538c06b9de17014212208b4,prompt
exp2/prompts/rendered/acryo_loader_scores_with_columns_migration.txt,5263,c856f999b9098b7c2acdd8232f7ef0ed36e5c45dc458112cc2eab5b50c2111c7,prompt
exp2/prompts/rendered/acryo_loader_update_features_migration.txt,7968,974085a4c21d89495f9dbf48cab299010f0b6bc02aad254316662382ab6cdc95,prompt
exp2/prompts/rendered/acryo_molecules_concat_migration.txt,32549,37310977b5c81f4000c604d6f7391d87fde30811dbf9150060dfe71381902d87,prompt
exp2/prompts/rendered/acryo_molecules_from_csv_migration.txt,25714,fe982ef428cfdeb90985347f15a8e78ae25ff47ca824b08344eb72a7a41b46d3,prompt
exp2/prompts/rendered/acryo_molecules_rotation_copy_migration.txt,4083,a42bcfe2f8e075a25917686aeb5bafd4f23a3bc6a8f07131321ca4e300e1f135,prompt
exp2/prompts/rendered/acryo_molecules_subset_migration.txt,8318,72da40f66dfab505832506a06e0a45c826d67840d9d971f80c09690c32640e6e,prompt
exp2/prompts/rendered/acryo_molecules_to_csv_migration.txt,6842,c3a7be7334fe3832002437d560e31818e1a824dfc29251c3ba4f8a9bccd947ae,prompt
exp2/prompts/rendered/acryo_molecules_to_dataframe_migration.txt,24099,e1fcd4f5d826bfa682e24ab363d7895beaf3baa268f490ff3c58b4533ab149c2,prompt
exp2/prompts/rendered/acryo_molecules_translation_copy_migration.txt,4090,75a34508f06a688eb766cfc06d4ec1841b9678f5cd5bdc5744d7d0ded61c824b,prompt
exp2/prompts/rendered/adjacency_create_matrix_loop.txt,18824,0f8067cd3c61ae34ff96baaba8c0573899eca3022083aaa48f24c82b3ee97388,prompt
exp2/prompts/rendered/adjacency_read_file_to_polars.txt,9695,9eba3ae0e4156f27a897358717704215cb9c8ea2ace0a29a5ec0a7cc8ae5fb36,prompt
exp2/prompts/rendered/azure_ocr_concat_lazy.txt,18818,81e8af128bc95487e49794ec2e1b1ecdb5fdb98360b6171a9d9db227ea55f5ca,prompt
exp2/prompts/rendered/azure_ocr_from_dicts.txt,8250,ac6cd3f7a13a03224a8b1c60908a9ab3cf543f564c35b7b8f929d1a561b34504,prompt
exp2/prompts/rendered/b36214f9_preprocess_attrs_registry.txt,27391,d1a2f014ff2fc6a46390689157f82f87add6fba770e63a96ccf24ed4f36199c8,prompt
exp2/prompts/rendered/b36214f9_preprocess_columns_tolist.txt,31466,723205fc9a967e3778aa7e5000518ef1f964b835bedd88f367bfa69841bb93a7,prompt
exp2/prompts/rendered/b36214f9_preprocess_shape_rename.txt,20322,aaf645adb6cfe24152c256a997708452d282942094194dddaa59365375b4372b,prompt
exp2/prompts/rendered/b36214f9_session_dropna_unique.txt,11995,202f462b777c783d86ebe0ae7132453647cc2ee8128512582314bcc77fe55bad,prompt
exp2/prompts/rendered/b36214f9_session_read_csv.txt,27305,f4656e2f17b2cbe88bc11b5c604aa75f008f4c388b6a491599d0b232ff466b08,prompt
exp2/prompts/rendered/bbe5d7e5_create_data_frame.txt,19473,f68ce9c76367347e3ccc2f82bccb4d5811756538c7bb569ed8e8a2ecfd0e0c68,prompt
exp2/prompts/rendered/bbe5d7e5_datasets_read_csv.txt,6832,22482b76b6a4442f2416b685cc0d9bcafc202677477d1eda9314b51b45f2555c,prompt
exp2/prompts/rendered/cb25a1c5_wsv_pegel.txt,7921,6dad89312fadb37dda2e05507f586359db3fd996c2418f0b789c2019e7505078,prompt
exp2/prompts/rendered/d90ed416_ibis_filter.txt,10809,f80b399fee155738270188a43457f7c9c648c8955a33c1ea64f3e983e6500dfa,prompt
exp2/prompts/rendered/d90ed416_ibis_isin.txt,13546,267fe17894877cd073e82ce358f7ae74da17aceaa060dd3f7d2b4c65845d8b8e,prompt
exp2/prompts/rendered/d90ed416_ibis_join.txt,30665,4d6160c41f0cd2086453a79e0f576bde1c16421e12801a9c1231f5dd9fe63270,prompt
exp2/prompts/rendered/db5fc12b_expose_date_str.txt,13660,5c10317b7ce5dd429defce720f977056420daa61ce711c4f368b9ae57e13daa0,prompt
exp2/prompts/rendered/db5fc12b_expose_rename.txt,22984,894d9916ddd7519af2e28e9c14d10848435b9c7c113d1a03b42aef8f6d41338d,prompt
exp2/prompts/rendered/dcff23d0_filter_concat_all.txt,27064,af316a7bada39a5dcad6a175be843fc847ae980274858d5b6af4b3b22226f8b4,prompt
exp2/prompts/rendered/e3227f4f_split_empty_df.txt,18300,2b1178df01ac087ec1b81f2f81bf949781e168dfba4ec4571d662f736205b382,prompt
exp2/prompts/rendered/e8fa7691_design_matrix_model.txt,24316,a5d284fc0871f743bf2bf3f6d42a1d67e32b76490ca257c0b0b659f7c047ad75,prompt
exp2/prompts/rendered/ed3b46c0_base_pattern_iloc.txt,14180,be8c303e468ee7292757ffb11bbb66e93f1697d1012fbef662722df5936355b1,prompt
exp2/prompts/rendered/ed3b46c0_base_pattern_pred_concat.txt,4377,ef01043bc3e22f4e7b16a238ad92ff9bb532a65dbf4eed79e4ae8547f7ed4595,prompt
exp2/prompts/rendered/ed3b46c0_classification_iloc.txt,14109,9315d370bcd1d08f8fbfca2518e27195468e57161eaf973fa23d9ad420a0a092,prompt
exp2/prompts/rendered/ed3b46c0_classification_pred_concat.txt,4671,f294ec936fe63427c955c7ff6cb1193dee8ff4440229db29143132c9e16299e6,prompt
exp2/prompts/rendered/efc0581f_azure_concat_lazy.txt,18818,81e8af128bc95487e49794ec2e1b1ecdb5fdb98360b6171a9d9db227ea55f5ca,prompt
exp2/prompts/rendered/efc0581f_azure_from_dicts.txt,8250,ac6cd3f7a13a03224a8b1c60908a9ab3cf543f564c35b7b8f929d1a561b34504,prompt
exp2/prompts/rendered/efc0581f_data_assign_bbox.txt,11319,49b21893f457f5a5b5d5e6394f9e4256ae2b4fd27d36da965a93e37e5f308394,prompt
exp2/prompts/rendered/efc0581f_data_filter_page.txt,4064,c98e1c246548ef8bdd9eec1805353e23d8d04d89a91d2e2c35ed11dc983d686b,prompt
exp2/prompts/rendered/efc0581f_data_groupby_agg_text.txt,31263,b0236e348cc642767cee4305c410a941f869f6d3405c26e3fb3ccbdf77688263,prompt
exp2/prompts/rendered/efc0581f_data_merge_cross.txt,5570,ef97dc944c929e838d6c42e7fbc478e5ecd64d813ebe1cc26de5c940423e28df,prompt
exp2/prompts/rendered/efc0581f_dedup_nested_cross_join.txt,21234,603db908dd9249b4c718362bed1b93071d81cf2baf463a7ed57efd4c8d7c4ae8,prompt
exp2/prompts/rendered/efc0581f_dedup_redundant_filter.txt,32499,2a414d215157510bd8da277fbf1c05b828273c4e051d38e7990f7f8cd8641459,prompt
exp2/prompts/rendered/efc0581f_dedup_vertical_sort_cumcount.txt,26287,1fff6b4662f6cecf37064e631a9915254c5e72f5ec216d030f41029adba577ac,prompt
exp2/prompts/rendered/efc0581f_ident_explode_cells.txt,45040,7688609a065500e9666265f8af6ee98c5d70a5a178fb4ba33af588a0ef7734dc,prompt
exp2/prompts/rendered/efc0581f_ident_from_dicts_cross.txt,126410,67c190762e5b7a26768f900890e9f23363177f97f82cd6478ebf0387c492e7a5,prompt
exp2/prompts/rendered/efc0581f_ident_with_columns_conditions.txt,7680,5d320310a0548c5d9341a10f80f3255d393ecb9263645a7ab8ba26eb6282d216,prompt
exp2/prompts/rendered/efc0581f_lines_filter_words.txt,8965,0fe37a77f24068e8219b4d50d50b8c9c1331a18a025b15287436bd6b42106f03,prompt
exp2/prompts/rendered/efc0581f_lines_from_dicts_lazy.txt,33847,f7a9faf01265271bc0bdfceec50865907b48391763d9cfaf8ee50c52140a3e14,prompt
exp2/prompts/rendered/efc0581f_lines_groupby_filter.txt,34691,b5688e0ab3d08959234cc3b9f0c10b52887003b278b265277630efee471cd022,prompt
exp2/prompts/rendered/efc0581f_pdf_concat_lazy.txt,4035,6dfa426afb143d1ca3e00bcddb8f0e186ef072db491b7b11666694ee6a687826,prompt
exp2/prompts/rendered/efc0581f_pdf_from_dicts.txt,26926,508db14e6e2af92a5fac8fc5aad9cc61603c488011c047dbb66b300ace07906d,prompt
exp2/prompts/rendered/efc0581f_tesseract_concat_lazy.txt,18818,81e8af128bc95487e49794ec2e1b1ecdb5fdb98360b6171a9d9db227ea55f5ca,prompt
exp2/prompts/rendered/efc0581f_tesseract_from_dicts.txt,11189,7dea9baf1cd7818cda04b3352ff748775dbf2e5109785b6e695660ab8f4573de,prompt
exp2/prompts/rendered/efc0581f_tesseract_nan_none.txt,4040,4dc0c6fd3fdbcf62d9d9efafba75782f4b0c208d99f68aa96d7c8cdd0f7e22d0,prompt
exp2/prompts/rendered/efc0581f_textract_concat_lazy.txt,18818,81e8af128bc95487e49794ec2e1b1ecdb5fdb98360b6171a9d9db227ea55f5ca,prompt
exp2/prompts/rendered/efc0581f_textract_from_dicts.txt,11178,b6cc200e80718ff447f35dcd9996c6a0382662c799587facfd414d8c7ba801de,prompt
exp2/prompts/rendered/efc0581f_vision_concat_lazy.txt,18818,81e8af128bc95487e49794ec2e1b1ecdb5fdb98360b6171a9d9db227ea55f5ca,prompt
exp2/prompts/rendered/efc0581f_vision_from_dicts.txt,11178,b6cc200e80718ff447f35dcd9996c6a0382662c799587facfd414d8c7ba801de,prompt
exp2/prompts/rendered/f11c29ae_dataset_df_clone.txt,25456,178cf039a02536a0f9c866f75f18180e040f8ce1639898e2239079ea7786f84d,prompt
exp2/prompts/rendered/f11c29ae_dataset_loc_select.txt,9677,0867bb3eb382bca4a1e238afae2fb98030456ec7199af23979d5ec16e594ef09,prompt
exp2/prompts/rendered/f11c29ae_dataset_save_load.txt,10023,1513063db266406287a67a7685dba2ac2d289c95447750d3f2ab501280f83a79,prompt
exp2/prompts/rendered/f11c29ae_dataset_to_pandas.txt,13273,9f6a6291921b979c23ea34511a99fd59ba14848d35e6108f625489f1ec3f8b35,prompt
exp2/prompts/rendered/img2table_aws_textract_concat_lazy_migration.txt,18810,537e344806c985d8e43e0fe3a21bf01f97d34b1406eefc13544eb91f0f808352,prompt
exp2/prompts/rendered/img2table_aws_textract_list_dfs_migration.txt,11170,9b184403c10cb866bd103eeb84217e3fde54004c866ad276d64ec7344033c3d9,prompt
exp2/prompts/rendered/img2table_azure_concat_lazy_migration.txt,18810,537e344806c985d8e43e0fe3a21bf01f97d34b1406eefc13544eb91f0f808352,prompt
exp2/prompts/rendered/img2table_azure_list_dfs_migration.txt,8238,967eeeead23615a506acacf4373b1570fa1ebcb085863a58dbdc0b5ddcd6a292,prompt
exp2/prompts/rendered/img2table_cells_adjacent_redundant_migration.txt,7043,3f022cdb4f64e87362ad791492b43691a1c49bafe9b69487d15662d0824e18c9,prompt
exp2/prompts/rendered/img2table_cells_clone_rename_migration.txt,11722,ddc8a56a8dc76d29c4ae5159cee5f2171b2f5fa8f659913c739ced67a5e481e5,prompt
exp2/prompts/rendered/img2table_cells_contained_migration.txt,4271,cb7c842ea55e1b608549dfd7ac389311d02ded27682dc3de7c13298bf736aaab,prompt
exp2/prompts/rendered/img2table_cells_cross_join_filter_migration.txt,21222,11f5c61e07413ef4a8cf5f64c99450973a12398cf3a198429a3b0c075b9016f8,prompt
exp2/prompts/rendered/img2table_cells_intersection_area_migration.txt,4164,59f007461bf95b8faa4279bf51c7930971263c32928294377b305e23b62437dc,prompt
exp2/prompts/rendered/img2table_cells_overlap_diff_migration.txt,27166,52b854c3616698994d65c3115308d3cef0d951fbd9c95cffe87d42b016fb580a,prompt
exp2/prompts/rendered/img2table_cells_redundant_removal_migration.txt,32491,514af09ce878eb1063b4d28025f87450484bfb7632dbcf1e2cde031f8f4c880c,prompt
exp2/prompts/rendered/img2table_cells_vertical_deduplication_migration.txt,30267,46d8164b58eeaf255bdde186246f99d0c8f8d4fe82f2e84e7de8e5b3703e68f4,prompt
exp2/prompts/rendered/img2table_cells_width_height_area_migration.txt,4155,b49a9794457708f152de8ba4110c2bd0ad0eb85d27ee9939d890d26a5b746872,prompt
exp2/prompts/rendered/img2table_google_vision_concat_lazy_migration.txt,18810,537e344806c985d8e43e0fe3a21bf01f97d34b1406eefc13544eb91f0f808352,prompt
exp2/prompts/rendered/img2table_google_vision_list_dfs_migration.txt,11170,9b184403c10cb866bd103eeb84217e3fde54004c866ad276d64ec7344033c3d9,prompt
exp2/prompts/rendered/img2table_lines_cross_join_migration.txt,23645,eb2146b6d86af7e5f53f2e3612008d11305a698241452f91adb77f7fe2e242e5,prompt
exp2/prompts/rendered/img2table_lines_df_lines_creation_migration.txt,33827,9f333330d66c04428ecc619c13519c856009a7dcb1446621247f55958ec86b75,prompt
exp2/prompts/rendered/img2table_lines_filter_words_migration.txt,8957,40e404e297a5302f2c5f16f3f63ead0e7487cad970f7b448b8ca39877e7feb45,prompt
exp2/prompts/rendered/img2table_lines_groupby_sum_migration.txt,26766,67fb002ffd1756cb361610e6f51264d537672a3e11f4ae1367c2ae8ab68dc3c7,prompt
exp2/prompts/rendered/img2table_lines_intersection_assignment_migration.txt,7819,6ccf2f795df0e16b8179102f7a5210c2c02667d12bb8c4262210856d69ba6a08,prompt
exp2/prompts/rendered/img2table_lines_intersection_formula_migration.txt,22132,b95b7f4303c4a7d57883e585befb3766317d820e22e2da2b139b6f0a6b83d874,prompt
exp2/prompts/rendered/img2table_lines_intersection_lines_filter_migration.txt,11894,5c0582d535f17bf9b9def5cac0a7b76499dfc36201769a1b5bd439e43934e1fb,prompt
exp2/prompts/rendered/img2table_pdf_concat_lazy_migration.txt,4027,1028210f118284f845d97eafd7e9306cdae17d9008d351d9bab585897068cc0d,prompt
exp2/prompts/rendered/img2table_pdf_list_dfs_migration.txt,26918,e3ea98493a5e648f8522e283a71b30e7af30e9589a1a65ccde6b5893d93a400a,prompt
exp2/prompts/rendered/marimo_chdb_cursor_rows.txt,13548,7ddec3d3c9e48fc2bfc02d7b2b9cf4aef84cb256967ad42c770e11b672a416d9,prompt
exp2/prompts/rendered/medmodels_classic_distance_covariates_select_migration.txt,17718,640e550c5fc0f62d75418911ddaab4d22bb5c13bce0f37f93352ddf2d9f10a82,prompt
exp2/prompts/rendered/medmodels_classic_distance_match_migration.txt,61947,c8bf1cf91b186df06ad491eeae038840e078ccb67ac2ee2e3bd906e03584bb7e,prompt
exp2/prompts/rendered/medmodels_medrecord_process_edges_dataframe_migration.txt,19278,17c15eee002a0df5f3c5fab2cc4c11cf2785b45d1b5b8b272d3cc0b871f865ba,prompt
exp2/prompts/rendered/medmodels_medrecord_process_nodes_dataframe_migration.txt,13851,18183249dd0e979834aac6d7e4e565c26de9b48f9739ef3b2bcdd224e7051571,prompt
exp2/prompts/rendered/medmodels_propensity_score_prop_score_migration.txt,11172,789f6151bdb6dd109ade7ee4f38ebeb3bcbaf1c408f237f5f8e1c0a3ec2df379,prompt
exp2/prompts/rendered/medmodels_propensity_score_signature_migration.txt,11397,ad68a3e36cb019af61c9e05dc6cd111252d22231a1d1ae9ab70cbca6f8f1ad68,prompt
exp2/prompts/rendered/mexca_data_delete_filename_time_col_migration.txt,25303,5dd3d946b40931bb2321e032fb07593a3c8ca239016a6f4190abecb7f69e7057,prompt
exp2/prompts/rendered/mexca_data_merge_audio_text_features_migration.txt,37320,fd7f6b0777ee8ac3f2c7fe192fbc0c56d14f7e6e14ac4c94e9d7c97a371a6821,prompt
exp2/prompts/rendered/mexca_data_merge_features_migration.txt,38369,58972df73e69d43c378fca57fe01fb0de1d915d06a1bb34742e2a55f63d041b3,prompt
exp2/prompts/rendered/mexca_data_merge_video_annotation_migration.txt,8998,c1e6aa5c47e64de47f726731d0a830eb94b9eef2915569e343c292c723f63e07,prompt
exp2/prompts/rendered/mexca_data_merge_voice_features_migration.txt,14038,b09266af52206ee926b2e116ed8f89438acd9cc6cab319b97935b805d58c0b75,prompt
exp2/prompts/rendered/mpds_get_dataframe.txt,8820,37c98d2cfaa56c3357b78bf97e0cc3b6b063d3b5f07abd608094ed24b6b85e90,prompt
exp2/prompts/rendered/pheval_gene_identifier_map.txt,4400,2b2e40270ff4e0bd748499a5e2b997b81264f34d3ebb6489969b864fdb331d94,prompt
exp2/prompts/rendered/pheval_gene_updater_find_identifier.txt,13248,50cf8faa3ab93330f9875354888d3909be6fa8fcdfb5e6b54c5c30b25774bd91,prompt
exp2/prompts/rendered/pheval_gene_updater_find_symbol.txt,4050,72b1ad59deaf8e15450babff51edf4bbc81da490ddbb0a1858d8121b0ee727eb,prompt
exp2/prompts/rendered/pheval_parse_hgnc_data.txt,27918,c447ccd07256e86948edb643ac604816e1e6304ce53ce0b328a16c37c3786a1b,prompt
exp2/prompts/rendered/portfolio_momentum_roc.txt,4087,00ef0ade470045122273be7a117b6b3945290409cd3b7065663e69ac1adc44b4,prompt
exp2/prompts/rendered/portfolio_momentum_rsi.txt,4087,19014ba541ca26bd8b7af082a6b71902a6b4f0ffe681b99ef9eac09221d19b80,prompt
exp2/prompts/rendered/portfolio_momentum_stoch_osc.txt,4323,6c23c9671697607cda1c8485d24ece9b3be6888520e3b641df82f7bff6b001a4,prompt
exp2/prompts/rendered/portfolio_momentum_stoch_rsi.txt,4301,2048ef003e01cd88606dc01beb40c0d514072ccaf35c6d0b40cee3b560a173d7,prompt
exp2/prompts/rendered/portfolio_stock_from_pandas.txt,12688,2f080b82be1029620199c222cdae96a097f9d591a7e01fe107939ef51b1d00a3,prompt
exp2/prompts/rendered/portfolio_stock_to_dict.txt,4031,a2f1b1d41f56cd2d63845498635a582b04318acf2be4a5dc8a1f951ca08b1361,prompt
exp2/prompts/rendered/quant_backtester_calculate_returns_migration.txt,54173,73b3ee1929e61bbd9d3aa6fbbf8e0170bf9d903ae4b1abb9c1fb5703087caed1,prompt
exp2/prompts/rendered/quant_backtester_performance_metrics_migration.txt,25056,5bbe34a0c7a6cd051c30f0beb996cc2a55dfea694c143512e01beb195eec4c2d,prompt
exp2/prompts/rendered/quant_trading_strategy_backtester_data_load_yfinance_data_two_tickers_migration.txt,7740,d7c556ea2a3ae681e921cfea197fdf20372f0578ab581ec8682dab1054295dcb,prompt
exp2/prompts/rendered/readnext_hybrid_score_compare_scores_migration.txt,33962,c49ce8ca05d7b5a9376a4b53de3a10a9043a503d9982f7b455eb8b2b1f118477,prompt
exp2/prompts/rendered/readnext_hybrid_score_to_frame_migration.txt,9130,5d2754e4226fa3de9a20f028a010adda22166021b7119680f095842c55b3f66c,prompt
exp2/prompts/rendered/scoring_compare_methylation_pattern_migration.txt,49798,37183e008cc61b12412dc9bf11b08f033521876015cfd4ad0935a988dea70acd,prompt
exp2/prompts/rendered/scoring_compare_methylation_pattern_multiprocessed_migration.txt,36548,b42c309e1a52de1a6203616c998de5857aada6863bf946045e1a2309bb0a0028,prompt
exp2/prompts/rendered/scoring_define_mean_methylation_thresholds_migration.txt,8622,b2a9b949d7ad5960aab2cbd4e2f9abbfa7c7828f5047f1d979974fd922a1a5f7,prompt
exp2/prompts/rendered/scoring_process_bin_contig_merge_migration.txt,27739,2013da82ce10f56715da1f269fc05fd622d9d2388ed99c29b7a8299628ab2ce6,prompt
exp2/prompts/rendered/src_onemod_utils_parameters_create_params_migration.txt,11197,259fbbc01d0d7b1bab35538433c95f424d01a39379e7c6a65fdf4d604e8363db,prompt
exp2/prompts/rendered/src_onemod_utils_parameters_get_params_migration.txt,15962,462f477c06c09b24acb3462cc6b28d33201694f1c14e81a4df3eaff09ab640ca,prompt
exp2/prompts/rendered/tesseract_ocr_concat_lazy.txt,18818,81e8af128bc95487e49794ec2e1b1ecdb5fdb98360b6171a9d9db227ea55f5ca,prompt
exp2/prompts/rendered/tesseract_ocr_from_dicts.txt,11189,7dea9baf1cd7818cda04b3352ff748775dbf2e5109785b6e695660ab8f4573de,prompt
exp2/prompts/rendered/ultralytics_benchmarks_config.txt,4066,544b356a7f9bf47c45aea0f6be0e369a29a4effe1c4e10741f081f6c50d2c1d1,prompt
exp2/prompts/rendered/ultralytics_benchmarks_dataframe.txt,10748,c9fb37ec2fce17941520f24104e04737607ba43801324f3a5d77edc2ed711669,prompt
exp2/prompts/rendered/ultralytics_benchmarks_metrics.txt,21092,74ffa264665b71043ae6ab1d866a01c7550baf3d47681247f456760cc0630706,prompt
exp2/prompts/rendered/ultralytics_trainer_read_csv.txt,7475,54f6f53f4d3419de1436c57c622e316b88b23b19f3d21327925b37dc8c2dbba4,prompt
exp2/prompts/rendered/ultralytics_wb_custom_table.txt,17325,09a5b4ccd1a939f6b58c5816f0d1034116bb3609461e01195184905dff003935,prompt
exp2/prompts/rendered/visivo_sqlalchemy_read_sql.txt,16309,d4e39c14d4fb59c04e4aee48a387a31164a1e136514238fe7174b7c16ea83fc1,prompt
exp2/prompts/rendered/vnc_cmatrix_loc_filter_item.txt,26268,188a3f554675f4c7afe23a8767b9ec3b0bb9d166d1ed2246da41385b8f8e39e3,prompt
exp2/prompts/rendered/vnc_cmatrix_lookup_init.txt,26841,217659ae372c35cbd6ddca20def0702ed9d3dfe148ec3d0837287068d6117b6b,prompt
exp2/prompts/rendered/vnc_cmatrix_reindex.txt,19646,d82352de47fea2baca1ce14c96b6abf35437221bb3c985c6ef39401c279f3bce,prompt
exp2/prompts/rendered/vnc_cmatrix_sort_tolist.txt,14835,b5373faf4e169a08d7fc1de9550ebc055c93561ab306d968ee612175adc2455f,prompt
exp2/prompts/rendered/vnc_cmatrix_uid_to_index.txt,4350,3df6fdc33a0883c36dc277584021d89a9539d070fcfe0fb0a41753c49f133a11,prompt
exp2/results/exp2_final_summary.json,752,6b5a5e7aea0555deeece3f990c32a62997756543b990accab3a4c30e75345f6c,result_or_output
exp2/results/exp2_test_results_reviewed_238.csv,41659,0b9c358c5e21279c0601c4b0c7645e2cac7e707d9c66df0b40a8d58a9cce091e,result_or_output
exp2/results/exp2_test_results_v3.csv,32705,de7df91299d1920bca12c51df4b587591a74c573a4376908709394a25ac0dcdb,result_or_output
exp2/results/experiment2_outputs.jsonl,755821,642ba7cb437efc14a0e022245c7794de0e071de9462d6745cd87a6c5c5065ea5,result_or_output
exp2/results/generated_py/05afd878_evaluate_coassembly_edges.py,733,855d3852a9ab19e65ee281116192fd9c861ff91d585c3129071a5a061fec48dd,result_or_output
exp2/results/generated_py/05afd878_evaluate_combined.py,750,46fc16635ce1cf9769f563aa4667591d49464917d58d2c9694df871a4069460b,result_or_output
exp2/results/generated_py/05afd878_evaluate_nontarget.py,670,07124363d42223d196c047893206167ec033aaa97ff23a2ed4152905ec568de7,result_or_output
exp2/results/generated_py/05afd878_evaluate_unbinned.py,381,8dce204635df99d28a8793f000a129090f8e4ad4387e58b6d922a1fe9ccfe230,result_or_output
exp2/results/generated_py/0ffdf231_noaa_ghcn_inventory.py,239,66aeb6fb7c2095d92de65ab1e37ec139b51ed7fced7e6579b92fb9374c0f3cbc,result_or_output
exp2/results/generated_py/0ffdf231_noaa_ghcn_stations.py,234,b9dbc6493473bf38ebfa60cac51bca118cb04732dd68755539441d14e869de2f,result_or_output
exp2/results/generated_py/142b5bcb_tools_relocate.py,484,b8acd70722a0852044a6034a86b43075be6c86a51a26c8d9773350d937534bc6,result_or_output
exp2/results/generated_py/16645382_exp_stats_col_assign.py,81,1c0935f26994a7ae2aeba6e8f4d90822d53e1098996a8241ce09cec07eaf26c0,result_or_output
exp2/results/generated_py/16645382_exp_stats_rename.py,31,86dc2095eab4c2ccc051f55ed7940e759855827a9925ee3cda676b662a5f002e,result_or_output
exp2/results/generated_py/1e52b4e7_concat_to_frame.py,87,8668b49d201d51b3edde2a1b6e47046dbc38792cf77e0a2428c940cac1491c86,result_or_output
exp2/results/generated_py/1ec015da_to_rank.py,466,0600e57cd02ae50eda9ca3761af956eb2e74af23fb3851e8b099fdbaa5ba8175,result_or_output
exp2/results/generated_py/1f8af3a3_target_elusive_sample_pairs.py,956,f66cb455b00d1f9c6cb8d03fc9a80ad2f0e5950dea036f287c44e65740255a3e,result_or_output
exp2/results/generated_py/1f8af3a3_target_elusive_sparse_edges.py,379,660323a0f5e677b7cff1e646cea29a3c79c2e3c4136579d3dbeba4ed9adbe83d,result_or_output
exp2/results/generated_py/1f8af3a3_target_elusive_unbinned.py,436,1a7d631485eb677f534a2f3391cd75752f8ad2c87b596430e9c3c5a10ac5bce5,result_or_output
exp2/results/generated_py/287a28d8_col_ends_with.py,51,54b09443960b692252125d36d42aaab0677b5642d2371de62872d40a05f24f2b,result_or_output
exp2/results/generated_py/287a28d8_col_matches.py,353,60768edd97c23a8974c0d1435087760b07d99395623587083a481ca89f9fe633,result_or_output
exp2/results/generated_py/287a28d8_col_starts_with.py,195,5dcff1502fa4d69b185b402a72763fdc96b4d1cc2c61d2f5c1cc0ec2f5f5be58,result_or_output
exp2/results/generated_py/29097c0c_to_dataset_read_wrap.py,623,44bef34e654d7b260cfafcb2b343e70ce0d7d3be577994254c4af9144b7a2260,result_or_output
exp2/results/generated_py/29097c0c_train_iloc_filter.py,1229,ab33eef54ec841c3612f6b853831c0c68eaadabe72ef9186eab73639530725d8,result_or_output
exp2/results/generated_py/29097c0c_train_merge_concat.py,592,25c1070766e363dc31c58f71f2491bf6e4120e8164f5da5481644da8765f00ea,result_or_output
exp2/results/generated_py/325e7c2b_dates_pol_interval.py,1860,d5d0663b3bb43757826c2392ad1ce2297627ec70904064d8a3acba84c7b8c8f4,result_or_output
exp2/results/generated_py/3c49cad1_bench_interp_cols.py,140,09c4c13ed345337ce2c8622b5a82406df8410899e6ed31b746b1176a563bcfcd,result_or_output
exp2/results/generated_py/3c49cad1_bench_interp_filter.py,164,3935a36091bcc6ea1e0bf56cb53121ec45ebae80acfd83d848ce112da28b6782,result_or_output
exp2/results/generated_py/3c49cad1_bench_interp_time_regular.py,165,f44072fa2b6e27efbe5d3841dded3e4c65c1acae00b6a3cdbceb4aae8297e573,result_or_output
exp2/results/generated_py/3c49cad1_bench_interp_time_rmse.py,217,095bf781d14e9c524fa2df64336351f6ed66eaf63a881c7e26b6ff9eab41d8df,result_or_output
exp2/results/generated_py/3c49cad1_bench_precip_pct.py,105,7fa5e9aeab1fceeb3dda37b64de06543ec05b8b07a02cca0c654eb80441adae2,result_or_output
exp2/results/generated_py/3c49cad1_bench_precip_regular.py,389,71fde29f33bae48bf7f1363d80ede9a9c6d53a19926d55c23fafb5974181ce95,result_or_output
exp2/results/generated_py/3c49cad1_geosphere_all.py,128,da2b0233e194713811283672075184581d80e8b2956f942d7e337fdb5d084d99,result_or_output
exp2/results/generated_py/3c49cad1_geosphere_collect.py,604,7b908e6ef878f95f3e679f550f83f498586c150921be2a6f8c8b48d0ba891bdb,result_or_output
exp2/results/generated_py/3c49cad1_mosmix_access_dataframe.py,83,545dd30597679092d15e77a091a51be3f5a1d1b21e87ea80801684d4ba981bc9,result_or_output
exp2/results/generated_py/3c49cad1_mosmix_access_datetime.py,98,2b751b59a07e5d9dc2e9130b36bca738b62cc893e86adbcf77703ae1f4377dc5,result_or_output
exp2/results/generated_py/3c49cad1_radar_index_radolan.py,192,2273751b085fd3de60516a47bff5279b01dadc3d56c2541f0b3f82c8278b3a3d,result_or_output
exp2/results/generated_py/3c49cad1_radar_index_sweeps.py,142,b9990b1c24cd0387c25bfde108fac3d2c2bb6e27bb1a1a356fb8632bfc0abb13,result_or_output
exp2/results/generated_py/3c49cad1_radar_sites_cols.py,647,36a984c21a9de207e6c5d1a1ed3904da047314275b94ac820fe6ee069865a5c8,result_or_output
exp2/results/generated_py/3c49cad1_radar_sites_dicts.py,176,37022eee2cbd2b4a19c3178b1756b36d511a30a071b672bb29c5f951434d44ef,result_or_output
exp2/results/generated_py/3c49cad1_timeseries_extract.py,131,d95d4adfefd4ab7b2c2dde8f3ae5f20c3d482dc790e29cd867250c154efb6693,result_or_output
exp2/results/generated_py/3c49cad1_timeseries_gain.py,348,d18a2aca79eb017b2f942282ee40193b6eac9e026db9a1f94fbcf5f4a9e903b5,result_or_output
exp2/results/generated_py/4bb33aa8_trx_stats_isin.py,56,35fbf6bc730fbd9f8ee260d04a610501bdfeb067205a0fbf776bc5f3f2ed3617,result_or_output
exp2/results/generated_py/6f1c2684_datasets_read_csv.py,213,71ba0fc1c7aa3c3ea80fe1f83eb8dadbce58622605ddb267f296fc4ccb1d14ed,result_or_output
exp2/results/generated_py/73a39d90_experiment_df_construct.py,49,8fa83fec14fcd3f3f180f6663b2b4b1e25e6d1193a946eff78072a10811e1cb1,result_or_output
exp2/results/generated_py/73a39d90_metrics_bootstrap_filter.py,180,208c5d51655c00a487f27cd991860bc0c7ac067c7038ce2c5b0a2534b26195fd,result_or_output
exp2/results/generated_py/73a39d90_metrics_groupby_agg.py,474,169abc05a7d9a29daee2aae8f3a2a52da99097fc5ce5b22630d342eb7762263a,result_or_output
exp2/results/generated_py/73a39d90_metrics_groupby_partition.py,896,56bf9cd209c871f78b1f015b17a450dd216c29dfe9822356bbca1cb67b8a1c40,result_or_output
exp2/results/generated_py/73a39d90_run_concat_write.py,145,22badbc99d584310fcd623e5c08cf64d14c91b3c80260bbf898cc434cba70c33,result_or_output
exp2/results/generated_py/73a39d90_run_dataframe_write.py,98,0413aaf09b407f51956add72ebf4f83491d0d04c75490a54c649a77958d51490,result_or_output
exp2/results/generated_py/774f17e7_mane_mappings_filter_symbol.py,257,750332fb517e4ca3a56315689c68b15e9eacd61cfd0dfeb794a52896e9c96e22,result_or_output
exp2/results/generated_py/774f17e7_mane_mappings_genomic_filter.py,248,7a7c2f6c4b69f8284426119877ea467c88b21d299e85f46e5db35d913a96ba6d,result_or_output
exp2/results/generated_py/774f17e7_mane_mappings_isin.py,420,9942a0492ddfaa5258bab1130c1257ac3914de72c97806ac49b82a01a8a66cea,result_or_output
exp2/results/generated_py/774f17e7_mane_mappings_load.py,76,42cb9245c74665d322408bf47bfd521ccd4e67aad875840a3da997c3d6d7aba2,result_or_output
exp2/results/generated_py/774f17e7_mane_transcript_filter_row.py,271,eff31a913b4a9e2796fb44fc906b424b96dbd2b179d93300d35560b68b12c74e,result_or_output
exp2/results/generated_py/774f17e7_mane_transcript_parse_ac.py,383,038cd6b7203b0c4831ba72ec03a7e9ddfca29023f283040945e07188fbf10804,result_or_output
exp2/results/generated_py/774f17e7_uta_database_construct.py,118,219b316a162655f5820be58378dd1474d1fdd28010baad3f4d89c1923575e0b7,result_or_output
exp2/results/generated_py/7e55b00b_sample_empty_df.py,506,3cc835a7b3ac15ad681eec97e3674b532f5e67d3f0f2cd55d1c7b9e240892975,result_or_output
exp2/results/generated_py/8017f91b_embedder_frame.py,167,05a6ab14a3301c72069d515e860354a4538502a0a2dcc248b2854c7c3fe1f027,result_or_output
exp2/results/generated_py/8017f91b_eval_hybrid_concat_sort.py,223,5905ef8c7ed6ef98c91bece0113677e498dd6d6267c61eb34b47253dc0c34a6c,result_or_output
exp2/results/generated_py/8017f91b_eval_hybrid_load.py,156,fee076d5372fb47fb499e2bb110e085754eef30486c03d1ac2476232d50b5819,result_or_output
exp2/results/generated_py/8017f91b_hybrid_score_concat.py,98,56b041da991c70f584016a18bfffc4fe8a7af5ac35f091acfb7bf7988b82143b,result_or_output
exp2/results/generated_py/8017f91b_hybrid_score_frame.py,751,f1e027d16508fd43f640b0d8a589b0533d30c78e54c2ff113784496a40cb3d1c,result_or_output
exp2/results/generated_py/8017f91b_input_loc_col.py,174,71e92b61302396e0db48c0a657181bf809fec9e5ed9a03b5b810a8b71bf54723,result_or_output
exp2/results/generated_py/8017f91b_input_loc_index_item.py,156,f3be5ddbb961ac7d70f2927ab4bf9d08ff722dda68f47481feb96e9f3a412147,result_or_output
exp2/results/generated_py/8017f91b_io_parquet.py,417,09e0dfddec6cbd134cf824557dde424f56c49a0d94d6ad3c63d90551ce8cc006,result_or_output
exp2/results/generated_py/8017f91b_model_data_lang_loc_filter.py,138,141ead04deb154a4e1f55d0b85d05126c6730d8cdb8284e82de10f7b8beb1579,result_or_output
exp2/results/generated_py/8017f91b_model_data_loc_filter.py,155,5a3a908b1cf3b07f45d37457298a6d8c11650c1fc74c8435827b0f405154b6ae,result_or_output
exp2/results/generated_py/8017f91b_pairwise_cosine_loc.py,366,012c1ddda241e4da75b694e65cce6ce0c9f93b27fa9bc161d68c63c49dad9793,result_or_output
exp2/results/generated_py/8017f91b_pairwise_loc_filter.py,224,b8e3919e142cd40065ac272d0d9afa77e30bc476e9063ad6764b24ee0f79dc14,result_or_output
exp2/results/generated_py/8017f91b_precompute_cross_join.py,377,d68ce01df8022e92dabf467cd0ce2251180996a72e87d60673a71edfd2cbed6f,result_or_output
exp2/results/generated_py/8017f91b_precompute_id_cross_frame.py,194,eaaae04618d1cef265646777be083831ef80dcf5e3f7ccc69e9f4e84c01ef867,result_or_output
exp2/results/generated_py/83c12695_collect_filter.py,216,347e222e5aec6decff1e4159f017debdf21b619915ab1e986d6b5adc82b793cd,result_or_output
exp2/results/generated_py/83c12695_collect_pivot.py,690,a32428c8422ea65bbb73d5cdea9940cbab807201f3e2ae66ab5ce71dd7f7a5c5,result_or_output
exp2/results/generated_py/8bb7bc3a_expose_isin.py,75,cfa87609666e07fff59f15820c8d77f8808f58859c982bc54b9c321bcf4bcacd,result_or_output
exp2/results/generated_py/8c71f3c7_attr_getter_unseen_frame.py,151,6432796b18c75bb6128e5fa47c2654b37ea50b752b16d36f2a109dfe354dcd39,result_or_output
exp2/results/generated_py/8c71f3c7_attr_getter_unseen_iter.py,118,92da3f8009080c9f0582481aa21243ba43e311b6de7def1dfe230f521705fed0,result_or_output
exp2/results/generated_py/8c71f3c7_citation_models_fillna.py,132,60820a4f50b607b820f0af88edb72da0e15d1b9e7464456f8bcbc2bd6ba02428,result_or_output
exp2/results/generated_py/8c71f3c7_citation_models_rank.py,300,e9bd2d9db7510acdc10ad58b2a9f4510f1ccd47967b3b9f64df8334c766672bb,result_or_output
exp2/results/generated_py/8c71f3c7_document_info_tolist.py,131,2399a55753e4b7602714bfbf9263994466bc9577ea4ac6bacf473d297540b11f,result_or_output
exp2/results/generated_py/8c71f3c7_embedder_frame.py,168,1e1866a9953f9a351922e1ac9dd1642eb38a93535b453a09640c15f65ccfb090,result_or_output
exp2/results/generated_py/8c71f3c7_hybrid_score_concat.py,98,56b041da991c70f584016a18bfffc4fe8a7af5ac35f091acfb7bf7988b82143b,result_or_output
exp2/results/generated_py/8c71f3c7_hybrid_scorer_citation_index.py,139,c1cbac45c974053eba152a02e6eafdb61b985b30589382df744c7a8990d8bd52,result_or_output
exp2/results/generated_py/8c71f3c7_hybrid_scorer_language_index.py,163,8dc899f416cdf76a3d4897a74bbb509961d42a613393096608d21c342212a614,result_or_output
exp2/results/generated_py/8c71f3c7_input_converter_index.py,154,2dcde25565ee6af2e6618316be01c9374a1593d9e881f4d86d28a92382d3ccd9,result_or_output
exp2/results/generated_py/8c71f3c7_input_converter_loc.py,171,ae9585633ee6c1ed16822c664aa45cbebddc0f131e98fc81ed7c765aaaa0e7cd,result_or_output
exp2/results/generated_py/8c71f3c7_model_choice_load.py,109,d0dce59c050338ff06c4135a96e35e801d3944790bf2ce21fe7bd9561fde803e,result_or_output
exp2/results/generated_py/8c71f3c7_pairwise_loc_colname.py,236,68640a0e92a88a7bf0cf02dcfdee11f2c5ae60a89556da24a3293fd01205c8f4,result_or_output
exp2/results/generated_py/8c71f3c7_pairwise_loc_item.py,271,42588ef60718a64a32514073b68a7ada1e1073caab3fae231b819713aef6db19,result_or_output
exp2/results/generated_py/8c71f3c7_precompute_df_construct.py,81,71759912b7a43042cfd7b28e527bf41c232bab24451a253b6743329ef4bcbd6f,result_or_output
exp2/results/generated_py/8c71f3c7_s4_combine_load_concat_write.py,157,19c8399fe2af90996efb984a5fcba559977fcd21fa4f4a19ad735e71e70ff184,result_or_output
exp2/results/generated_py/8c71f3c7_s8_combine_load_concat_write.py,175,c5a0e2dd1f8c9ff934e8109e6d1d25cdae8886e74b2450afbc05db60636b6336,result_or_output
exp2/results/generated_py/92e35040_query_appraised.py,468,9001cf413634818e7297deeea000dfb09e2236db5e94231ac22648fa5735c9b1,result_or_output
exp2/results/generated_py/92e35040_query_binned_unbinned.py,591,e94e71aa0b97f71cb51eda9f107da9cc4d94809ffec114b2c07b4c6f7857a1ba,result_or_output
exp2/results/generated_py/92e35040_query_write_csv.py,332,a33ffd7c5e113df477a271e4915d9abfed64943b3e539388dc3df9f29aed7484,result_or_output
exp2/results/generated_py/99aff9e0_rename_columns_empty_df.py,64,f8085f3b3e5d6085e9ab5d4ff00bfac7bf10e6fface7ab83008cbc8a0b8285f8,result_or_output
exp2/results/generated_py/a39f4527_expose_trx_join_filter.py,214,28a7244b792c7c4641b4ebeb4d5ba73c61244357caf1e89ec0c829696443f0d9,result_or_output
exp2/results/generated_py/a39f4527_expose_trx_left_join_fill.py,233,31788e7550efce147551c0806e0d4758c7618288182f826f301420a719edc96d,result_or_output
exp2/results/generated_py/a39f4527_expose_trx_pivot.py,506,da57d1fb2fc13a8fff5f492ebd8f772b908b6258b8e3bb023a4619ac84cf5973,result_or_output
exp2/results/generated_py/a39f4527_expose_trx_unique.py,844,232b1373370ffc178e67d525a9941b160d30ea6ba0169b355e3d62908a8d44f9,result_or_output
exp2/results/generated_py/a52cebfe_common_get_observations.py,534,77f7823429ed954841176e60724572b05ffe636f2526aebf88bd2c2ecb58557a,result_or_output
exp2/results/generated_py/a52cebfe_common_summary_filter.py,278,8436932cda7eb2daa6011be608603665f8a03c519f6ae6f8fe14ed009a9378f7,result_or_output
exp2/results/generated_py/a52cebfe_es_update_pivot_join.py,309,bdab1fa0a040ccf9a4a9d1f88fc9f6a52fe8edd7f28b14214280a5e4d393c505,result_or_output
exp2/results/generated_py/a52cebfe_es_update_scaling_factors.py,444,0b1fb052aeae0c5a5359c87fa0cc3a280d3d22e6f32b4e8a972bae04c5ea6fc4,result_or_output
exp2/results/generated_py/a52cebfe_measured_data_pivot_join.py,383,29beab010a37c65503377ff369193d23e44dffa425d3e9dfa98f773bb751c4b3,result_or_output
exp2/results/generated_py/a52cebfe_rft_concat_write.py,523,f5d7a048e8544763e94fdca15616c67dc0587adfd9b43ce2c89ac752097f7bd8,result_or_output
exp2/results/generated_py/a52cebfe_rft_obs_join.py,585,318927a8e2411136b8e8027b2620c302364f5b63b41c66906df229bc6672d0e0,result_or_output
exp2/results/generated_py/a841955a_summarise_select.py,101,c171669184eda4c8db77266bc38f6fe5c81856fc8f6c44a97105e5ec1e4d1a35,result_or_output
exp2/results/generated_py/a841955a_summarise_unmapped.py,401,f297d8dd3c489365237817c2e3e0f3f73228e806ecc20137e0e6fd59e0062890,result_or_output
exp2/results/generated_py/acryo_loader_corr_max_with_columns_migration.py,213,a53fc2a3e3f273c1c5c4f461ad772d6387fe0ff27fa550280cdf4655d927cc94,result_or_output
exp2/results/generated_py/acryo_loader_get_features_migration.py,487,fdb476927d789586fca7fce9471784beab8f206890182ad93bdfacc59996030c,result_or_output
exp2/results/generated_py/acryo_loader_scores_with_columns_migration.py,140,90148561eeb776944c0493f104493f50cc02bd71eb1b566f066fd2a16c86606e,result_or_output
exp2/results/generated_py/acryo_loader_update_features_migration.py,505,b0d1892e9b0a8f2df797fbe87cac77d06691effee3549a820d0809acb8242fd3,result_or_output
exp2/results/generated_py/acryo_molecules_concat_migration.py,714,24fc4f7294fc9f475610bb94ecc0c8b03eca08d0ea3c0ae76326bf493f0b2a3e,result_or_output
exp2/results/generated_py/acryo_molecules_from_csv_migration.py,558,cb30dc05f7bd6a5c9af938e2a1c352be519978a6b9ad3e7c13bf5ccb1d406fa4,result_or_output
exp2/results/generated_py/acryo_molecules_rotation_copy_migration.py,163,6d53845c17142644f61d28983cb79196aed4005a4d6cb3b3a0ec13f1b15c6389,result_or_output
exp2/results/generated_py/acryo_molecules_subset_migration.py,141,6aa0d9176f8f2bee49a5e70c78b03a22fed19213f30feb30a3a6c7dccc8cf0a8,result_or_output
exp2/results/generated_py/acryo_molecules_to_csv_migration.py,213,a29795ca8e10296afec284a187257b0c74a9acbbfb1c1b1437be76439312ff92,result_or_output
exp2/results/generated_py/acryo_molecules_to_dataframe_migration.py,335,ca989adbd64494fb33894700392467e546a00c647709967674a831073788b74b,result_or_output
exp2/results/generated_py/acryo_molecules_translation_copy_migration.py,119,2ec3fea7aefce44e943e6ded5c01673308226aa25334b2bd89c809313c5d7582,result_or_output
exp2/results/generated_py/adjacency_create_matrix_loop.py,936,48c99f7030c1dd7825d1c1f4318fb2a06b994ab30b2dfdcdc7ed87bcf4855069,result_or_output
exp2/results/generated_py/adjacency_read_file_to_polars.py,197,0c52f5398712b4e93e31a52a49ede526be5207a638d78740dd70a9eeac336c9a,result_or_output
exp2/results/generated_py/azure_ocr_concat_lazy.py,64,0c2c1a1221d9af26200ec566380b653c588c8b191901f22a50451697f66ff188,result_or_output
exp2/results/generated_py/azure_ocr_from_dicts.py,65,cf6db073f53154a9ee7134da2ad46574740976e5e145351a6cd154d1da043cf4,result_or_output
exp2/results/generated_py/b36214f9_preprocess_attrs_registry.py,1364,c0b716bd6ba4a83457eee1e8c392387928f06ebc51df907fdfc252d134431bec,result_or_output
exp2/results/generated_py/b36214f9_preprocess_columns_tolist.py,346,0c4e8c7e68a8a2f00cb37ffd6ab9fa7393df26085561176b6da8b253ea8fcd6a,result_or_output
exp2/results/generated_py/b36214f9_preprocess_shape_rename.py,464,e0c4fdeb2de0059222d458c4adbf80391ec216422edaeabaf72d4e25949c2147,result_or_output
exp2/results/generated_py/b36214f9_session_dropna_unique.py,97,c37a49425564f7a49d070c1609e770408c60aa42a93528b356623ce2aa916270,result_or_output
exp2/results/generated_py/b36214f9_session_read_csv.py,327,f31b1698bb51bda16af63677b0ae9dfc0ecc6ecb7a325b0b0fc94e63d78f3684,result_or_output
exp2/results/generated_py/bbe5d7e5_create_data_frame.py,367,79f879d69da3e36e3116b6a41d83061735d4020c93ccbd4ab7d7fe6fa24da8a2,result_or_output
exp2/results/generated_py/bbe5d7e5_datasets_read_csv.py,293,ca3fdb09bac35c16f2555b03ecbec43fda04a5d031a4876fcb0d8d3e03afbb19,result_or_output
exp2/results/generated_py/cb25a1c5_wsv_pegel.py,55,1d7ec0e1938f10620bd4e74d0875aa35801ec059b67163397dee150319bbbc80,result_or_output
exp2/results/generated_py/d90ed416_ibis_filter.py,262,040b81b5c617975e2e6392264cc10818d2fed54be6f0c1e1a2fa30448f6254d7,result_or_output
exp2/results/generated_py/d90ed416_ibis_isin.py,207,a4fb44a0edb46096b75a5bd62f264cfa58eb94e6dd82b30959f6a9f8c2c47d44,result_or_output
exp2/results/generated_py/d90ed416_ibis_join.py,389,73238519172c970f1651b5b145bb29555eb7ea99a6ee09a8a2c953aa69b8059b,result_or_output
exp2/results/generated_py/db5fc12b_expose_date_str.py,168,512d8b7fd1f568d197c4886f3f3d8acb2783b7f620e728a907e41437580dceb5,result_or_output
exp2/results/generated_py/db5fc12b_expose_rename.py,540,411832e7695c2c836dc013f059e409870cc5f6fe3dcec3f39c02663a731756b5,result_or_output
exp2/results/generated_py/dcff23d0_filter_concat_all.py,149,72098050b2e5116f28777dd8c6e7c870b631004f2a190e2407362616b9ab486f,result_or_output
exp2/results/generated_py/e3227f4f_split_empty_df.py,988,440e11968c3572e5710d22f420d244e0bb5c77dbbe1bbce6e2d2ead7ae92d557,result_or_output
exp2/results/generated_py/e8fa7691_design_matrix_model.py,260,abe56c79bcb583fe072a80c82f3a528ee3c0a5074d2dece7e49ac19ecfc02c1f,result_or_output
exp2/results/generated_py/ed3b46c0_base_pattern_iloc.py,268,16f5fee9c137e4fe0a2550bb71132e6e1650dd9e713a5624488a8be9454a2d38,result_or_output
exp2/results/generated_py/ed3b46c0_base_pattern_pred_concat.py,336,65f3760db25cc9b2784d49ead6c29de88bba5570d79b5ec89b7967e4ec65aa18,result_or_output
exp2/results/generated_py/ed3b46c0_classification_iloc.py,198,a07ac0831bae5ebc184565bfb66f137141eaec8ce62f48a661da181cabf9f3a9,result_or_output
exp2/results/generated_py/ed3b46c0_classification_pred_concat.py,783,f2fe9012bdaad22645ffdcbeeeb1bc1c0ce7c688604767b6391d0dddbb50b086,result_or_output
exp2/results/generated_py/efc0581f_azure_concat_lazy.py,64,0c2c1a1221d9af26200ec566380b653c588c8b191901f22a50451697f66ff188,result_or_output
exp2/results/generated_py/efc0581f_azure_from_dicts.py,65,cf6db073f53154a9ee7134da2ad46574740976e5e145351a6cd154d1da043cf4,result_or_output
exp2/results/generated_py/efc0581f_data_assign_bbox.py,493,bc8dde02e9b49cf6eb35b84cc48862551511e37d934e3306b919f254548f32aa,result_or_output
exp2/results/generated_py/efc0581f_data_filter_page.py,90,3c1fb033b329657dd07aac6029266c63d7d5f6633d780d66b73714ca6bb37b95,result_or_output
exp2/results/generated_py/efc0581f_data_groupby_agg_text.py,471,254bed0fb7ffcd0f3c324894090be30de270c07f6a141d3452305deaf2a7aa98,result_or_output
exp2/results/generated_py/efc0581f_data_merge_cross.py,1597,6c2263a09784fc615842f5ea2c5eb311f9dac31c0b800c1e76d0adfc79f2f7ab,result_or_output
exp2/results/generated_py/efc0581f_dedup_nested_cross_join.py,230,6706f0559f60bcb57b0b5c3b7d4034e16f85a1b688e4044fb8e39668916b360b,result_or_output
exp2/results/generated_py/efc0581f_dedup_redundant_filter.py,194,069025ebbee4e2ff86ad8d3bc459c02fd3a7f742f2dfdfba8617dfef8923c2c0,result_or_output
exp2/results/generated_py/efc0581f_dedup_vertical_sort_cumcount.py,231,fcf652dbcd331f555f0831f7e8f00ba57a560b2430a0a185fb36449b46a0cb8b,result_or_output
exp2/results/generated_py/efc0581f_ident_explode_cells.py,741,945bcd3b91ba45f3ebb6bdabc94e8227f87700db275e4eb57cdd2ec2b6a6b77e,result_or_output
exp2/results/generated_py/efc0581f_ident_from_dicts_cross.py,4176,8f5c6efa3c23c9b6ca5137de8b8c83bebc108cda0a0645752853b17c48737b63,result_or_output
exp2/results/generated_py/efc0581f_ident_with_columns_conditions.py,659,96d67c140299d99ff7bb7369eee913673850c0d48b6a68b25142463fab077a78,result_or_output
exp2/results/generated_py/efc0581f_lines_filter_words.py,170,cbd08e27e917acd912ded06e8679c97fedf5e1c2ca05d9791ac6411561e85329,result_or_output
exp2/results/generated_py/efc0581f_lines_from_dicts_lazy.py,416,1fc92f04ed8e98dfbdf576d5c05a07adfbad71ebdc1fa8c7a3ca70a3c1c8dafb,result_or_output
exp2/results/generated_py/efc0581f_lines_groupby_filter.py,309,5e3e42fb79e71e7ba34436dda1cfdd99e973cb298896f0321ce8572254bee983,result_or_output
exp2/results/generated_py/efc0581f_pdf_concat_lazy.py,55,4d12a1b4482afffaa2df4e500e965c4bf292fb80947c0aaf9d8dfd19536bbf74,result_or_output
exp2/results/generated_py/efc0581f_pdf_from_dicts.py,85,70c647b73fdf8239ef87cbe4be9b3114a6cfc80e8e390979925f6e8cbd49cb4f,result_or_output
exp2/results/generated_py/efc0581f_tesseract_concat_lazy.py,80,f4678272278f78bb1f6261fe09fc21326ddf6df0d1237a26aabacf604a57c0bc,result_or_output
exp2/results/generated_py/efc0581f_tesseract_from_dicts.py,65,09ff3f4beb7d86215175f7fa00d3443a2758a7adcc3f03076214a5424411479c,result_or_output
exp2/results/generated_py/efc0581f_tesseract_nan_none.py,87,00a2a493da83c76142470fc87d6a005441d57f4969c68b1b2431e13e40b793d1,result_or_output
exp2/results/generated_py/efc0581f_textract_concat_lazy.py,64,0c2c1a1221d9af26200ec566380b653c588c8b191901f22a50451697f66ff188,result_or_output
exp2/results/generated_py/efc0581f_textract_from_dicts.py,58,63be702dd6af3f2b4c6f7e4115769da7b6a462c52ab441a374e34612085fc972,result_or_output
exp2/results/generated_py/efc0581f_vision_concat_lazy.py,64,0c2c1a1221d9af26200ec566380b653c588c8b191901f22a50451697f66ff188,result_or_output
exp2/results/generated_py/efc0581f_vision_from_dicts.py,58,63be702dd6af3f2b4c6f7e4115769da7b6a462c52ab441a374e34612085fc972,result_or_output
exp2/results/generated_py/f11c29ae_dataset_df_clone.py,812,598ad956a50d3f150a8a40289656d422e579004f30b5bba15da7451fc698b2be,result_or_output
exp2/results/generated_py/f11c29ae_dataset_loc_select.py,268,c4b106581f17669c14a9cc1295be7cf21caf718ae8b411fb5253a37ef0ee7608,result_or_output
exp2/results/generated_py/f11c29ae_dataset_save_load.py,713,ba59f2e38f4c55d471bb6ca96c886db876ccff723d80a2ade2818282dc9aaf7a,result_or_output
exp2/results/generated_py/f11c29ae_dataset_to_pandas.py,86,d4c63d88d0f5c77d16bfd3cc9438498218e0c20cd374471c8891a16d80db75f6,result_or_output
exp2/results/generated_py/img2table_aws_textract_concat_lazy_migration.py,64,0c2c1a1221d9af26200ec566380b653c588c8b191901f22a50451697f66ff188,result_or_output
exp2/results/generated_py/img2table_aws_textract_list_dfs_migration.py,58,63be702dd6af3f2b4c6f7e4115769da7b6a462c52ab441a374e34612085fc972,result_or_output
exp2/results/generated_py/img2table_azure_concat_lazy_migration.py,64,0c2c1a1221d9af26200ec566380b653c588c8b191901f22a50451697f66ff188,result_or_output
exp2/results/generated_py/img2table_azure_list_dfs_migration.py,65,cf6db073f53154a9ee7134da2ad46574740976e5e145351a6cd154d1da043cf4,result_or_output
exp2/results/generated_py/img2table_cells_adjacent_redundant_migration.py,563,e269ad624844799dcc2d1d896b7daf17b7d257b099c850eb85bfafb209538cfa,result_or_output
exp2/results/generated_py/img2table_cells_clone_rename_migration.py,121,f1ecadce99b5fea58e1f4d53810e825f5bb73d0462975f8e3000fe5c83d0fcd3,result_or_output
exp2/results/generated_py/img2table_cells_contained_migration.py,254,f23afaead19e88d86e99d63239e543920093c82dcede8d99305fd1c1701b9faa,result_or_output
exp2/results/generated_py/img2table_cells_cross_join_filter_migration.py,230,6706f0559f60bcb57b0b5c3b7d4034e16f85a1b688e4044fb8e39668916b360b,result_or_output
exp2/results/generated_py/img2table_cells_intersection_area_migration.py,194,d2d4195b7f54b75bf04b10c20dfad174a67b6ce7aa72d55a824e6d2d6a03bddd,result_or_output
exp2/results/generated_py/img2table_cells_overlap_diff_migration.py,818,2d817d3f3c73686315ba8adb3b79865b60f4b04874115b8c44d2606858fb44d7,result_or_output
exp2/results/generated_py/img2table_cells_redundant_removal_migration.py,238,e0cc2d126075989e1ecf82c0b4d644929ed332dde11adafb7ab44f7c56b0cdda,result_or_output
exp2/results/generated_py/img2table_cells_vertical_deduplication_migration.py,486,6688ecea39ebf62bc63cb114a43c7dc415012415f4e14229f9d5f2139ffebd06,result_or_output
exp2/results/generated_py/img2table_cells_width_height_area_migration.py,228,d0429249965b8eea4f56c19ac9c37e1ea2bc4a24fdce34991ba9ac4760d3ba58,result_or_output
exp2/results/generated_py/img2table_google_vision_concat_lazy_migration.py,64,0c2c1a1221d9af26200ec566380b653c588c8b191901f22a50451697f66ff188,result_or_output
exp2/results/generated_py/img2table_google_vision_list_dfs_migration.py,58,63be702dd6af3f2b4c6f7e4115769da7b6a462c52ab441a374e34612085fc972,result_or_output
exp2/results/generated_py/img2table_lines_cross_join_migration.py,66,5366e1230831bc9f0750aff589f4faf3849457e9964f7d961e8130c95b47a9be,result_or_output
exp2/results/generated_py/img2table_lines_df_lines_creation_migration.py,410,60d0337342f344052b61501b4ba43870020883a73a71348f9340c27cd9115df4,result_or_output
exp2/results/generated_py/img2table_lines_filter_words_migration.py,170,cbd08e27e917acd912ded06e8679c97fedf5e1c2ca05d9791ac6411561e85329,result_or_output
exp2/results/generated_py/img2table_lines_groupby_sum_migration.py,172,5edc4c0a63c8cac80a555c18b389e9aa4b2cd35fa630ded16b21ec5c4bd2d986,result_or_output
exp2/results/generated_py/img2table_lines_intersection_assignment_migration.py,199,cf5cd27504934d7f6ea7637e12e612d72164e5cedc8b8b1202fd3a18d12deca5,result_or_output
exp2/results/generated_py/img2table_lines_intersection_formula_migration.py,519,5a4120eedc37689590c65379817955dadb6a926eb3ee69b9f5875484595c3b75,result_or_output
exp2/results/generated_py/img2table_lines_intersection_lines_filter_migration.py,128,26f35f9126fd082dddbe58f575b14e7bd7cfd719f7b086af20dcc505cf4cb209,result_or_output
exp2/results/generated_py/img2table_pdf_concat_lazy_migration.py,27,c1807b49a10dd635db6178d804932756a8b9b33f71dd9646d534a3e50d574f16,result_or_output
exp2/results/generated_py/img2table_pdf_list_dfs_migration.py,80,6b13a5d6bf1c278d29dfc94fc60d0080972cf20b9893e022d879d56b700bff22,result_or_output
exp2/results/generated_py/marimo_chdb_cursor_rows.py,114,e83f9e4c907d4ca74fe79a100fed10b04eff5340c5031eef12a1733675344e76,result_or_output
exp2/results/generated_py/medmodels_classic_distance_covariates_select_migration.py,240,996e5916f9786ece1cd638871965d275f11bbb234ab66c6be2415340c74c27a3,result_or_output
exp2/results/generated_py/medmodels_classic_distance_match_migration.py,1967,5a36b40ba7e3f75cb67f3791061671e923f11fe1e84898cfdb77a09db2115875,result_or_output
exp2/results/generated_py/medmodels_medrecord_process_edges_dataframe_migration.py,441,5dd7946d823764b00e7be11581900397a39168257d08710de671cb3aa71ad8ae,result_or_output
exp2/results/generated_py/medmodels_medrecord_process_nodes_dataframe_migration.py,383,6b41c59d4fad57354f2047554fdc7878be82d51e5d16991e9141b4c8c48cece7,result_or_output
exp2/results/generated_py/medmodels_propensity_score_prop_score_migration.py,792,1a2e5b6cca1889193251357da2b50c7f790ad558794457f897fb441c99e7e288,result_or_output
exp2/results/generated_py/medmodels_propensity_score_signature_migration.py,389,db47738b171eeb0bbe3f6944242ea6d39f7419a6dff8b5ed73cd389e29b1c862,result_or_output
exp2/results/generated_py/mexca_data_delete_filename_time_col_migration.py,266,adf2d3c573bce678b7b5ec0ddd5366ea46465833cfbbf74b2bf51122e0493d03,result_or_output
exp2/results/generated_py/mexca_data_merge_audio_text_features_migration.py,774,748c7a2c8707e3a09c909974587c974727af802b48e9532858a15ba7a72774d6,result_or_output
exp2/results/generated_py/mexca_data_merge_features_migration.py,676,e3b546d579c28bebdf0060f526820366e8c7c4fc8d55bb73b0441b0899ac4ead,result_or_output
exp2/results/generated_py/mexca_data_merge_video_annotation_migration.py,335,107671b9b8bea77eee1b51c4bb6074970218c8f691dc99063f1873702edb5aef,result_or_output
exp2/results/generated_py/mexca_data_merge_voice_features_migration.py,199,1de9c2fcf75271f97a9d9f1cdecdfff20936fbe2679c8617f54996f063662f33,result_or_output
exp2/results/generated_py/mpds_get_dataframe.py,88,647ef3ff025bc3b2f836be21528a02195fbd12ae6bc6504bab29462f9b5ab7d0,result_or_output
exp2/results/generated_py/pheval_gene_identifier_map.py,354,f2cc85d13fd93a5d8e901f8af174db64e6a680fb8c8a0b5088c5321d3f818ebd,result_or_output
exp2/results/generated_py/pheval_gene_updater_find_identifier.py,301,faff2fdbee160364f4a4f4427438c5abc49cea73359823dc99f649dd52c9290b,result_or_output
exp2/results/generated_py/pheval_gene_updater_find_symbol.py,49,209964e326bff38155d15535d381f4913a86f679d68aef62e995d6555a6e34d7,result_or_output
exp2/results/generated_py/pheval_parse_hgnc_data.py,186,2886c90ca10b1230abfa809650ac07c72f802458f0e080dc73c8ae0bad409b36,result_or_output
exp2/results/generated_py/portfolio_momentum_roc.py,280,673f5657889b9aba5d100f53ff23c407a990e022f082e5af6a85e1ed5fd8ae48,result_or_output
exp2/results/generated_py/portfolio_momentum_rsi.py,172,0cbaf4cf6cd2605e3c4f29e0a97edf6f3439f10784791b94d798c1acc1110dfe,result_or_output
exp2/results/generated_py/portfolio_momentum_stoch_osc.py,843,5a990e8379181e61361397c0fe111403c1d5020c5be4fc1593d752fba5525cf8,result_or_output
exp2/results/generated_py/portfolio_momentum_stoch_rsi.py,1003,b3eb64134fcfa8fc6ce0c97531a403c2b09640d5e56e04bd5bec8352ea2fcc77,result_or_output
exp2/results/generated_py/portfolio_stock_from_pandas.py,277,0f8621f9e0b728a9a620dd79c223b01ad4a2e00a07c6577778231723b72ff017,result_or_output
exp2/results/generated_py/portfolio_stock_to_dict.py,53,ef96edb2503bc61b2ba0289046f97196dbe7805912891f767017a6ef8654bbf0,result_or_output
exp2/results/generated_py/quant_backtester_calculate_returns_migration.py,1122,ca0776dac5ac1230e21dd27473e92e255a6a63ec403414ce4143e4db14550fa6,result_or_output
exp2/results/generated_py/quant_backtester_performance_metrics_migration.py,559,e41146b4d3d2a3d1364ce04951fcbc13d0f8b5f15abc8481f87fb6171623b481,result_or_output
exp2/results/generated_py/quant_trading_strategy_backtester_data_load_yfinance_data_two_tickers_migration.py,974,ce71b0eacc6d7613221300a9d433c13f2555b985b4e5e699649d7b9f476c02b7,result_or_output
exp2/results/generated_py/readnext_hybrid_score_compare_scores_migration.py,307,1d66eaba849920b60b54bf93b8d3bc61e2fa1e03127bef2406edbe35fb2ae18e,result_or_output
exp2/results/generated_py/readnext_hybrid_score_to_frame_migration.py,659,901a8d3d51d01d560a54f0793668404210164e16dadf4fbe1976768d09746fe7,result_or_output
exp2/results/generated_py/scoring_compare_methylation_pattern_migration.py,1307,21fb88ddefd4bbbf113ff253beaf92a37de21e3a3dd3c8c72c349e08e1f356c3,result_or_output
exp2/results/generated_py/scoring_compare_methylation_pattern_multiprocessed_migration.py,1338,4a64fd1b87862d8ba6b1e5145f9b8bbd9bf6710e72ba03888f7e66b7906618b2,result_or_output
exp2/results/generated_py/scoring_define_mean_methylation_thresholds_migration.py,1207,93dfbd0ff8b55ff8b043ddf204da49c44715cf658292a440461a455890bfbf51,result_or_output
exp2/results/generated_py/scoring_process_bin_contig_merge_migration.py,320,d47f49b6bc43a0f0e3da8ff884a4305fafcdd9d2ede21268975777245ab8b501,result_or_output
exp2/results/generated_py/src_onemod_utils_parameters_create_params_migration.py,445,d3eeb84da73099993752f95563cd255f6af95de6294debb8bfe7ccab6190f7fa,result_or_output
exp2/results/generated_py/src_onemod_utils_parameters_get_params_migration.py,336,8c005fe1bd3cdce4dddf4513b21e0f52a24a21f14f9fd5f2e6e3d358c60a3508,result_or_output
exp2/results/generated_py/tesseract_ocr_concat_lazy.py,64,0c2c1a1221d9af26200ec566380b653c588c8b191901f22a50451697f66ff188,result_or_output
exp2/results/generated_py/tesseract_ocr_from_dicts.py,65,09ff3f4beb7d86215175f7fa00d3443a2758a7adcc3f03076214a5424411479c,result_or_output
exp2/results/generated_py/ultralytics_benchmarks_config.py,82,0ff290c59caf69ac6ec6e1993d441e4272cdcee77c0ca73f6003ef141c1a43bf,result_or_output
exp2/results/generated_py/ultralytics_benchmarks_dataframe.py,124,af66907351ecc99bc8f491a4e70e761131c70ffea2e92e32a0ac08f3e9508b76,result_or_output
exp2/results/generated_py/ultralytics_benchmarks_metrics.py,874,60e8143dee46b210b427e5da3d995027b37121f2e29fc2485f167fc00385b299,result_or_output
exp2/results/generated_py/ultralytics_trainer_read_csv.py,74,5a0bbdf63b1db8f38fd89283a66d2dc5bb5291ccf71dd7bc4e36367a3b557213,result_or_output
exp2/results/generated_py/ultralytics_wb_custom_table.py,268,863c3e583706d352b311769a5655c863c639fcdac32e908fef45cef504ba03d6,result_or_output
exp2/results/generated_py/visivo_sqlalchemy_read_sql.py,247,f205f64a382d1a6abb31dc75513ff2094fd6ae87c3396ff8e6876d16e4dedcb2,result_or_output
exp2/results/generated_py/vnc_cmatrix_loc_filter_item.py,1969,e907ba0426916d3f10b730874f52d80d7fe2d6dcfd414acaac8ac857a2cab4b6,result_or_output
exp2/results/generated_py/vnc_cmatrix_lookup_init.py,1256,b07c012ad834b76b84f80e040c64cc0a5cdcf512266199f5cedfe41e94bd192b,result_or_output
exp2/results/generated_py/vnc_cmatrix_reindex.py,1401,d13e2129e3add1a7d46f8af39dce1c28d78b217e54111590c573ba11c6335d95,result_or_output
exp2/results/generated_py/vnc_cmatrix_sort_tolist.py,1756,6361a4f4a37c4f570b128989880630beed6b8c3063ad79bdd16269a3781b915c,result_or_output
exp2/results/generated_py/vnc_cmatrix_uid_to_index.py,448,30be0df74ec3661e7ed0004f5a030b3783e065f3c4d1b5fd77395554e29e03a1,result_or_output
exp2/results/primary_outcomes.csv,94,19049f77a0f43437812ae9105a07e03e8074707d2763e16d602d83b0c1835d89,result_or_output
exp2/results/raw_responses/05afd878_evaluate_coassembly_edges.json,3119,4970a35d0e33b53ef0ad77fc86f5de44f4f52c2ec21308003abae3d8d67206d1,result_or_output
exp2/results/raw_responses/05afd878_evaluate_combined.json,3127,8ae2bfb340ffe8099456e2995010c1dcf4d0a4d40bcd716546b6c3317f4deef3,result_or_output
exp2/results/raw_responses/05afd878_evaluate_nontarget.json,3047,9ad5d90ae07fb8cafa6a72e9e47011feafddad66cd672731db09e1ae9985aa82,result_or_output
exp2/results/raw_responses/05afd878_evaluate_unbinned.json,2727,5e6f641d99dd51a60c982cde74f88f6da69adb104d3ef13265e8ca58d7c424cc,result_or_output
exp2/results/raw_responses/0ffdf231_noaa_ghcn_inventory.json,2567,5a13cd2108d35181dc92403e20cff4c3cbcb6161b4473b72a20ffe98705cdd50,result_or_output
exp2/results/raw_responses/0ffdf231_noaa_ghcn_stations.json,2568,4e8ab93cb0ea0d25ef4f672938bb711168db18a86ae43a835e51b4e9ea135eb5,result_or_output
exp2/results/raw_responses/142b5bcb_tools_relocate.json,2818,bbdd60d2fa0b3cb31724b6e343cc30d5b99ce168d99481164cacd52c816ca3f7,result_or_output
exp2/results/raw_responses/16645382_exp_stats_col_assign.json,2404,e21139febf537b7efd1f93b28617b7b1de2369544e487807202a421ddc4e84ac,result_or_output
exp2/results/raw_responses/16645382_exp_stats_rename.json,2349,a87433a4f96a47536a2d38a3f796c151205231596c2ad64cf38911e8e7eb6bf8,result_or_output
exp2/results/raw_responses/1e52b4e7_concat_to_frame.json,2409,530e34813aabb764d6b463cdc75d4879337a2949267539c3e56272bdb7f15a61,result_or_output
exp2/results/raw_responses/1ec015da_to_rank.json,2804,4b96ab63b92c2358ff5830fd7ae92d40b1d84861a82625932fc3e3f98b7c5908,result_or_output
exp2/results/raw_responses/1f8af3a3_target_elusive_sample_pairs.json,3319,eedc0022420d9a89cdd5d72e71ca2b4f175ed2019f515471bcdd29f6512aa5e0,result_or_output
exp2/results/raw_responses/1f8af3a3_target_elusive_sparse_edges.json,2737,cdefd537dd847dc5f91e5865f42e0d8c3c01d84eb380f936724a402a50ed1761,result_or_output
exp2/results/raw_responses/1f8af3a3_target_elusive_unbinned.json,2794,e3e1fb4525784e670991e671ecc42456b3b1cdab4d428a0f404cb3e1f8b886ce,result_or_output
exp2/results/raw_responses/287a28d8_col_ends_with.json,2371,12059b5cfa1a771243b69c201b93c129bfb4fdf7516b74e8b253c1008b734411,result_or_output
exp2/results/raw_responses/287a28d8_col_matches.json,2694,f35ccda4d97c532dc5bc71c5cb0ed39b15a1d5b7d5a600918a2905ad3ac5c286,result_or_output
exp2/results/raw_responses/287a28d8_col_starts_with.json,2520,459fe3278504acfbe41f915136914ec174f2d084977f54b31df90d4206cf3d76,result_or_output
exp2/results/raw_responses/29097c0c_to_dataset_read_wrap.json,2982,44a54a5dd78d985b38002ecd3cb5421a1d4b5fd68c7ebc39e508c23d27f319fa,result_or_output
exp2/results/raw_responses/29097c0c_train_iloc_filter.json,3613,d42737a0260f091ba2330dde51d1e325eb9bf4fdf4b2da3bfd35af2e2b20e566,result_or_output
exp2/results/raw_responses/29097c0c_train_merge_concat.json,2957,0c8cdcd69f91b994b583522313cbd9d2c239703f6b9cb5ea015e7829eb830e91,result_or_output
exp2/results/raw_responses/325e7c2b_dates_pol_interval.json,4260,627e004f38397f74b2f9b36409a4d0fe9a17771aa398cb034de145e368370c3a,result_or_output
exp2/results/raw_responses/3c49cad1_bench_interp_cols.json,2466,beba6f7c84e874a4f226febba6e21354c3261f76aec2b81071604b08f952f2a1,result_or_output
exp2/results/raw_responses/3c49cad1_bench_interp_filter.json,2493,a84e138fa4a149cab27744baad9d5b2902e65c53193cc55d8b47b17a0969df84,result_or_output
exp2/results/raw_responses/3c49cad1_bench_interp_time_regular.json,2490,10c19a460ac27d23d18784628b3b78eed21e728e60abc2baaf83a65f552baf7f,result_or_output
exp2/results/raw_responses/3c49cad1_bench_interp_time_rmse.json,2542,5867fbd3f8e3e54a5e9bd970785b026c75be3b1ee44ca2a4749b36a658afbb96,result_or_output
exp2/results/raw_responses/3c49cad1_bench_precip_pct.json,2431,1b56e348f25c7954912254649c6c24f7c8c37cb8bace89df5763ff100fdc65c8,result_or_output
exp2/results/raw_responses/3c49cad1_bench_precip_regular.json,2720,a6426d4229c1243ae0e6906e48c9d4c6cd40e783c79ccadbf0c439f4761824fc,result_or_output
exp2/results/raw_responses/3c49cad1_geosphere_all.json,2454,7b6fb45da53ee54185f796fa2994f04652426cdca0b3b23ed86f69bec70dd235,result_or_output
exp2/results/raw_responses/3c49cad1_geosphere_collect.json,2960,35e4324ff5c378941ce8fbe90370043d9b7a34f11c16fb43b41a1854ed417ab7,result_or_output
exp2/results/raw_responses/3c49cad1_mosmix_access_dataframe.json,2405,97557821fb84a260a397eff6f4f037eff813d06447074330eb9115d0859a38af,result_or_output
exp2/results/raw_responses/3c49cad1_mosmix_access_datetime.json,2420,0e75d6a009de3b1cfb2d900def46b5daa31638d55c7433ddd6d1fc6abb9cb2fd,result_or_output
exp2/results/raw_responses/3c49cad1_radar_index_radolan.json,2522,942bb88560fc7c127d72099c34def4463f32eb13ce7634be5bf01b3d8ce923b9,result_or_output
exp2/results/raw_responses/3c49cad1_radar_index_sweeps.json,2470,6263e8e98d0d487881d5a1d47bb7e65d628e47a5589b791b4b1115b38cb3f6b7,result_or_output
exp2/results/raw_responses/3c49cad1_radar_sites_cols.json,3021,67130e688d91d98ba0bb2615bd7525041dc49c49f610a7f72488623b04b2cd70,result_or_output
exp2/results/raw_responses/3c49cad1_radar_sites_dicts.json,2502,486eadfdad2bfc91685da47a8505a1931954f2c8f658227de8e32da5f5eba442,result_or_output
exp2/results/raw_responses/3c49cad1_timeseries_extract.json,2455,4435150d60b96dc949c6028ea3ec92e7eaffba0d288fd9c9c9200024b183f79e,result_or_output
exp2/results/raw_responses/3c49cad1_timeseries_gain.json,2677,b1d1ed2dab6d184d41af115966cb692d5ab34f267ffbf46aeaf26ebda941572c,result_or_output
exp2/results/raw_responses/4bb33aa8_trx_stats_isin.json,2374,46438a5c2068c55bb6bd238d134922251e4005435f0a0f9e636f2fe7ce17b10d,result_or_output
exp2/results/raw_responses/6f1c2684_datasets_read_csv.json,2550,3e40dfc772fdeb19e5ac64911225dd1fa16b44e34c2a5326e53d2a34ac68a549,result_or_output
exp2/results/raw_responses/73a39d90_experiment_df_construct.json,2369,26bd47a23bd6134038f70a55014cc7ff3d0660fad203a359391b7855173a36ff,result_or_output
exp2/results/raw_responses/73a39d90_metrics_bootstrap_filter.json,2506,e27faa5a1836c6d7dd8a04de7cd689dc569e0f352899b712998c209055c0cfb3,result_or_output
exp2/results/raw_responses/73a39d90_metrics_groupby_agg.json,2830,a4d9e5182171e9ad7c8244b8dd8e6e3bbca9d5663021cceeafa565c20baddbea,result_or_output
exp2/results/raw_responses/73a39d90_metrics_groupby_partition.json,3269,0305ee31dee224708980bdb4b83cdefd10d5e67d2946bb35562fde30d93533c6,result_or_output
exp2/results/raw_responses/73a39d90_run_concat_write.json,2470,9c897df14d588105a5a53af666f849b8465849cec6da404ddae83a89d8f7f3a0,result_or_output
exp2/results/raw_responses/73a39d90_run_dataframe_write.json,2420,53f4512107b35bbf621524dbd74bd4b29253309700cdfbff3abe34f4435b291f,result_or_output
exp2/results/raw_responses/774f17e7_mane_mappings_filter_symbol.json,2592,2b1a1c3b0bd9eb6f6a9a559b028c37a61ab3367506f031ac25e186640f8468de,result_or_output
exp2/results/raw_responses/774f17e7_mane_mappings_genomic_filter.json,2580,888812ecee8d677729d38b669ce65bd76000e6e603aa1b3683b86ef4d203f7f1,result_or_output
exp2/results/raw_responses/774f17e7_mane_mappings_isin.json,2759,24610557209263b671d6dac3673c0b354ded68419781433adb74e1feefc6d88e,result_or_output
exp2/results/raw_responses/774f17e7_mane_mappings_load.json,2399,aa74a0ee078fd45ccf461f9dc43e36bc9df091865a7ff22a9acf05cea70c3940,result_or_output
exp2/results/raw_responses/774f17e7_mane_transcript_filter_row.json,2605,718e64cadfc5142545c4802b54ddae3a433fa6a4337990b8ad4df1b995d6a4a0,result_or_output
exp2/results/raw_responses/774f17e7_mane_transcript_parse_ac.json,2737,b0b6570a417bc899647f7ebff4337d7c0e79d41e73802d3f8cd6a75d861b7d2a,result_or_output
exp2/results/raw_responses/774f17e7_uta_database_construct.json,2449,2fa287b38cff0c65d45f172a24ebcf7709047cbc4994f394d9962d8aeaad7ef7,result_or_output
exp2/results/raw_responses/7e55b00b_sample_empty_df.json,2840,24ab1540bfb96b98a543ca4ed5254362192a46fc6d9d2d8f4aa439410d73ed0f,result_or_output
exp2/results/raw_responses/8017f91b_embedder_frame.json,2498,1f629111b92806497ac32b5d00cfc46340b8f5d0e6552d1cb09d2edc4f4056f6,result_or_output
exp2/results/raw_responses/8017f91b_eval_hybrid_concat_sort.json,2555,c27e04f24b2a816b1eae1b02e0d4315144b0b8917c871e807d911efcf89258d4,result_or_output
exp2/results/raw_responses/8017f91b_eval_hybrid_load.json,2480,62d7161f3818affdfe1c8d6ae0b2be36a02e13d87b2732a87825dcc678dfa6d5,result_or_output
exp2/results/raw_responses/8017f91b_hybrid_score_concat.json,2420,2c986ff2e57860f5882c72c7ffceff98b87f670d453b6c0d6f943d08dddd3c50,result_or_output
exp2/results/raw_responses/8017f91b_hybrid_score_frame.json,3098,f83b8c381ca3519761bb4a94e81cda5ab8b180d7488006259350543302773447,result_or_output
exp2/results/raw_responses/8017f91b_input_loc_col.json,2501,f318c64dc368920889b3ae1cfe11edd7f5cc596e61e73b3e56854fcd4c5323d0,result_or_output
exp2/results/raw_responses/8017f91b_input_loc_index_item.json,2485,6fa4cd00232e2f5acd7b6ba7bf779563f8248112ec53c6ec59c874f44ffd4e73,result_or_output
exp2/results/raw_responses/8017f91b_io_parquet.json,2771,3d38416ab5194d368af36acdaf89b8e5941cc250c1c65919c0bf740fa6582e58,result_or_output
exp2/results/raw_responses/8017f91b_model_data_lang_loc_filter.json,2460,e0216330d3cf301553f73b8d9deeee98a059e7317d9ec0554662a4d118d6412d,result_or_output
exp2/results/raw_responses/8017f91b_model_data_loc_filter.json,2482,dcb582d7c12b21250269fdf34b01a17580fdff0534c3f5e3a96c70734370132f,result_or_output
exp2/results/raw_responses/8017f91b_pairwise_cosine_loc.json,2705,8d377360a6f6d5578fc866fe9985a38c1bddf84ffeefbf16fb7b1bdb504d9d8f,result_or_output
exp2/results/raw_responses/8017f91b_pairwise_loc_filter.json,2551,404db5df7312ade148f490a591d85c3fe9c3e6278111a62f255f1f852cd4c700,result_or_output
exp2/results/raw_responses/8017f91b_precompute_cross_join.json,2715,18cb5461c84e74ccf2dbec6ddecf9ed3049d13775aade1d47f0e4b7977990c3f,result_or_output
exp2/results/raw_responses/8017f91b_precompute_id_cross_frame.json,2523,bfbd6aa045375bf1f9d0b9b10f0633ba8955d1319aae5433dd29321264bf6c50,result_or_output
exp2/results/raw_responses/83c12695_collect_filter.json,2551,948f14170b404086fb3f5608f6a38ae68d172cedd5e511e88249347620dec9f7,result_or_output
exp2/results/raw_responses/83c12695_collect_pivot.json,3073,6c6ea30abbdd7598c248dca7d94c1298c04b40e609ddd4ed81d61c7095b6efb1,result_or_output
exp2/results/raw_responses/8bb7bc3a_expose_isin.json,2396,12c20fd9f23fc16f62403393ff99912d0d7615596e14fa36fab972f4b2b2bfc8,result_or_output
exp2/results/raw_responses/8c71f3c7_attr_getter_unseen_frame.json,2482,5402ee84bab6040e7ce7b68dfaa4744eaea0600e6bb18add5868c9e9dc7fc64c,result_or_output
exp2/results/raw_responses/8c71f3c7_attr_getter_unseen_iter.json,2440,84c43067e8004cac3a4e2912f2d83648463bc2ec36d94030199f8298f04814c8,result_or_output
exp2/results/raw_responses/8c71f3c7_citation_models_fillna.json,2460,91bbdda14de790fff1b5519f14a7f6269b24cd3883e26ac274e7b5f637fcfe4a,result_or_output
exp2/results/raw_responses/8c71f3c7_citation_models_rank.json,2636,2fd750eaf4b4c61f5dd1eb9065daa31a9c8210a5dd4411c1a0bad7dd58c79e30,result_or_output
exp2/results/raw_responses/8c71f3c7_document_info_tolist.json,2459,188cd9706f889684565093599792baa560bb30123380611f845e614e9bbca11d,result_or_output
exp2/results/raw_responses/8c71f3c7_embedder_frame.json,2503,4a17957d48e5a61f8920b4801be3a33967e06f9bfdb9c7c4ce3820dd9f7710cb,result_or_output
exp2/results/raw_responses/8c71f3c7_hybrid_score_concat.json,2422,4e9e043bebf8559f9ec6fac2f29e899085ab50508bbe7aab190270674ff81266,result_or_output
exp2/results/raw_responses/8c71f3c7_hybrid_scorer_citation_index.json,2464,792568782573fe46ade47faf259cdf1068bf25837b63992aa7115a006699d646,result_or_output
exp2/results/raw_responses/8c71f3c7_hybrid_scorer_language_index.json,2488,52e7c6be2f3637578ddf8f36fdec1ffb7be398734d17ee4b0fb5137b98ff5edc,result_or_output
exp2/results/raw_responses/8c71f3c7_input_converter_index.json,2483,b1854fabf717403b11b0467eb6f47cdce80eedcd75cd091e13aadfd0d062e011,result_or_output
exp2/results/raw_responses/8c71f3c7_input_converter_loc.json,2505,3b0c44306913f40a946d3eff0d82eb42d240061a3db9bddf4389a60e2f682d01,result_or_output
exp2/results/raw_responses/8c71f3c7_model_choice_load.json,2431,d4493084c12192ee50d7e6869e397984ec59bc199c46982e2caa0935e195dc69,result_or_output
exp2/results/raw_responses/8c71f3c7_pairwise_loc_colname.json,2566,128daf2e6d1a6b1472807962dd6bdacd11455cd742ee4b2a71c533b67b8a6947,result_or_output
exp2/results/raw_responses/8c71f3c7_pairwise_loc_item.json,2595,866069da45d61ca06ccfdae7daf8675d7cf2e369c9a7f5a70f524ce8fa2a2fca,result_or_output
exp2/results/raw_responses/8c71f3c7_precompute_df_construct.json,2407,374cb623a9b57a3864ee5ca7b2e3218d1d51139fdb32b9aa38fac1fb37f947de,result_or_output
exp2/results/raw_responses/8c71f3c7_s4_combine_load_concat_write.json,2481,3aec915bfb20006ee49992d4dad4b468c43474bf65d83109dc60cbaf099e72b3,result_or_output
exp2/results/raw_responses/8c71f3c7_s8_combine_load_concat_write.json,2500,ae5d1bd7d71fdeae80db1684754229b10ecbd2275369fffb88b6ce24f3f767f1,result_or_output
exp2/results/raw_responses/92e35040_query_appraised.json,2851,e1f7c5870e88fde718642d8b90bb581cdf9bd3bf0b47239a45d8b97d7d927736,result_or_output
exp2/results/raw_responses/92e35040_query_binned_unbinned.json,2949,07e5c8f09acc53a14363b5ffd3b965335822d26c227a0a0b32f53ed5c99241c2,result_or_output
exp2/results/raw_responses/92e35040_query_write_csv.json,2674,5d7e5c9dda30f4b057d842a94f8a95694330c2b275e68c59d918a255f06c608c,result_or_output
exp2/results/raw_responses/99aff9e0_rename_columns_empty_df.json,2384,f5845cc2afe54c8f3c269e125266be10e578cc094ab6df7f26ea844563e74293,result_or_output
exp2/results/raw_responses/a39f4527_expose_trx_join_filter.json,2547,0fe97f5d607018ea1e54003a864c8f80d07d28ba9eb72e205820f244bfa9772d,result_or_output
exp2/results/raw_responses/a39f4527_expose_trx_left_join_fill.json,2564,2e0bfaf3d170119aae66e5c907228b6d46db762c1ec98c631663269b685a441e,result_or_output
exp2/results/raw_responses/a39f4527_expose_trx_pivot.json,2844,9e8e10098dd246efb9bf929fa492ed9e87f62e01a8ce6042405279629c765a8b,result_or_output
exp2/results/raw_responses/a39f4527_expose_trx_unique.json,3221,76608bd47fe20aa72946a661a0c3d4681fa1998883e08e21080e061278750c9e,result_or_output
exp2/results/raw_responses/a52cebfe_common_get_observations.json,2890,8e06f2796f62c975f888cee9498c1def1545c3bef6cd901aca14cc1fcd9f0816,result_or_output
exp2/results/raw_responses/a52cebfe_common_summary_filter.json,2621,36ced3ba53c4836beb7b4abfac93d4ed99db9025748920630a58e4c6226505e1,result_or_output
exp2/results/raw_responses/a52cebfe_es_update_pivot_join.json,2656,ca8a760aac560debe72187183f9dc74a33612881a646763ddc0608502f08f952,result_or_output
exp2/results/raw_responses/a52cebfe_es_update_scaling_factors.json,2792,3e0311368abd928f9b33bc8d0fb5b1f06394b46449c74ded1c9726f79b2724d6,result_or_output
exp2/results/raw_responses/a52cebfe_measured_data_pivot_join.json,2725,d559e0297d7df16ddd8c5f878f18fc8d6c86ce834ace11b9c5f8deabb152cf86,result_or_output
exp2/results/raw_responses/a52cebfe_rft_concat_write.json,2868,dfcd0096430da242adcf753f09fd77d9f82b4d5bd763d772afca5b103d9140e9,result_or_output
exp2/results/raw_responses/a52cebfe_rft_obs_join.json,2940,94e4ac9255f36bc7a48679ddfb6c51215764cf1e5b2cf8f731e8f2f0b7dd1b65,result_or_output
exp2/results/raw_responses/a841955a_summarise_select.json,2427,46262143df30689565480b6958b3f67f6f5e42c83557bd4fa500fc8ff745c6ca,result_or_output
exp2/results/raw_responses/a841955a_summarise_unmapped.json,2743,91a088ceca7948501d6b55c4a7d9d0512a5e916876c40e9f5f70c5c00a150424,result_or_output
exp2/results/raw_responses/acryo_loader_corr_max_with_columns_migration.json,2543,370078833e46d6d0d1d34e24f134f120506611772fde4b537dc3289744c25998,result_or_output
exp2/results/raw_responses/acryo_loader_get_features_migration.json,2834,58f9e61947732c64423eed9272524ea100fd05e317e227b6cf8f859c2c5e0552,result_or_output
exp2/results/raw_responses/acryo_loader_scores_with_columns_migration.json,2462,2985da8c444016c9f60d818ad62ff1adeb80bcfd705ddfba083c791700da60be,result_or_output
exp2/results/raw_responses/acryo_loader_update_features_migration.json,2841,31bec39c81fa01b787166102ef28c83fe3d522fe86d991fe8b88e6689078dbe7,result_or_output
exp2/results/raw_responses/acryo_molecules_concat_migration.json,3065,f353df3f54d0625a6644d3af9a257800b4ba24960e0c6d5dbec1b2812373ecd2,result_or_output
exp2/results/raw_responses/acryo_molecules_from_csv_migration.json,2910,abb66c776e1555ea6a8f3bbbfb8efa64a362e7e629dec860b33ed73581a3b9e9,result_or_output
exp2/results/raw_responses/acryo_molecules_rotation_copy_migration.json,2486,a691e1e144d6858a6d51468139f798a73065d521547f6ed5ed9dc4aebc765ab2,result_or_output
exp2/results/raw_responses/acryo_molecules_subset_migration.json,2463,3cef9bb55b08d5e561780232885ec627f2d963815e29f35bea2ed9f03efe5913,result_or_output
exp2/results/raw_responses/acryo_molecules_to_csv_migration.json,2548,c6774d4e205b8df60111dff372a3f907503fe2d408f02f62e0525d9820dc098c,result_or_output
exp2/results/raw_responses/acryo_molecules_to_dataframe_migration.json,2666,c6b81b632ec75f37afb72b0d198b5b172ea2aa36a72cf50369a5dbf194d5db14,result_or_output
exp2/results/raw_responses/acryo_molecules_translation_copy_migration.json,2440,87d4d0a08c695d2e825e732917b3f4677225172906b721a6e302b163c299066c,result_or_output
exp2/results/raw_responses/adjacency_create_matrix_loop.json,3318,857496813372769850bb3f34bdf5c6af512ea7537be29eeeba07ce4042eeea4c,result_or_output
exp2/results/raw_responses/adjacency_read_file_to_polars.json,2529,51fce9e4a24ba275d19f6c28486a9bf8a997a0b78853af49b8fbbfe1d8f08a14,result_or_output
exp2/results/raw_responses/azure_ocr_concat_lazy.json,2384,394dd04039edf6418c64b3fc48519f81b53a83cbd77ddf93a7cd5b2872c91567,result_or_output
exp2/results/raw_responses/azure_ocr_from_dicts.json,2387,db989320b501a6b1b0b044e07e3e136379f6a40ab2adecf2d466404b77afc52d,result_or_output
exp2/results/raw_responses/b36214f9_preprocess_attrs_registry.json,3742,48dbd7267bf79251e04b159f45fd770955fc9e1a7530e0a2c104e7142af30195,result_or_output
exp2/results/raw_responses/b36214f9_preprocess_columns_tolist.json,2682,fbabf07b92f3a87274fe31516e712523a2fb3eeb62c363462ed0b97fe86d506c,result_or_output
exp2/results/raw_responses/b36214f9_preprocess_shape_rename.json,2805,078807ecc274567faf70966d3d8ebafddf8adaddaf7369a2ad25aedb80b4c3c5,result_or_output
exp2/results/raw_responses/b36214f9_session_dropna_unique.json,2420,7b8504d403d461d0a791e4a7e34c8c75dc6420d7f51e8210bd6f9bd4ce76cab0,result_or_output
exp2/results/raw_responses/b36214f9_session_read_csv.json,2662,0c0bc0788745b87ebb7ac492f88963021cb285f811b04d09732551833c02342b,result_or_output
exp2/results/raw_responses/bbe5d7e5_create_data_frame.json,2710,4387b60377097d623443024f0c2754bb050f78c3229dcf510bc88c739d2a8a31,result_or_output
exp2/results/raw_responses/bbe5d7e5_datasets_read_csv.json,2631,2240124c5ee7034d19763b86e8e79855f3f4ccf80c75907f72772dc1d0c0c416,result_or_output
exp2/results/raw_responses/cb25a1c5_wsv_pegel.json,2375,f30cf454f171c20e22d0d9cf70cc556019af25d6ef7d1b22dd9aa7fb2295bfc3,result_or_output
exp2/results/raw_responses/d90ed416_ibis_filter.json,2592,a18a0c9dc7f936f1a816ed6ac0c9fce191245a38cd6b38d5a724dccbc552eabc,result_or_output
exp2/results/raw_responses/d90ed416_ibis_isin.json,2534,a4644aefa2bec83d8fd9b987d5e4bd46f88f0fb93ccf8c1c0303187bf0dc09b2,result_or_output
exp2/results/raw_responses/d90ed416_ibis_join.json,2736,db1ff96304beae7fa66bd943a4ce85e43917808dd79fdfac2e62936a88c2ee9d,result_or_output
exp2/results/raw_responses/db5fc12b_expose_date_str.json,2491,70d23a0402a8bceb4b277fedab804a5a55ea92749267920f5fda4e7145f702d2,result_or_output
exp2/results/raw_responses/db5fc12b_expose_rename.json,2890,f55396f2d52e43d63687e5f7286ebc21436fe464f5d556681402cb478aecc74b,result_or_output
exp2/results/raw_responses/dcff23d0_filter_concat_all.json,2476,8f1568ef5c0c984a6528efd0a3181a49d6a6755ed6beadb82f7afc4ea0855cf5,result_or_output
exp2/results/raw_responses/e3227f4f_split_empty_df.json,3338,89923cb7dd235a6f3fd1e77daeb498939a1f9751b70e3fca0f192f69f8e5ccfc,result_or_output
exp2/results/raw_responses/e8fa7691_design_matrix_model.json,2583,129b98a564f3ce6dc3a59bb522902ec0fcbffc206ca75954aa7bad5f69f59522,result_or_output
exp2/results/raw_responses/ed3b46c0_base_pattern_iloc.json,2595,cdcb88a577ee4aac91759155e7c9a7912830c5644de3811def834cdac7d1c204,result_or_output
exp2/results/raw_responses/ed3b46c0_base_pattern_pred_concat.json,2680,1951028076eaa233a6820218da72b530abb1c3d79e0afd08451f48782192d696,result_or_output
exp2/results/raw_responses/ed3b46c0_classification_iloc.json,2522,4dd645fcad7550f2b7d57c885197ca1c4541a8ce40ea03f4744a3abff1ffea27,result_or_output
exp2/results/raw_responses/ed3b46c0_classification_pred_concat.json,3160,9b177c39c96ed5bb31b0f3d1c6e9616d66a96f5943baaf72198b3952de09d2ee,result_or_output
exp2/results/raw_responses/efc0581f_azure_concat_lazy.json,2387,f16eb5712c1f1d3d63bcb4594f90dda20eb97a3c8e8e38f348f47b69b06bc087,result_or_output
exp2/results/raw_responses/efc0581f_azure_from_dicts.json,2388,67cf53091975c740ca0e5408cbfaacc8fb82232ea1c2ed9e17e61ef02acfd826,result_or_output
exp2/results/raw_responses/efc0581f_data_assign_bbox.json,2860,4f23d69334b689a6dc55116a3e08570dbf5e5e5f87163250ddcf158be9dbc99d,result_or_output
exp2/results/raw_responses/efc0581f_data_filter_page.json,2410,50a5e04afd5c9c055190cdf9311d6bf8725bba4a7215de8368d7bcb603367a7d,result_or_output
exp2/results/raw_responses/efc0581f_data_groupby_agg_text.json,2834,a72428b625892287d8782a85141b0629bd0ca4587785ac561f76476160af7b42,result_or_output
exp2/results/raw_responses/efc0581f_data_merge_cross.json,4073,57629336ca38550fba9d9c5343d1bed7f962bc2cc359ea347c45860fa0b8754d,result_or_output
exp2/results/raw_responses/efc0581f_dedup_nested_cross_join.json,2564,90b05b7b4858c157e2bf9b654d1ea0f276424f6cb820237e93c77a3c9f70c6b3,result_or_output
exp2/results/raw_responses/efc0581f_dedup_redundant_filter.json,2521,aca1c662a42bdebfab16422ffa1a559e64358c9d9860a1ad7194a571a57964e6,result_or_output
exp2/results/raw_responses/efc0581f_dedup_vertical_sort_cumcount.json,2576,71d7d83f9be9eb087a80937fa94a83af4b297d39686a1bb57a8a32e2002fcb9d,result_or_output
exp2/results/raw_responses/efc0581f_ident_explode_cells.json,3132,23a0ad1461902d958f2ba76d56fa944fdd0a22a913d281a49e419e31570e74f5,result_or_output
exp2/results/raw_responses/efc0581f_ident_from_dicts_cross.json,6833,6aef46a45303dbff052c8d88c14345f3f413ecaf65cffde36762ce302e93eb26,result_or_output
exp2/results/raw_responses/efc0581f_ident_with_columns_conditions.json,3043,db7f31cd6b85e90677be2560cd8d81ac3e829390c46ec091a0c65578a079f8b8,result_or_output
exp2/results/raw_responses/efc0581f_lines_filter_words.json,2501,fd8956d93bbf755d1436a0a1cf9424f65795ea9341b23edf4073cc899e55ae82,result_or_output
exp2/results/raw_responses/efc0581f_lines_from_dicts_lazy.json,2780,4926b6d71dd58ebfe3fe74b1b18302c06780eabd4b3d54caeb6d8b1d6fe6139a,result_or_output
exp2/results/raw_responses/efc0581f_lines_groupby_filter.json,2661,72e92657305772c3bc13be643e60c610baca0b918177038ed38c5d7b5c0a5c6e,result_or_output
exp2/results/raw_responses/efc0581f_pdf_concat_lazy.json,2375,93d143c77f8ebf2c030005ac47d21c6a2c37dad507b3a428c20c1ce5f6ac8759,result_or_output
exp2/results/raw_responses/efc0581f_pdf_from_dicts.json,2405,d14b1927fc99d5b5f5f34cf76d5b88d4e72563c07d26017c487f51fe2f61e929,result_or_output
exp2/results/raw_responses/efc0581f_tesseract_concat_lazy.json,2407,2a25240e4b028352d557dfad72dfb2d83875a0cb60870403fea53ff666767e5f,result_or_output
exp2/results/raw_responses/efc0581f_tesseract_from_dicts.json,2385,509aac6ec1257d0fe206a01b5f92945260f685589180f34d99a12739dacdb78f,result_or_output
exp2/results/raw_responses/efc0581f_tesseract_nan_none.json,2411,0f730c1351e141111600fe382b8bbf0f63e99879a22f183c0e9369791af92403,result_or_output
exp2/results/raw_responses/efc0581f_textract_concat_lazy.json,2387,3f8f8daf345969d82fff210716f9e340e7380cc7f3fb70b84b1c26b95235d8f9,result_or_output
exp2/results/raw_responses/efc0581f_textract_from_dicts.json,2379,b0ab5464ebd7cec7a46f4a1a4b7cb833b956e9b4f9c086d22f3c2ca03668a3ed,result_or_output
exp2/results/raw_responses/efc0581f_vision_concat_lazy.json,2387,502e4027e60aafa9079a680c2340df03321ff12b80bf94ce7af3eaec1173380b,result_or_output
exp2/results/raw_responses/efc0581f_vision_from_dicts.json,2381,f51936314e47f6d5e218ee92702c800bb003bb319f7d6c1f988b4ecb1f8fdb35,result_or_output
exp2/results/raw_responses/f11c29ae_dataset_df_clone.json,3162,9193b3c583fd077b2fd03a786b60b45a12c88e6c0f510f027cd4f74574108b5d,result_or_output
exp2/results/raw_responses/f11c29ae_dataset_loc_select.json,2599,bc70de0479dbaf2b4b575f1de2112a2fc571a8e3fef2c6f8c9e7f23cec7acd0c,result_or_output
exp2/results/raw_responses/f11c29ae_dataset_save_load.json,3080,0cc2f59b80d227cf621076ccad34ccddbefbe689c268fe49bfc5b2e119c0296f,result_or_output
exp2/results/raw_responses/f11c29ae_dataset_to_pandas.json,2409,323a216f12a55feabcae3ab1b11497cb0285fa15fc73323bac11ecc10bbacbeb,result_or_output
exp2/results/raw_responses/img2table_aws_textract_concat_lazy_migration.json,2384,b9bd6e92e3ee74ee5653826ebdff0f0e237856429f4a6188211a639c9b14b553,result_or_output
exp2/results/raw_responses/img2table_aws_textract_list_dfs_migration.json,2378,46ccd6e0c5eb4fa0ea6b816f9bceb0f0d86a5c2e033c2438af1079f9ce30f7f0,result_or_output
exp2/results/raw_responses/img2table_azure_concat_lazy_migration.json,2388,085384628145b3e24289b3c19966fd9421f8b721468fd7fbf4277b15a85d2fe6,result_or_output
exp2/results/raw_responses/img2table_azure_list_dfs_migration.json,2385,c16ec25fd693e5e1f475acb9c7e360e94c1c97b451550fb734bf03731b4546a5,result_or_output
exp2/results/raw_responses/img2table_cells_adjacent_redundant_migration.json,2924,acc04bba9bc0992a642cb70ac85316febb171e5bb1caff654086dede5a276287,result_or_output
exp2/results/raw_responses/img2table_cells_clone_rename_migration.json,2456,4f3d692b89a26ee2f50d24ab3f457ff5ca84e5512713b8d6091cecfb265add26,result_or_output
exp2/results/raw_responses/img2table_cells_contained_migration.json,2593,6f8c3169149d2a589044cace80fed3441937792cb40907fa8064fe90f092df75,result_or_output
exp2/results/raw_responses/img2table_cells_cross_join_filter_migration.json,2564,fcc8d3c53313bc1616eb6131b27cf7dbb759ceb0292b6c484a3522533db709f0,result_or_output
exp2/results/raw_responses/img2table_cells_intersection_area_migration.json,2528,92535d68bd76498c50279870c12ab5ec6d79b50411f650de9b9950d96fdb7327,result_or_output
exp2/results/raw_responses/img2table_cells_overlap_diff_migration.json,3208,73df0f9c74e753306a705ee49f25dd41dba102a41bddb25c0f37312dc6b715c1,result_or_output
exp2/results/raw_responses/img2table_cells_redundant_removal_migration.json,2573,8219ce8a399d9bea92e82ad900c312711ee08644194a4abca1d10af0081a1438,result_or_output
exp2/results/raw_responses/img2table_cells_vertical_deduplication_migration.json,2853,d507984f1b774ea61f07afc0b4175bbe9e29167fb4d8f1e7123cfa8d22f56d5c,result_or_output
exp2/results/raw_responses/img2table_cells_width_height_area_migration.json,2570,ba4f4c056f07862755a568acdb426b873ad6bc54c438bc06e67e38dabacce5ef,result_or_output
exp2/results/raw_responses/img2table_google_vision_concat_lazy_migration.json,2387,5fede7f8f1222d7fe31fadca725730c3cbc9fcd7264f32f02b1f8445a12aa533,result_or_output
exp2/results/raw_responses/img2table_google_vision_list_dfs_migration.json,2382,0b26ef6cb57373a7e07b2ddb9cea6443f351ffb05aa6cfbebd8e21c8d6969ffc,result_or_output
exp2/results/raw_responses/img2table_lines_cross_join_migration.json,2388,3fa15b44692d10bb67ae083b12b930351464527b43952d65284bf7184c38a1a0,result_or_output
exp2/results/raw_responses/img2table_lines_df_lines_creation_migration.json,2756,788b500f3e4c60b5db447cf386a04d0c50d3a84067598ef19ff50bb547439170,result_or_output
exp2/results/raw_responses/img2table_lines_filter_words_migration.json,2500,0cb3da8cf50ba964c7780328d56aaaae38c96e31d2ee67f10a874237a54134eb,result_or_output
exp2/results/raw_responses/img2table_lines_groupby_sum_migration.json,2510,990a38ab0053cada90f87a1707b60803abc7482e66e5eb7c157924c0bfc850d0,result_or_output
exp2/results/raw_responses/img2table_lines_intersection_assignment_migration.json,2532,e79ca2a4351d87ca8c7d7ca0d5791880d982ba6d572ec734a4f1c2f81dc83154,result_or_output
exp2/results/raw_responses/img2table_lines_intersection_formula_migration.json,2883,5ef572376f6ae683e7ba08e43556d93ce923b1de6a9eaafc6a5b0bf45957fbfa,result_or_output
exp2/results/raw_responses/img2table_lines_intersection_lines_filter_migration.json,2453,b6cf8ee6c82571641b1b17ad1a12444382f78cd55ada6ddbdedef47f2ef4090c,result_or_output
exp2/results/raw_responses/img2table_pdf_concat_lazy_migration.json,2346,3bfece9f5eca1db6e313d0de4d741ac45a9e4420621ee088f8784df82c3686b4,result_or_output
exp2/results/raw_responses/img2table_pdf_list_dfs_migration.json,2402,18c49103ada8f5b0b56ad8a6b4b3ebddb63d97413318b91425210953e9ac7fb5,result_or_output
exp2/results/raw_responses/marimo_chdb_cursor_rows.json,2434,af7571b3620d647f5b2ae925b96c0d60954d530fd927dc2dba09c96238bab3ca,result_or_output
exp2/results/raw_responses/medmodels_classic_distance_covariates_select_migration.json,2568,8627003ae091f0c58162568f2e9daab1b1c88ed08ab08ee22731c957e60f760c,result_or_output
exp2/results/raw_responses/medmodels_classic_distance_match_migration.json,4357,3fec4d2b05fda9be562b67b5dadfc197de0c616f8cf32ac8f8f0b1eb0ae5fa23,result_or_output
exp2/results/raw_responses/medmodels_medrecord_process_edges_dataframe_migration.json,2773,3d62980757022f6e0c5d75f1a26514641b4f9adf3d6ba43b4498a2575a38d459,result_or_output
exp2/results/raw_responses/medmodels_medrecord_process_nodes_dataframe_migration.json,2715,3c0ce16ec084f2c5991878a7fec9f41c803063fced3ec97ffddc68810f135f3b,result_or_output
exp2/results/raw_responses/medmodels_propensity_score_prop_score_migration.json,3150,4268d0cb5b3ac5064a820d28fa161d217c4bff2055b603634822747e40d944c0,result_or_output
exp2/results/raw_responses/medmodels_propensity_score_signature_migration.json,2725,f807dd2e1d1d8521afeac90e5308a6d57e22aeee3412e7cd296a0e7c697303a6,result_or_output
exp2/results/raw_responses/mexca_data_delete_filename_time_col_migration.json,2602,12e37c34034ddc250654651bc1a5fd9705fc27b177767064e98c0b54024ca9b7,result_or_output
exp2/results/raw_responses/mexca_data_merge_audio_text_features_migration.json,3128,53e07f5bd80695f09299211cf4e3c3e3f4c7dde334362fb455a2542e3f788611,result_or_output
exp2/results/raw_responses/mexca_data_merge_features_migration.json,3036,f12114d6248f633401bd54ce1bcb5271f8860664f38d5393a0f19e1caa75e181,result_or_output
exp2/results/raw_responses/mexca_data_merge_video_annotation_migration.json,2664,17f52581728f12e4b359a6ceb86e6b2368986bd89242e4aed9a436d853a7bfe1,result_or_output
exp2/results/raw_responses/mexca_data_merge_voice_features_migration.json,2522,60ed7ef744d68ab83a923b9bb8270680176bfd65d4d9669f580606177ae2cf78,result_or_output
exp2/results/raw_responses/mpds_get_dataframe.json,2410,9a3c3537edde7c7421bb2bb4fbe17a648663587012bbfa1934246709fc16da19,result_or_output
exp2/results/raw_responses/pheval_gene_identifier_map.json,2698,5f86e4e603958fa3118c8da5c500c93caaf2f0e1634808202559dcaa15064b3f,result_or_output
exp2/results/raw_responses/pheval_gene_updater_find_identifier.json,2629,c64bca1e4716f3df30922986a76187100ea74e817052754389dfb395987c9687,result_or_output
exp2/results/raw_responses/pheval_gene_updater_find_symbol.json,2365,01c0a4487ad3b4b4cc20c902d3aff37f445e7e566f992eb18f0201d8e457ce7c,result_or_output
exp2/results/raw_responses/pheval_parse_hgnc_data.json,2519,d7f54b92155c07137182e6371ec2aa06822236c0b32a5609d07bf337a481748d,result_or_output
exp2/results/raw_responses/portfolio_momentum_roc.json,2621,7456b922d20f62b57e5d3a43486c546fef7cbdb6b1ab1da39e3fc583f4de6c34,result_or_output
exp2/results/raw_responses/portfolio_momentum_rsi.json,2501,b8644b5fc736007cdfbb0204937992c6ff18f0b15e3be066fcad0c0712dc5678,result_or_output
exp2/results/raw_responses/portfolio_momentum_stoch_osc.json,3190,df12c938a2c448fedf4d69b229e3c9b32ee4fb72b62757c42feb6ef7009d6130,result_or_output
exp2/results/raw_responses/portfolio_momentum_stoch_rsi.json,3358,57c7295c1225dbe960f60d06e4e21502b7b89769ea181d4c576545e9ef51202a,result_or_output
exp2/results/raw_responses/portfolio_stock_from_pandas.json,2612,46576b1cb3f61302652f263d3ab0d2ae56c5e8e2f7d2aad18b5c10ddd6ee5479,result_or_output
exp2/results/raw_responses/portfolio_stock_to_dict.json,2375,b9387fd5db017fc448865196a8c530655f878feaae74f30f445a83800275d0d4,result_or_output
exp2/results/raw_responses/quant_backtester_calculate_returns_migration.json,3520,2c5e45cbc32fa6a1b7dbd7d73492c97eae96e14d9ab0a9f53b83c47a1fd400f0,result_or_output
exp2/results/raw_responses/quant_backtester_performance_metrics_migration.json,2904,15e4cc4df3e422f41d2150ba631da38cadba49641f281d183320e367e379907e,result_or_output
exp2/results/raw_responses/quant_trading_strategy_backtester_data_load_yfinance_data_two_tickers_migration.json,3345,2dd210cc86eed474d148dddf1bd65d9cbcb931707161735ad2525cb6edbf87bf,result_or_output
exp2/results/raw_responses/readnext_hybrid_score_compare_scores_migration.json,2643,778271127af06d1c77d828a48970020d71f73d0369d8367680a50ec347615e53,result_or_output
exp2/results/raw_responses/readnext_hybrid_score_to_frame_migration.json,3012,a0f786009e53429d51979d2b0d9e7774702fe905e00e77a370ad01075ba2da70,result_or_output
exp2/results/raw_responses/scoring_compare_methylation_pattern_migration.json,3711,09a450ffe7d362d59832210c01ddcd84bf9a0442307132e82948f4e716515a2f,result_or_output
exp2/results/raw_responses/scoring_compare_methylation_pattern_multiprocessed_migration.json,3710,306a302076b0d8d524622b41aa5dea93e393a3013f2cf512d9cf6afd458260ed,result_or_output
exp2/results/raw_responses/scoring_define_mean_methylation_thresholds_migration.json,3607,7c25e0370ee9a1110754091fecdba95c720905cb477659ccbad15bf0e179ae78,result_or_output
exp2/results/raw_responses/scoring_process_bin_contig_merge_migration.json,2656,8acf2f90df17cef5a3a3f84635932adaaece341f5000c3007219f62d5b8b3f24,result_or_output
exp2/results/raw_responses/src_onemod_utils_parameters_create_params_migration.json,2781,7ca959b73bfdac171671582da8ca4229a705398c6c687c78b973af47dc5f5638,result_or_output
exp2/results/raw_responses/src_onemod_utils_parameters_get_params_migration.json,2670,fb8a5b7b26d616eee80ee4d5dae0585bc1f7a4678086ffb2c938de43e50f5182,result_or_output
exp2/results/raw_responses/tesseract_ocr_concat_lazy.json,2387,7d940b4c24f3f0171fb323d2fb28217aa0d384a59796b4cbffc37a93aec97e51,result_or_output
exp2/results/raw_responses/tesseract_ocr_from_dicts.json,2388,6c1b1e723cf57e6943f079a1e297de7fb5786edf945868af0e07cfb78d629130,result_or_output
exp2/results/raw_responses/ultralytics_benchmarks_config.json,2401,e65e8e021cf1ac45d12da691c738ec45b17e36b266c6c962642d9424b561c158,result_or_output
exp2/results/raw_responses/ultralytics_benchmarks_dataframe.json,2455,b5f8a80528fd2843dddc94977098021bb898bb6a88c2dc778a21309115d75a18,result_or_output
exp2/results/raw_responses/ultralytics_benchmarks_metrics.json,3244,cdb89ad058137f2d4d6cf9bfb36e37c694fb54686bb75c2faf5710b8ccc929b0,result_or_output
exp2/results/raw_responses/ultralytics_trainer_read_csv.json,2395,baf1c06248efce67b9a1f7c1fa89fb6d32cb6bee277f5f181a347a8b5bb6557a,result_or_output
exp2/results/raw_responses/ultralytics_wb_custom_table.json,2603,9a19d55710590e91435fce2bf840ac51bd279e6a5e8aae14c96fb39ff7d356a6,result_or_output
exp2/results/raw_responses/visivo_sqlalchemy_read_sql.json,2575,d6dbe3c20e3a1fde6cb38401942104401d3fa211e9fbf0e19b027ac56b17cbb3,result_or_output
exp2/results/raw_responses/vnc_cmatrix_loc_filter_item.json,4393,40c6ae5d39379527246156eda631a9117730101e9eb2b523c8dd055294d3b31a,result_or_output
exp2/results/raw_responses/vnc_cmatrix_lookup_init.json,3630,56dda4924a9dbab3b7b62913c09414431b3668b76c8afc4f889ff3e4c20af39e,result_or_output
exp2/results/raw_responses/vnc_cmatrix_reindex.json,3785,72faa04aa4b9eff71f6d04e8638c58fbb402ba1eea9d6e3e48becd1a0dcbe23c,result_or_output
exp2/results/raw_responses/vnc_cmatrix_sort_tolist.json,4172,9f8dba70835609338da6d8ee1037f7e007680bff7a975b34c86d6b3ca2d3d130,result_or_output
exp2/results/raw_responses/vnc_cmatrix_uid_to_index.json,2785,2872cdb5117d08b3b9866d05b02e1164d0f5f1558be223913e4c8ccce98cf2cd,result_or_output
exp2/results/retrieval_diagnostics.jsonl,590759,d47b533255217beca3b025b91f97dc4de460f7cd59826df74c8bc11b201f475c,result_or_output
exp2/results/retrieval_results.jsonl,9558999,5d45de89c4eb0e218332089775a609b3323ecf6d1e31940608de099650cc6112,result_or_output
exp2/results/run_manifest.json,553,8aada126b653926ec7578bbf15f3f3091486746fe1b6dd52ca9d4a0de123cbb9,result_or_output
exp2/results/taxonomy_classification_final.csv,26641,4af10822165f725166b432374ed5a256ecfbf3f8956f2668c0b6caf2afb5626d,result_or_output
exp2/results/taxonomy_summary_final.csv,560,973109664a967bb7e86f02d46a06f56c759bd209731b640a3c52c5f89e64a441,result_or_output
exp2/results/validation_summary.json,1252,6e53a300ed97b2c7a524a98695e73b762bfb3afe876eac155fcf5477ad9770f7,result_or_output
exp2/tests/05afd878_evaluate_coassembly_edges_test.ipynb,24355,e9644320370de73eb7b716b1dad563ce4b2218f3a66da8fcc178f39d44077767,test_or_fixture
exp2/tests/05afd878_evaluate_combined_test.ipynb,24194,e4ac78a0e0e35a1fb4288bf4f713b6e6147b54c73b059b7b6ca8eea054de8574,test_or_fixture
exp2/tests/05afd878_evaluate_nontarget_test.ipynb,23720,bb9f4c1131989628781e1af0524787013365fd0b245d9026da590497f5aae303,test_or_fixture
exp2/tests/05afd878_evaluate_unbinned_test.ipynb,23382,ded7cc3eff761cb7058618690c8c9b862e82a5f6d08dd03ad1724efd5c74fcab,test_or_fixture
exp2/tests/0ffdf231_noaa_ghcn_inventory_test.ipynb,12702,b4b9656cf6a4aab173bbece4af16267caa5f493eae0af1eaaa973cdbec576f9a,test_or_fixture
exp2/tests/0ffdf231_noaa_ghcn_stations_test.ipynb,12681,365f616cc6cce897205891a552d86c66bc013614f99de1fec295d95810c8efb2,test_or_fixture
exp2/tests/142b5bcb_tools_relocate_test.ipynb,16125,eedd7d570f2e7ca3fb3f59e0f5ab145ba30680ccbb677cd30fe649bde95437e9,test_or_fixture
exp2/tests/16645382_exp_stats_col_assign_test.ipynb,11771,0b9dc6dd1beb3efce258e6f4ece4484f9a2c8057a43dd92d1f9a11a3b49c8fd7,test_or_fixture
exp2/tests/16645382_exp_stats_rename_test.ipynb,11879,ec15c79f3e2f9e3467cabee9432907b5d860a6b3361c1fa2225599a075f922c2,test_or_fixture
exp2/tests/1e52b4e7_concat_to_frame_test.ipynb,11694,96bfe8044d934055ad235789d56c1e92ac888fc3c412326d4eeddf4e2871a147,test_or_fixture
exp2/tests/1ec015da_to_rank_test.ipynb,12034,18ac61c10af394a6745cf69694f8660c13f325b13906c6f423607a4ebfca2492,test_or_fixture
exp2/tests/1f8af3a3_target_elusive_sample_pairs_test.ipynb,18545,beafbda307d7761ecc0af10e67e833986d8f044895e1d181a6b122685eb17b09,test_or_fixture
exp2/tests/1f8af3a3_target_elusive_sparse_edges_test.ipynb,18299,673bf8fd7469dd324d8095cf7ceb62f0bf9f4c7a4ab55d07d8aef3edc919a80e,test_or_fixture
exp2/tests/1f8af3a3_target_elusive_unbinned_test.ipynb,17054,388ae1756ccdd478e083b3915f4d36d4de7dbf083203479d7709e556aa971313,test_or_fixture
exp2/tests/287a28d8_col_ends_with_test.ipynb,14367,1b4d6bfd5733231ee08824b9a4d3aad465436a502566e8da8176893e1e758373,test_or_fixture
exp2/tests/287a28d8_col_matches_test.ipynb,15749,ffd01581fbb08b76069651609be55fcd0f3f5d21d9d4f9f81c320af02cd36d1d,test_or_fixture
exp2/tests/287a28d8_col_starts_with_test.ipynb,14184,95648bd3d74ad1f705bcb42b399f8295231679a230200ea56b4926a078dd7c05,test_or_fixture
exp2/tests/29097c0c_to_dataset_read_wrap_test.ipynb,15032,766024ec8e288e287a149418a4dd6117e1b8cce8699609a3258f729615c3eb65,test_or_fixture
exp2/tests/29097c0c_train_iloc_filter_test.ipynb,19937,138c5b20812e19f4b6326f05ce37fbdcfb89660d78bfd260fd95ba9a66c49266,test_or_fixture
exp2/tests/29097c0c_train_merge_concat_test.ipynb,19555,f4227f307395a4266a8c379e283c3b811ee6ea58c657fecbe623f3bffdd24030,test_or_fixture
exp2/tests/325e7c2b_dates_pol_interval_test.ipynb,21631,1d0d7fc1ffe538a98290160b65eb633f84635391dfd87ed4baaadff1994e19d5,test_or_fixture
exp2/tests/3c49cad1_bench_interp_cols_test.ipynb,12903,d2625aa3c02e4f3cb9d641f8fcbfcfd09ed55311d1d34be338d31d5de7f9edd3,test_or_fixture
exp2/tests/3c49cad1_bench_interp_filter_test.ipynb,13213,7ef51fbca377a7d8abf82fe710752341982403934e27e6bfa0be9037aebd9f48,test_or_fixture
exp2/tests/3c49cad1_bench_interp_time_regular_test.ipynb,14321,ad0f8ea00966d0fe214fc7ca941bee875aaeaa592247585bf27d450af0dbe777,test_or_fixture
exp2/tests/3c49cad1_bench_interp_time_rmse_test.ipynb,12796,140b92e0a26990abf380dbb09adc5c57f1620703b21e77d3283eadb857d129ea,test_or_fixture
exp2/tests/3c49cad1_bench_precip_pct_test.ipynb,13072,fb67107cea01590b6a6892462a643028ce24614c58132b206341e565687ede56,test_or_fixture
exp2/tests/3c49cad1_bench_precip_regular_test.ipynb,13330,57a4ed9f6d43fbed48e622fdc2fce36f96206570f5b6a40c08255896ef021d1f,test_or_fixture
exp2/tests/3c49cad1_geosphere_all_test.ipynb,14346,74597d016651a600af85ec9e9bce23665b82f90afd55616ccac2a2e9351436a6,test_or_fixture
exp2/tests/3c49cad1_geosphere_collect_test.ipynb,15695,65c1adc4f83185ccb3b6b6993592f60cda0d5b5213c01f524b5d421cb7333643,test_or_fixture
exp2/tests/3c49cad1_mosmix_access_dataframe_test.ipynb,11998,aad7dad94aa9530528e22ea376f2d3941629744850af64e46c4c7415993c65ee,test_or_fixture
exp2/tests/3c49cad1_mosmix_access_datetime_test.ipynb,12132,d5d59e75f7eec44ec565fb2dd98b95b99e59916a1dcc21fdb55b10c00de59d86,test_or_fixture
exp2/tests/3c49cad1_radar_index_radolan_test.ipynb,13284,e0e20d272fc373ed68eb215663510e0d67acb503a60fa6519e3d39e6b97ba37c,test_or_fixture
exp2/tests/3c49cad1_radar_index_sweeps_test.ipynb,14376,982b5ae32e0627c9b5ec018a7337da9f565df847609c39e62267b030491c378c,test_or_fixture
exp2/tests/3c49cad1_radar_sites_cols_test.ipynb,15022,8763b5823fb892921111b9a8bdc3f575305f5d963261f15c02331e3e9f6b8dfd,test_or_fixture
exp2/tests/3c49cad1_radar_sites_dicts_test.ipynb,14927,a23eb9c8038aed13499e5efd13a4ca8ac129da92dddc25e2ff4ecd513a9517dc,test_or_fixture
exp2/tests/3c49cad1_timeseries_extract_test.ipynb,14609,30dbed95e28dd4def6f7f6ab88dc236776d1fe17fd6dfde8e0f0c8ceddac1041,test_or_fixture
exp2/tests/3c49cad1_timeseries_gain_test.ipynb,14461,ab6f0d81a85fd8d59a929d81cdbef4850eb508a95ad338042f654c272fb63213,test_or_fixture
exp2/tests/4bb33aa8_trx_stats_isin_test.ipynb,11485,ad349f0e82c752bb7f9b7921d2877ed64f66b23020dd369c70cabf32ee3b27d5,test_or_fixture
exp2/tests/6f1c2684_datasets_read_csv_test.ipynb,11275,a92b179f459db3b24a92124ec021cff4092354b873664375435ae3926f4d4732,test_or_fixture
exp2/tests/73a39d90_experiment_df_construct_test.ipynb,10758,ba7358d488a41183727b23415ecb458065a9a291ab7507011088e399392e7b75,test_or_fixture
exp2/tests/73a39d90_metrics_bootstrap_filter_test.ipynb,16520,fb1fe234bb76c1bb5b29170e007e8aa2442c53b7764646283ac418ecb03e5d3f,test_or_fixture
exp2/tests/73a39d90_metrics_groupby_agg_test.ipynb,16048,9228c90328a2744035d0b7fbe1440d11069ffda6f0267d66ea00bc0b2e1610f2,test_or_fixture
exp2/tests/73a39d90_metrics_groupby_partition_test.ipynb,15529,f8ca5bc26176c81213ca829463f2b045998fb8ffff3915c624a63581765537b7,test_or_fixture
exp2/tests/73a39d90_run_concat_write_test.ipynb,14729,6c1d7363b26f79b6788f11e0a82ef5c5dade125836bf2ce07eafcc5b572ccd9e,test_or_fixture
exp2/tests/73a39d90_run_dataframe_write_test.ipynb,14034,d1989da3563cb1fc92adf4470d38ae251df20d68f3cd4b5acd6d4e3e55067092,test_or_fixture
exp2/tests/774f17e7_mane_mappings_filter_symbol_test.ipynb,16179,3e092674fb1d282eb534104f575080de792c0af5418e3c2b33222e80a47a307f,test_or_fixture
exp2/tests/774f17e7_mane_mappings_genomic_filter_test.ipynb,16788,2adbec9f9c45689795ea6d7fd2ce7b34ca1ef4aa7a8eb41305934ff3b4c174bd,test_or_fixture
exp2/tests/774f17e7_mane_mappings_isin_test.ipynb,16876,41d9888a9e76ddbeb264662376262260a299bcf79d23e8d6367258d5b16c952a,test_or_fixture
exp2/tests/774f17e7_mane_mappings_load_test.ipynb,15513,e5bb2114442d080242e6786fbb1bed548a0d1f3f3154f2fddc566ff221c35d1f,test_or_fixture
exp2/tests/774f17e7_mane_transcript_filter_row_test.ipynb,17514,48a2fdf1e53e3b731c4032f6be985b327b649b7a3765a1410608d2a4fe97444f,test_or_fixture
exp2/tests/774f17e7_mane_transcript_parse_ac_test.ipynb,13586,1fa15d83cd76ea557193744cf09036ab4eb1b33efeb0460ee81e6a92babb5cd3,test_or_fixture
exp2/tests/774f17e7_uta_database_construct_test.ipynb,11687,20cdf85cda5cd2a61a8bf2500a742555e26d7cf9e2110533cc185ee967879c08,test_or_fixture
exp2/tests/7e55b00b_sample_empty_df_test.ipynb,13621,e21a89315a5c2e6bfd6901a5ae68c38f1509c7159f60ab2d07a01be62e8f41d8,test_or_fixture
exp2/tests/8017f91b_embedder_frame_test.ipynb,10726,3c54df70e5c7d642eb8e5f0db20876f633c0f8cf0eaeeddb6eeccd5442186660,test_or_fixture
exp2/tests/8017f91b_eval_hybrid_concat_sort_test.ipynb,13372,7e12045006766115ca67988212b8acd767c912a1110aca1cf23a9700eac23963,test_or_fixture
exp2/tests/8017f91b_eval_hybrid_load_test.ipynb,14714,a09d1439e7fc40ffeaa7d2961dc6dfd24c76bfe5c6961c30bd6cf159a4ac999b,test_or_fixture
exp2/tests/8017f91b_hybrid_score_concat_test.ipynb,13721,348e26f4b768bab11ea54f027f638338d4811fd724d7557df13d7c7c1976a959,test_or_fixture
exp2/tests/8017f91b_hybrid_score_frame_test.ipynb,13411,7707da87d31ba5fd6dda3d9747e3ec29d46940fde42562b339cb811fcac726ac,test_or_fixture
exp2/tests/8017f91b_input_loc_col_test.ipynb,13345,051ee481e052bc09672e7c9cf0045e2cb4da6edf4fa546de62c721e8807fa3ec,test_or_fixture
exp2/tests/8017f91b_input_loc_index_item_test.ipynb,14516,a4aab29223fbc3a0dde33e4080e8bb607fff9f6cd0b5c31177ea1c68085a19d3,test_or_fixture
exp2/tests/8017f91b_io_parquet_test.ipynb,11799,39b4b1a25b9914a8fbec5597e50d5ae48d86d90ae6307e29fa9c57c569b80a8f,test_or_fixture
exp2/tests/8017f91b_model_data_lang_loc_filter_test.ipynb,11036,e5a5c3d819d455a04fa49853f238b7d084f8bbe527dffe4962a3091dc26e5f9b,test_or_fixture
exp2/tests/8017f91b_model_data_loc_filter_test.ipynb,10991,e69e7b7bcf0d7cc211e813f4ff5a2f0d3f791451d8c5761636004deffb10ae6e,test_or_fixture
exp2/tests/8017f91b_pairwise_cosine_loc_test.ipynb,15827,390f3f768fa06041b7c2572125d5662ad5249cfafc70ef685181a07cc2682637,test_or_fixture
exp2/tests/8017f91b_pairwise_loc_filter_test.ipynb,16092,177f2547570c10ed35bb7d73586b60cbe3bb257d3387ffb45962eb6301c11647,test_or_fixture
exp2/tests/8017f91b_precompute_cross_join_test.ipynb,15269,e83c6cfd6bec8b45e1e6918d0a570eaeeb3c45f7f85f6c420066894a0323857a,test_or_fixture
exp2/tests/8017f91b_precompute_id_cross_frame_test.ipynb,12842,40a81cd5971006ccd38ca68c4809dd3eaf6f536b38092dc99b1238b1cb8b8946,test_or_fixture
exp2/tests/83c12695_collect_filter_test.ipynb,14949,7e3ed5d1b7360e4e83c9764f507a1aea2e20921d98073bc57e35b111f3617c86,test_or_fixture
exp2/tests/83c12695_collect_pivot_test.ipynb,16924,dc362ed8b700f80bbaaf00ad0486e33682e6c5848e914bf5a93ab608f76cf823,test_or_fixture
exp2/tests/8bb7bc3a_expose_isin_test.ipynb,11904,07e03766fa39229b5515b375bcff071dcba3f176c15a8e924306ff4f87f88e76,test_or_fixture
exp2/tests/8c71f3c7_attr_getter_unseen_frame_test.ipynb,13375,d4e489401ead47b8620f148a7e962ccdea648e446e37bf2ec0d775504df2efbc,test_or_fixture
exp2/tests/8c71f3c7_attr_getter_unseen_iter_test.ipynb,11395,0f0b5e640ba64965027941d3d926bbcbac342c5b7fcbaf159c22fedd9d61d15b,test_or_fixture
exp2/tests/8c71f3c7_citation_models_fillna_test.ipynb,14859,acd83b39b3dd1f42701c63b1aad0f999171b01a5324e9fba74e833026b8c8946,test_or_fixture
exp2/tests/8c71f3c7_citation_models_rank_test.ipynb,12603,69ed7adc43e3521f8bb38b98dea6ef96253314d762332efd77142e9b99699ed9,test_or_fixture
exp2/tests/8c71f3c7_document_info_tolist_test.ipynb,11497,11e270a0e9e5b9c0decbe46a7cbf0ee6860407375a2efd0c762ea38b06cb0e53,test_or_fixture
exp2/tests/8c71f3c7_embedder_frame_test.ipynb,10928,893b3544272121d8d3b2d80c14d239c42e9de0a50bf351330b68ee116fd49c46,test_or_fixture
exp2/tests/8c71f3c7_hybrid_score_concat_test.ipynb,11787,2a616d9530bdf31c2b42e56f80c52fdbd4b81cfcdb9b26241b5ddae5ef752bf7,test_or_fixture
exp2/tests/8c71f3c7_hybrid_scorer_citation_index_test.ipynb,16495,e2227ba03c0dd36f1a2f3f21cad7eec301d5d7399abc5eac67d620c68046b914,test_or_fixture
exp2/tests/8c71f3c7_hybrid_scorer_language_index_test.ipynb,16325,be317e7f2cda4f3adb892b4109a45e75dc45176ca54ac9709e4f06539533cd83,test_or_fixture
exp2/tests/8c71f3c7_input_converter_index_test.ipynb,14003,09a888a931f299773548dd7be3242353d6a077628f5692ff345201a7ecee4fec,test_or_fixture
exp2/tests/8c71f3c7_input_converter_loc_test.ipynb,13881,2ae1dd2ea4a8640a520d484bfa105f940db5694cc8736a9bb308ccc3027099d5,test_or_fixture
exp2/tests/8c71f3c7_model_choice_load_test.ipynb,11503,74d7610341a53b4670aa97fd359d67be0c4f9eea9737a773e46b8365e6739e85,test_or_fixture
exp2/tests/8c71f3c7_pairwise_loc_colname_test.ipynb,13916,9e888c25ec0450ad38dcc79b03f81510e97b7812833b1609733098f75242a893,test_or_fixture
exp2/tests/8c71f3c7_pairwise_loc_item_test.ipynb,13674,e604dd2c9624941a6060bf03a27e8eabda7e1b8589acdd5a2bcbee8828811343,test_or_fixture
exp2/tests/8c71f3c7_precompute_df_construct_test.ipynb,11114,4abcf2086b745d2596883c8f46a1f1dc4a9f04cc12e6265e39b9d8521b563a90,test_or_fixture
exp2/tests/8c71f3c7_s4_combine_load_concat_write_test.ipynb,15443,215ee8e8bee3b20d4a53bce52ef390e59f3238f7e7f893161bfebc48c96d34fc,test_or_fixture
exp2/tests/8c71f3c7_s8_combine_load_concat_write_test.ipynb,15695,d8352fd86ae5ed829fb31218f7ced02533891e051ca009a3ec0bac018607b504,test_or_fixture
exp2/tests/92e35040_query_appraised_test.ipynb,18696,700cbee493d6c0aaa52ca29dd18a3116ece5233c9504f471c041c84a41635957,test_or_fixture
exp2/tests/92e35040_query_binned_unbinned_test.ipynb,18157,fd05b1fa6dc2b93144f3837048d297f9dc1e82d4717d62d5428b187455c136f5,test_or_fixture
exp2/tests/92e35040_query_write_csv_test.ipynb,18336,86addb4cd670d6a38fc7bea04b13ad5e8183263aeb51310586d30e2598def4d0,test_or_fixture
exp2/tests/99aff9e0_rename_columns_empty_df_test.ipynb,14049,67ffb65301c6779b2d930f65639fa5c89d87959cd0eed7c1c07ab2144ca0da51,test_or_fixture
exp2/tests/_wsv_pegel_test_data/empty_response.json,2,4f53cda18c2baa0c0354bb5f9a3ecbe5ed12ab4d8e11ba873c2f11161202b945,test_or_fixture
exp2/tests/_wsv_pegel_test_data/response.json,35,9fb7b99e0a193e9ec245c48b260b5a7d8245fc9634fedb9f2e43693b4203cbf8,test_or_fixture
exp2/tests/a39f4527_expose_trx_join_filter_test.ipynb,22101,ae236f14e012c1cc8e008f83c42a1f0072217ae376e33ad09f10034547d617fa,test_or_fixture
exp2/tests/a39f4527_expose_trx_left_join_fill_test.ipynb,22577,5a9b6e0d9d16e9a2adec20899f48f296a13f0411d9cc2c61707a21d95187172b,test_or_fixture
exp2/tests/a39f4527_expose_trx_pivot_test.ipynb,22005,fcb28083df61a563e7c376f8b2f793fcc76cd839ec948db11e53207dcb442ff5,test_or_fixture
exp2/tests/a39f4527_expose_trx_unique_test.ipynb,23572,02f427ee744c425ccb1fbaf8f44cca6c5e9a018c48759266d76dc5e5eeac6489,test_or_fixture
exp2/tests/a52cebfe_common_get_observations_test.ipynb,15785,05f0071c738bc1f73c6a300cd47bc43f1d6e65d4c070855c06d59d726bddbb45,test_or_fixture
exp2/tests/a52cebfe_common_summary_filter_test.ipynb,15659,1ca27eb3c400160316851dcbb967ea4933af4e0ae88aa5ab1c8982c57e988c4f,test_or_fixture
exp2/tests/a52cebfe_es_update_pivot_join_test.ipynb,15211,e56e8334a3bc58261d2218afdf3d455af32f776e24436756cac3c9f22dda59b2,test_or_fixture
exp2/tests/a52cebfe_es_update_scaling_factors_test.ipynb,18685,3d993bd41c248a9daf896a856f1e0ea18d237a78722c107bc7fc1c98942f1ea0,test_or_fixture
exp2/tests/a52cebfe_measured_data_pivot_join_test.ipynb,13610,f1a28a055cb2fa78cb3ea4ceac47cbf727a939c65d70ac81ff0a676098565e13,test_or_fixture
exp2/tests/a52cebfe_rft_concat_write_test.ipynb,16328,40815840d1e69d290da87181f134b9801699d568e3ce40ec266cc635c06b162d,test_or_fixture
exp2/tests/a52cebfe_rft_obs_join_test.ipynb,17564,af7b0a50efd035d8a8481afe3a03d44c02aa2644c01b2c458d272e2ccda7981b,test_or_fixture
exp2/tests/a841955a_summarise_select_test.ipynb,12721,43f377150f574a2e2f09205a7e0f84e019a3911c81282b0cadb58dd67b3a4fab,test_or_fixture
exp2/tests/a841955a_summarise_unmapped_test.ipynb,13244,29a11d8c46ca7b2850c99c724f8487c1c8f71206dccc598e2deee54b168d7fed,test_or_fixture
exp2/tests/acryo_loader_corr_max_with_columns_migration_test.ipynb,19106,8e8d60697f2e2b1afe048a5b99416a4903b838594195e9c36a81208cd05fe985,test_or_fixture
exp2/tests/acryo_loader_get_features_migration_test.ipynb,17742,7281ccf651790a743a0d7181301e2e4b788f9e31d1e4bc78b47c534695ed7f8d,test_or_fixture
exp2/tests/acryo_loader_scores_with_columns_migration_test.ipynb,19015,1304661c3fd11b6fe35dbad66e128b65d56fda1ab8332a9283b194ed21b71356,test_or_fixture
exp2/tests/acryo_loader_update_features_migration_test.ipynb,17863,2a21d33be0d8b626a49c3aae74bfef40c0c7c7ded39ad3570ae1e7710704f725,test_or_fixture
exp2/tests/acryo_molecules_concat_migration_test.ipynb,24932,cf033de8b27995234fdef568b4fdc152cb8834e795d5aeb65a632917429408b0,test_or_fixture
exp2/tests/acryo_molecules_fixture.csv,83,aae6679df8490308b97f30bf0309f8336051bb8ab93f27aebf3316a65917fd5f,test_or_fixture
exp2/tests/acryo_molecules_from_csv_migration_test.ipynb,24165,fb3b60b3ff51235dcc7a860c3ce6a79a0c4f4fe5713cd203a4bc61e9a1396446,test_or_fixture
exp2/tests/acryo_molecules_rotation_copy_migration_test.ipynb,24465,651352f36b55b2f51dd1f21a439c796777988b3577e17f014ef4d1a5d1d78d74,test_or_fixture
exp2/tests/acryo_molecules_subset_migration_test.ipynb,24769,c551b65672c411e242d551e7c09e3d6ddc8d8869dbf49d056a7671a28084a681,test_or_fixture
exp2/tests/acryo_molecules_to_csv_migration_test.ipynb,27105,19fd7739a531134ab382eb90af5a1c2ccb7b7f37f5c6fe778e621bb4c1e9201f,test_or_fixture
exp2/tests/acryo_molecules_to_dataframe_migration_test.ipynb,23912,84d0a8e547c327de78d2d5e33ccc61c58343149cf5b73b6ada6919e579712cb8,test_or_fixture
exp2/tests/acryo_molecules_translation_copy_migration_test.ipynb,24451,e9adf6e55ffea2907b0fca6013989209626b9d339ae43d32e16be6ba0b0323a9,test_or_fixture
exp2/tests/acryo_to_csv_pd.csv,111,bd85a0335f83e97657f14cd1744a7bb30d4248328f64227642c7e6163d9d77eb,test_or_fixture
exp2/tests/acryo_to_csv_pd_empty.csv,27,1fee7f936ec48505676105004217b91bebe9b5ad828eeee1cc3d7adeb948838a,test_or_fixture
exp2/tests/acryo_to_csv_pd_nofeatures.csv,93,fdfc42f546647aa5048c70a4b0406dc6f5c926ad7aa90e1a91780afb6e83b181,test_or_fixture
exp2/tests/acryo_to_csv_pl.csv,111,bd85a0335f83e97657f14cd1744a7bb30d4248328f64227642c7e6163d9d77eb,test_or_fixture
exp2/tests/acryo_to_csv_pl_empty.csv,27,1fee7f936ec48505676105004217b91bebe9b5ad828eeee1cc3d7adeb948838a,test_or_fixture
exp2/tests/acryo_to_csv_pl_nofeatures.csv,93,fdfc42f546647aa5048c70a4b0406dc6f5c926ad7aa90e1a91780afb6e83b181,test_or_fixture
exp2/tests/adjacency_create_matrix_loop_test.ipynb,19706,3e4a2952078cd8b1444ca325efece5feb2c7e4c55dd9ff95bc17d02179d94794,test_or_fixture
exp2/tests/adjacency_read_file_to_polars_test.ipynb,17270,12ed8a5c2869f4e7c5dd250178ddd095e7866c6f019afe0fb27aa9ad97b66189,test_or_fixture
exp2/tests/azure_ocr_concat_lazy_test.ipynb,21302,85ca65984528aa24ea05c201cae129e74ec39ef36c30c279d5359120b7b7fe82,test_or_fixture
exp2/tests/azure_ocr_from_dicts_test.ipynb,20291,1b155641db79aa58b643dcf3ac467da4df0bcae5ad5de3e409577558e71bbb0f,test_or_fixture
exp2/tests/b36214f9_preprocess_attrs_registry_test.ipynb,17311,b6c3e3d9816eaaf23e058215429eca062ec425f20b088c0bb86164fd738d0d6d,test_or_fixture
exp2/tests/b36214f9_preprocess_columns_tolist_test.ipynb,19711,9e5a788ee76ed6a1982129a570ada6001aec018b7a3f7817753de0b5ca6a220c,test_or_fixture
exp2/tests/b36214f9_preprocess_shape_rename_test.ipynb,19931,795f763170d5acaaa5c791a4c69916627bf9ead9cb416b23953be7c974fe4bbd,test_or_fixture
exp2/tests/b36214f9_session_dropna_unique_test.ipynb,13250,2721d0ed3a8e3680e3bbe4a8a1185d8afcfcbf83de6cf2bc9c0a5a8847770e0c,test_or_fixture
exp2/tests/b36214f9_session_read_csv_test.ipynb,13287,496689bd6b9d5cf29311e577ce584f1664b5bcd3e6d42fdc4d631ccb28047449,test_or_fixture
exp2/tests/bbe5d7e5_create_data_frame_test.ipynb,11536,5ad0b5c3859242cf7b59b8ed703cfa40930737c6d120cb172af08fe3005aba53,test_or_fixture
exp2/tests/bbe5d7e5_datasets_read_csv_test.ipynb,11602,0769cbfab18d99285242ed053510ac1c1b8ee53864fd9b3e6034c56409c4e472,test_or_fixture
exp2/tests/benchmarks.log,201344,cab97201711c3656bce2c9394f3ac477ae64792344900029772a1d1fc6cbd67d,test_or_fixture
exp2/tests/cb25a1c5_wsv_pegel_test.ipynb,10700,b2d7cdb1d5bc561a4523f95204e611251744387e5f0a931e70b1e74dc083ca30,test_or_fixture
exp2/tests/d90ed416_ibis_filter_test.ipynb,16531,ea93d4d819a10b0c4ee2f98739f92f6b83523a7337a06dc58473946f72169844,test_or_fixture
exp2/tests/d90ed416_ibis_isin_test.ipynb,14751,63e5f9fdfb4fea248564f38e4028beb130a9a9767971b709ad0731038802b9e4,test_or_fixture
exp2/tests/d90ed416_ibis_join_test.ipynb,16859,849ee60fc61069bb40f634709a28baa62cdfa97ea4b645f86462503b856fd7f6,test_or_fixture
exp2/tests/db5fc12b_expose_date_str_test.ipynb,15755,ef39839b523d8a33d07b4dafb716487e8877a7a0eddeb3f5c34382328ca109f5,test_or_fixture
exp2/tests/db5fc12b_expose_rename_test.ipynb,16219,49bdbb5de5ed3d1e69b8ed1f23bd19b01c344d36aef57333f1ea8da1ba4800ef,test_or_fixture
exp2/tests/dcff23d0_filter_concat_all_test.ipynb,12143,966eacbc7b5308456889af69345c43bfa6b43a702d80683411d92cfd94a9392d,test_or_fixture
exp2/tests/e3227f4f_split_empty_df_test.ipynb,17411,c95f142ee637ec01946291b5ffd9477245723527e97e586376bfc195d3939247,test_or_fixture
exp2/tests/e8fa7691_design_matrix_model_test.ipynb,14200,8a03f5e6c8ec21aa85358bc62fb45b33fc0fea13a2064653997d8764f4679016,test_or_fixture
exp2/tests/ed3b46c0_base_pattern_iloc_test.ipynb,17290,4629c99c3226fee897b02c2fe500714760ba6a54aae3bfb828a6e7f2e38041eb,test_or_fixture
exp2/tests/ed3b46c0_base_pattern_pred_concat_test.ipynb,15733,3ed274ccca3f2d0891a69d7c6184ae8177c543af7b6ad191b35dca3e34381fe6,test_or_fixture
exp2/tests/ed3b46c0_classification_iloc_test.ipynb,19199,92367ef2e701d876af7422a05ab06ea957d7741d6793ddb1625ce31d26071b24,test_or_fixture
exp2/tests/ed3b46c0_classification_pred_concat_test.ipynb,21657,2cd13c3f38db7ee49e9b13012bc4c7f68b0231b9d2fd06dd4e968b5dbc0d5789,test_or_fixture
exp2/tests/efc0581f_azure_concat_lazy_test.ipynb,21159,79ad98e931e685c1c4c8f49af87a150bc74a7a8677763be1dd627b23428fb1aa,test_or_fixture
exp2/tests/efc0581f_azure_from_dicts_test.ipynb,19912,83b57e5303f07b968b1777471c4902ac2893aa8b44fcca45cd470230c771f04f,test_or_fixture
exp2/tests/efc0581f_data_assign_bbox_test.ipynb,27321,04d859b8abdf9ea2c3da92fd3de6d239b974dc84315435f1407e1a84cc8025e3,test_or_fixture
exp2/tests/efc0581f_data_filter_page_test.ipynb,24169,96d308a368f8b0c60714ac2f9151fffd4b18ba846059d10f64b5227cbf3fa6c6,test_or_fixture
exp2/tests/efc0581f_data_groupby_agg_text_test.ipynb,27161,6902cd2c1b94672fa5cfe2a13367f08ec9afbb572f272c17a6b466ffe816d3b4,test_or_fixture
exp2/tests/efc0581f_data_merge_cross_test.ipynb,23136,f800fa0d1ba9cc7fe893f77520f2467345039e8ff36ca28984a39efb07a9e51f,test_or_fixture
exp2/tests/efc0581f_dedup_nested_cross_join_test.ipynb,23307,79474fd8da232eadca0cd35ae94ef50999aa3ff6ba65b4037c9e3f2c546f08f7,test_or_fixture
exp2/tests/efc0581f_dedup_redundant_filter_test.ipynb,24010,b13329b3c4fd89a0c89bc908ec726da70849d0d93dcb7c74817d0a6957340ed1,test_or_fixture
exp2/tests/efc0581f_dedup_vertical_sort_cumcount_test.ipynb,21883,01c035c6510e173b2e041e08b7297d9cb62956863809e38514abc69ed552d4f2,test_or_fixture
exp2/tests/efc0581f_ident_explode_cells_test.ipynb,36272,6cce4549a0116924342e1632ca7da3c72673f4984c071da7f3aad8c1f2025291,test_or_fixture
exp2/tests/efc0581f_ident_from_dicts_cross_test.ipynb,34916,018ea773450ff5d92edee84510979e846c9867a413a2a2d0d0527f1875a80808,test_or_fixture
exp2/tests/efc0581f_ident_with_columns_conditions_test.ipynb,36123,ae7b5e45ee9429ae1a7d8bd6fcc3911155b0d1efaf198794ffec8374b10ad0c5,test_or_fixture
exp2/tests/efc0581f_lines_filter_words_test.ipynb,22865,a4d2543ada31153d5f1f88ca7bfce479fbc5e71e2feb16a722be593130c1b142,test_or_fixture
exp2/tests/efc0581f_lines_from_dicts_lazy_test.ipynb,20770,84933786d90aa6857555626cfe78c08a32ccbb898f45d37addfb00acf9e64b56,test_or_fixture
exp2/tests/efc0581f_lines_groupby_filter_test.ipynb,23812,20f94d0c142a05f7d9d5403a683e49b1843868055715ebdf713b72e4bad9c6ab,test_or_fixture
exp2/tests/efc0581f_pdf_concat_lazy_test.ipynb,17704,a14855f4fb5477d1110185ec05d5fda3b2ecce32990d11f342ea80616e42edeb,test_or_fixture
exp2/tests/efc0581f_pdf_from_dicts_test.ipynb,17613,e4ca543ed7d86eaa87ad42ed5b9df9f7d332c8c3027fadf53e635c8deddd0539,test_or_fixture
exp2/tests/efc0581f_tesseract_concat_lazy_test.ipynb,21259,3f3c01e666d4648205f26715bfecbe4f4f9755f357faaefa47e7dd914be903f4,test_or_fixture
exp2/tests/efc0581f_tesseract_from_dicts_test.ipynb,20550,9ea403c9ab7880b0d33bc1fa00d6953e58a4a915eb70f7c48c4260ad65b3218a,test_or_fixture
exp2/tests/efc0581f_tesseract_nan_none_test.ipynb,20432,f1a33c13597ec46c734b5e0da592ba534badec08f76c0a368473ca54694d9e33,test_or_fixture
exp2/tests/efc0581f_textract_concat_lazy_test.ipynb,20934,e1b124558155d931edd1215dc6e3acef44e8ff439bc5e49f1a943d1a68a8c360,test_or_fixture
exp2/tests/efc0581f_textract_from_dicts_test.ipynb,18296,3eb2f778773529f069410efeafb6ea4c039bac6129a142e7fc8f65877283754d,test_or_fixture
exp2/tests/efc0581f_vision_concat_lazy_test.ipynb,20331,12398326e9bc54a10c748832d3651f7f2464448dc0240b9798f7f8c4720e484e,test_or_fixture
exp2/tests/efc0581f_vision_from_dicts_test.ipynb,18229,4bd6b2e1da20856eeb57b34781f4d4e4ffbbac3b90a035e808b74def435571c1,test_or_fixture
exp2/tests/f11c29ae_dataset_df_clone_test.ipynb,19168,78e26cd2612ec5fa48893f5f3006c758ef8bcafacbff6d0e4e6126c8397e43de,test_or_fixture
exp2/tests/f11c29ae_dataset_loc_select_test.ipynb,18232,770c542ecc4a4c4b1b4a4a6c6dfbee68d71bc32d6229265dd34e6dcca0e10758,test_or_fixture
exp2/tests/f11c29ae_dataset_save_load_test.ipynb,19801,618cbaf50f85fef488e30b7d380f615a718e1a75c0a215b6e93250f7df9e3553,test_or_fixture
exp2/tests/f11c29ae_dataset_to_pandas_test.ipynb,17350,377a30bc5b9463c7deeab903a9b89683b61bab6cae16a40a913423a6ab03c828,test_or_fixture
exp2/tests/img2table_aws_textract_concat_lazy_migration_test.ipynb,21805,8925fc76674061af95969e6f5db31ebbedb1aef1e1d7acb8c5a0cb926502b743,test_or_fixture
exp2/tests/img2table_aws_textract_list_dfs_migration_test.ipynb,19043,ef3d54270dd17cc5518a1906dc9cdac5f9afcc2c12d9e70c4a9131f520de4d85,test_or_fixture
exp2/tests/img2table_azure_concat_lazy_migration_test.ipynb,21899,91a5dd481e1d7f806c95a602ac0e7947efe83c4e79b0915bbd297c29e6d3594d,test_or_fixture
exp2/tests/img2table_azure_list_dfs_migration_test.ipynb,22210,75b69f50d7fb1ad697ea7aaf28f53f6a9ab11f8c6c955d45c7d90ebb06ae69ed,test_or_fixture
exp2/tests/img2table_cells_adjacent_redundant_migration_test.ipynb,35364,104c9d34c113bd834136b2a443478807f1e972b184907f1bffae67047cc6529f,test_or_fixture
exp2/tests/img2table_cells_clone_rename_migration_test.ipynb,35322,26e7a2f8315425d26dbf50952299851fdb9e8bda2a8860b31b7c164739a14fbe,test_or_fixture
exp2/tests/img2table_cells_contained_migration_test.ipynb,35265,935bfa5b2f1e3a14a75c609de869afb2b203333e00e104244e82b42347557c44,test_or_fixture
exp2/tests/img2table_cells_cross_join_filter_migration_test.ipynb,35629,f1dff26a0e68f58419db5159581009e1be8f435396bbb53fcbcf88ccbd66f956,test_or_fixture
exp2/tests/img2table_cells_intersection_area_migration_test.ipynb,35426,d03c2453e75a08947266abad7acb3c96304ab77b97790fd578394f4d31f89559,test_or_fixture
exp2/tests/img2table_cells_overlap_diff_migration_test.ipynb,35179,4893e95359695e2e836160a7f5d55cd472107f32256ba4a037000c503b437bd4,test_or_fixture
exp2/tests/img2table_cells_redundant_removal_migration_test.ipynb,36593,a9d4e3e88d4ff7c7e865e4bff339f47a04798d6b2ce606288527ce7db4859ed5,test_or_fixture
exp2/tests/img2table_cells_vertical_deduplication_migration_test.ipynb,35577,d586dbcab4a6cf601e36a499a006011bacf258faf9a0ce887fa4351893b146e4,test_or_fixture
exp2/tests/img2table_cells_width_height_area_migration_test.ipynb,35390,f2e2572b04320f75518fa2d3ef02bd341fc6c4cffaef1ac6dab7606d4d7f4be8,test_or_fixture
exp2/tests/img2table_google_vision_concat_lazy_migration_test.ipynb,21843,a24c0cd2a8efce3f368288a30275f08a0b38f59b541019c998cd10efdceaa62a,test_or_fixture
exp2/tests/img2table_google_vision_list_dfs_migration_test.ipynb,19078,894b9087257cb04d3d5967f9e339b075c82dd760f42750a0bae026510f987c73,test_or_fixture
exp2/tests/img2table_lines_cross_join_migration_test.ipynb,28254,df5823d0d72f41c24d2940af8ab5019f9ed7ef788d2d8e92a1022a9a61203501,test_or_fixture
exp2/tests/img2table_lines_df_lines_creation_migration_test.ipynb,26147,24796b2faceb3fd60fdc07b9b50d83f1bd1c7e6bfb381cc400619736483451ff,test_or_fixture
exp2/tests/img2table_lines_filter_words_migration_test.ipynb,28728,589ff501bdbe3aab4a336ec90837c0cbd579575e2fdc83c430e8f73d20aad7ab,test_or_fixture
exp2/tests/img2table_lines_groupby_sum_migration_test.ipynb,28084,721e2edeafd968c1d14c9a55c64027a34f41a2afd940770562174b85ac4875ca,test_or_fixture
exp2/tests/img2table_lines_intersection_assignment_migration_test.ipynb,29443,9e15185dd97debd4a11824947698dbbc9efebcabe53b51633be34b28be491f58,test_or_fixture
exp2/tests/img2table_lines_intersection_formula_migration_test.ipynb,29848,dc739216c23b8589e442e2509892855fa0bf930ff7cc2ee1f910083392a86d1d,test_or_fixture
exp2/tests/img2table_lines_intersection_lines_filter_migration_test.ipynb,28950,76016371a6a3d94f1d721c5bf3680a1aedcba32ab77276c516a8412bc7479dcc,test_or_fixture
exp2/tests/img2table_pdf_concat_lazy_migration_test.ipynb,18462,c5d36b6d7f8fc6e9b65894bb9b21089710ae09558bc4e5c7fec88ec468413c66,test_or_fixture
exp2/tests/img2table_pdf_list_dfs_migration_test.ipynb,18268,f52bfb60faa642d0dc8ccdbe324f2439eca332b05fa7067a5b05bb55f904f641,test_or_fixture
exp2/tests/marimo_chdb_cursor_rows_test.ipynb,11983,753710c33ab0ca98ab76c4403882411f0ca54110b011d3dfde6794edae39d43f,test_or_fixture
exp2/tests/medmodels_classic_distance_covariates_select_migration_test.ipynb,20248,681d359d34bd1f6afd5801cb500f3f30c071d2f888636ca50340576e930b1fe0,test_or_fixture
exp2/tests/medmodels_classic_distance_match_migration_test.ipynb,20445,97145d1d6a6fc407c7f989ee0bbf426ca1aa88cae22353d74e7fcd1622664e8f,test_or_fixture
exp2/tests/medmodels_medrecord_process_edges_dataframe_migration_test.ipynb,15140,e13eb4013c85be2b7f4a138b6e5ae0e21a893f09980c360b96d20fe022e9d532,test_or_fixture
exp2/tests/medmodels_medrecord_process_nodes_dataframe_migration_test.ipynb,14816,7ac855d9983d339a0e084d47188f6d0b47534882417ee7e9ca9621d74915b3c5,test_or_fixture
exp2/tests/medmodels_propensity_score_prop_score_migration_test.ipynb,21220,81e443f5080fc0ab77bb2ba38d1a1242c823e4ea52c88e75e4dc3b222e5f8006,test_or_fixture
exp2/tests/medmodels_propensity_score_signature_migration_test.ipynb,17217,e8da687add2ccc6760c706385a0b0a39e4be5b354e2410bf1397c8897cfbf0c8,test_or_fixture
exp2/tests/mexca_data_delete_filename_time_col_migration_test.ipynb,20302,d113ab7823382bbb5ce35a3c4a92ece7f4e54a45a864d82d447f4a1f3eb78a84,test_or_fixture
exp2/tests/mexca_data_merge_audio_text_features_migration_test.ipynb,22055,fac67db9695f892f7c201882708936c11b5e6f8588fde7b8ff8be1f071a67491,test_or_fixture
exp2/tests/mexca_data_merge_features_migration_test.ipynb,22023,b0f5755a09a5aa3c6fd0cdb8abc27fab2e8953722e2027894aca77c8e8edef9f,test_or_fixture
exp2/tests/mexca_data_merge_video_annotation_migration_test.ipynb,20763,f9db516ea16d5ea70b760d48e5592b9d7117c85c98d7fffeec3705cd02815cc3,test_or_fixture
exp2/tests/mexca_data_merge_voice_features_migration_test.ipynb,20664,846a199aa7b5e6c4b37a5eb32ad6f5d7da059529399fd5306cbc6993682ccebc,test_or_fixture
exp2/tests/mpds_get_dataframe_test.ipynb,11583,e8964cba10cebee2d426a69f0dd256b894902c7169942e6d645bf10e2a40b966,test_or_fixture
exp2/tests/pheval_gene_identifier_map_test.ipynb,17093,1d0c943a1234750f36d24eb39059380b1d1afdaac60b6a973b5852a9d3bada1d,test_or_fixture
exp2/tests/pheval_gene_updater_find_identifier_test.ipynb,16790,77011af0c96b845fb3c3c2812325cf47de845bedfbe010d4d58037629d4324fa,test_or_fixture
exp2/tests/pheval_gene_updater_find_symbol_test.ipynb,17055,fb744652cafd6f3703e7bac9213cc4bec486cc1cc2cc186016ca279f583c3a44,test_or_fixture
exp2/tests/pheval_parse_hgnc_data_test.ipynb,17198,984fb93186f387ae33bc01bad1489f1572e1ebb9a4de815c8ae82bdcbfbb3677,test_or_fixture
exp2/tests/portfolio_momentum_roc_test.ipynb,18504,b2a4e5b80cb70934146d0a4f4a6788d5ab70e54351e6b682883ae82599a6ad1c,test_or_fixture
exp2/tests/portfolio_momentum_rsi_test.ipynb,19242,c9008e9ac7d2bf595d5af189691192c65cf36e299bc9964b7008012cebed1c68,test_or_fixture
exp2/tests/portfolio_momentum_stoch_osc_test.ipynb,19095,162de153ebeaa5432c4935c1504617aa8eb9858512d49849e4d7159ae493dc48,test_or_fixture
exp2/tests/portfolio_momentum_stoch_rsi_test.ipynb,24633,28b5beb48d40545f0011ebcf00331f7e1d48089f7bd9c39df5593f40a1a334c1,test_or_fixture
exp2/tests/portfolio_stock_from_pandas_test.ipynb,14079,89e3b20bef40687b0bc6e88cf8c9309b49bcbfbb11e0fa13b48bceb17465f2cb,test_or_fixture
exp2/tests/portfolio_stock_to_dict_test.ipynb,13576,29115a4f6fbaaaf5d482ed2d217928b05e734a07d95178838ff2a6ad830867fa,test_or_fixture
exp2/tests/quant_backtester_calculate_returns_migration_test.ipynb,19225,3d1077e1b8ea59ce8c475b5e056c764fa47d7e70303ae92797e5e2ee7f5b9438,test_or_fixture
exp2/tests/quant_backtester_performance_metrics_migration_test.ipynb,18528,b8c4227c754324ca873a55b508ae76d65cd0af2abb29ada91773c66b014e4caa,test_or_fixture
exp2/tests/quant_trading_strategy_backtester_data_load_yfinance_data_two_tickers_migration_test.ipynb,16334,d369d94fa9657ee5fe29db10d54e752bc386b485db97c00f9139ca5579f80c17,test_or_fixture
exp2/tests/readnext_hybrid_score_compare_scores_migration_test.ipynb,15024,768dda81fc0dc212527961ac409741b4962453e76138f00e1d10f3aed11a4a55,test_or_fixture
exp2/tests/readnext_hybrid_score_to_frame_migration_test.ipynb,14473,e00b5ccf4644afdc9f3e7a81d21e53f20791dd99de04e9ef612bccca21eccbaf,test_or_fixture
exp2/tests/scoring_compare_methylation_pattern_migration_test.ipynb,26979,16246cbf5d5c991205234c66f99e7475a64bb896e9fdbfa8f5bab46ee63c7de2,test_or_fixture
exp2/tests/scoring_compare_methylation_pattern_multiprocessed_migration_test.ipynb,28441,7ad2420198e04ca0bf708fdefa68be5c6da0417c1169d396baff27bb1a23a211,test_or_fixture
exp2/tests/scoring_define_mean_methylation_thresholds_migration_test.ipynb,26807,531b756c7b2adb7258fb6ce24ef5b6635404f7491d7d3fc32ac9975d27a495df,test_or_fixture
exp2/tests/scoring_process_bin_contig_merge_migration_test.ipynb,28522,3d3748a52f81210b485910b5293639d02741d1cd4d2f2557c1f71b370b487f93,test_or_fixture
exp2/tests/src_onemod_utils_parameters_create_params_migration_test.ipynb,15351,a6bdac3863e5568a67e6cef50592c62d54e57548dd818fd990d0ad2f6c0a3b23,test_or_fixture
exp2/tests/src_onemod_utils_parameters_get_params_migration_test.ipynb,14594,1ea758c5b00cd1e3b130302dea551f8e16103dc170bbe9b9b76f8d4203eb0209,test_or_fixture
exp2/tests/tesseract_ocr_concat_lazy_test.ipynb,21457,25a7bcc30e010bd7e61d0a8f469b21716f8baecd9fbbc33236d7511d7bb9d72d,test_or_fixture
exp2/tests/tesseract_ocr_from_dicts_test.ipynb,21805,853258ae273adb31051a90522213c786f29b9c327c7fc91b342aab99d67588e9,test_or_fixture
exp2/tests/test_file.csv,70,ed47c2fb36ca8d15121bfb52fc1d18f0bc1527a66fa14568ec22b087ce0ee657,test_or_fixture
exp2/tests/test_file_binned.tsv,1216,2aa852c48ba96e7035f243e2b52326d3d9ba5c896df0b71bcdabe85cc6d9ee19,test_or_fixture
exp2/tests/test_file_unbinned.tsv,896,e6a7aa62dec9465311dd0603214529c444e181b3a9bdd37100b39056e2c23f9e,test_or_fixture
exp2/tests/tfidf_cosine_similarities_most_cited.pkl,821,85bfb7830b54ad6dcbed1c45da3b1798a429dc4ca99c33854b0e9a87261cca53,test_or_fixture
exp2/tests/ultralytics_benchmarks_config_test.ipynb,15149,5c62468051e378bac2ee65f4a4a59d1e5ee4f699cbd86e831eff31aaa74d0843,test_or_fixture
exp2/tests/ultralytics_benchmarks_dataframe_test.ipynb,16430,e6efa320bb1d97e59bb4ce07e9b745fc411cf9606414a41ce90d4c262eb799fc,test_or_fixture
exp2/tests/ultralytics_benchmarks_metrics_test.ipynb,21199,a38cab9d42cac91e057439afe45e926021bf75147cdc6f3b1c3229d996edbee6,test_or_fixture
exp2/tests/ultralytics_trainer_read_csv_test.ipynb,12090,56a4a30693b8a9d32e761fa06cf64d5662bbca67bb8ccbfcee586d2c6327cb8e,test_or_fixture
exp2/tests/ultralytics_wb_custom_table_test.ipynb,13702,edb540830261b2a16b83efec4ada7fc65235d7943eb1358ada69ba2bd2104e0f,test_or_fixture
exp2/tests/visivo_sqlalchemy_read_sql_test.ipynb,12752,b2ec223005b2d2b192e1b925595d02e77400948d313a5ce9d1f2ced92b9fe196,test_or_fixture
exp2/tests/vnc_cmatrix_loc_filter_item_test.ipynb,31470,32feca496efcfcc9671006649f117c039d002d4bbfda8e51e262aa79e5275b39,test_or_fixture
exp2/tests/vnc_cmatrix_lookup_init_test.ipynb,32924,227244a980c2e50ee6c0fa4967d5ae6332879b59677f4582a049c67afcf7787e,test_or_fixture
exp2/tests/vnc_cmatrix_reindex_test.ipynb,33433,1fcba1aa7adf2839475b62141234289bfdc2951d4f0b1f368c7cfa2b406c641c,test_or_fixture
exp2/tests/vnc_cmatrix_sort_tolist_test.ipynb,35339,a8e8e772c7a4c809c4ccf01d5451f07160e55ba44672c5c0cbd2c55d29bb0ed2,test_or_fixture
exp2/tests/vnc_cmatrix_uid_to_index_test.ipynb,31638,43a8ad0a3cb8e08bcf8788e4d693059ca4ca6b9996565f59b18ae47bb595670e,test_or_fixture
exp3/audit/manual_review_batch1.csv,8107,e16a063cfb66962fb18a1514588aaacbeaa7b1a567ffd9299595777170ae72a9,audit
exp3/audit/manual_review_batch2.csv,8401,6b0fd3b0a8e8400367ba58355da93a5be1d06e65c559adb6ea90c7198efb8185,audit
exp3/audit/manual_review_batch3.csv,8235,c556cc6731a67a8eba68394cf08e38f2b98c06200d6302f12287ec14bbea773a,audit
exp3/audit/manual_review_batch4.csv,8829,b0045580f35f3e4e5c12ffa30f5ae62a8444b405d22d394612b5d3dc54f1e438,audit
exp3/audit/manual_review_batch5.csv,8958,ded25cb9afd5d56f3481e5eac2a40f2133a28019a57a3bc3e67ff1ecd5885ce8,audit
exp3/audit/manual_review_batch6.csv,9416,755abd5bda7fb0e379acba0d1cb05d0478bd229ca34ec9e60700cc97b25142bb,audit
exp3/audit/manual_review_batch7.csv,9386,3b7f31e181579862daffd5b5a2b1b75bafbf9f61a622b2e60f95d5f523a94bf7,audit
exp3/audit/manual_review_batch8.csv,8985,52ff1fa7cabd0409416bb1c0bb080b45eb807826191180a831c977a32ea463eb,audit
exp3/code/run_exp3_v2.py,28795,c3ae844c402601c62b6586c42540290fa542fef88a2e649dd689f7f81d41d80b,code
exp3/code/static_mapping.py,2374,f2cdd6c37c3c640d6a4f2f2d73f9d64999a2fe3ed8e58adfd0cd397170a857ce,code
exp3/knowledge/api_mapping.json,395895,0d566552b51b9502c9bcf8dc680c86fba57159f7fdb8d1492e8bde58a38b1bbb,knowledge_source
exp3/prompts/prompt_template.txt,4758,2d82c25c634a06c1202abafa4e6089b9c9fbb03a5343cee3b27c6589c83cfca4,prompt
exp3/prompts/rendered/05afd878_evaluate_coassembly_edges.txt,26873,4cb8edc57478903c0d2310a080b63198c299ff579e9f778a48eb28b4e07ba654,prompt
exp3/prompts/rendered/05afd878_evaluate_combined.txt,35681,eca1271674e98bd09bb04bc9a2b5fcae294ec813752460659a29b3bcef40d332,prompt
exp3/prompts/rendered/05afd878_evaluate_nontarget.txt,24274,099d203b3dd46081c3ec399e397db4a014ac9b45db98fd2cf0086dca03dc3982,prompt
exp3/prompts/rendered/05afd878_evaluate_unbinned.txt,18372,b2d8460088e465880ea55146cdc368cbafb2b62bec3d1dbf182b7a128501f16b,prompt
exp3/prompts/rendered/0ffdf231_noaa_ghcn_inventory.txt,8407,7d17da79d6ddba3e9cc49b9f2ec81ca0d5c8df9c28b917b8d43403bb4a648622,prompt
exp3/prompts/rendered/0ffdf231_noaa_ghcn_stations.txt,7985,50f87ca3ade07585cbae2c3ba0e95de82be2f810b6fdae1b05742b0f91a2af3a,prompt
exp3/prompts/rendered/142b5bcb_tools_relocate.txt,15138,9fb20647dcf77cc52d7cd47ac9786c9287ab24a24656b680f26e3c4f5f0649f0,prompt
exp3/prompts/rendered/16645382_exp_stats_col_assign.txt,4709,7c20708b97d525022cf6db84950af75e53b80ad56d6af78b7e11a299b22311f4,prompt
exp3/prompts/rendered/16645382_exp_stats_rename.txt,5609,7ddadee65511a10fd82c3623b85f72990b272e31bbeba0a85f364923c9cccc34,prompt
exp3/prompts/rendered/1e52b4e7_concat_to_frame.txt,5589,e378eb3b1f4ea43085aa956b257ec4b64400614fb27713352e048db6559c1629,prompt
exp3/prompts/rendered/1ec015da_to_rank.txt,13804,ad510bad200e665e1c74d605f982f197acc0166bced7886fa387035530d167aa,prompt
exp3/prompts/rendered/1f8af3a3_target_elusive_sample_pairs.txt,35413,37a6de9877019d6a8f525f1ee883042ec5f03970ebce3401492a11fd225972fc,prompt
exp3/prompts/rendered/1f8af3a3_target_elusive_sparse_edges.txt,23280,c1af426b0235d3cf9a6ca383344a4bcdcf9a0a35b8bb07736f77a9188e0f849f,prompt
exp3/prompts/rendered/1f8af3a3_target_elusive_unbinned.txt,21380,5051120fc4cb58a03b54e4adbb3dfa4b3219a31acaa5290486e5f4a8e1649d49,prompt
exp3/prompts/rendered/287a28d8_col_ends_with.txt,5387,22d7437cd445cd3d361b160d23c3658bad592b299d2388daffa64f5d3386a8e1,prompt
exp3/prompts/rendered/287a28d8_col_matches.txt,5387,b0dd838dafa33ddbf5cdff3b4777371e95fa90750081fca014736281de9cfd7c,prompt
exp3/prompts/rendered/287a28d8_col_starts_with.txt,8754,5fc381f731488d9e67fb8d9a40865e749f006a674608338dd5dd385c43e1fe02,prompt
exp3/prompts/rendered/29097c0c_to_dataset_read_wrap.txt,19815,563d867d6324dbf4b30b3cd05a7bc612d512daca9e93de116c68779e5ab1df0e,prompt
exp3/prompts/rendered/29097c0c_train_iloc_filter.txt,22089,63ea8acb11e8be193abab8c70e7cc5d7dc1a862d80f4350b4e008f77eaa48d20,prompt
exp3/prompts/rendered/29097c0c_train_merge_concat.txt,5233,c30e3c9da4af46ab23a549d4cb40a2baa61285bc680c26852fdbdc5826619531,prompt
exp3/prompts/rendered/325e7c2b_dates_pol_interval.txt,13726,75114e3a270eca91378581b13bc6384ebb57007ff26dd01ec36efdb9cc960db6,prompt
exp3/prompts/rendered/3c49cad1_bench_interp_cols.txt,6302,058acf27b330ebb8ff24dc8c76182545b8951116e68570953c4283d44e9ce3d5,prompt
exp3/prompts/rendered/3c49cad1_bench_interp_filter.txt,7158,c2fa95303c89e83e3419f7f6a55e15bcbb6ea0482522da0e37638496e2d85477,prompt
exp3/prompts/rendered/3c49cad1_bench_interp_time_regular.txt,6279,f95327e765705e8cfa2aab761a4535f01b1b0e73d8e8508b32ee5218b23cefb5,prompt
exp3/prompts/rendered/3c49cad1_bench_interp_time_rmse.txt,14894,59c158fe9adf9d4724718142714e4fa4ca682b2de6a76dd42b158ae2508680ce,prompt
exp3/prompts/rendered/3c49cad1_bench_precip_pct.txt,4745,99efe0fd80df2cbdd0394e7a3b40c0a9d656fe8303b649bdfe62141bea351071,prompt
exp3/prompts/rendered/3c49cad1_bench_precip_regular.txt,17982,d39b9c9138d76590cb48476b367c4e8c9299cbff672622f4fd3357ef77a48742,prompt
exp3/prompts/rendered/3c49cad1_geosphere_all.txt,7590,19f53a4f6a7ea75d99f4e0cc3155d93b48c3213597d84e0229f314428da87c61,prompt
exp3/prompts/rendered/3c49cad1_geosphere_collect.txt,27348,40ea34ecec02577f229b32273e557daf29cb5e11256829a430a67a7fc78d4cfb,prompt
exp3/prompts/rendered/3c49cad1_mosmix_access_dataframe.txt,7326,e8b89a88272ba7eabedfdd74e6de0f950630583a3a6f34f567f9e26a771a90de,prompt
exp3/prompts/rendered/3c49cad1_mosmix_access_datetime.txt,20154,56c20162c23f3b6780290dbc63f1e35c011722b5d4895dc4066bdbe09552fa99,prompt
exp3/prompts/rendered/3c49cad1_radar_index_radolan.txt,5651,ab739464256ee47f735d1ce9466e995cc333aab738386073afb3c04764e9f817,prompt
exp3/prompts/rendered/3c49cad1_radar_index_sweeps.txt,4810,8a18855fed3a9bf38ff3f4853d7a744a9cb232650acbaa086cc933b30bf8c212,prompt
exp3/prompts/rendered/3c49cad1_radar_sites_cols.txt,40392,b910acff9b3bfc653aee4c58b05aecf4aef74f71ebd02d85e5eec3de34012af2,prompt
exp3/prompts/rendered/3c49cad1_radar_sites_dicts.txt,4898,16e15a9179082be7f73e23709b677bae1a4a1ea63ee9d2409e5f9b779b413eeb,prompt
exp3/prompts/rendered/3c49cad1_timeseries_extract.txt,5764,ee996c11124c294d0e1c4b063651590ae00f96f347b59bacc0f754a9667084b4,prompt
exp3/prompts/rendered/3c49cad1_timeseries_gain.txt,38238,4c5d051505f24d3d19d32256cc95577ed06ad25421159706dbe67a69c168a2fe,prompt
exp3/prompts/rendered/4bb33aa8_trx_stats_isin.txt,4732,26505bc17fc96dbee438a7cd56c9a1b4839bd168e1d64a9b8f38153117f3e21d,prompt
exp3/prompts/rendered/6f1c2684_datasets_read_csv.txt,5753,b460f1b81ef4716336ec02fb2c1eeda436547e9da97d8a248dddee66607f7954,prompt
exp3/prompts/rendered/73a39d90_experiment_df_construct.txt,6503,2a613843de95c32656863822ad664dbdb7d78aa683ab142503d67ab8df9390e0,prompt
exp3/prompts/rendered/73a39d90_metrics_bootstrap_filter.txt,5663,015813300059a37db8d4074a29237d8dcf2edea507366a1f3de74ce2ed140cdc,prompt
exp3/prompts/rendered/73a39d90_metrics_groupby_agg.txt,21715,a2f28abdba5363ba4496ac4dcf5b383134b7b5a82d980f7246e227bf2fbe8186,prompt
exp3/prompts/rendered/73a39d90_metrics_groupby_partition.txt,7674,f7de9e685e09e5098e5cae7c2bed1d9e0c4c6f100f2d19b35f2e68d774d4d70e,prompt
exp3/prompts/rendered/73a39d90_run_concat_write.txt,6621,da039db547baab42945999564e8b3aff471488d603a60a2fa516910984bb2372,prompt
exp3/prompts/rendered/73a39d90_run_dataframe_write.txt,6778,23f5f058a8e40c6460577a70192d030a6525d40ab0dcdcbf6b1093ffb1a896d8,prompt
exp3/prompts/rendered/774f17e7_mane_mappings_filter_symbol.txt,7086,c629834bb75a291973f915927c91dcf1e81c213532e6473f9f608d68ae3a4ca8,prompt
exp3/prompts/rendered/774f17e7_mane_mappings_genomic_filter.txt,6846,ca7c264b2dee6993b7c741de055bb5688bec23a47fdf7e79a9d7119124fb43b1,prompt
exp3/prompts/rendered/774f17e7_mane_mappings_isin.txt,5959,53cedafd3973399ccd7cf1d928cd60f92e076484667d6990fe440aa07de048fb,prompt
exp3/prompts/rendered/774f17e7_mane_mappings_load.txt,5642,2913b73570d0df8f4c91be4cd7107b9e93364813499fa65db93631bf2b6f014a,prompt
exp3/prompts/rendered/774f17e7_mane_transcript_filter_row.txt,8600,60a0b48551c91f3e6aa40d82ce3b55905a6aa3d2edffa5f2486d0e08b2f0a289,prompt
exp3/prompts/rendered/774f17e7_mane_transcript_parse_ac.txt,15630,c6a9bb034dc3b4f65edadb7d97675a021bb1caf654ab53c6a9a1c7130f2f9d94,prompt
exp3/prompts/rendered/774f17e7_uta_database_construct.txt,6355,38f40d5ce7fdd2b4f53a2578243f12f6556d2941cc35195f2a3925cbe9672e99,prompt
exp3/prompts/rendered/7e55b00b_sample_empty_df.txt,7329,0bb7efc7a73f842319c86ffde03d29b5ebacc5a1ce99423a7a7856d4c5ca719a,prompt
exp3/prompts/rendered/8017f91b_embedder_frame.txt,19273,f65a4691b6dec6f936d63ef5f0a1eff23df564bf5d5e67d106a8bc4a704a18af,prompt
exp3/prompts/rendered/8017f91b_eval_hybrid_concat_sort.txt,4931,df90954e7a13a1bf7340c8348f36bc7c0ea8a3920c4f34696529362909600866,prompt
exp3/prompts/rendered/8017f91b_eval_hybrid_load.txt,6795,879ce56e9f610b6198c8e6772c1855e46f311676e97cf5f5f7a475810ef2df1b,prompt
exp3/prompts/rendered/8017f91b_hybrid_score_concat.txt,8818,508393dd29649ea2467df0d2f5c880ed4858d273f0c5db6dd76efe0001760b97,prompt
exp3/prompts/rendered/8017f91b_hybrid_score_frame.txt,6026,99388c26bd51ee311bf5fc155a65157459931eb2a736a5f0c641697fdcc61ee1,prompt
exp3/prompts/rendered/8017f91b_input_loc_col.txt,5759,1b689fd6be071ab61ac719d2977035bc6e66f435fb3090f80d4558b1fd1f137a,prompt
exp3/prompts/rendered/8017f91b_input_loc_index_item.txt,4829,ad6d6170e1ac44906fb9c84dd72fca2a655ffb0585aa60dce3f18f0e2d70ad92,prompt
exp3/prompts/rendered/8017f91b_io_parquet.txt,14396,08266f92f5882f3c0a60427d08cc6864129e441b46585103feed3ded1623bd86,prompt
exp3/prompts/rendered/8017f91b_model_data_lang_loc_filter.txt,5847,4af68106ef0dceefb5081e5232af73f02a6c62aeadf1441cab02c8704b8e6268,prompt
exp3/prompts/rendered/8017f91b_model_data_loc_filter.txt,5838,b349b4cb687487ba52d79d03353914fb63eaa5b24ed13924b7849ef1f559db3d,prompt
exp3/prompts/rendered/8017f91b_pairwise_cosine_loc.txt,6542,44284d5d03ead753e173bbeef23374aabee5694b2010b3aa3330d7dffca23e84,prompt
exp3/prompts/rendered/8017f91b_pairwise_loc_filter.txt,5804,370638a1695cddf84a1581b8d5d23c234cad9a4ed5716b51599454afb2e1fa20,prompt
exp3/prompts/rendered/8017f91b_precompute_cross_join.txt,13684,ae73454e947446d003e66870a18d12206f20290766489428b7a6a97a227b24cf,prompt
exp3/prompts/rendered/8017f91b_precompute_id_cross_frame.txt,9086,c3294a294dd859512188c7cdbbe0cfbd2d186bc99b74470e82838e648037729e,prompt
exp3/prompts/rendered/83c12695_collect_filter.txt,4832,fdd415bdfdcf885a9f81ecfe26bfd0f1ce34704f0b8d60d3bc8c9ddc9f466a2a,prompt
exp3/prompts/rendered/83c12695_collect_pivot.txt,38332,2b99b81e51efb17671b71f0facec103f72e81b795b3accdd25967677415c15c4,prompt
exp3/prompts/rendered/8bb7bc3a_expose_isin.txt,4728,ef92d5d0d14339cdaba530896d71f3ceade903254419168456e0ad4f986ad7eb,prompt
exp3/prompts/rendered/8c71f3c7_attr_getter_unseen_frame.txt,13179,5ca1db23b083d29ecc4d772aaea3b3c74ed61f6f9a6c29db7b7e5c27f384e7e0,prompt
exp3/prompts/rendered/8c71f3c7_attr_getter_unseen_iter.txt,4760,9e44f279fd3be15a696b263b3c79443fba7e734e454e128383dcd444760a6fcc,prompt
exp3/prompts/rendered/8c71f3c7_citation_models_fillna.txt,5609,056f0b110f40193d9572976e0e1dada7acba739228110f01054c25a5f2324828,prompt
exp3/prompts/rendered/8c71f3c7_citation_models_rank.txt,5917,ef9080734c57b8eda8e8acc91a2c1a3be62e2e4e80e4849a0fc21dcef4a9027c,prompt
exp3/prompts/rendered/8c71f3c7_document_info_tolist.txt,5374,fbb6d47ce350862bdb855416431afe5d781e81b68a677fe1e250d449c6bf874c,prompt
exp3/prompts/rendered/8c71f3c7_embedder_frame.txt,19273,f65a4691b6dec6f936d63ef5f0a1eff23df564bf5d5e67d106a8bc4a704a18af,prompt
exp3/prompts/rendered/8c71f3c7_hybrid_score_concat.txt,8818,508393dd29649ea2467df0d2f5c880ed4858d273f0c5db6dd76efe0001760b97,prompt
exp3/prompts/rendered/8c71f3c7_hybrid_scorer_citation_index.txt,4833,3f22a7ba05b8bf70a6608758be885ec8fea1aaa8463e2b99694da33644467002,prompt
exp3/prompts/rendered/8c71f3c7_hybrid_scorer_language_index.txt,4833,55bbd239a90b66b882f7f0b41c105a85346ae5532906ad6a6e28a63ed2024f6d,prompt
exp3/prompts/rendered/8c71f3c7_input_converter_index.txt,4829,ad6d6170e1ac44906fb9c84dd72fca2a655ffb0585aa60dce3f18f0e2d70ad92,prompt
exp3/prompts/rendered/8c71f3c7_input_converter_loc.txt,5759,1b689fd6be071ab61ac719d2977035bc6e66f435fb3090f80d4558b1fd1f137a,prompt
exp3/prompts/rendered/8c71f3c7_model_choice_load.txt,4720,c1400b7a3b0ac3722413962f2adcb59fe2a66bee234177cf5886315575d5bd7f,prompt
exp3/prompts/rendered/8c71f3c7_pairwise_loc_colname.txt,5804,370638a1695cddf84a1581b8d5d23c234cad9a4ed5716b51599454afb2e1fa20,prompt
exp3/prompts/rendered/8c71f3c7_pairwise_loc_item.txt,6542,44284d5d03ead753e173bbeef23374aabee5694b2010b3aa3330d7dffca23e84,prompt
exp3/prompts/rendered/8c71f3c7_precompute_df_construct.txt,10314,dff5991992c8d70bec6a441aec5fd47ba2e9f5df21c2adacd928d2e286aee1e2,prompt
exp3/prompts/rendered/8c71f3c7_s4_combine_load_concat_write.txt,4828,37446a090775ad1f96c62bea947c16c589e7cc8becd2a5b58011b21be99de962,prompt
exp3/prompts/rendered/8c71f3c7_s8_combine_load_concat_write.txt,4846,2ceedc223cc17d92927d6eb90c02c8c5060e11bbbb81c7a676aa31a5983887ac,prompt
exp3/prompts/rendered/92e35040_query_appraised.txt,36362,9278192d8bb41a176e37bcdab55918487a5428fc08f813a98e38af6f351c8da2,prompt
exp3/prompts/rendered/92e35040_query_binned_unbinned.txt,18226,d61a37a195df7cadaecaa8fae93183518f2c04028e89d796eeaced84e6d81d20,prompt
exp3/prompts/rendered/92e35040_query_write_csv.txt,5819,968280dc3aeb1cbe59cd7622abb06cce9d58842f3719b438d4683c383bbcd7ac,prompt
exp3/prompts/rendered/99aff9e0_rename_columns_empty_df.txt,6067,e53d24309bba75381d2045ef9b7c598d035f523eb0873012a0c3634b8aefbb47,prompt
exp3/prompts/rendered/a39f4527_expose_trx_join_filter.txt,4883,06f30ce25cf4d2275201d3032769c298dde5f9daf9da94e7a12480d71c573fd9,prompt
exp3/prompts/rendered/a39f4527_expose_trx_left_join_fill.txt,8667,20dcdc3c5dc7992a080e0ad10b96e1ad64147cbf40f23234b9a9073c99b28701,prompt
exp3/prompts/rendered/a39f4527_expose_trx_pivot.txt,5195,abf9a62c7e23e4dba08ed34e7a1d93229b2316989adfcb3322568986bbd9514f,prompt
exp3/prompts/rendered/a39f4527_expose_trx_unique.txt,15279,f5a2661bf833e9d018fd4a1c040ea752f26badc7c3962238810b57b5add15856,prompt
exp3/prompts/rendered/a52cebfe_common_get_observations.txt,6812,4fef841b71dc975538e5e405b03e202c7abefea77f36f0c9ba463d9b22004073,prompt
exp3/prompts/rendered/a52cebfe_common_summary_filter.txt,20495,c48217b757953fdf8080b2d14e78dd8a445f31e0f4c28d6613c9fecee7ed45e6,prompt
exp3/prompts/rendered/a52cebfe_es_update_pivot_join.txt,4980,fdd27ba2cf22738474e4edecddd10a464a44a9a0b1628de1dae8fc0925562d85,prompt
exp3/prompts/rendered/a52cebfe_es_update_scaling_factors.txt,16285,4869c7bdf3b3b5d0f8143bfd46b4cf7cce78f1d590db40f778389f32ec1a50d0,prompt
exp3/prompts/rendered/a52cebfe_measured_data_pivot_join.txt,4923,738068b3912904d242ea2229208a51a2097f3c214cd0c456949b3ba804ab136d,prompt
exp3/prompts/rendered/a52cebfe_rft_concat_write.txt,15803,320cc45dad0582ce97addb1e741cdc73916ec102a91ae4bcf8419cfad437a3d7,prompt
exp3/prompts/rendered/a52cebfe_rft_obs_join.txt,7816,737970c6564e669a1b239544fafcc50076ebf5e72d8aae0180adc4300441c655,prompt
exp3/prompts/rendered/a841955a_summarise_select.txt,4762,e4b147a901328611f74a521f6fad731e4cfe7d7112a56f89f7e3d5a9227cd00e,prompt
exp3/prompts/rendered/a841955a_summarise_unmapped.txt,20543,6b1f8fe49dae85b5577970502714279deb7f58e2c7718761ab5ef2f3c118d77a,prompt
exp3/prompts/rendered/acryo_loader_corr_max_with_columns_migration.txt,6428,ced4054c9cec058dd56ed6b341fbe3ee2abe382efeec808b4e72fb914a593b05,prompt
exp3/prompts/rendered/acryo_loader_get_features_migration.txt,6248,fa1a94a10dbe0f7e688ea36287d078061fdfa69d838a30de23e4ab5dba94beb9,prompt
exp3/prompts/rendered/acryo_loader_scores_with_columns_migration.txt,5583,70fb386456f474c5ac75b6340d31a14e1dcbff95b8f8dad4a603771b8ea08e4c,prompt
exp3/prompts/rendered/acryo_loader_update_features_migration.txt,7310,ae001e19e3ddac4917eaf4b4e1ddab5eaf188a3a491db067fbe6fe2a541dc79f,prompt
exp3/prompts/rendered/acryo_molecules_concat_migration.txt,6885,7ce8cc3438061b56c99ad011110b28c946925fa48159b1796e22da321fe11190,prompt
exp3/prompts/rendered/acryo_molecules_from_csv_migration.txt,8540,e19dba7e25da2047cf958068ce0ec73edb69aad0e6a6e6d7ec22a8d7e3484ec6,prompt
exp3/prompts/rendered/acryo_molecules_rotation_copy_migration.txt,4754,5350e770e8e1754c6d7d642283e22415cbf0687d987e8344fe4ab5508dbab0fe,prompt
exp3/prompts/rendered/acryo_molecules_subset_migration.txt,5760,d21c6d107e9e436f60beff61f8c8f90a7bfef040f251e04a256607db8f667fd1,prompt
exp3/prompts/rendered/acryo_molecules_to_csv_migration.txt,5762,3ad8d9f77896eda960db6ecd4763bf2a70b325828dcef6990d3297effe30c29d,prompt
exp3/prompts/rendered/acryo_molecules_to_dataframe_migration.txt,6521,55067009d95a7175e51f9a118c6ab376d5c287f496d1fbc7aaea8bc6f81ee5f4,prompt
exp3/prompts/rendered/acryo_molecules_translation_copy_migration.txt,4761,8e2b4a3a423c5f014ee83b503680574edadb9401400aca5afb522c5ff4654fcc,prompt
exp3/prompts/rendered/adjacency_create_matrix_loop.txt,13006,227f92dbfa015fe5d129a1dcdc34b1da3ff5cf8dd46cbc7def8202303829e9a7,prompt
exp3/prompts/rendered/adjacency_read_file_to_polars.txt,10904,4a98a91a2794d4247d38f6aabfbf6d87a551b823debcc16011aa431d155bf299,prompt
exp3/prompts/rendered/azure_ocr_concat_lazy.txt,5586,a4ee2e9a11c6dd64e74feecf030f16d204d130ab3c59d9531e8708cb532a0a1f,prompt
exp3/prompts/rendered/azure_ocr_from_dicts.txt,6527,2cbdfde58114f2a2283787d8eceaface3e1536b4a4363868c449ae18dffe0131,prompt
exp3/prompts/rendered/b36214f9_preprocess_attrs_registry.txt,12178,cc86240ae7f4e49c1118b23d2f73b23bf3df8e75d7a3fda0ee6e23367d31af2a,prompt
exp3/prompts/rendered/b36214f9_preprocess_columns_tolist.txt,14065,f7ae56658e2cd359e368719afa2fac1e69d306859289e121a79cdd61a460785e,prompt
exp3/prompts/rendered/b36214f9_preprocess_shape_rename.txt,10583,e77b822b8bdd71777762ad9dd624d9fcc6bcf8dd754cab4184a1684928a821ca,prompt
exp3/prompts/rendered/b36214f9_session_dropna_unique.txt,6228,480301448cd5cdc36073dd84d1a7d2d87411800153f3aca99c16f0f5a906f0b7,prompt
exp3/prompts/rendered/b36214f9_session_read_csv.txt,8734,4f625f7e908003c516bfa714f24a019158233aad04055761ec37ae5e3d27edd8,prompt
exp3/prompts/rendered/bbe5d7e5_create_data_frame.txt,11545,9ffa327bd013be24df50c8265149420aa6bd7933df0ae8cbe385fcb1c549c14c,prompt
exp3/prompts/rendered/bbe5d7e5_datasets_read_csv.txt,5808,b65a9b63905ab5a24ad789dc0c076ae76fff5dd1b699e8fd6987b5ca5bd296c5,prompt
exp3/prompts/rendered/cb25a1c5_wsv_pegel.txt,5792,8e41cf5471edab1c265790a59f27b7c37433b94377c12bc41349d83e7a763e6e,prompt
exp3/prompts/rendered/d90ed416_ibis_filter.txt,6448,bd4a2a6f2b2338850bfb3760a533576c0d6529139acbb9265a1d105323e39d8d,prompt
exp3/prompts/rendered/d90ed416_ibis_isin.txt,6609,cba6bad2cd0f4d3f7906daa45e6218622b71cc4e619a09b87986a9ad4b5d2415,prompt
exp3/prompts/rendered/d90ed416_ibis_join.txt,12854,388deca85ee6f226e70f1dcbfd4dea09fbdc05247f57926658ee27b92ef237cc,prompt
exp3/prompts/rendered/db5fc12b_expose_date_str.txt,5716,912ddc5cc63be463725b7f1b66506cee7bbe1fa28fd5688f7d1418b8939d3daa,prompt
exp3/prompts/rendered/db5fc12b_expose_rename.txt,6831,56ca1a0aaaf080aeb8dcb1aa7dfab4c8d80617d099669205365fd552e7fa5d75,prompt
exp3/prompts/rendered/dcff23d0_filter_concat_all.txt,12216,f4c59de955f71fd659edfccfe26d06c19d6136fb94b2494b41ed39bc8e1b771b,prompt
exp3/prompts/rendered/e3227f4f_split_empty_df.txt,6945,a173c3b2cb30be40d7b05c69f0780799942341490cdb5c1051ce354d94b61b16,prompt
exp3/prompts/rendered/e8fa7691_design_matrix_model.txt,14747,b73ae1338cea7275f41b0a6b03d7db8903e4afd75beef35f036dc4b81640b457,prompt
exp3/prompts/rendered/ed3b46c0_base_pattern_iloc.txt,6904,aab4a6ec7e9a213a9cbadb4dd44f46e9db45f89773508fb47211598e5b540aa1,prompt
exp3/prompts/rendered/ed3b46c0_base_pattern_pred_concat.txt,5048,7e21948c7e18840326346476478e2a7bc61bd8401c22afc76f7cb8b53b1d1c51,prompt
exp3/prompts/rendered/ed3b46c0_classification_iloc.txt,6842,55115f59c87bafe65b2a3723b917ef94ec20f01c834dda2dde68f8e4e4008083,prompt
exp3/prompts/rendered/ed3b46c0_classification_pred_concat.txt,5342,e1e94ae775cad234f481f4f32cf86102ff47298059fffbc8fe3386ad34fab751,prompt
exp3/prompts/rendered/efc0581f_azure_concat_lazy.txt,5586,a4ee2e9a11c6dd64e74feecf030f16d204d130ab3c59d9531e8708cb532a0a1f,prompt
exp3/prompts/rendered/efc0581f_azure_from_dicts.txt,6527,2cbdfde58114f2a2283787d8eceaface3e1536b4a4363868c449ae18dffe0131,prompt
exp3/prompts/rendered/efc0581f_data_assign_bbox.txt,12829,7eee23ce3d1cdd9c336d00192588d6c89fa21b4c601136eff2a3a439abcb7cb9,prompt
exp3/prompts/rendered/efc0581f_data_filter_page.txt,4735,06d3d14179b6bbea4747482d4835a9c649b429f2d8147f53ed943c545972bd16,prompt
exp3/prompts/rendered/efc0581f_data_groupby_agg_text.txt,17293,790afccdb5f81ac9bebebba20d560763ee540dbee383f62c104635903e432057,prompt
exp3/prompts/rendered/efc0581f_data_merge_cross.txt,6241,fdad8b9147994b3b939321fa4719ecea7cd53a7d9dfe47b69b453b81f439bfbf,prompt
exp3/prompts/rendered/efc0581f_dedup_nested_cross_join.txt,5856,81adc08e79ee779b4c2d37072b027d0df131bb6d6bb3fe29ee30bbe7e0cf1896,prompt
exp3/prompts/rendered/efc0581f_dedup_redundant_filter.txt,8045,b1636786886979c4055760b85167ebc8a85c2fc0d8074b7dfad1f732cf3f15f1,prompt
exp3/prompts/rendered/efc0581f_dedup_vertical_sort_cumcount.txt,14916,1fe1af35b37fd8d8127cc842c6e842647d4e1e84d3a0e5c63e8cd95397878ba1,prompt
exp3/prompts/rendered/efc0581f_ident_explode_cells.txt,25850,3bca93fa2a7abc1ead11a064df44b4a9eb7fd51fe4f11793cecf3a4160014e1c,prompt
exp3/prompts/rendered/efc0581f_ident_from_dicts_cross.txt,60478,ca6cbba59718c822395f5ae3457d0ff65a7df347d407e9c4403168e20c32672a,prompt
exp3/prompts/rendered/efc0581f_ident_with_columns_conditions.txt,6113,9d381d5002cff7a6cac90d44df0dd92676934488ed0abc2b834468f39c063b92,prompt
exp3/prompts/rendered/efc0581f_lines_filter_words.txt,5459,7e64c4a8101ecb930555799fe8a9528e8d4af4e7c861e89853e26488a674c257,prompt
exp3/prompts/rendered/efc0581f_lines_from_dicts_lazy.txt,13061,840e8a03c944b45dc7bf96dc6001a8493b57f11c8b6ecab9b5f7a113e4873fa6,prompt
exp3/prompts/rendered/efc0581f_lines_groupby_filter.txt,20453,6db0a50dd284edc016023fb0935688c6b45f243391c9eb387528cccf65a56942,prompt
exp3/prompts/rendered/efc0581f_pdf_concat_lazy.txt,4706,026d8dcbea55c0a9592a35c8802ab62aff605098b6e0019998955cf1fec4c44a,prompt
exp3/prompts/rendered/efc0581f_pdf_from_dicts.txt,7436,037f6f100149ac3b5a282aec21915c89e17e8b6c264d5f8637d46b51d1cf959d,prompt
exp3/prompts/rendered/efc0581f_tesseract_concat_lazy.txt,5586,a4ee2e9a11c6dd64e74feecf030f16d204d130ab3c59d9531e8708cb532a0a1f,prompt
exp3/prompts/rendered/efc0581f_tesseract_from_dicts.txt,6527,9038084b039124bf0f4c9927f69b5ee8e331d54931cb5d2195caa9c8b0af0b03,prompt
exp3/prompts/rendered/efc0581f_tesseract_nan_none.txt,4711,45c9e1724994fb0f636be48b5f45a8cb02588e421a882a0bf149c41d7d7cd53e,prompt
exp3/prompts/rendered/efc0581f_textract_concat_lazy.txt,5586,a4ee2e9a11c6dd64e74feecf030f16d204d130ab3c59d9531e8708cb532a0a1f,prompt
exp3/prompts/rendered/efc0581f_textract_from_dicts.txt,5384,f5360b5bb4490578ce57831533668b3c8f302e3512123b9b8ffdf42b16d6e018,prompt
exp3/prompts/rendered/efc0581f_vision_concat_lazy.txt,5586,a4ee2e9a11c6dd64e74feecf030f16d204d130ab3c59d9531e8708cb532a0a1f,prompt
exp3/prompts/rendered/efc0581f_vision_from_dicts.txt,5384,f5360b5bb4490578ce57831533668b3c8f302e3512123b9b8ffdf42b16d6e018,prompt
exp3/prompts/rendered/f11c29ae_dataset_df_clone.txt,9379,27300700a8adcea163ed1fe895a9e226aeed89ad74178466451f990a98d1168d,prompt
exp3/prompts/rendered/f11c29ae_dataset_loc_select.txt,7491,90cbfd7e23a9469de78e3bc6ca695b7dbb2deaf7eba7b2a65979d409b74d3d2c,prompt
exp3/prompts/rendered/f11c29ae_dataset_save_load.txt,7312,d76666ca9f50668628d71e19baa71707fac5397c6cb71c7a003c6e76ba2b9bff,prompt
exp3/prompts/rendered/f11c29ae_dataset_to_pandas.txt,6248,f88cb2f2f841ec204b080fa202093ea776c82d6a3a6f79d9864e4019b7332b22,prompt
exp3/prompts/rendered/img2table_aws_textract_concat_lazy_migration.txt,5578,f3ba6f3594833ea20696579f53f2dad276fba7bc5a1b65071408239babf50eae,prompt
exp3/prompts/rendered/img2table_aws_textract_list_dfs_migration.txt,5376,e0bf12d24d5e726b2d1ec1e8ef639fd7ff75db5fc645c5cdf0448f8d3a0c0a99,prompt
exp3/prompts/rendered/img2table_azure_concat_lazy_migration.txt,5578,f3ba6f3594833ea20696579f53f2dad276fba7bc5a1b65071408239babf50eae,prompt
exp3/prompts/rendered/img2table_azure_list_dfs_migration.txt,6515,9f2e312eccc1c01c1ab95ee777122e43e53b7f8838f376c689ea6b4259f44427,prompt
exp3/prompts/rendered/img2table_cells_adjacent_redundant_migration.txt,8124,e1d2cfa8d18d0943cc2a117b1d6eb706e31a63db2187dcf807ce92a7481417fe,prompt
exp3/prompts/rendered/img2table_cells_clone_rename_migration.txt,5436,f462096c313f068807fa0db20bebdd356e63df008dd361a9ae5ae30b6abc1fb6,prompt
exp3/prompts/rendered/img2table_cells_contained_migration.txt,4942,14da48fddd3df859a91e3b6195ea1ff3d696958364ec1d20e6d284c6e35f7813,prompt
exp3/prompts/rendered/img2table_cells_cross_join_filter_migration.txt,5844,822e3098a3c155b58c51c019723d18840cc17f1eb094a8ef6ba4ed0fa9eae93e,prompt
exp3/prompts/rendered/img2table_cells_intersection_area_migration.txt,4835,7db955d34b85e08a951e449e7ddff0f1cd8c34fa3a842f78ade469420a1faefd,prompt
exp3/prompts/rendered/img2table_cells_overlap_diff_migration.txt,10207,2b2e64cd6c7e5cb4be92934aceba82752f5dee39416c7ec73b94e97e80bce098,prompt
exp3/prompts/rendered/img2table_cells_redundant_removal_migration.txt,8037,935867e31c6082d21553ff78e2a9e5161204cefaef3be167276015d8b273a19c,prompt
exp3/prompts/rendered/img2table_cells_vertical_deduplication_migration.txt,17048,98f0296a880a25a144878bdda40500d38d5c68d105953eae190f3ad8198a5566,prompt
exp3/prompts/rendered/img2table_cells_width_height_area_migration.txt,4826,a399c1af4ad19cb933b818324c5f962d0aacaa79b8294318b52427f0187ca349,prompt
exp3/prompts/rendered/img2table_google_vision_concat_lazy_migration.txt,5578,f3ba6f3594833ea20696579f53f2dad276fba7bc5a1b65071408239babf50eae,prompt
exp3/prompts/rendered/img2table_google_vision_list_dfs_migration.txt,5376,e0bf12d24d5e726b2d1ec1e8ef639fd7ff75db5fc645c5cdf0448f8d3a0c0a99,prompt
exp3/prompts/rendered/img2table_lines_cross_join_migration.txt,5651,af77679b1913cf69ca2c9d847850a239fbb50b9037f64ec647d24e6b8f136074,prompt
exp3/prompts/rendered/img2table_lines_df_lines_creation_migration.txt,13041,5c8f2346758909c21fa266c9ba6745c6ca280a6ac59a4110a9a22f37ebc45706,prompt
exp3/prompts/rendered/img2table_lines_filter_words_migration.txt,5451,113e73629e2190de946483e4a1f8b240656a4dc264a9ad4519981702df96f71c,prompt
exp3/prompts/rendered/img2table_lines_groupby_sum_migration.txt,18839,bfb0ea1a6630dbd97ddc7f5d40e30fbd61ce70ec2d96f5420db0d82fca994fd2,prompt
exp3/prompts/rendered/img2table_lines_intersection_assignment_migration.txt,5643,3a633f20d7fa2bed74cf87e3253d8d74849b9180bec30f7e22f2ef7e84cfa8bd,prompt
exp3/prompts/rendered/img2table_lines_intersection_formula_migration.txt,14655,9b13fab28ef97bf710c2012bf35b0abaf79182e573a7fae96c3ae5f805ef7ab5,prompt
exp3/prompts/rendered/img2table_lines_intersection_lines_filter_migration.txt,6241,e978ddbc59195411c7636998fed3c736077f8e37fb3704ee81fd978d1a41b138,prompt
exp3/prompts/rendered/img2table_pdf_concat_lazy_migration.txt,4698,40cf76a9424528be20057b413a4c58757ed6dbab5c7bb559b55fe6eddc69fcbb,prompt
exp3/prompts/rendered/img2table_pdf_list_dfs_migration.txt,7428,17378b753f9bc0b749939c0f1af6159a787245989b7e534c6929d4a9d879950f,prompt
exp3/prompts/rendered/marimo_chdb_cursor_rows.txt,5530,b7b80fbb77c176faf4cd49f12c57367abbafecd775aff48986fb090e8f0a8675,prompt
exp3/prompts/rendered/medmodels_classic_distance_covariates_select_migration.txt,7443,16c94f0fa8fba6bc905729b35beeba82fc6de58380d53eea6563961a36b27dda,prompt
exp3/prompts/rendered/medmodels_classic_distance_match_migration.txt,26051,6f7f29981c1cfacbd3cfd50f35dba79ded1cdd64dc1d9da36783b22d46c257c1,prompt
exp3/prompts/rendered/medmodels_medrecord_process_edges_dataframe_migration.txt,18331,facab2b3ffe7246fa0d7e9aa587baa7fbdc0e8791e8bd3fbe1a0fdb361e322e1,prompt
exp3/prompts/rendered/medmodels_medrecord_process_nodes_dataframe_migration.txt,12714,e635e9fd9511002da8da6f458c117d5d2d8598245db58f873452701f25e19bad,prompt
exp3/prompts/rendered/medmodels_propensity_score_prop_score_migration.txt,7203,1cd4499f97eff90958ad5a23bf0d3b564b7f315044400e086be20741d8fa5cb3,prompt
exp3/prompts/rendered/medmodels_propensity_score_signature_migration.txt,9171,73b08b18a6897d6be97ee431e329687e9544adcc0694e4be8940c32013674a80,prompt
exp3/prompts/rendered/mexca_data_delete_filename_time_col_migration.txt,13274,d58c9739f9dd53f97df3b66da5709dfc7b42d562d81b22cad9a282c854064c7a,prompt
exp3/prompts/rendered/mexca_data_merge_audio_text_features_migration.txt,26356,afbe82825ab6ca8ea6585c65d7d6b06e9e3646fd459107c0eba2646b5e8dfe9f,prompt
exp3/prompts/rendered/mexca_data_merge_features_migration.txt,12360,d3a9f3b17f85b9358e02517bf973695520b2093213ca8ede95ee4deb82a1a9f6,prompt
exp3/prompts/rendered/mexca_data_merge_video_annotation_migration.txt,10507,7b8539f4c8ce5d978d9051b7b291e09c8c4ef45b5a7a2b758e05945338930acd,prompt
exp3/prompts/rendered/mexca_data_merge_voice_features_migration.txt,8201,865ef12f4caf77911b9213408271d3af3a9dccab8528a0a209fc27c609d19233,prompt
exp3/prompts/rendered/mpds_get_dataframe.txt,5415,8b2234af8d6bfdefe39f4d6d8e4329974ac39ef1725f8c08b73c3bb1e079bd8f,prompt
exp3/prompts/rendered/pheval_gene_identifier_map.txt,5091,bf5def9e2282eb63c8f586f8db7b704038da13382d606e360cd943d54069fadb,prompt
exp3/prompts/rendered/pheval_gene_updater_find_identifier.txt,6482,54fb8877313515b1f86af15438144b5617c93a2dcc363379c1ca20e39722960f,prompt
exp3/prompts/rendered/pheval_gene_updater_find_symbol.txt,4721,ab3038ffdac4f6f44c3ae0e765aee3cd9c62ab671bcc83da0e4877dcd742419a,prompt
exp3/prompts/rendered/pheval_parse_hgnc_data.txt,27471,b0383034d97e5cf01bdf7cc5a6bb42938cc38b48f3e87b288a4f0a0f4220f7ec,prompt
exp3/prompts/rendered/portfolio_momentum_roc.txt,4777,9bb63872912b7f618b3450ef4c0015db2f4c837c07036c2e32b97bcaae5952ee,prompt
exp3/prompts/rendered/portfolio_momentum_rsi.txt,4777,81c398c62d7897098ecc0cee033e391c3915fdf092493c6c4056519f710991f0,prompt
exp3/prompts/rendered/portfolio_momentum_stoch_osc.txt,4994,09106e5a6206f6349400ce84835285a25f82a7bc74b5c73c7409f45a469a0b86,prompt
exp3/prompts/rendered/portfolio_momentum_stoch_rsi.txt,4972,c6c4bbad90a6097175e8b45635604febb75a46ad9692f1321d9f228df8b26226,prompt
exp3/prompts/rendered/portfolio_stock_from_pandas.txt,13867,56e428d3414c44a9febc91f6a4e71d034624eaa33afdb19aaa6e05843d5d0d1a,prompt
exp3/prompts/rendered/portfolio_stock_to_dict.txt,4702,bab4d8511eff83c9012d2835135e83f01d90a3a8e3ba5ba44205d5ceed846af0,prompt
exp3/prompts/rendered/quant_backtester_calculate_returns_migration.txt,17864,43b2a16003df332212612682c9c3de3a78995f44a88c5e30dad543fd15fd9fca,prompt
exp3/prompts/rendered/quant_backtester_performance_metrics_migration.txt,8606,6dcc18e91523f7a62b1891c3f5f727743c03985941cc23c521e1077e6b3f88ca,prompt
exp3/prompts/rendered/quant_trading_strategy_backtester_data_load_yfinance_data_two_tickers_migration.txt,10568,61d873ce6381c7d4eaa946dc841f8defe1600029272fae0edd0410fd3d6b5183,prompt
exp3/prompts/rendered/readnext_hybrid_score_compare_scores_migration.txt,18422,3455714652acbf3588b03895a3908e23da157220154a0bf7aa378cea515fec0b,prompt
exp3/prompts/rendered/readnext_hybrid_score_to_frame_migration.txt,7471,6d1547c421acd312afec7f747718993f4c31be44c6d791ab7c1c354feb7c6abb,prompt
exp3/prompts/rendered/scoring_compare_methylation_pattern_migration.txt,37687,d43efbedfd2af4b947d6ded80b3e6609996b5ac0414acbeb8a631fab52ed506c,prompt
exp3/prompts/rendered/scoring_compare_methylation_pattern_multiprocessed_migration.txt,9143,06d8a2dad932af08148fd903c1c89028ded097e0e469334b24432021aa9ff9c5,prompt
exp3/prompts/rendered/scoring_define_mean_methylation_thresholds_migration.txt,6487,bca0fb76b11cd11c121c1316ace739c9ccbecc81ee4687675ddd59647b988618,prompt
exp3/prompts/rendered/scoring_process_bin_contig_merge_migration.txt,6548,54c7b2bfc0896d82ffa1c18ca5e25e2b74e6b6815a85ea340678043215222608,prompt
exp3/prompts/rendered/src_onemod_utils_parameters_create_params_migration.txt,10735,02eb4a2c947ee2f345cc3f1615e6ec8a4ac9b8a7d20d49d1d9f266ae7822e6f7,prompt
exp3/prompts/rendered/src_onemod_utils_parameters_get_params_migration.txt,6603,8282bfb498b3508bd1156d2ce2d32cba7952af0be8ed4c88abedd90593c44623,prompt
exp3/prompts/rendered/tesseract_ocr_concat_lazy.txt,5586,a4ee2e9a11c6dd64e74feecf030f16d204d130ab3c59d9531e8708cb532a0a1f,prompt
exp3/prompts/rendered/tesseract_ocr_from_dicts.txt,6527,9038084b039124bf0f4c9927f69b5ee8e331d54931cb5d2195caa9c8b0af0b03,prompt
exp3/prompts/rendered/ultralytics_benchmarks_config.txt,4757,850f8c385ade736f99cca084ec747727a611f86b1e714609f09dee12ae569e57,prompt
exp3/prompts/rendered/ultralytics_benchmarks_dataframe.txt,5426,8e9bbeb4abd1e4c008ffe8a76c76f57160d639a3bf90e9e88eb61890e17fe495,prompt
exp3/prompts/rendered/ultralytics_benchmarks_metrics.txt,12637,f403be173201e5fad334f90135123bc1ddf690f73d9d4abc7f7d3630b6ab3c65,prompt
exp3/prompts/rendered/ultralytics_trainer_read_csv.txt,5698,4791078a199106f695ffa803be3f471dbeeefdc2af6f6ce6c296e7945c238e32,prompt
exp3/prompts/rendered/ultralytics_wb_custom_table.txt,12854,3599a3f67f4beafa74adcd6a3f56069c00ff42052fee2bbd19fda763e6eede23,prompt
exp3/prompts/rendered/visivo_sqlalchemy_read_sql.txt,6442,1c5aeaa4774fa46a44c034633c00e26ab50399ff24dbe3745111ce1a3940d5fa,prompt
exp3/prompts/rendered/vnc_cmatrix_loc_filter_item.txt,10457,f15b390957c006131d62f92706221421d8fd586078aa3f26551257d2f84beabb,prompt
exp3/prompts/rendered/vnc_cmatrix_lookup_init.txt,10550,2769f59e399de4d81a38c74921265e9c6983f46ab6b6b020714de0e481a70919,prompt
exp3/prompts/rendered/vnc_cmatrix_reindex.txt,8817,69dac929b2d920a7004ada5323ff4b3300d1ceab1d7bd35d276c48fd7f1cb6e8,prompt
exp3/prompts/rendered/vnc_cmatrix_sort_tolist.txt,8153,898cede70002ba0df8f69d45db8a20552c13643f0ad3448cdbd65297192c14b4,prompt
exp3/prompts/rendered/vnc_cmatrix_uid_to_index.txt,5021,95b42f82bfdca91e6f69c7ef54327b04a11aa5831894f5e98c18c57437ecedf1,prompt
exp3/results/generated_py/05afd878_evaluate_coassembly_edges.py,771,07d7294fa5dafde9a251f2c939a63d29045bd96cb7df33d7b0d56828b8e1750f,result_or_output
exp3/results/generated_py/05afd878_evaluate_combined.py,666,4b49423471c76522512c618875b276b4fc462b333f9f8f4c8a98b60c143305f1,result_or_output
exp3/results/generated_py/05afd878_evaluate_nontarget.py,458,877a1d3b29f313e9f1df2c678571022115676eb6cad2c03a973beb2794b1cd46,result_or_output
exp3/results/generated_py/05afd878_evaluate_unbinned.py,383,e6f8865067b874299460730b243d7b37a96f97889e224fb559057dab880cd5a9,result_or_output
exp3/results/generated_py/0ffdf231_noaa_ghcn_inventory.py,310,5d46b04de950f1af83dcab8226b4ba6d38709961a0fd2f82102de573877b28a7,result_or_output
exp3/results/generated_py/0ffdf231_noaa_ghcn_stations.py,235,f98b8ac23a101823c9ba767ed8b850b22094dc9e2318b25dcb1e9a82ab172892,result_or_output
exp3/results/generated_py/142b5bcb_tools_relocate.py,465,29510b578f3e3608689761e17855a6bee2f786d005977a4187d7a0c11bdbdfab,result_or_output
exp3/results/generated_py/16645382_exp_stats_col_assign.py,82,f1cfd576dcb69fc3a5a108bdd6e97506ce64efc92b45e74a6c8c1b2cbdaf6315,result_or_output
exp3/results/generated_py/16645382_exp_stats_rename.py,53,394183e230c576c065979e73a4d9123305498660c476251cda54debea003378c,result_or_output
exp3/results/generated_py/1e52b4e7_concat_to_frame.py,88,8fcc76f2af983e5bce68be000583a02126a2486d85f86449676afaf3fb2f29ef,result_or_output
exp3/results/generated_py/1ec015da_to_rank.py,352,04a6eed3b5edb9c0bc4edf79848dfdfe7c54ac3a1583648ed9528fe9f9f724e7,result_or_output
exp3/results/generated_py/1f8af3a3_target_elusive_sample_pairs.py,825,7a1ca39618d4e951d022daf474ce396c55a7db14f6ddb97f9ed529db3428fa81,result_or_output
exp3/results/generated_py/1f8af3a3_target_elusive_sparse_edges.py,278,633223e987b45216b63866000e8f31611c17bb084508fcdc31d2eaee62339b98,result_or_output
exp3/results/generated_py/1f8af3a3_target_elusive_unbinned.py,534,8371c5417a35fcf0625cdf23a9f6f32735e4f41c8aa31a78d32056e2d51a5fc7,result_or_output
exp3/results/generated_py/287a28d8_col_ends_with.py,58,672e05e0ed123fad24c3f3de276a0acb25555d30c03600fbd694654c65360773,result_or_output
exp3/results/generated_py/287a28d8_col_matches.py,422,6c6927ac80dcd8c1dc73bcb6ac2394692093e971727ba905563f0bfe77f2d5ab,result_or_output
exp3/results/generated_py/287a28d8_col_starts_with.py,338,f8ae44bd14ddd0e854d8cc7ddd368847baf24e173edcd2178a59f6d5c8239a5e,result_or_output
exp3/results/generated_py/29097c0c_to_dataset_read_wrap.py,539,f06c96d1d31bc8b0047ac769e87a3ad9e23f9be7013a2cf59331bb37b2673bff,result_or_output
exp3/results/generated_py/29097c0c_train_iloc_filter.py,969,a55a52c1992be417726a31abbed7630d4af0f5c9f9a23dad1c42efa2a4267839,result_or_output
exp3/results/generated_py/29097c0c_train_merge_concat.py,493,56ad7b0edaf20f9ddf323812daacb4d1fd686d3bcb05cb3b3ac0b74e67339005,result_or_output
exp3/results/generated_py/325e7c2b_dates_pol_interval.py,2376,781de503e4381c4721bcba90a26885b7ef878f19710f7ccdf1f03bcf9b9759f2,result_or_output
exp3/results/generated_py/3c49cad1_bench_interp_cols.py,162,a1afc04a75803380f19e85bfebd23cbabe02a368f0843727b8358803d8191562,result_or_output
exp3/results/generated_py/3c49cad1_bench_interp_filter.py,169,123841414d5d2ca4d71f24e6f3c50dab3b2045a0db035733ae62a5ac300ca6b3,result_or_output
exp3/results/generated_py/3c49cad1_bench_interp_time_regular.py,362,3022c4790dae645dffb49ae545907b13838bdd485b7fc6456e72dd3e08fa5218,result_or_output
exp3/results/generated_py/3c49cad1_bench_interp_time_rmse.py,283,1b99eac5ee8a2e2489057b76c8dfb441e5df69f52344a4f9116408abaa23b17f,result_or_output
exp3/results/generated_py/3c49cad1_bench_precip_pct.py,106,aed7bc88f116099a6874232aa4d7baf3e56a796bbf9b092da5b7778137231a47,result_or_output
exp3/results/generated_py/3c49cad1_bench_precip_regular.py,406,f62d1352f0b0933366efc80f32972131db67876e88bdc8beab9ac825c7a2fa32,result_or_output
exp3/results/generated_py/3c49cad1_geosphere_all.py,135,746fdd1fbbd741cadc658032d65e06f26343e3e593f5365d020f2aba250efb80,result_or_output
exp3/results/generated_py/3c49cad1_geosphere_collect.py,694,7a6c79d509747f71a8b67ed440311c3948e7616f407261f7f59b3c66c62ea926,result_or_output
exp3/results/generated_py/3c49cad1_mosmix_access_dataframe.py,51,131295dc8c6c8cf41741852ab6c8472257d280a10b24dfb4dc0502bedf037932,result_or_output
exp3/results/generated_py/3c49cad1_mosmix_access_datetime.py,108,bb84a7eef055cc4bbf2057fc0923b2133fe43cbfa4aa9966177310f387110de3,result_or_output
exp3/results/generated_py/3c49cad1_radar_index_radolan.py,193,6582888fcc1bdb2c9dbde0c5cb8cc83a62af8beae06f78150a1ea4dd6bd37536,result_or_output
exp3/results/generated_py/3c49cad1_radar_index_sweeps.py,163,2cc35e3fbb34ce7ed4ca752aefbae384ab551f5667edd6ffd115fb42a37afc86,result_or_output
exp3/results/generated_py/3c49cad1_radar_sites_cols.py,574,0f3a4b3078a9f2f4769eb05c527e77503acc8902d247597657700d3216b68b13,result_or_output
exp3/results/generated_py/3c49cad1_radar_sites_dicts.py,177,8acccd77ea8636607be30f3da238662de7606ef8a14bd8255aad0c96d72621d3,result_or_output
exp3/results/generated_py/3c49cad1_timeseries_extract.py,122,9110d4d6b082720ccf07bb7aaa7875169da2d0ace419ce2ad4e0758d6c214fe9,result_or_output
exp3/results/generated_py/3c49cad1_timeseries_gain.py,543,34219fb7fd471dae1a92fd0bccb6c0b8126be4d993eb30bf7025e8c85f7efb9c,result_or_output
exp3/results/generated_py/4bb33aa8_trx_stats_isin.py,81,c689455f53799d60bbd442e65f2313e2cc80ff37371fb37ae629b749627d43ab,result_or_output
exp3/results/generated_py/6f1c2684_datasets_read_csv.py,185,867040478e2b2851eb4ec77dc4c8ea75fb26f3bf4d254d3717d26bbb35111ead,result_or_output
exp3/results/generated_py/73a39d90_experiment_df_construct.py,50,1257d07c438591fcc8c985a1d11a581032907fc5c2fad96906bb5331546d9e4e,result_or_output
exp3/results/generated_py/73a39d90_metrics_bootstrap_filter.py,197,c499439a15d68808d27a4d241aa153210aa1619435db33952ae69492ad8b6566,result_or_output
exp3/results/generated_py/73a39d90_metrics_groupby_agg.py,546,16734f74aa8638de418d3822f6e21232ab61ebfe956e031c6843288713e5eb34,result_or_output
exp3/results/generated_py/73a39d90_metrics_groupby_partition.py,906,d1598a426a2c73fe7978af073273d4ffba1c8a4dac446c40aae28a330965eea7,result_or_output
exp3/results/generated_py/73a39d90_run_concat_write.py,161,be3b7fa06ff5caae15f564ba0dfb8d110de95150ae804731effcdfa5455bb84c,result_or_output
exp3/results/generated_py/73a39d90_run_dataframe_write.py,99,658f45c3b943f59403511703d1b22996a0611c7276131331fdc429a169fe59ec,result_or_output
exp3/results/generated_py/774f17e7_mane_mappings_filter_symbol.py,258,7292945199a8f31f853c7a14fb59aaa0ef642219eea1e505d805836d9540963f,result_or_output
exp3/results/generated_py/774f17e7_mane_mappings_genomic_filter.py,291,75e63f7740b12cb7dc33d3147d4777c31379989fd7aa56339071305ae1efd95e,result_or_output
exp3/results/generated_py/774f17e7_mane_mappings_isin.py,451,9cf9ac136dea91e20a9f5c9f97823f9412e28e6737f113287392952a284400d2,result_or_output
exp3/results/generated_py/774f17e7_mane_mappings_load.py,77,93f5cec719ab6f23aa5955aeef795084ac9351339ba4c72803cb7e87726b155e,result_or_output
exp3/results/generated_py/774f17e7_mane_transcript_filter_row.py,320,bda57a119e7bb83818b74371592e23ef9ae42dee259dd5da42a7d216e5494568,result_or_output
exp3/results/generated_py/774f17e7_mane_transcript_parse_ac.py,407,bda62877d283d7d3bf5150f74b1d5ea4d9392f3ceaefbe2d22d60fe3b77e6d76,result_or_output
exp3/results/generated_py/774f17e7_uta_database_construct.py,137,d881c13c539b09b6240b1781f4c112ca701b4f776592589fbef6482073e0d6d7,result_or_output
exp3/results/generated_py/7e55b00b_sample_empty_df.py,686,e6167eb62120f920bcabd62952312a031bc1c5daebc6c68fb17c1fb8a5a4781e,result_or_output
exp3/results/generated_py/8017f91b_embedder_frame.py,168,1e1866a9953f9a351922e1ac9dd1642eb38a93535b453a09640c15f65ccfb090,result_or_output
exp3/results/generated_py/8017f91b_eval_hybrid_concat_sort.py,222,cb9678e2495942478339e1461dda95717daa6e2c5cbe7e42f702be2d536c0fb2,result_or_output
exp3/results/generated_py/8017f91b_eval_hybrid_load.py,171,8832f97e0a3c0b549d4ba15a644ce4f5888b75514ae9f0398566d50542084cf0,result_or_output
exp3/results/generated_py/8017f91b_hybrid_score_concat.py,115,ebb46c618618a610c30fd3c3fcde0650ae2a874b07919a74ad2eafecd0c3c847,result_or_output
exp3/results/generated_py/8017f91b_hybrid_score_frame.py,638,ce234457b17990e322095f00f2d3b9a80ccbf29dc5928cfedeaf33c50ebbedcd,result_or_output
exp3/results/generated_py/8017f91b_input_loc_col.py,171,9f6755e706bc28e78921ae6f5420e806dcddcfe8e5850c3e9626466336968559,result_or_output
exp3/results/generated_py/8017f91b_input_loc_index_item.py,155,05f78d7ab6c0d5fa4353dbc1ce7a068336b94a84dcd042f33dad114eb44d956e,result_or_output
exp3/results/generated_py/8017f91b_io_parquet.py,525,dfbaa04c6a79e81ed10c220d6514e65c9690d79581fbca39a7046b536fd765d6,result_or_output
exp3/results/generated_py/8017f91b_model_data_lang_loc_filter.py,179,e5b07a2b77a2e7dd3cca7f85920dcade665bf090a041a8768fb86194b023be03,result_or_output
exp3/results/generated_py/8017f91b_model_data_loc_filter.py,170,1d24b5468a00043dcacf0815b49c78ac94ac53afdf7ea31ebf5b1b1006d87256,result_or_output
exp3/results/generated_py/8017f91b_pairwise_cosine_loc.py,225,3d27aac76ba92902b96d5397a4510c40a5bd6da8fd3ff0223acbb434c3095019,result_or_output
exp3/results/generated_py/8017f91b_pairwise_loc_filter.py,655,602b522922c4c1ac2f9c9177d11562e60a51f4ac2af0ad5ffe34c93cf437e90a,result_or_output
exp3/results/generated_py/8017f91b_precompute_cross_join.py,369,f5cc348b2ea96caa874aec8e032a8bf44516dc5f3cf870e8676d34e8fdab4231,result_or_output
exp3/results/generated_py/8017f91b_precompute_id_cross_frame.py,172,185148dbec2cb9ab5e3bd50f6dc9971d0c1c52e0e32da16a6bcafde9f0ad6ea4,result_or_output
exp3/results/generated_py/83c12695_collect_filter.py,217,b42dbea4ab6bbd59c288f091baba970df82295e32c4d2d8378abc56eadd026d6,result_or_output
exp3/results/generated_py/83c12695_collect_pivot.py,783,2c6f1d24e95eb6c0130a7ce1e37eaec9bfa1ff40e8c4939f84519993bb6c733a,result_or_output
exp3/results/generated_py/8bb7bc3a_expose_isin.py,85,3ffe278e85cdf088cf6086de92a518b7cf302b13a7020f250df8d99efe731ff0,result_or_output
exp3/results/generated_py/8c71f3c7_attr_getter_unseen_frame.py,108,9a10959a254938c12ae4aaec5270d72b3d660b96bef22dc322fec9ff8722aac6,result_or_output
exp3/results/generated_py/8c71f3c7_attr_getter_unseen_iter.py,110,a831c2df6c2786cf57155e4bb653013f54185f24338f97f546529be319d364ba,result_or_output
exp3/results/generated_py/8c71f3c7_citation_models_fillna.py,143,0f00bd68e208bb1ebf6acc968873364cf8ad9125875ea5c279f932cf1a7933f4,result_or_output
exp3/results/generated_py/8c71f3c7_citation_models_rank.py,349,00ea16d0e6a6adc8da55027db461162c9c155a569444b6eb35d2376064e2cfdc,result_or_output
exp3/results/generated_py/8c71f3c7_document_info_tolist.py,132,4f0ee5713ed0104705e9ffb68987f2f136075953bb471cebf2a3450bf3031890,result_or_output
exp3/results/generated_py/8c71f3c7_embedder_frame.py,168,1e1866a9953f9a351922e1ac9dd1642eb38a93535b453a09640c15f65ccfb090,result_or_output
exp3/results/generated_py/8c71f3c7_hybrid_score_concat.py,115,ebb46c618618a610c30fd3c3fcde0650ae2a874b07919a74ad2eafecd0c3c847,result_or_output
exp3/results/generated_py/8c71f3c7_hybrid_scorer_citation_index.py,412,70f7ffd7004a823c641090354da559c1c19a8b4aeee53c3f335251053a5837b2,result_or_output
exp3/results/generated_py/8c71f3c7_hybrid_scorer_language_index.py,200,e806afb66e4a667f4367a6419daaff600211c949196619bf92574b35900ec84a,result_or_output
exp3/results/generated_py/8c71f3c7_input_converter_index.py,140,60d22d2ab12274e226153721581790c733f6f23401d60f84a44bd0362098d08e,result_or_output
exp3/results/generated_py/8c71f3c7_input_converter_loc.py,192,6361d347054fdb7ecd4e42db36c3915923ca68f0a643d81142810fca313555e8,result_or_output
exp3/results/generated_py/8c71f3c7_model_choice_load.py,169,6e5209949210eb879c4846aa93a4e5ddc75c38b31eaa1debd2364a35c319565f,result_or_output
exp3/results/generated_py/8c71f3c7_pairwise_loc_colname.py,273,de0f3c932c71ea31547107cd1c7a2f549c93183aceae8a4cd61aaf87447b0227,result_or_output
exp3/results/generated_py/8c71f3c7_pairwise_loc_item.py,395,713f824212fad9c9c929ae6c91f68606711ef92a2e2bf66bbd95ae761b42e553,result_or_output
exp3/results/generated_py/8c71f3c7_precompute_df_construct.py,87,9ce88bd54f35c52ce176dedb4b60be869bee884df188f05ea44b7395c050baf3,result_or_output
exp3/results/generated_py/8c71f3c7_s4_combine_load_concat_write.py,150,dea7dcd06a111f8e32b3b8e6bfac2e32086e8d07fb442cf9b64d24deb704a390,result_or_output
exp3/results/generated_py/8c71f3c7_s8_combine_load_concat_write.py,176,2d43ec419fa8ce6ae9d7b487ddd22a1f6d961c2cdf4fc249ef2122497eef7695,result_or_output
exp3/results/generated_py/92e35040_query_appraised.py,548,5c03566ac6d1fc9a4017ea69a3cece6aa10a7eb81f746ca3908ae3886fd792a0,result_or_output
exp3/results/generated_py/92e35040_query_binned_unbinned.py,579,7d5086534befe967a87b75c30071d1d69a763d0e10e661f37bf241b3cd2b6c81,result_or_output
exp3/results/generated_py/92e35040_query_write_csv.py,233,9216440324d87846b6abe3e3a008d28a2852391a538cd1677f0b2b14a23fd0a3,result_or_output
exp3/results/generated_py/99aff9e0_rename_columns_empty_df.py,51,419aac2886742a103d8a86d3c3bd0b2f95a531f1bafc4c7cf7e5d5867cc109d1,result_or_output
exp3/results/generated_py/a39f4527_expose_trx_join_filter.py,242,f5a6f01c5b1a13431ad2ae8861420cd70b7fd09267cba3b3d37c5d4f21367644,result_or_output
exp3/results/generated_py/a39f4527_expose_trx_left_join_fill.py,260,d6fe3e256851da6d3eedfbb5a789a11ce0a8190b75cd83171ae005f5ed2e8aab,result_or_output
exp3/results/generated_py/a39f4527_expose_trx_pivot.py,318,143e6868a1ed9fa200abacd595e49ebf4842dd4da477c0fbe1f77bdcc8e2fea8,result_or_output
exp3/results/generated_py/a39f4527_expose_trx_unique.py,926,2c36798f5fd4cb8c5ae848edb43f9bf26079ce0e97e524e3c86ff3a8bc4a8f6a,result_or_output
exp3/results/generated_py/a52cebfe_common_get_observations.py,513,4cb2b8b809d30168bb62360c97e2609559fbb3face6394190be654b22ca673cf,result_or_output
exp3/results/generated_py/a52cebfe_common_summary_filter.py,300,1187dbeb818cd8fcd2b5135f8cf0c062fdc371c675c1785eadbc13a4e23a09d8,result_or_output
exp3/results/generated_py/a52cebfe_es_update_pivot_join.py,312,6e64ac46b32e28461fa665626024ceabf23cd6ad1b60d7fcbdf8efc887504474,result_or_output
exp3/results/generated_py/a52cebfe_es_update_scaling_factors.py,285,20cfeddbecf8c665d279aeb43e62d645836bd7e0b1284886c6fac9115a4a0863,result_or_output
exp3/results/generated_py/a52cebfe_measured_data_pivot_join.py,215,6334ed21d550dfcd285da501fce2297685737dcfd69107d29600c7349f6047e4,result_or_output
exp3/results/generated_py/a52cebfe_rft_concat_write.py,323,14e0416aff0d53cebfd3ac1fc4b42d7294e9c1f6d624b0e80f376af612f4ff45,result_or_output
exp3/results/generated_py/a52cebfe_rft_obs_join.py,546,83652f8950c8defb1be2de80d2b916a0596915f10f4c549bd5439825894fd3e3,result_or_output
exp3/results/generated_py/a841955a_summarise_select.py,123,604a26ed503ffb23e8c8fa2f9aa130c2f812d153d375072229838ee49d392e87,result_or_output
exp3/results/generated_py/a841955a_summarise_unmapped.py,417,2410b13d096e26ceed6f5eaaa69dd0ae133bfeefc5f7f228145c9e2c0b030109,result_or_output
exp3/results/generated_py/acryo_loader_corr_max_with_columns_migration.py,235,f096984b526a49d2fceed765eaf0e59a522b3f85dad0e38ba910a2b9517f6913,result_or_output
exp3/results/generated_py/acryo_loader_get_features_migration.py,488,153b31b838295c01c563d73f0f40e929cf6bb8c0c7cf952398542e11805ed162,result_or_output
exp3/results/generated_py/acryo_loader_scores_with_columns_migration.py,141,5bbdb7d1864e113d6bfc67506c6e257c2ca818b0f947c2a36912e12184fe5bea,result_or_output
exp3/results/generated_py/acryo_loader_update_features_migration.py,628,b73f0558345f082dda640c31436eeac46cfb1282324b7683e16f17955f189a7a,result_or_output
exp3/results/generated_py/acryo_molecules_concat_migration.py,726,8e58973fdbf1027f771becdb352c1d4c0fa2f0071afc25948ea92dd5d3277816,result_or_output
exp3/results/generated_py/acryo_molecules_from_csv_migration.py,556,01e0f37dcd8c67eed75dbcd7da21f891a169ba255ad8f354433eddb41466a123,result_or_output
exp3/results/generated_py/acryo_molecules_rotation_copy_migration.py,113,1b766d43f931f13d5f6edbdfe7d08c349d29cd975ca1c83c990c26cc75f2ffc3,result_or_output
exp3/results/generated_py/acryo_molecules_subset_migration.py,551,3fa2650d69b1236d3cc81d773d491a4edc3e7442e274a37750d15e33b5c07063,result_or_output
exp3/results/generated_py/acryo_molecules_to_csv_migration.py,214,087474f86a8fac528d0e2a8af21f7a9f6bf8924503a1f82925c8a6b40b842321,result_or_output
exp3/results/generated_py/acryo_molecules_to_dataframe_migration.py,323,fb4f02bf293cb2733d605190e7f189b7eaafcaee8039791deb3eabe2242e2ee9,result_or_output
exp3/results/generated_py/acryo_molecules_translation_copy_migration.py,120,be3bdd52fe8981ffcdb75191f2bc2027e8f3da93bf771724c0e9bab6e16211d6,result_or_output
exp3/results/generated_py/adjacency_create_matrix_loop.py,1053,5f50afe418d5a7f2cff99d0ad8aee67981faf1117c8a28f3276e21c2a78b7768,result_or_output
exp3/results/generated_py/adjacency_read_file_to_polars.py,176,8982162c46616628f969369b55652a68c99f9dfe694048834734393f426a5786,result_or_output
exp3/results/generated_py/azure_ocr_concat_lazy.py,65,dca4b0fb07b9adf5eac79267537b8ae0992831ea5ea661fab509e6ec896f81a2,result_or_output
exp3/results/generated_py/azure_ocr_from_dicts.py,66,b1a4f9f904d77ed1846171e69ee747fe442a99b60d47dc90d07f4151f27f2635,result_or_output
exp3/results/generated_py/b36214f9_preprocess_attrs_registry.py,1788,1f4811cb52a44d2eb7d76a7404b53b00290ae07ed19195d5ba90c1c2921fdc45,result_or_output
exp3/results/generated_py/b36214f9_preprocess_columns_tolist.py,423,8661db82e49e786e9809b9c0365b7db8f650d9e91318ddd483e28381cafa03f3,result_or_output
exp3/results/generated_py/b36214f9_preprocess_shape_rename.py,355,3997f860ea9e933fdfc62291b9ec97920d5b3a97a203686034633512150cefba,result_or_output
exp3/results/generated_py/b36214f9_session_dropna_unique.py,98,6d798fdbfc8afa1d288eb8beedd695f61eaf73ba560d1fcc5864eabdcc47cdc5,result_or_output
exp3/results/generated_py/b36214f9_session_read_csv.py,325,8212f4e9f765fde710d48f41ef3ae7626ac07d0d1f6829b5cc0fbcb63148152d,result_or_output
exp3/results/generated_py/bbe5d7e5_create_data_frame.py,419,a98e6e96e26dec9cfca1da3bdfac98d887270677801cb8aba9575c996430e091,result_or_output
exp3/results/generated_py/bbe5d7e5_datasets_read_csv.py,236,85d02dcc233c124e846032d7ea98b73d2049293e797a6d706c53353aa879ec43,result_or_output
exp3/results/generated_py/cb25a1c5_wsv_pegel.py,56,e7a7350d29f479c8e5d1f36b5e03d8a3756948b054d9f3df433987e3910e6b3b,result_or_output
exp3/results/generated_py/d90ed416_ibis_filter.py,259,96730c5ed4fd84f1255a99d5ca28ffb414df7706b718aa64753c7c555d0d5637,result_or_output
exp3/results/generated_py/d90ed416_ibis_isin.py,208,c3046985c80196fcdf70a374f8bd4602cb5c9a19c14cbb9d491bc3e27f3f6ce7,result_or_output
exp3/results/generated_py/d90ed416_ibis_join.py,360,f0bb94fa2c4f4111a00388d7e0d13a7d5d124109a41d6b90c90f31f866cd7715,result_or_output
exp3/results/generated_py/db5fc12b_expose_date_str.py,161,b29c0f891ecb9b954e96c4870f896b8d32c2ad6f1ed30be2049d7c69b9230fe8,result_or_output
exp3/results/generated_py/db5fc12b_expose_rename.py,459,125981128d49ec513f597f1e6830a8ae4f21e1a24bdc94cca6dececb97f67a81,result_or_output
exp3/results/generated_py/dcff23d0_filter_concat_all.py,129,efb51128dc4e5e17ae2bf79d2c5a5b963890448b41528c0e0d6183dc0fa6c862,result_or_output
exp3/results/generated_py/e3227f4f_split_empty_df.py,1042,fef57de0bcddddfd3406036d097dd8a2078334519587abf01a829f858227f826,result_or_output
exp3/results/generated_py/e8fa7691_design_matrix_model.py,293,eba60fbd53ce63734f5c3b870cbe7dcc065354f80093f06030e94bb33a4b1e67,result_or_output
exp3/results/generated_py/ed3b46c0_base_pattern_iloc.py,299,78965a2e1ad930ef0a004fee6d74d2f4ff4372bf60913368ca30b83342506885,result_or_output
exp3/results/generated_py/ed3b46c0_base_pattern_pred_concat.py,481,2d3febe6bc403034ac2219a5f7aeac50b7b54885213046949d1ce73f4fd623a5,result_or_output
exp3/results/generated_py/ed3b46c0_classification_iloc.py,245,c4ea9b0410b673c2757a227fbd30b78673ae1d672ba755c91df9c2f98c576a24,result_or_output
exp3/results/generated_py/ed3b46c0_classification_pred_concat.py,567,555122f77b8502cc178defdab3476e16fd4c6c4e0c61d41bf46e0cc45aec24c8,result_or_output
exp3/results/generated_py/efc0581f_azure_concat_lazy.py,65,dca4b0fb07b9adf5eac79267537b8ae0992831ea5ea661fab509e6ec896f81a2,result_or_output
exp3/results/generated_py/efc0581f_azure_from_dicts.py,66,b1a4f9f904d77ed1846171e69ee747fe442a99b60d47dc90d07f4151f27f2635,result_or_output
exp3/results/generated_py/efc0581f_data_assign_bbox.py,527,109771c13689ffbf9082409bb12b7e55f30c0b6501da3c8c5b5002b30863182c,result_or_output
exp3/results/generated_py/efc0581f_data_filter_page.py,91,080c7b28a6be74b2667526c2d26bccf52f8e6d88ee68cc5b301242aa74bda744,result_or_output
exp3/results/generated_py/efc0581f_data_groupby_agg_text.py,486,dff08189d729bade7422ebd8370451b84231458163e6804a7366a3799879a744,result_or_output
exp3/results/generated_py/efc0581f_data_merge_cross.py,1425,6bc1a64b4f31b1c938d5130b14cfc54c45f1c7aa173d0f0f348590328b64804e,result_or_output
exp3/results/generated_py/efc0581f_dedup_nested_cross_join.py,243,73d1c257288152a04cad1d87dff91e0794638a6f05635db756fddc79fe1a92da,result_or_output
exp3/results/generated_py/efc0581f_dedup_redundant_filter.py,192,698fdc68bf82a8e32cba319f3add7b8a80aa8c9b244646056cd0d994502cdc86,result_or_output
exp3/results/generated_py/efc0581f_dedup_vertical_sort_cumcount.py,236,b950a8596fbe4c4297883441857cad3d6bbbbe91aa23d01b86e60dda73e208a4,result_or_output
exp3/results/generated_py/efc0581f_ident_explode_cells.py,827,93e1e7740fbe4e51e066a81a3c8859cf7085ac4cc1976683851fa4fbf030bc96,result_or_output
exp3/results/generated_py/efc0581f_ident_from_dicts_cross.py,3858,20e268246ce0fd20302ed145f02e3959d796fbbf09f21e53057e6a926c2c9a6f,result_or_output
exp3/results/generated_py/efc0581f_ident_with_columns_conditions.py,657,0de5c6d0d514a79a02d9b90dbc05a082b4322b3349cba6e42695af8cd94a07a4,result_or_output
exp3/results/generated_py/efc0581f_lines_filter_words.py,171,2dd4346bc41306f2bd34a83471174d1141a7d834e5ff2059f2edfe9a8a959063,result_or_output
exp3/results/generated_py/efc0581f_lines_from_dicts_lazy.py,359,bd5c13a6666d0d88ca5c30f5f3a64cc4eb53bb52fa57570162cfec94d9ec6dde,result_or_output
exp3/results/generated_py/efc0581f_lines_groupby_filter.py,312,7fe4ab572fd59e99748e304e96614f8adb423f31f18371d451d8d3bdac1d16ac,result_or_output
exp3/results/generated_py/efc0581f_pdf_concat_lazy.py,35,aa3113cbb0993adbffaade1e237e814833dad0401f0ac4a6acbf06472be36e52,result_or_output
exp3/results/generated_py/efc0581f_pdf_from_dicts.py,80,6b13a5d6bf1c278d29dfc94fc60d0080972cf20b9893e022d879d56b700bff22,result_or_output
exp3/results/generated_py/efc0581f_tesseract_concat_lazy.py,81,7dbc894545e5f3d1a90f36d8f3a91d7881dfe66194a49caf6686ede7b5c0f784,result_or_output
exp3/results/generated_py/efc0581f_tesseract_from_dicts.py,66,153cfd5dab59b50331b82a9e5f900983eca93a53b007a8b9f44b5e5db268c4ed,result_or_output
exp3/results/generated_py/efc0581f_tesseract_nan_none.py,88,c89b13564b9a71833526770f4593e4b2d04b0ff90040ef3da7e5d3033ffda32c,result_or_output
exp3/results/generated_py/efc0581f_textract_concat_lazy.py,65,dca4b0fb07b9adf5eac79267537b8ae0992831ea5ea661fab509e6ec896f81a2,result_or_output
exp3/results/generated_py/efc0581f_textract_from_dicts.py,59,c4408e7ffcb766adcf437f7244cc388bd4487cdec1602d153c0f694857bdf04e,result_or_output
exp3/results/generated_py/efc0581f_vision_concat_lazy.py,65,dca4b0fb07b9adf5eac79267537b8ae0992831ea5ea661fab509e6ec896f81a2,result_or_output
exp3/results/generated_py/efc0581f_vision_from_dicts.py,59,c4408e7ffcb766adcf437f7244cc388bd4487cdec1602d153c0f694857bdf04e,result_or_output
exp3/results/generated_py/f11c29ae_dataset_df_clone.py,835,74d3c27b0f93ab31d64503543f5c520413fef045afa8cc286c9a3767b931b7ae,result_or_output
exp3/results/generated_py/f11c29ae_dataset_loc_select.py,269,4dd7696af96cbfa6f9258fc8209b792c23b55a583950fe8a083fec22741e7118,result_or_output
exp3/results/generated_py/f11c29ae_dataset_save_load.py,714,a2c4f238a7c881fc98a9960967971c0623c0013965378d105b5111f2e6ed6805,result_or_output
exp3/results/generated_py/f11c29ae_dataset_to_pandas.py,95,887e02ab589102d6c645dd2bbdb1fb69a14f7f2d29bf5220891697d7be58c8d0,result_or_output
exp3/results/generated_py/img2table_aws_textract_concat_lazy_migration.py,65,dca4b0fb07b9adf5eac79267537b8ae0992831ea5ea661fab509e6ec896f81a2,result_or_output
exp3/results/generated_py/img2table_aws_textract_list_dfs_migration.py,59,c4408e7ffcb766adcf437f7244cc388bd4487cdec1602d153c0f694857bdf04e,result_or_output
exp3/results/generated_py/img2table_azure_concat_lazy_migration.py,65,dca4b0fb07b9adf5eac79267537b8ae0992831ea5ea661fab509e6ec896f81a2,result_or_output
exp3/results/generated_py/img2table_azure_list_dfs_migration.py,66,b1a4f9f904d77ed1846171e69ee747fe442a99b60d47dc90d07f4151f27f2635,result_or_output
exp3/results/generated_py/img2table_cells_adjacent_redundant_migration.py,511,ec57975781562361c90e19ab89738e69febed6048d70626397ab035b78ae2b23,result_or_output
exp3/results/generated_py/img2table_cells_clone_rename_migration.py,143,79336bb580ced905f3ee946e1b1f8608f2097a3e1a7daefe0464908551b77368,result_or_output
exp3/results/generated_py/img2table_cells_contained_migration.py,287,06861f8f718e8915001cd2aaf28cfa5da6467522c2171b13d6dd5e888a12f630,result_or_output
exp3/results/generated_py/img2table_cells_cross_join_filter_migration.py,252,f1d940a973ce5991b268f7439381f665ea22db2b375806934a6292c7a7a926af,result_or_output
exp3/results/generated_py/img2table_cells_intersection_area_migration.py,195,f8b41bc1fb7e8119a3042667f31ec139e365a2e37a6d8a3198b5c26f1072c385,result_or_output
exp3/results/generated_py/img2table_cells_overlap_diff_migration.py,819,25b930d98f08d61dde0d2828d8d6c9aad5b8fd1b5ccb2381d474266116e40edb,result_or_output
exp3/results/generated_py/img2table_cells_redundant_removal_migration.py,239,08ae979cabca6ec3ede0dabed5a8a584b06f36254838924767bd7601ddf616d5,result_or_output
exp3/results/generated_py/img2table_cells_vertical_deduplication_migration.py,491,e4e95c2996ad7cef66880c02b97cef5b66f43f230c5ce9e777d6cd94d8be3504,result_or_output
exp3/results/generated_py/img2table_cells_width_height_area_migration.py,222,8c2f843a79ecf18e618453fa9b4b0481c5cb134af81f8f334813777b7645ca0a,result_or_output
exp3/results/generated_py/img2table_google_vision_concat_lazy_migration.py,65,dca4b0fb07b9adf5eac79267537b8ae0992831ea5ea661fab509e6ec896f81a2,result_or_output
exp3/results/generated_py/img2table_google_vision_list_dfs_migration.py,59,c4408e7ffcb766adcf437f7244cc388bd4487cdec1602d153c0f694857bdf04e,result_or_output
exp3/results/generated_py/img2table_lines_cross_join_migration.py,67,191b9c58db73c4318e393ede18ec9e31b5abd5ded75249d7f3e0b7cac2dd921e,result_or_output
exp3/results/generated_py/img2table_lines_df_lines_creation_migration.py,385,57522935492f59d6ac097e537d84e52adade7681dcec08477b551f9375d4a1c5,result_or_output
exp3/results/generated_py/img2table_lines_filter_words_migration.py,171,2dd4346bc41306f2bd34a83471174d1141a7d834e5ff2059f2edfe9a8a959063,result_or_output
exp3/results/generated_py/img2table_lines_groupby_sum_migration.py,151,5c807834d52ab5cd1b283e9ee6c7dfec47da84344793c107f15c86d7289b818d,result_or_output
exp3/results/generated_py/img2table_lines_intersection_assignment_migration.py,200,1c4d432e616718c9c2540f7df87cfde2e823f72fe71757c287620e15bd979d3d,result_or_output
exp3/results/generated_py/img2table_lines_intersection_formula_migration.py,545,858acbb652f542f1c015ae188e1115f4f6e0d984ca922c60b39a32a0c843f338,result_or_output
exp3/results/generated_py/img2table_lines_intersection_lines_filter_migration.py,139,5bc5d85498eb329e00ab120f944d19ba7968871333f04f3fbe4c2dc0d1b09861,result_or_output
exp3/results/generated_py/img2table_pdf_concat_lazy_migration.py,35,aa3113cbb0993adbffaade1e237e814833dad0401f0ac4a6acbf06472be36e52,result_or_output
exp3/results/generated_py/img2table_pdf_list_dfs_migration.py,80,6b13a5d6bf1c278d29dfc94fc60d0080972cf20b9893e022d879d56b700bff22,result_or_output
exp3/results/generated_py/marimo_chdb_cursor_rows.py,136,1f518fab20b5e62ae800800f3da82c859bec3c3d42c0beb1803adbaa0fecd03e,result_or_output
exp3/results/generated_py/medmodels_classic_distance_covariates_select_migration.py,216,3c9bde9089d3cb8da9ee9c5f241d05afafd577cfdcee3f32ed5ccd07904a6f41,result_or_output
exp3/results/generated_py/medmodels_classic_distance_match_migration.py,2026,6d36af6fd2b7e1d73b0ebd7bd9163903030ddb5c2e6b625bdb31a77ee8705963,result_or_output
exp3/results/generated_py/medmodels_medrecord_process_edges_dataframe_migration.py,442,f1c2b4825ccbf97c879d71f2ae8d1c79d3b5619d5ce05436e549549aaedbdc8a,result_or_output
exp3/results/generated_py/medmodels_medrecord_process_nodes_dataframe_migration.py,383,f3762034c1d088ceb01f5f2cda60958ed2577d5ab3d66cc0ca9b6908dcc1bcad,result_or_output
exp3/results/generated_py/medmodels_propensity_score_prop_score_migration.py,793,820584ce5783d84cf411e5f36af2e0aaa22776e0212ce2b205468384f111f9bf,result_or_output
exp3/results/generated_py/medmodels_propensity_score_signature_migration.py,388,f34f99e881b370fd6961a44e09f3a193691a4dcdeb21a719f6ce1ce94226bfe6,result_or_output
exp3/results/generated_py/mexca_data_delete_filename_time_col_migration.py,238,a0e11bb1f4048bdfad93db204d2ca7c0dd01af1e2cea424f87a6ad1e3f5a3de6,result_or_output
exp3/results/generated_py/mexca_data_merge_audio_text_features_migration.py,777,881b7101d431c1685815bc3c96f93bf4e9569ae4cf2bca60c413e24699815a31,result_or_output
exp3/results/generated_py/mexca_data_merge_features_migration.py,544,f87a757bf73577820b9cdc13dcf4b50bd1fa3b3708dfe39c66c2fbd4d0dd4bfa,result_or_output
exp3/results/generated_py/mexca_data_merge_video_annotation_migration.py,335,8d2fbefdb87098a651819a5cad0a9a627e530acdda8a89a8a7ec4d1347a301ac,result_or_output
exp3/results/generated_py/mexca_data_merge_voice_features_migration.py,176,4c8a1bb1a584c2f4d6ee2a70f9153479528bd0eda8a3ad86afa86375ca9f8205,result_or_output
exp3/results/generated_py/mpds_get_dataframe.py,89,fb4e6c4217170c2912252cec5b907af43c38e5cd0ce3d8e6485e202bb638cd1f,result_or_output
exp3/results/generated_py/pheval_gene_identifier_map.py,334,68b1d05000a1e41e61595a4a532844af6c699bb2865613fa64eb2a8a139f801c,result_or_output
exp3/results/generated_py/pheval_gene_updater_find_identifier.py,302,6ddc16710a6aea60dd59f2ea6307aabdc5994bcd5c94f09d146c5c120440a234,result_or_output
exp3/results/generated_py/pheval_gene_updater_find_symbol.py,50,af81d3b946c48d2252c6df1bef744becc6518d9985525f6335eb073f5ec80728,result_or_output
exp3/results/generated_py/pheval_parse_hgnc_data.py,182,a7b8968414089d55534c1ff8003005ec9516e5931fc50bd3594a287431649752,result_or_output
exp3/results/generated_py/portfolio_momentum_roc.py,181,72336cd363bf28e879d391c9b3a1083ae5ca2184e58264a964072cc8d8f37d34,result_or_output
exp3/results/generated_py/portfolio_momentum_rsi.py,854,df74fb0b38120f4641576cc9c6f70a743431676c2092282d283535eefa07bb83,result_or_output
exp3/results/generated_py/portfolio_momentum_stoch_osc.py,474,89a5f54f83766dc0742d38b48c52d591e2a1cc855ac550371fe872953dbc67e3,result_or_output
exp3/results/generated_py/portfolio_momentum_stoch_rsi.py,361,32ff1bc9bd7cc9c40ba8a06bc3f31592cb63b2df07bed0b09959764a837f8ed5,result_or_output
exp3/results/generated_py/portfolio_stock_from_pandas.py,213,892c519462596a2ef928b7079fdd98e4affd6efbaf499d91100ba1f34dd841b5,result_or_output
exp3/results/generated_py/portfolio_stock_to_dict.py,54,ba5b7ede4c7c2f1d8c00a564c6d63ee39b9250bcc4f27055bf71dc6671c8ebcc,result_or_output
exp3/results/generated_py/quant_backtester_calculate_returns_migration.py,1175,f1fe5263c0948e84fc436b452b729309dfe04b5dc3accc189730dafb91cd0300,result_or_output
exp3/results/generated_py/quant_backtester_performance_metrics_migration.py,477,bb657f076ce97c7c48d1a4257fab8cb25a4ff6496404d3f3988b1e1218afe195,result_or_output
exp3/results/generated_py/quant_trading_strategy_backtester_data_load_yfinance_data_two_tickers_migration.py,808,77a62e38388219a52e789c90d0c4f123b494a300519ef2a330f0b55947cd1a34,result_or_output
exp3/results/generated_py/readnext_hybrid_score_compare_scores_migration.py,308,bfe9f793dd60152c54ef679001b5427cb31dce29a97860b7141c53a363ac78e6,result_or_output
exp3/results/generated_py/readnext_hybrid_score_to_frame_migration.py,659,4a32729d25842b36422782577039f73d0deb28b26d309a740821676d632eff8c,result_or_output
exp3/results/generated_py/scoring_compare_methylation_pattern_migration.py,1199,c79351a38229bd11ba374003f7c59e66552fd73a191ef6dcbcc70b3b011d7f29,result_or_output
exp3/results/generated_py/scoring_compare_methylation_pattern_multiprocessed_migration.py,1421,5b008bd4643223dc0b8ff4047b0e0323a2a7f54f575a1e0198523c16207eefcb,result_or_output
exp3/results/generated_py/scoring_define_mean_methylation_thresholds_migration.py,1082,6b77bd748535792d8729adb082757159c1677b595f0f4e7308f2231c322c26bd,result_or_output
exp3/results/generated_py/scoring_process_bin_contig_merge_migration.py,314,fba13f27cbec44c0550cef76bf133b481049ed5a4c0c76dfd24e6c6b48c300dc,result_or_output
exp3/results/generated_py/src_onemod_utils_parameters_create_params_migration.py,468,f5b75dd8743da245b20e1fac6cc7a8a198a07c13f688c717c7d95a520579eeb8,result_or_output
exp3/results/generated_py/src_onemod_utils_parameters_get_params_migration.py,337,7dc497b0680f12de13d7f7e0cbc83fdfeae69a1f38465b5cc2da5d8af8d23164,result_or_output
exp3/results/generated_py/tesseract_ocr_concat_lazy.py,65,dca4b0fb07b9adf5eac79267537b8ae0992831ea5ea661fab509e6ec896f81a2,result_or_output
exp3/results/generated_py/tesseract_ocr_from_dicts.py,66,153cfd5dab59b50331b82a9e5f900983eca93a53b007a8b9f44b5e5db268c4ed,result_or_output
exp3/results/generated_py/ultralytics_benchmarks_config.py,83,2c5a4a014f0bad92e48f9a1e39f13d843617b84630cf1432b8845a727a56f779,result_or_output
exp3/results/generated_py/ultralytics_benchmarks_dataframe.py,125,5497ca6e01c8118354896f7982c6cae75320a1123b1daf246149ee9fa5059102,result_or_output
exp3/results/generated_py/ultralytics_benchmarks_metrics.py,801,505c086cae0eb5f1b70ec1c0796570afbe0b3b029880d3acd11b867cec24ac63,result_or_output
exp3/results/generated_py/ultralytics_trainer_read_csv.py,75,bdcc87bb9147eafac4c665b86edd764b580b0cd9dabec840e5d6e42236d50c39,result_or_output
exp3/results/generated_py/ultralytics_wb_custom_table.py,275,0d9ede9149e46cd9b50533a904ab67a50529dfdcd9cd6f9a77b38ad3ab238582,result_or_output
exp3/results/generated_py/visivo_sqlalchemy_read_sql.py,242,60e80f1a284e98c517d08d22251bdca675965ba610e2241070e8a2c0b0b47a55,result_or_output
exp3/results/generated_py/vnc_cmatrix_loc_filter_item.py,1658,aaa875db869747ad829ca3c1e35ab0e575f276f9508f1e7af7d911d2c6eec53c,result_or_output
exp3/results/generated_py/vnc_cmatrix_lookup_init.py,1151,0eab734bc82adbe9874c46f49c72fd760bedfb468193f39eca493fd7c8414491,result_or_output
exp3/results/generated_py/vnc_cmatrix_reindex.py,1495,aa9b17b8cde0d72e00f43a13004a669f299e0bba37d26d6971ee81847ae90d72,result_or_output
exp3/results/generated_py/vnc_cmatrix_sort_tolist.py,1736,a84accbe2b4786a6aeba4d33fb6bd7747acdc3f797253b9368ed9775c436d5e0,result_or_output
exp3/results/generated_py/vnc_cmatrix_uid_to_index.py,469,dd378debe170220fab9a5834ff97d81f076eb34f4fe9cea32075f7d3bfc7cd6c,result_or_output
exp3/results/retrieval_diagnostics.jsonl,392030,605d5329c16725b542a2e5965e0c021f4c79ce66b53c1c25394bc5aa7ab70353,result_or_output
exp3/results/retrieval_results.jsonl,5036402,a45320d6e663a2a77fddd8f6bff469a5f72d1588200e98b83d732767dc0dec7d,result_or_output
exp3/results/retrieval_summary.txt,224377,c0245b587db4ddb0e16bd7ad6e3be85b07d4bcf0614c7d7af67f139493e78808,result_or_output
exp3/results/taxonomy_classification_final.csv,21949,b72c8822c3a8947b2b68f82ead6b23afe32faba5328dba9b22104407f2e0ac61,result_or_output
exp3/results/test_results_v3.csv,32705,574ac199db61caff6a19bbb8f80c96aa023bcbf5f7b86038da2bd8786127a6a1,result_or_output
exp3/tests/05afd878_evaluate_coassembly_edges_test.ipynb,21603,eca6c7c9652e08ef6618ba96701a8f148b9e745fc4e226f31b161385afa96f4b,test_or_fixture
exp3/tests/05afd878_evaluate_combined_test.ipynb,21869,df20b0458b9f2a63ad536d9936cb915080bda3c0cdf60237099de1c3c94bd03e,test_or_fixture
exp3/tests/05afd878_evaluate_nontarget_test.ipynb,21253,8e4798421e372e1e2b3fe25a24a0a50802320177cd7c6b697b31e7779951adce,test_or_fixture
exp3/tests/05afd878_evaluate_unbinned_test.ipynb,20994,48e692940cb886732428018d734c2a7d8e280811748cb660ffd2d6b5935fd5e8,test_or_fixture
exp3/tests/0ffdf231_noaa_ghcn_inventory_test.ipynb,11375,660cdb6ce505d70a432c773a751cd2b4b4ebfd23b93f086101332a9990aa212d,test_or_fixture
exp3/tests/0ffdf231_noaa_ghcn_stations_test.ipynb,11239,abd5e080f7721732c9b763c7b9131f14356a468f1e8ac64179629cf0b96918af,test_or_fixture
exp3/tests/142b5bcb_tools_relocate_test.ipynb,14235,fb3923b3a67d4b45fe0c6200a9d084b43f2f300efc214b2c841ed9390e2ab6f2,test_or_fixture
exp3/tests/16645382_exp_stats_col_assign_test.ipynb,10521,01fa777af152dba746093bc88056154f4f3dde5ffcbd3f3d93fc0bf56d694f2b,test_or_fixture
exp3/tests/16645382_exp_stats_rename_test.ipynb,10594,61eaaaea0493f0c33e7caab82e71a62358b4402eaa3ff45f28ab482eb8bc8dc6,test_or_fixture
exp3/tests/1e52b4e7_concat_to_frame_test.ipynb,10437,6aa8423f3266fc5948dace3c1674499bb7609b60540eb7a925afc21e5d10fb45,test_or_fixture
exp3/tests/1ec015da_to_rank_test.ipynb,10497,713724eecf7728929f0da94617e5b41a7df8a0d1003d36c618daa5044e02dde0,test_or_fixture
exp3/tests/1f8af3a3_target_elusive_sample_pairs_test.ipynb,16283,b4055703175460cb31b33fd81ed8f79cd9a6680dc9134298d557cc38a18e59f8,test_or_fixture
exp3/tests/1f8af3a3_target_elusive_sparse_edges_test.ipynb,14721,09356d9b655dfbe3124148de0489f3ebd4def3959eaa98e00396c8a02faf6a1b,test_or_fixture
exp3/tests/1f8af3a3_target_elusive_unbinned_test.ipynb,14731,aea121e605e3f93039e4aa4efe1ffc6ac179a48e709a17ea12cdcaa094cad89c,test_or_fixture
exp3/tests/287a28d8_col_ends_with_test.ipynb,12942,b71a3bc9ca8a0238ef2d4ac13bd8881abebbd01b039a490da29be419c288d02b,test_or_fixture
exp3/tests/287a28d8_col_matches_test.ipynb,14201,e18bd51d2596e58f8c6307774fa81e5252c77a44605701f5f724379a54c92d07,test_or_fixture
exp3/tests/287a28d8_col_starts_with_test.ipynb,12796,f034bb9df3a49cd095989abb5d2f8928f02b19026a92ef7d3e44fb6922eff376,test_or_fixture
exp3/tests/29097c0c_to_dataset_read_wrap_test.ipynb,13388,b18b277720183ae25f8af7fefbd937bf2e2580b836c29546ae2634e78143edf9,test_or_fixture
exp3/tests/29097c0c_train_iloc_filter_test.ipynb,17661,2d7be642fb968e73dcd0301e7c67136c1e23d6ed676432f35d8e10879f1422e0,test_or_fixture
exp3/tests/29097c0c_train_merge_concat_test.ipynb,17341,7f20684757e3655b5913160508a3f7a401e76da8c64c9712f7e05560129be44c,test_or_fixture
exp3/tests/325e7c2b_dates_pol_interval_test.ipynb,20179,bb81930cd91a5a8fd860e3a49510926eee6e45508ac0a20ffb41bfb7c55d0a89,test_or_fixture
exp3/tests/3c49cad1_bench_interp_cols_test.ipynb,11677,6fc072878a6a3c36560bf9653d30e7f7438a0fbce9a89b8f3ef9adcdebef6fbb,test_or_fixture
exp3/tests/3c49cad1_bench_interp_filter_test.ipynb,11927,658e8ec052e6e22605184e675e30a7eea518d3e86c609d08013944c7999717a4,test_or_fixture
exp3/tests/3c49cad1_bench_interp_time_regular_test.ipynb,13019,8f1462e0df6fc4d51f3e32a72b6d06af95d11aea65ffa903ad392ce25826a1d3,test_or_fixture
exp3/tests/3c49cad1_bench_interp_time_rmse_test.ipynb,11605,7cfb139e15b3c40c02410e3edb20f2f9b5cecc01c2a797b66dd806c77011d2ee,test_or_fixture
exp3/tests/3c49cad1_bench_precip_pct_test.ipynb,11754,046ee3b6a6d22f2e2501488187b22aa6a96f95bfd78b556f002743270cd88e1f,test_or_fixture
exp3/tests/3c49cad1_bench_precip_regular_test.ipynb,11998,a97a1d0a0e6f5aa52c5f74592de59de0cf165ad5f7ce005c830ed66724124fc5,test_or_fixture
exp3/tests/3c49cad1_geosphere_all_test.ipynb,12969,dafed63da60f0f8c549dfc2d4e71e4957765d921e01dd9c67ae76c022cdf3653,test_or_fixture
exp3/tests/3c49cad1_geosphere_collect_test.ipynb,13722,ac57c0271692cf8a051ad36301ba72a072b4fb42030621038bc123f4eb1003e7,test_or_fixture
exp3/tests/3c49cad1_mosmix_access_dataframe_test.ipynb,10006,a21f1651705624c4f229b3b14912e6544769141170221fa4ceffe6cb6884a224,test_or_fixture
exp3/tests/3c49cad1_mosmix_access_datetime_test.ipynb,10755,c3616bfc6b2c889a45056cec09d9c81d62c57c54a7d2121fc1bcda09dbc58f9f,test_or_fixture
exp3/tests/3c49cad1_radar_index_radolan_test.ipynb,11724,9a7691e38f09cd4c7a42cb3bd3075e4b960657fe714a0ed5282cae60ef075c5b,test_or_fixture
exp3/tests/3c49cad1_radar_index_sweeps_test.ipynb,12928,f2180255da9f95dd61bfbddbe0dbe71f907044b4050a150c6c73c61a38bd16a1,test_or_fixture
exp3/tests/3c49cad1_radar_sites_cols_test.ipynb,13351,3843697f1e5c097f34e39e014593bbe6f69adc5f43e6d838d6e6186bf8feb1e0,test_or_fixture
exp3/tests/3c49cad1_radar_sites_dicts_test.ipynb,13411,568e98db1260b091b102a9ffbaaf752b590e2253b3532d39e406301aca6521a9,test_or_fixture
exp3/tests/3c49cad1_timeseries_extract_test.ipynb,13297,b6131103de1e931fb1ce90cfa0d4f05d2802e2795a0c6e0ed218252dd6d4a5e7,test_or_fixture
exp3/tests/3c49cad1_timeseries_gain_test.ipynb,13061,eb86d62b16d1bcc145ba55abb2b075c4b1d44908b44820b9047aabc817684486,test_or_fixture
exp3/tests/4bb33aa8_trx_stats_isin_test.ipynb,10458,70936642535f6312ddd18cd81b9fefba27defda182c04adecf256f87095978ca,test_or_fixture
exp3/tests/6f1c2684_datasets_read_csv_test.ipynb,9951,7c09ce8723c712aa20f418204635e53c81af2e45548af65b0f85db9464eceb07,test_or_fixture
exp3/tests/73a39d90_experiment_df_construct_test.ipynb,9503,3a0489b026b677ee296399e2291a8e8f041e1d1f2c9fd0d06c0b388868e5de46,test_or_fixture
exp3/tests/73a39d90_metrics_bootstrap_filter_test.ipynb,14944,3002f2752bbb4fe22c012fe65e2001dc06ea25ec1834c57b6ad28061bcc0bb0a,test_or_fixture
exp3/tests/73a39d90_metrics_groupby_agg_test.ipynb,14485,c735b30413d27cf3801a07dbc30adf45c802c86fca028e00bac3b53926fe2a26,test_or_fixture
exp3/tests/73a39d90_metrics_groupby_partition_test.ipynb,14109,b682bd26b9e0eeb69187fd6cec3c6f847a75fd78d326fe929004f130d8b6e289,test_or_fixture
exp3/tests/73a39d90_run_concat_write_test.ipynb,13349,049f070b2dcc28f949f949a7f809a151402d48b729cfd76e89cd46e5e13158e2,test_or_fixture
exp3/tests/73a39d90_run_dataframe_write_test.ipynb,12742,dcf7bccd62153f8f48c582d1672d628fc731489cffe96b844116e493eb385a52,test_or_fixture
exp3/tests/774f17e7_mane_mappings_filter_symbol_test.ipynb,14668,8999f9923e0853a2d0793b978fedcdbda25f68beee27a019e62a59de00cf67b6,test_or_fixture
exp3/tests/774f17e7_mane_mappings_genomic_filter_test.ipynb,15316,993dd5a421a6d7e266b5a2425202bb400c69135b5717688c4a848b0fc4723db2,test_or_fixture
exp3/tests/774f17e7_mane_mappings_isin_test.ipynb,15457,cba8f7dcc6d1cbffd20aa7c28a9325f96ea09392da4c1b8aa58703a7e26cca8c,test_or_fixture
exp3/tests/774f17e7_mane_mappings_load_test.ipynb,14056,ec93d799bdc563a89ba62433015ad9b91947e24397ea56619a3bad50233d85a8,test_or_fixture
exp3/tests/774f17e7_mane_transcript_filter_row_test.ipynb,15663,722748c760cbc9d6d51344b16f07f4c879cf875c8e153b05bd2b1d72b53f7d71,test_or_fixture
exp3/tests/774f17e7_mane_transcript_parse_ac_test.ipynb,12207,a9b31616b82fa9c87a81754531816be4ed6da680d59f2a842629f243cf68bae6,test_or_fixture
exp3/tests/774f17e7_uta_database_construct_test.ipynb,9762,e1c57e3a8ebb19afc1159ce6e22f6f13c6789b733c8a23fc5844eed1bd8a3f06,test_or_fixture
exp3/tests/7e55b00b_sample_empty_df_test.ipynb,12445,158088c9316f21357e4d9d8dbec2c0518c9d6f26023093234762516c8fbca8b9,test_or_fixture
exp3/tests/8017f91b_embedder_frame_test.ipynb,9467,c32de7962ad865bae453fd34ac9a31717aacb3100ca3a37f55586bbfeeadc8b6,test_or_fixture
exp3/tests/8017f91b_eval_hybrid_concat_sort_test.ipynb,11899,96c34a9db1b015dbda62ef0bcec09dd8f46c33c2e52071d7bb99bb3a545ccdbe,test_or_fixture
exp3/tests/8017f91b_eval_hybrid_load_test.ipynb,13463,47d4ce94a77159c494ed15a4b263baf344e5e5befd91671a9bfea411f235c237,test_or_fixture
exp3/tests/8017f91b_hybrid_score_concat_test.ipynb,11499,a0c0bd70bf7a068485717a92078e0d911692858d6b18b1f43789b518605ab2cd,test_or_fixture
exp3/tests/8017f91b_hybrid_score_frame_test.ipynb,11955,9b6a19478d041bc59f930055992ef7f5ecee245a67fa9e627accf2d9e21c0c08,test_or_fixture
exp3/tests/8017f91b_input_loc_col_test.ipynb,11976,cbc3d6b447b135829d154df00896e6820ba81380d584d4be0c489f3507bfe38e,test_or_fixture
exp3/tests/8017f91b_input_loc_index_item_test.ipynb,13054,b705b9a01d333d12202ca4d9d821651669a8dafb549ee314daf2b004c6d0a94e,test_or_fixture
exp3/tests/8017f91b_io_parquet_test.ipynb,10533,540d65a2e477fa1cd6f38ac7bdf139ce2518cc1d12801e5ec7bb236c8c61c03e,test_or_fixture
exp3/tests/8017f91b_model_data_lang_loc_filter_test.ipynb,9646,ef3f7591054ed4620e935b8dc0fce8f2f3693617dd463ed5f8f1884c24a12ac3,test_or_fixture
exp3/tests/8017f91b_model_data_loc_filter_test.ipynb,9616,c20fbb04c3149504d2d326d0446f384ad4ea6ffdec0ae73dcd5c1df86720b5f8,test_or_fixture
exp3/tests/8017f91b_pairwise_cosine_loc_test.ipynb,14244,d8917d8661097808f7c9f516fe50d9efc81be11414db1e1852c186c07812ee16,test_or_fixture
exp3/tests/8017f91b_pairwise_loc_filter_test.ipynb,14779,cba5efdc51f074c97482275e884c38197301e8a1a196a45de29ee592c68ca69d,test_or_fixture
exp3/tests/8017f91b_precompute_cross_join_test.ipynb,13798,8973e673c0870ba4890b996720c091e78ea1f0067f3970f979ef7e763f53f9e1,test_or_fixture
exp3/tests/8017f91b_precompute_id_cross_frame_test.ipynb,11359,165599900ab711d91a341ac57e0ec71fa8635ca9caad615db78456fcbcd7e5c2,test_or_fixture
exp3/tests/83c12695_collect_filter_test.ipynb,13024,5c712dde4496e13edd1bc73e70301250349bf5918466e41d5dcd284360d8a3f3,test_or_fixture
exp3/tests/83c12695_collect_pivot_test.ipynb,13945,878ab0b90113b309d276ecb018890eb2b05e1a4fcefb40ab33d0480dc93b190b,test_or_fixture
exp3/tests/8bb7bc3a_expose_isin_test.ipynb,10342,3eb2ad26870bfbc1ef6d696e992f9dd771e3e28e5e8606709974e2a0a5a5125a,test_or_fixture
exp3/tests/8c71f3c7_attr_getter_unseen_frame_test.ipynb,11588,6e89f5d8677bd3b2b0efdb726c80d073516abf68a90efadc3bb50b10c7df1773,test_or_fixture
exp3/tests/8c71f3c7_attr_getter_unseen_iter_test.ipynb,10139,4bf76adfd0cfda2891c241cb96e807bc2d9d4733c1ca38d948af2212485f1af1,test_or_fixture
exp3/tests/8c71f3c7_citation_models_fillna_test.ipynb,13467,8e29056aa4b34d5f623746e8f96d4fd1ec6d509f7223789c395d5a373d61ee49,test_or_fixture
exp3/tests/8c71f3c7_citation_models_rank_test.ipynb,11310,4c68ae2a12da2a6595b5521a78a02f7ccb95d900cd66b78bb3dc632c69100c14,test_or_fixture
exp3/tests/8c71f3c7_document_info_tolist_test.ipynb,10224,d1225d155bcdea9d8dfdf0c7c25a46d85c23aa75aab4bc960c5c8ea3ff8a6b92,test_or_fixture
exp3/tests/8c71f3c7_embedder_frame_test.ipynb,9669,7b9bed8980f3e3921e2a6d63d6b0e1b1752d9ab73d01c346d3905e61b5e16c2d,test_or_fixture
exp3/tests/8c71f3c7_hybrid_score_concat_test.ipynb,10507,960da187dee119ce6e20b2410d824f303ae9daf63ef28585c18b84d18d5aa4ee,test_or_fixture
exp3/tests/8c71f3c7_hybrid_scorer_citation_index_test.ipynb,15636,613043c758241a825bb757e4f27a91836f4928ee68ebad70f2c24a3f28660d94,test_or_fixture
exp3/tests/8c71f3c7_hybrid_scorer_language_index_test.ipynb,15247,b620e05f52311c6b5f6889dc751000856f83692199979048aefc4e557db2d9be,test_or_fixture
exp3/tests/8c71f3c7_input_converter_index_test.ipynb,12595,ecdd979dd0be9d3befa9f15a4ededc27ec26f9718e0f0473e41e75aa84235a8e,test_or_fixture
exp3/tests/8c71f3c7_input_converter_loc_test.ipynb,12537,0c44e27097b913f0e55757b10e2ec1be0a12eedbb4ce51059d21903ba925d7a6,test_or_fixture
exp3/tests/8c71f3c7_model_choice_load_test.ipynb,10348,c7359d0e6cb2dbe09877690f859c29814bb67988679bb924d78342c1e7a31c11,test_or_fixture
exp3/tests/8c71f3c7_pairwise_loc_colname_test.ipynb,12584,59156ddb2bcc73b1475931bf481d80f9b68136cdeaa5a62baee26795fbeccd2c,test_or_fixture
exp3/tests/8c71f3c7_pairwise_loc_item_test.ipynb,12495,2049e8c68afef44163fa6dd0c11248f3f7bc306a26c6d0a4cbe505a5901ea995,test_or_fixture
exp3/tests/8c71f3c7_precompute_df_construct_test.ipynb,9805,8f1d556d3fbf306bd22f26ec8e097a95ef03310954f37d8bb6dd7ba1d8bd6c98,test_or_fixture
exp3/tests/8c71f3c7_s4_combine_load_concat_write_test.ipynb,13961,1facf378eae2dd1c7953198ace7abc067ed55eae5a5c6b8628122cdfa4cdd4f0,test_or_fixture
exp3/tests/8c71f3c7_s8_combine_load_concat_write_test.ipynb,14231,1bd0ee1c82e5bd5ad0833aaf20113829442b73bbf38ca9a70163b88e18db8fb5,test_or_fixture
exp3/tests/92e35040_query_appraised_test.ipynb,15848,42859c5c5b02681d282abb6158cc58c49f2d68e5ceca23169ce2f92241399cb2,test_or_fixture
exp3/tests/92e35040_query_binned_unbinned_test.ipynb,16140,2d7a42211f3889345d61e9e291d0b8171c665c31857d58de5a963374b19acd78,test_or_fixture
exp3/tests/92e35040_query_write_csv_test.ipynb,16527,b006cc667c48a639ecce3d8fd0b3f37b4808b65b54c0597e820ef9a4e312381c,test_or_fixture
exp3/tests/99aff9e0_rename_columns_empty_df_test.ipynb,12048,2012a7c171a78a1f4ae379e57276ed6566b9963eec6251276a1e2e4d12e21b75,test_or_fixture
exp3/tests/_wsv_pegel_test_data/empty_response.json,2,4f53cda18c2baa0c0354bb5f9a3ecbe5ed12ab4d8e11ba873c2f11161202b945,test_or_fixture
exp3/tests/_wsv_pegel_test_data/response.json,35,9fb7b99e0a193e9ec245c48b260b5a7d8245fc9634fedb9f2e43693b4203cbf8,test_or_fixture
exp3/tests/a39f4527_expose_trx_join_filter_test.ipynb,20049,0bded1286a05825cde43985954bf50df2435d0300287eb6f930b80940adb5239,test_or_fixture
exp3/tests/a39f4527_expose_trx_left_join_fill_test.ipynb,20871,7cd3420e22ca31233183d52f875b3293087f4b8be151328341bb8fbf98d2cb43,test_or_fixture
exp3/tests/a39f4527_expose_trx_pivot_test.ipynb,19762,1f366a34c4ec3e6b5a33ebfc123182472cc03084f2be047e2761d173722a0195,test_or_fixture
exp3/tests/a39f4527_expose_trx_unique_test.ipynb,20452,8913d17729edc5364009c1ebddeaa3fb1982b4979549599fffdcf646d7a756fe,test_or_fixture
exp3/tests/a52cebfe_common_get_observations_test.ipynb,14384,88ccdde6509a0358dda4d26c9358eb3a1577274b25759d72a2b7963e5db1a19e,test_or_fixture
exp3/tests/a52cebfe_common_summary_filter_test.ipynb,14217,9cdcd9cf859dbe564beb4d62aa1d0ab604e08017ed17f28bd6087589988e918d,test_or_fixture
exp3/tests/a52cebfe_es_update_pivot_join_test.ipynb,13779,94bb87d65babd0186eefbbb9953ccfd947173ef6373cf71436d2459e7c83578d,test_or_fixture
exp3/tests/a52cebfe_es_update_scaling_factors_test.ipynb,14471,4cab52cfb926aeb02cf8aa5a756c0fa3ab4fbb97e31b3a135c0ecf9dc80c2f76,test_or_fixture
exp3/tests/a52cebfe_measured_data_pivot_join_test.ipynb,11516,b7ca62c1680f75a563a517170d590a0c153ec03cd10046d3f7afdae720b0846a,test_or_fixture
exp3/tests/a52cebfe_rft_concat_write_test.ipynb,14295,28e10452410078272a433a1dec79fca24c404d4aae3ad8b8f873483f03cc7b28,test_or_fixture
exp3/tests/a52cebfe_rft_obs_join_test.ipynb,15361,4f34a14e7c9176322a5b197e312bbfa19f824af4e582e52132224e3647d5f40f,test_or_fixture
exp3/tests/a841955a_summarise_select_test.ipynb,11443,ac3ce42999bf63d85e8bb197a66be4aaad0733656b231146f344dd464e1f5383,test_or_fixture
exp3/tests/a841955a_summarise_unmapped_test.ipynb,11941,3a59e60e1f2c4dfd8617c70d59177d552720b849e48983e2582748bd4d5e7d03,test_or_fixture
exp3/tests/acryo_loader_corr_max_with_columns_migration_test.ipynb,17211,d8573d1cae7e3ef3ad11bf21e86f826dc21235ad790529708f25fb3d3620a63a,test_or_fixture
exp3/tests/acryo_loader_get_features_migration_test.ipynb,15895,f43220e08ba3dd08bb3fb080e8b15060397d5fff93b9d352135943d55ffecef7,test_or_fixture
exp3/tests/acryo_loader_scores_with_columns_migration_test.ipynb,17129,1bc6f0a94a5a63255ef3fed3f902abe4328fca38a9a413872215391b815fa935,test_or_fixture
exp3/tests/acryo_loader_update_features_migration_test.ipynb,16304,9474189960f62566aa75d9a10224cf2f956990a93f8ec2e5cb1bb258d61fc2b4,test_or_fixture
exp3/tests/acryo_molecules_concat_migration_test.ipynb,22796,2d252335781ce0bf428d86b2ee32c90886bb18f626a6fe023081f9fb011faea4,test_or_fixture
exp3/tests/acryo_molecules_fixture.csv,83,aae6679df8490308b97f30bf0309f8336051bb8ab93f27aebf3316a65917fd5f,test_or_fixture
exp3/tests/acryo_molecules_from_csv_migration_test.ipynb,21946,1df5e05071be893c44e20bae13041313b3e569ac59ca21263042b1c53217c078,test_or_fixture
exp3/tests/acryo_molecules_rotation_copy_migration_test.ipynb,22318,c118b40e503999a61d67a56bbd2db3773211c89c017a35aaafd061ce9f1dff7d,test_or_fixture
exp3/tests/acryo_molecules_subset_migration_test.ipynb,23094,c5bd07229a49d43f00d49bebcb24c33fddd3d785c706af82725a92afaa0835f9,test_or_fixture
exp3/tests/acryo_molecules_to_csv_migration_test.ipynb,24784,6cfca881ffb9470cbb9d2c37cfb1370be445db1a175dc621e8749adb1c3b25fe,test_or_fixture
exp3/tests/acryo_molecules_to_dataframe_migration_test.ipynb,21729,9b0125e1f2b0eaf7963ec94d6bd6347c3d490a310f2b549a59d3f33b32d09230,test_or_fixture
exp3/tests/acryo_molecules_translation_copy_migration_test.ipynb,22392,cd7a3c5ab938a8fbe95949c83f72788188b25a065fbb29390b75016f1b0f3b9e,test_or_fixture
exp3/tests/acryo_to_csv_pd.csv,111,bd85a0335f83e97657f14cd1744a7bb30d4248328f64227642c7e6163d9d77eb,test_or_fixture
exp3/tests/acryo_to_csv_pd_empty.csv,27,1fee7f936ec48505676105004217b91bebe9b5ad828eeee1cc3d7adeb948838a,test_or_fixture
exp3/tests/acryo_to_csv_pd_nofeatures.csv,93,fdfc42f546647aa5048c70a4b0406dc6f5c926ad7aa90e1a91780afb6e83b181,test_or_fixture
exp3/tests/acryo_to_csv_pl.csv,111,bd85a0335f83e97657f14cd1744a7bb30d4248328f64227642c7e6163d9d77eb,test_or_fixture
exp3/tests/acryo_to_csv_pl_empty.csv,27,1fee7f936ec48505676105004217b91bebe9b5ad828eeee1cc3d7adeb948838a,test_or_fixture
exp3/tests/acryo_to_csv_pl_nofeatures.csv,93,fdfc42f546647aa5048c70a4b0406dc6f5c926ad7aa90e1a91780afb6e83b181,test_or_fixture
exp3/tests/adjacency_create_matrix_loop_test.ipynb,16613,6aa8fcdc90cfd6c2f18ffc8d923270adc183781f35a69f6e528e910db5ed95e5,test_or_fixture
exp3/tests/adjacency_read_file_to_polars_test.ipynb,15425,5271d42df66f050de5fe5383eb610db91dda21ed1cbeb948e0d462ef07d9253c,test_or_fixture
exp3/tests/azure_ocr_concat_lazy_test.ipynb,13842,c190abe70a2c9f45d21d379e0741a97b889ff5f1b6c496ae505e21069db4b9d6,test_or_fixture
exp3/tests/azure_ocr_from_dicts_test.ipynb,15390,785ed867c9632eaed01d38b747c68dd290d9d5b312dd88b37dc6be6b23b6843e,test_or_fixture
exp3/tests/b36214f9_preprocess_attrs_registry_test.ipynb,15992,f848c29cd56cae5d7aafb96c43ad7f91a1454f1b3044c1596c5c9abc002eea54,test_or_fixture
exp3/tests/b36214f9_preprocess_columns_tolist_test.ipynb,17727,76a193ae781f1c4207acb5e2d3cfb7c70277e73d4a22d122569c6fd8a1e3cfe7,test_or_fixture
exp3/tests/b36214f9_preprocess_shape_rename_test.ipynb,17930,28d25b349b726125c24ccee01f2a14b69b98fbf2bd6d81fa4bf889531cd70732,test_or_fixture
exp3/tests/b36214f9_session_dropna_unique_test.ipynb,11858,25497fd0aadd125d0b133a87804723573cbef9097e349da5eef083111e27d9b3,test_or_fixture
exp3/tests/b36214f9_session_read_csv_test.ipynb,11942,7d6de41a116a921d0dd96174e194812248c414b64fe8046053b6c657a41fbbd8,test_or_fixture
exp3/tests/bbe5d7e5_create_data_frame_test.ipynb,10269,8aa01ee335f9b58847da65caef5e4486396c074ef3e0abfea9d02f8c60a48bb5,test_or_fixture
exp3/tests/bbe5d7e5_datasets_read_csv_test.ipynb,10310,f369ba55bd9f224655888dcd4112ab01db34ec4eec22522efaf773e484f95567,test_or_fixture
exp3/tests/benchmarks.log,174092,34b68480b48572829d40e99f9d6ffab22caf9e2342f34c942e07671eedb12790,test_or_fixture
exp3/tests/cb25a1c5_wsv_pegel_test.ipynb,9482,02b7d75fe77cb1f1d556b84a30327e77cf73bd910f1b45c54bf547ad8b65659e,test_or_fixture
exp3/tests/d90ed416_ibis_filter_test.ipynb,15133,dfa15d9c4fdee900f37e68d02d8aea28ff7e61c6a1858a7c70012fbec29a7dd7,test_or_fixture
exp3/tests/d90ed416_ibis_isin_test.ipynb,13360,50be577d2c39600ec1eae744fe6fd2b3727ee8f7126cd4b7c59a4a92ba196fc2,test_or_fixture
exp3/tests/d90ed416_ibis_join_test.ipynb,13689,d9c6e213ab9a3a372fcba3acf81cdb16f6768190aad754a4e399409318cf091f,test_or_fixture
exp3/tests/db5fc12b_expose_date_str_test.ipynb,14099,6ebbefc5d724cc8325d814980a4c112bcb2465d1abba0740368142fe2776b247,test_or_fixture
exp3/tests/db5fc12b_expose_rename_test.ipynb,14497,78c32dc4945c085e0211c3f7216b559383e8fc09664f3aebb72e95aa7f991cde,test_or_fixture
exp3/tests/dcff23d0_filter_concat_all_test.ipynb,10715,613ad162d5e1401bb712507c5fa94283cc3edaa750744d7d2ffe48f2b668539e,test_or_fixture
exp3/tests/e3227f4f_split_empty_df_test.ipynb,15699,65eb21eab756ee67bae5e2283bb3aa2917f89907e2b90c2276bdf729328cdf9e,test_or_fixture
exp3/tests/e8fa7691_design_matrix_model_test.ipynb,12689,4515d87b1f183088daccb26a04df694ce7338081b2783229c531d09e779cd1d8,test_or_fixture
exp3/tests/ed3b46c0_base_pattern_iloc_test.ipynb,15774,e43c4376a2d0195067d6661230049f04ee3e687d59902799f0e843124c4421ca,test_or_fixture
exp3/tests/ed3b46c0_base_pattern_pred_concat_test.ipynb,14290,fcd3b3111bc343d2bc7c784b06bc74b5a00b998331c7d6e4497a5b713b4ce97d,test_or_fixture
exp3/tests/ed3b46c0_classification_iloc_test.ipynb,17430,8be8aaf39200d75860a9809d9587b9fb5cfe3044347895c3971d792cce2d5020,test_or_fixture
exp3/tests/ed3b46c0_classification_pred_concat_test.ipynb,19645,9b3e922a13e500b992173f80acd51d240d8aa1502bd340db0701488187c7653d,test_or_fixture
exp3/tests/efc0581f_azure_concat_lazy_test.ipynb,13715,e311d7b1152cd4f09e23e24f1ed0e7b8bf3116e11d49722e9106cf153bfe0bd8,test_or_fixture
exp3/tests/efc0581f_azure_from_dicts_test.ipynb,15022,378a3785133a0ef5fa6dad9f7a786db73ba2bcc9ee4c63c04631d6fff1aa60e3,test_or_fixture
exp3/tests/efc0581f_data_assign_bbox_test.ipynb,18385,2b3f65bd45d95b657c24796123d3130f0a908466ded684811387b6616717bc70,test_or_fixture
exp3/tests/efc0581f_data_filter_page_test.ipynb,15847,8a8de425e8c54badf9b0c2b189de3b324a2936aa829e3a69db5da55d152858fd,test_or_fixture
exp3/tests/efc0581f_data_groupby_agg_text_test.ipynb,18801,b17eb467abab9e833721389508957ca7697693c3473b9d3c1617a2c7d9712091,test_or_fixture
exp3/tests/efc0581f_data_merge_cross_test.ipynb,17208,4f2f3556bd2eabc239ffc00038629d1dba68a7486379806d9fd846c587c31380,test_or_fixture
exp3/tests/efc0581f_dedup_nested_cross_join_test.ipynb,15697,e24e4c4406e5d213340ecd6360becf2b670312d80014d4a26c48bbc7b28ffdc0,test_or_fixture
exp3/tests/efc0581f_dedup_redundant_filter_test.ipynb,16351,5d6538c9c2b3e619ab33b44bfb5a16a2e915bac11be6ed943058f5cd04bfd8e3,test_or_fixture
exp3/tests/efc0581f_dedup_vertical_sort_cumcount_test.ipynb,16781,66bdcd32c5879e64ffcc905c74a666fe9686a6d90967bbf5badd938b94113a62,test_or_fixture
exp3/tests/efc0581f_ident_explode_cells_test.ipynb,26282,4fe959e5ea7e576a2fa596017a9f1578db75ea4c0bd444a210019286d80fbb2f,test_or_fixture
exp3/tests/efc0581f_ident_from_dicts_cross_test.ipynb,24738,11a22873d336cfb313c7d1bdba10073363e5e43afb9def48a0fcb7d7da263b9a,test_or_fixture
exp3/tests/efc0581f_ident_with_columns_conditions_test.ipynb,30004,2b3e30615069b01242f9eef2a3b5c54663a32ee0782d36823734da189535d3fa,test_or_fixture
exp3/tests/efc0581f_lines_filter_words_test.ipynb,15212,9b990a6b7c7a0b3f83c41419d314f0808a13b5746f99eaf92ffff50a88108943,test_or_fixture
exp3/tests/efc0581f_lines_from_dicts_lazy_test.ipynb,12899,89289987323df57ef80c30036125fda028689540ae0701e16a485c179363de08,test_or_fixture
exp3/tests/efc0581f_lines_groupby_filter_test.ipynb,18901,bacdf61b5f5a56095dfa1cb59729d344a509351b412efbed568cf8b1b0f3e1f5,test_or_fixture
exp3/tests/efc0581f_pdf_concat_lazy_test.ipynb,10205,bf89219f928b4b6d8ce8de55c841cb2259deb32b0444998d091a925d5c3c8634,test_or_fixture
exp3/tests/efc0581f_pdf_from_dicts_test.ipynb,12740,7756168926817ad58072486db1735da155dcb02858abf931d1ed91cdbf44ced7,test_or_fixture
exp3/tests/efc0581f_tesseract_concat_lazy_test.ipynb,13714,867c4f0fb33fb541d68c43c38a4624511edcde30510dda3726a77db3a8351a0e,test_or_fixture
exp3/tests/efc0581f_tesseract_from_dicts_test.ipynb,13044,c4ab34e3dc3f833e0e60acebb66596cad8dcb0ad4eaee76550e68714b36f8d37,test_or_fixture
exp3/tests/efc0581f_tesseract_nan_none_test.ipynb,15371,6b2e6c3e5b2cb2b6a3c59253c6e1509ba080a4893067d7a3b056aeaf0f7fe301,test_or_fixture
exp3/tests/efc0581f_textract_concat_lazy_test.ipynb,13431,bd317cf8decd9d01889430f19698f73b6a208e24b74a2f8e303675da9f48ca93,test_or_fixture
exp3/tests/efc0581f_textract_from_dicts_test.ipynb,13462,a7f29ccc41ce41fa60e8582f26a6f6a07e4e13849f16e721f9fff4ee3fb8ee92,test_or_fixture
exp3/tests/efc0581f_vision_concat_lazy_test.ipynb,12836,a054821abe7b467ec6d761e776fb6750791dda11d7f22377e5caefcf37f9bdcc,test_or_fixture
exp3/tests/efc0581f_vision_from_dicts_test.ipynb,13403,944b38b7b4a5fd10789566bfe7bc4fc844084465251ec1dd7c207ab73a57ef75,test_or_fixture
exp3/tests/f11c29ae_dataset_df_clone_test.ipynb,15869,7ee2bae211544d812f35c48543cfb416508e862b841115935b790025b4fc322d,test_or_fixture
exp3/tests/f11c29ae_dataset_loc_select_test.ipynb,15076,3cd426b36b1d30513a18bcabf857406ca38adf4877ed82caf512685cf3bc094f,test_or_fixture
exp3/tests/f11c29ae_dataset_save_load_test.ipynb,17805,5c959c8e0204fe24692d237beaae1bce8f7504548390974ee5881bd6a37478f5,test_or_fixture
exp3/tests/f11c29ae_dataset_to_pandas_test.ipynb,14391,8adda7f735641928163f6ad4a9df4c53ace1b856fe4d344b5cabc33acf7fc811,test_or_fixture
exp3/tests/img2table_aws_textract_concat_lazy_migration_test.ipynb,14206,e2c91aeec5fb87e0896ea240bef33f8bc9f591aebaae06bb96bcdcf284af7cfc,test_or_fixture
exp3/tests/img2table_aws_textract_list_dfs_migration_test.ipynb,14074,5ce87e10777e6342894daba54ff891588140db0af1a5d61681b957256800fc21,test_or_fixture
exp3/tests/img2table_azure_concat_lazy_migration_test.ipynb,14328,b50c3cd6a448a421b219a392d1c981a5a12ca8355598dc8d279a6436fe929346,test_or_fixture
exp3/tests/img2table_azure_list_dfs_migration_test.ipynb,17264,ed3adaf1abe90354fe7009f336d59152aae593df6459deb6f5574b4b110b702b,test_or_fixture
exp3/tests/img2table_cells_adjacent_redundant_migration_test.ipynb,26821,4584ce5deb48f9a719553c26d87dc874a3729d1867723e8667b48957ade46df5,test_or_fixture
exp3/tests/img2table_cells_clone_rename_migration_test.ipynb,26676,20ee543da2fabf396b69c84d2dba80042cc19352e009e3850c752fe41d828443,test_or_fixture
exp3/tests/img2table_cells_contained_migration_test.ipynb,26720,55e7384f0613fc9b98907eb2c1bcdf4d5c3fec44837c60b92a431fbf0e7a3b09,test_or_fixture
exp3/tests/img2table_cells_cross_join_filter_migration_test.ipynb,27083,9061485a25e19a7fcb75b7c200c4c69faccaf3b624551c3e97c716522241976d,test_or_fixture
exp3/tests/img2table_cells_intersection_area_migration_test.ipynb,26894,70fa452d3ce29f0ab0671640f5607cf64e80e8a7ef7f231d2a0e71efa13a1014,test_or_fixture
exp3/tests/img2table_cells_overlap_diff_migration_test.ipynb,26595,71ec6cef52ff76336ec9db7f6f51df4a5c4fb5db814c3952f450dd4f311f7df9,test_or_fixture
exp3/tests/img2table_cells_redundant_removal_migration_test.ipynb,28020,40e3d3d82fefd77505e8474d86e5ae2ff02c2bfd7c097eae27c45a979bcd920f,test_or_fixture
exp3/tests/img2table_cells_vertical_deduplication_migration_test.ipynb,27070,e0688db2358f274d3595bc1a9f13362b2a2794999e30945d301704e96c6acd45,test_or_fixture
exp3/tests/img2table_cells_width_height_area_migration_test.ipynb,29377,6d6176548a3cb4a2dd62f7c38e1cc5539701f6e2344bc7fcba38f3709f75f48b,test_or_fixture
exp3/tests/img2table_google_vision_concat_lazy_migration_test.ipynb,14240,7e54597452ed538e8ee1f2ef872202b09deeafb4faa86a4156a580d45c0a72bb,test_or_fixture
exp3/tests/img2table_google_vision_list_dfs_migration_test.ipynb,14105,6213e65d5a070627e17557059bf40f4df299cae706481510b906ca07a0fe4be1,test_or_fixture
exp3/tests/img2table_lines_cross_join_migration_test.ipynb,21205,5c755832d418ae4dbeb67a8e621acfc0831295adfe5db580854d78ebac2908bd,test_or_fixture
exp3/tests/img2table_lines_df_lines_creation_migration_test.ipynb,18868,98e9847d73567d19f62077eb1f8e39196dd6b3b6e426a9b4f2fc6511b463a7a8,test_or_fixture
exp3/tests/img2table_lines_filter_words_migration_test.ipynb,21679,5142d834ade0f01ca0070b2781db1435c2e1fc932b97266658766e5466717b5a,test_or_fixture
exp3/tests/img2table_lines_groupby_sum_migration_test.ipynb,21001,c8c336c43020f61daa09c70989f07097a8064dfeb61d549907d60689414cac94,test_or_fixture
exp3/tests/img2table_lines_intersection_assignment_migration_test.ipynb,22346,4d311ba2609c2f78ac9e174067f14299809dfbf17eb0bc4b5f548626712a5783,test_or_fixture
exp3/tests/img2table_lines_intersection_formula_migration_test.ipynb,21884,707fae250186e9071dbde5fe414ce27220aaacf5cef8e13b2c7f15c36550a60f,test_or_fixture
exp3/tests/img2table_lines_intersection_lines_filter_migration_test.ipynb,24450,594602038b38f8adb1a8c3e980dbffde2801400727f54ef040d488e6b47ab079,test_or_fixture
exp3/tests/img2table_pdf_concat_lazy_migration_test.ipynb,10788,2c40901b9fc908c8c8394b6af41e20df2a284d0edcc3b6f6139966f8abe5215a,test_or_fixture
exp3/tests/img2table_pdf_list_dfs_migration_test.ipynb,13323,c1608ce3046e19bc32b49e6e984000454688b48cf14d2c17794de3f36794a949,test_or_fixture
exp3/tests/marimo_chdb_cursor_rows_test.ipynb,10348,9dabf379341caacf8ca0153bd02af136b90dd6fbd293014319d4edad9fd6ca3b,test_or_fixture
exp3/tests/medmodels_classic_distance_covariates_select_migration_test.ipynb,18288,ad0407dfbfe4706c5e205aa5f4535cdca176ee092495c79898d4e1b8606160f4,test_or_fixture
exp3/tests/medmodels_classic_distance_match_migration_test.ipynb,17972,d3effa5b101b45693ccfdc86336cfeea92a93a28fec4acf3b4377757928f3894,test_or_fixture
exp3/tests/medmodels_medrecord_process_edges_dataframe_migration_test.ipynb,13453,e19c5ac7acf6d586451ade55f8b409ffd69a6f5ed054a3cf1513bc30f5bd686d,test_or_fixture
exp3/tests/medmodels_medrecord_process_nodes_dataframe_migration_test.ipynb,13119,4fc1b67ec8c745e45a4db70c6682db26f99470409204731c32b2ef5bca8e0628,test_or_fixture
exp3/tests/medmodels_propensity_score_prop_score_migration_test.ipynb,19343,b06cb2ba423232c738c22f959efe2721dd1f7f71ddfd69d35d9b58fa242ba506,test_or_fixture
exp3/tests/medmodels_propensity_score_signature_migration_test.ipynb,15533,368cef339dc937be8a52223226eba8d017ff2de7af93482146ae0cf13402e3eb,test_or_fixture
exp3/tests/mexca_data_delete_filename_time_col_migration_test.ipynb,18269,4e12b3e8420f5ebc8bc03b3f3cc23461d7b533343f337199b1ccaad5e178615a,test_or_fixture
exp3/tests/mexca_data_merge_audio_text_features_migration_test.ipynb,20026,dde9951fcf9559af67d76f3e0f1393d756601d5b8d03aad1bc5bcf18c26488e0,test_or_fixture
exp3/tests/mexca_data_merge_features_migration_test.ipynb,19788,3e3790fd0ba5060afc5ec374773a9a0be92fcc5222055c817273a77cef04db59,test_or_fixture
exp3/tests/mexca_data_merge_video_annotation_migration_test.ipynb,18699,9aad4f6e10b828d2dafaccddc51ad20e77cce4fcab081d805b2c5759ff05395a,test_or_fixture
exp3/tests/mexca_data_merge_voice_features_migration_test.ipynb,18626,19d17d7f85f465f37004e8ee24bfc975f8dfa1b72216b08e6c145ea43131dbe5,test_or_fixture
exp3/tests/mpds_get_dataframe_test.ipynb,9918,aecd5c632ee6d3bf0c59a8f999a20e320f53280b8486b179118d36e1959ca57b,test_or_fixture
exp3/tests/pheval_gene_identifier_map_test.ipynb,15564,4b9fd964ccced81a8457462fea27ab059f87d3ba06a9dac412a5d9739a79311b,test_or_fixture
exp3/tests/pheval_gene_updater_find_identifier_test.ipynb,15246,7aff8550ff738cba18ff6dfe4ecf349a29117ff725364a478443c83882cb5860,test_or_fixture
exp3/tests/pheval_gene_updater_find_symbol_test.ipynb,15501,fb135dfa7b20ad3581ec484b0b338285e6049c86887c5fb31fc8a9ae5088fc49,test_or_fixture
exp3/tests/pheval_parse_hgnc_data_test.ipynb,15672,3c7bce53c2d0b955e09de6ea0224fcc0d116deca21502987d57620ea1f405d79,test_or_fixture
exp3/tests/portfolio_momentum_roc_test.ipynb,15281,d401fb2e3ccff87bfec37d206296d85ae514c1eba431e87e8e75e20dde3704d1,test_or_fixture
exp3/tests/portfolio_momentum_rsi_test.ipynb,16784,da283f9c7691bbd9eb7475916609f61bee4ce322f70d58004ca005b1a6b1a610,test_or_fixture
exp3/tests/portfolio_momentum_stoch_osc_test.ipynb,15775,85448b1fc3d0a78ee6e37a809c48b0322c2a3b7352ad3ca09b3e38d99cd3b152,test_or_fixture
exp3/tests/portfolio_momentum_stoch_rsi_test.ipynb,15918,03f89f69c56229d7c1fa361402385d13bca3667f5a87b853606c4eaf721d8e6e,test_or_fixture
exp3/tests/portfolio_stock_from_pandas_test.ipynb,12610,6f21909fd5cda5bebb08a9de8ea2698a0f34049f3f6a384a8a3fc1a0afd8bc56,test_or_fixture
exp3/tests/portfolio_stock_to_dict_test.ipynb,12242,7963de6fe5ba91810e6f0317a351b5bf3835500d232591d78b1fd9447a8cbb7f,test_or_fixture
exp3/tests/quant_backtester_calculate_returns_migration_test.ipynb,17058,934fcff9fce4e49f06109cf1e79f54b3bd2d6d312f48de6e8b15a811956f8fac,test_or_fixture
exp3/tests/quant_backtester_performance_metrics_migration_test.ipynb,16680,ce7bdba0b0d2eda32071d718e98aa984c97eb3a1cbf5e9fe212d2f4b61bfd942,test_or_fixture
exp3/tests/quant_trading_strategy_backtester_data_load_yfinance_data_two_tickers_migration_test.ipynb,13529,74298c6d8ebb05eb17b4a26889042c3616bad74436bce9b8e02daf677cf9ee4d,test_or_fixture
exp3/tests/readnext_hybrid_score_compare_scores_migration_test.ipynb,13480,24691ab4706d12b9ad63cac910ce6c5acc8a95ba5d0c3c7af99d695e24c5dbc3,test_or_fixture
exp3/tests/readnext_hybrid_score_to_frame_migration_test.ipynb,12953,3139f6aa4e261c19449d6d5d8fee8644e88a2abf21284e626dfaee4e87735791,test_or_fixture
exp3/tests/scoring_compare_methylation_pattern_migration_test.ipynb,23859,4bd05146aa99fd63dd173ef5f95810baf0b801277985700372d29378b6ffe808,test_or_fixture
exp3/tests/scoring_compare_methylation_pattern_multiprocessed_migration_test.ipynb,25202,371f63392b9f5a03b7e6d90eadaf78389eb47c52c002d350e71bf9dab470080f,test_or_fixture
exp3/tests/scoring_define_mean_methylation_thresholds_migration_test.ipynb,23734,bdd432ed1f8ea405ef72015e6d60a543596d6cb4c337f17f28bb1ad11abdc660,test_or_fixture
exp3/tests/scoring_process_bin_contig_merge_migration_test.ipynb,25372,141931e8f87ca853c445b7d0ad0e9ad3ddcd3722a54e9ff433ddf347eb3d3e4a,test_or_fixture
exp3/tests/src_onemod_utils_parameters_create_params_migration_test.ipynb,13152,205c9c691a384a741029ff5d9d81cf272f1038d62ac79b6f3df4d168c9a4870e,test_or_fixture
exp3/tests/src_onemod_utils_parameters_get_params_migration_test.ipynb,12976,23d00618de4312f3f9f82dfa83d193d39e40937ddc9ce9ca0087e27538c97747,test_or_fixture
exp3/tests/tesseract_ocr_concat_lazy_test.ipynb,13981,b9feb3bdaa0248deecd9d0a68befadfd7263269a623ca74857e2483b0f991c1f,test_or_fixture
exp3/tests/tesseract_ocr_from_dicts_test.ipynb,16946,60ed1cecc230f6cb5b15ab22a87ecd126cca842b504c888edde3729fdd3466df,test_or_fixture
exp3/tests/test_file.csv,14,8fe9f1b6fb461541538f47dc470ea12670416e3ff9b3e688213fd3c4c05db322,test_or_fixture
exp3/tests/test_file_binned.tsv,19,8a7decaa558e692570b8c03fe78383290ac3d2864bb0b4fe168e72953bc00600,test_or_fixture
exp3/tests/test_file_unbinned.tsv,14,31e70997d0e37a0b69f20d014d2a075e97f6e2566e443c4cd90411bcb0fa80c8,test_or_fixture
exp3/tests/tfidf_cosine_similarities_most_cited.pkl,821,85bfb7830b54ad6dcbed1c45da3b1798a429dc4ca99c33854b0e9a87261cca53,test_or_fixture
exp3/tests/ultralytics_benchmarks_config_test.ipynb,13482,dd1ac9ff9fd2e67d507358bf139f86e624a7c89463efa282a21bb61147a26d69,test_or_fixture
exp3/tests/ultralytics_benchmarks_dataframe_test.ipynb,13833,9e4010540dfaf6fcf4cce2761b09b98cec030b651ddde2d3c2476fa32fcd71f9,test_or_fixture
exp3/tests/ultralytics_benchmarks_metrics_test.ipynb,17359,87bc008d928f9359831832e828b6823d41cd29e23a9cf29a8d314a79f2c80326,test_or_fixture
exp3/tests/ultralytics_trainer_read_csv_test.ipynb,10824,104e2d3c5618fd109064d8d7dcd7eac1700e59d3537c32075bb21153adb70ff9,test_or_fixture
exp3/tests/ultralytics_wb_custom_table_test.ipynb,12410,5f9c40736cd3ce7b7eaedd85b7e7bba8463b3894fd210e1c0e527f672215fa8f,test_or_fixture
exp3/tests/visivo_sqlalchemy_read_sql_test.ipynb,11416,649f6176bb77c1c191a67a49d104a7c774a267ac119fcdc1dfb66334f34d732a,test_or_fixture
exp3/tests/vnc_cmatrix_loc_filter_item_test.ipynb,27904,565a47668c638ebc4dda988b48380029bebd317dc4a94e141a3be2a38c45f653,test_or_fixture
exp3/tests/vnc_cmatrix_lookup_init_test.ipynb,29482,8a1feb9f56f7227a18c0601eafbeaab91f95c3bd03fe4635b79c574004c6652c,test_or_fixture
exp3/tests/vnc_cmatrix_reindex_test.ipynb,30214,196dd8b3a74991a58e5f58334e97a76b2e21b2d69df1b8f69b91b1f9e66e09ae,test_or_fixture
exp3/tests/vnc_cmatrix_sort_tolist_test.ipynb,31988,39f44de950d8aa81f0b4fc903e1b2492798574d35924d1d412c6409bff66aac0,test_or_fixture
exp3/tests/vnc_cmatrix_uid_to_index_test.ipynb,28407,6e44a22a92e81446f393dadf6c2da95f84faa7c9104308681f21116ebba2a60c,test_or_fixture
requirements.txt,67,92b3fc8f4c9ca4e7139ed84c9a7c39aa758c725433e79617d27c3304b43957d4,repository_metadata
shared/audit/manual_harness_line_audit.csv,56249,63b94e1d50b20fde8235df05b4f6774a1301a40f6f6602994d9a6848f6648854,audit
shared/audit/snippet_taxonomy_and_metadata_review.xlsx,122968,15bb98af383f3d28068f1e79304729583b2b7cf447274c7e14f8669f1fb620eb,audit
shared/code/ast_api_locator.py,38356,c5854926111ea599704eb65444effe7caf001210c2eb50cf0a440c87e65dc92f,code
shared/code/build_eval_tables.py,17231,10d320e1faec978ef212c692c4ad39e331c8a28322b10409f35d88bbf475bbe8,code
shared/code/classify_taxonomy_final.py,19796,ec67959436ab0206e99cb1f7c1e1ef01608fd73bdee5dd87f75a789a499f88c9,code
shared/code/run_all_four_conditions.py,18361,1cbd46578837adca2337e6f8c73d284cfd642d9b3fcba00745ae51a78f5fdef7,code
shared/input/gold_labels_review.csv,288174,debf9901c9bdf52454514c65d6f793e8413567f98b956f5b7584ab0f4c7a63e7,repository_metadata
shared/knowledge/pandas_api_structured.json,1340873,72f33a2b8b72228f53b13952f77ba5c66bec00d7fa0e5a1b41e2d8e58b25f1fa,knowledge_source
shared/knowledge/polars_docs_union.json,2350746,4a21b72369e9b719e7918c1ca1fa98858e7454e6ad76b168cf285200bb44ea0d,knowledge_source
shared/results/all_conditions_taxonomy_classification_final.csv,82638,2c77b4788ec14b887c32dcc323e2cd01c28e672de08fa2ebe6457d86c1ad192d,result_or_output
shared/results/all_conditions_taxonomy_summary.csv,2071,e380acc13fca01a51d977daec42b966d3e4bdcd0d1cca5601042b9a94bb609de,result_or_output
shared/results/all_conditions_test_results_v3.csv,131445,7a05c6b309f4d0ebf624ca6344e1ce499f43a13f29a9d6244bcfb6921f56e315,result_or_output
shared/results/current_layer_summary_after_full_rerun.csv,438,82410a811cd48f6863f6a4b3572474cd293bd6512035557d3a9f39e557276aa5,result_or_output
shared/results/excluded_snippets_appendix.csv,9371,cb044dbe6e4ee882f57b5bc1d3b2f795242954bea807e133818a365482223c78,result_or_output
shared/results/paired_statistical_comparison_updated.tex,539,1e92d62753478dde9a0830ab0c18f69ca572c911baba53dc2ff9710ef8c6baab,result_or_output
